solid ASCII
  facet normal -7.071068e-01 -7.071068e-01 0.000000e+00
    outer loop
      vertex   -6.091940e+00 9.440000e-01 -6.314865e+01
      vertex   -6.091940e+00 9.440000e-01 -6.077865e+01
      vertex   -6.341940e+00 1.194000e+00 -6.289865e+01
    endloop
  endfacet
  facet normal -7.071068e-01 -7.071068e-01 1.370128e-14
    outer loop
      vertex   -6.341940e+00 1.194000e+00 -6.289865e+01
      vertex   -6.091940e+00 9.440000e-01 -6.077865e+01
      vertex   -6.341940e+00 1.194000e+00 -6.077865e+01
    endloop
  endfacet
  facet normal 7.071068e-01 -7.071068e-01 2.119956e-15
    outer loop
      vertex   -2.759194e+01 9.440000e-01 -6.314865e+01
      vertex   -2.734194e+01 1.194000e+00 -6.289865e+01
      vertex   -2.759194e+01 9.440000e-01 -6.077865e+01
    endloop
  endfacet
  facet normal 7.071068e-01 -7.071068e-01 3.554926e-15
    outer loop
      vertex   -2.759194e+01 9.440000e-01 -6.077865e+01
      vertex   -2.734194e+01 1.194000e+00 -6.289865e+01
      vertex   -2.734194e+01 1.194000e+00 -6.077865e+01
    endloop
  endfacet
  facet normal 7.040626e-01 -7.040626e-01 -9.269160e-02
    outer loop
      vertex   -2.759194e+01 9.440000e-01 -6.077865e+01
      vertex   -2.734194e+01 1.194000e+00 -6.077865e+01
      vertex   -2.751936e+01 9.440000e-01 -6.022737e+01
    endloop
  endfacet
  facet normal 7.040626e-01 -7.040626e-01 -9.269160e-02
    outer loop
      vertex   -2.751936e+01 9.440000e-01 -6.022737e+01
      vertex   -2.734194e+01 1.194000e+00 -6.077865e+01
      vertex   -2.727788e+01 1.194000e+00 -6.029207e+01
    endloop
  endfacet
  facet normal 6.560819e-01 -7.040626e-01 -2.717580e-01
    outer loop
      vertex   -2.751936e+01 9.440000e-01 -6.022737e+01
      vertex   -2.727788e+01 1.194000e+00 -6.029207e+01
      vertex   -2.730657e+01 9.440000e-01 -5.971365e+01
    endloop
  endfacet
  facet normal 6.560819e-01 -7.040626e-01 -2.717580e-01
    outer loop
      vertex   -2.730657e+01 9.440000e-01 -5.971365e+01
      vertex   -2.727788e+01 1.194000e+00 -6.029207e+01
      vertex   -2.709007e+01 1.194000e+00 -5.983865e+01
    endloop
  endfacet
  facet normal 5.633903e-01 -7.040626e-01 -4.323046e-01
    outer loop
      vertex   -2.730657e+01 9.440000e-01 -5.971365e+01
      vertex   -2.709007e+01 1.194000e+00 -5.983865e+01
      vertex   -2.696808e+01 9.440000e-01 -5.927251e+01
    endloop
  endfacet
  facet normal 5.633903e-01 -7.040626e-01 -4.323046e-01
    outer loop
      vertex   -2.696808e+01 9.440000e-01 -5.927251e+01
      vertex   -2.709007e+01 1.194000e+00 -5.983865e+01
      vertex   -2.679130e+01 1.194000e+00 -5.944929e+01
    endloop
  endfacet
  facet normal 4.323046e-01 -7.040626e-01 -5.633903e-01
    outer loop
      vertex   -2.696808e+01 9.440000e-01 -5.927251e+01
      vertex   -2.679130e+01 1.194000e+00 -5.944929e+01
      vertex   -2.652694e+01 9.440000e-01 -5.893402e+01
    endloop
  endfacet
  facet normal 4.323046e-01 -7.040626e-01 -5.633903e-01
    outer loop
      vertex   -2.652694e+01 9.440000e-01 -5.893402e+01
      vertex   -2.679130e+01 1.194000e+00 -5.944929e+01
      vertex   -2.640194e+01 1.194000e+00 -5.915052e+01
    endloop
  endfacet
  facet normal 2.717580e-01 -7.040626e-01 -6.560819e-01
    outer loop
      vertex   -2.652694e+01 9.440000e-01 -5.893402e+01
      vertex   -2.640194e+01 1.194000e+00 -5.915052e+01
      vertex   -2.601322e+01 9.440000e-01 -5.872123e+01
    endloop
  endfacet
  facet normal 2.717580e-01 -7.040626e-01 -6.560819e-01
    outer loop
      vertex   -2.601322e+01 9.440000e-01 -5.872123e+01
      vertex   -2.640194e+01 1.194000e+00 -5.915052e+01
      vertex   -2.594852e+01 1.194000e+00 -5.896271e+01
    endloop
  endfacet
  facet normal 9.269160e-02 -7.040626e-01 -7.040626e-01
    outer loop
      vertex   -2.601322e+01 9.440000e-01 -5.872123e+01
      vertex   -2.594852e+01 1.194000e+00 -5.896271e+01
      vertex   -2.546194e+01 9.440000e-01 -5.864865e+01
    endloop
  endfacet
  facet normal 9.269160e-02 -7.040626e-01 -7.040626e-01
    outer loop
      vertex   -2.546194e+01 9.440000e-01 -5.864865e+01
      vertex   -2.594852e+01 1.194000e+00 -5.896271e+01
      vertex   -2.546194e+01 1.194000e+00 -5.889865e+01
    endloop
  endfacet
  facet normal -1.053820e-12 -7.071068e-01 -7.071068e-01
    outer loop
      vertex   -8.221940e+00 9.440000e-01 -5.864865e+01
      vertex   -2.546194e+01 9.440000e-01 -5.864865e+01
      vertex   -8.221940e+00 1.194000e+00 -5.889865e+01
    endloop
  endfacet
  facet normal -1.053865e-12 -7.071068e-01 -7.071068e-01
    outer loop
      vertex   -8.221940e+00 1.194000e+00 -5.889865e+01
      vertex   -2.546194e+01 9.440000e-01 -5.864865e+01
      vertex   -2.546194e+01 1.194000e+00 -5.889865e+01
    endloop
  endfacet
  facet normal -9.269160e-02 -7.040626e-01 -7.040626e-01
    outer loop
      vertex   -8.221940e+00 9.440000e-01 -5.864865e+01
      vertex   -8.221940e+00 1.194000e+00 -5.889865e+01
      vertex   -7.670656e+00 9.440000e-01 -5.872123e+01
    endloop
  endfacet
  facet normal -9.269160e-02 -7.040626e-01 -7.040626e-01
    outer loop
      vertex   -7.670656e+00 9.440000e-01 -5.872123e+01
      vertex   -8.221940e+00 1.194000e+00 -5.889865e+01
      vertex   -7.735361e+00 1.194000e+00 -5.896271e+01
    endloop
  endfacet
  facet normal -2.717580e-01 -7.040626e-01 -6.560819e-01
    outer loop
      vertex   -7.670656e+00 9.440000e-01 -5.872123e+01
      vertex   -7.735361e+00 1.194000e+00 -5.896271e+01
      vertex   -7.156940e+00 9.440000e-01 -5.893402e+01
    endloop
  endfacet
  facet normal -2.717580e-01 -7.040626e-01 -6.560819e-01
    outer loop
      vertex   -7.156940e+00 9.440000e-01 -5.893402e+01
      vertex   -7.735361e+00 1.194000e+00 -5.896271e+01
      vertex   -7.281940e+00 1.194000e+00 -5.915052e+01
    endloop
  endfacet
  facet normal -4.323046e-01 -7.040626e-01 -5.633903e-01
    outer loop
      vertex   -7.156940e+00 9.440000e-01 -5.893402e+01
      vertex   -7.281940e+00 1.194000e+00 -5.915052e+01
      vertex   -6.715803e+00 9.440000e-01 -5.927251e+01
    endloop
  endfacet
  facet normal -4.323046e-01 -7.040626e-01 -5.633903e-01
    outer loop
      vertex   -6.715803e+00 9.440000e-01 -5.927251e+01
      vertex   -7.281940e+00 1.194000e+00 -5.915052e+01
      vertex   -6.892580e+00 1.194000e+00 -5.944929e+01
    endloop
  endfacet
  facet normal -5.633903e-01 -7.040626e-01 -4.323046e-01
    outer loop
      vertex   -6.715803e+00 9.440000e-01 -5.927251e+01
      vertex   -6.892580e+00 1.194000e+00 -5.944929e+01
      vertex   -6.377306e+00 9.440000e-01 -5.971365e+01
    endloop
  endfacet
  facet normal -5.633903e-01 -7.040626e-01 -4.323046e-01
    outer loop
      vertex   -6.377306e+00 9.440000e-01 -5.971365e+01
      vertex   -6.892580e+00 1.194000e+00 -5.944929e+01
      vertex   -6.593813e+00 1.194000e+00 -5.983865e+01
    endloop
  endfacet
  facet normal -6.560819e-01 -7.040626e-01 -2.717580e-01
    outer loop
      vertex   -6.377306e+00 9.440000e-01 -5.971365e+01
      vertex   -6.593813e+00 1.194000e+00 -5.983865e+01
      vertex   -6.164518e+00 9.440000e-01 -6.022737e+01
    endloop
  endfacet
  facet normal -6.560819e-01 -7.040626e-01 -2.717580e-01
    outer loop
      vertex   -6.164518e+00 9.440000e-01 -6.022737e+01
      vertex   -6.593813e+00 1.194000e+00 -5.983865e+01
      vertex   -6.406000e+00 1.194000e+00 -6.029207e+01
    endloop
  endfacet
  facet normal -7.040626e-01 -7.040626e-01 -9.269160e-02
    outer loop
      vertex   -6.164518e+00 9.440000e-01 -6.022737e+01
      vertex   -6.406000e+00 1.194000e+00 -6.029207e+01
      vertex   -6.091940e+00 9.440000e-01 -6.077865e+01
    endloop
  endfacet
  facet normal -7.040626e-01 -7.040626e-01 -9.269160e-02
    outer loop
      vertex   -6.091940e+00 9.440000e-01 -6.077865e+01
      vertex   -6.406000e+00 1.194000e+00 -6.029207e+01
      vertex   -6.341940e+00 1.194000e+00 -6.077865e+01
    endloop
  endfacet
  facet normal -1.000000e+00 0.000000e+00 1.885284e-14
    outer loop
      vertex   -6.341940e+00 1.194000e+00 -6.289865e+01
      vertex   -6.341940e+00 1.194000e+00 -6.077865e+01
      vertex   -6.341940e+00 1.000000e+01 -6.289865e+01
    endloop
  endfacet
  facet normal -1.000000e+00 1.008606e-16 1.927180e-14
    outer loop
      vertex   -6.341940e+00 1.000000e+01 -6.289865e+01
      vertex   -6.341940e+00 1.194000e+00 -6.077865e+01
      vertex   -6.341940e+00 1.000000e+01 -6.077865e+01
    endloop
  endfacet
  facet normal -9.914449e-01 9.999772e-17 -1.305262e-01
    outer loop
      vertex   -6.341940e+00 1.000000e+01 -6.077865e+01
      vertex   -6.341940e+00 1.194000e+00 -6.077865e+01
      vertex   -6.406000e+00 1.000000e+01 -6.029207e+01
    endloop
  endfacet
  facet normal -9.914449e-01 -0.000000e+00 -1.305262e-01
    outer loop
      vertex   -6.406000e+00 1.000000e+01 -6.029207e+01
      vertex   -6.341940e+00 1.194000e+00 -6.077865e+01
      vertex   -6.406000e+00 1.194000e+00 -6.029207e+01
    endloop
  endfacet
  facet normal -9.238795e-01 -0.000000e+00 -3.826834e-01
    outer loop
      vertex   -6.406000e+00 1.000000e+01 -6.029207e+01
      vertex   -6.406000e+00 1.194000e+00 -6.029207e+01
      vertex   -6.593813e+00 1.000000e+01 -5.983865e+01
    endloop
  endfacet
  facet normal -9.238795e-01 -0.000000e+00 -3.826834e-01
    outer loop
      vertex   -6.593813e+00 1.000000e+01 -5.983865e+01
      vertex   -6.406000e+00 1.194000e+00 -6.029207e+01
      vertex   -6.593813e+00 1.194000e+00 -5.983865e+01
    endloop
  endfacet
  facet normal -7.933533e-01 -0.000000e+00 -6.087614e-01
    outer loop
      vertex   -6.593813e+00 1.000000e+01 -5.983865e+01
      vertex   -6.593813e+00 1.194000e+00 -5.983865e+01
      vertex   -6.892580e+00 1.000000e+01 -5.944929e+01
    endloop
  endfacet
  facet normal -7.933533e-01 6.512365e-16 -6.087614e-01
    outer loop
      vertex   -6.892580e+00 1.000000e+01 -5.944929e+01
      vertex   -6.593813e+00 1.194000e+00 -5.983865e+01
      vertex   -6.892580e+00 1.194000e+00 -5.944929e+01
    endloop
  endfacet
  facet normal -6.087614e-01 7.629448e-16 -7.933533e-01
    outer loop
      vertex   -6.892580e+00 1.000000e+01 -5.944929e+01
      vertex   -6.892580e+00 1.194000e+00 -5.944929e+01
      vertex   -7.281940e+00 1.000000e+01 -5.915052e+01
    endloop
  endfacet
  facet normal -6.087614e-01 -0.000000e+00 -7.933533e-01
    outer loop
      vertex   -7.281940e+00 1.000000e+01 -5.915052e+01
      vertex   -6.892580e+00 1.194000e+00 -5.944929e+01
      vertex   -7.281940e+00 1.194000e+00 -5.915052e+01
    endloop
  endfacet
  facet normal -3.826834e-01 -0.000000e+00 -9.238795e-01
    outer loop
      vertex   -7.281940e+00 1.000000e+01 -5.915052e+01
      vertex   -7.281940e+00 1.194000e+00 -5.915052e+01
      vertex   -7.735361e+00 1.000000e+01 -5.896271e+01
    endloop
  endfacet
  facet normal -3.826834e-01 -7.454643e-16 -9.238795e-01
    outer loop
      vertex   -7.735361e+00 1.000000e+01 -5.896271e+01
      vertex   -7.281940e+00 1.194000e+00 -5.915052e+01
      vertex   -7.735361e+00 1.194000e+00 -5.896271e+01
    endloop
  endfacet
  facet normal -1.305262e-01 -7.999818e-16 -9.914449e-01
    outer loop
      vertex   -7.735361e+00 1.000000e+01 -5.896271e+01
      vertex   -7.735361e+00 1.194000e+00 -5.896271e+01
      vertex   -8.221940e+00 1.000000e+01 -5.889865e+01
    endloop
  endfacet
  facet normal -1.305262e-01 -0.000000e+00 -9.914449e-01
    outer loop
      vertex   -8.221940e+00 1.000000e+01 -5.889865e+01
      vertex   -7.735361e+00 1.194000e+00 -5.896271e+01
      vertex   -8.221940e+00 1.194000e+00 -5.889865e+01
    endloop
  endfacet
  facet normal -1.490326e-12 0.000000e+00 -1.000000e+00
    outer loop
      vertex   -8.221940e+00 1.194000e+00 -5.889865e+01
      vertex   -2.546194e+01 1.194000e+00 -5.889865e+01
      vertex   -8.221940e+00 1.000000e+01 -5.889865e+01
    endloop
  endfacet
  facet normal -1.490326e-12 1.596268e-29 -1.000000e+00
    outer loop
      vertex   -8.221940e+00 1.000000e+01 -5.889865e+01
      vertex   -2.546194e+01 1.194000e+00 -5.889865e+01
      vertex   -2.546194e+01 1.000000e+01 -5.889865e+01
    endloop
  endfacet
  facet normal 1.305262e-01 0.000000e+00 -9.914449e-01
    outer loop
      vertex   -2.546194e+01 1.000000e+01 -5.889865e+01
      vertex   -2.546194e+01 1.194000e+00 -5.889865e+01
      vertex   -2.594852e+01 1.000000e+01 -5.896271e+01
    endloop
  endfacet
  facet normal 1.305262e-01 0.000000e+00 -9.914449e-01
    outer loop
      vertex   -2.594852e+01 1.000000e+01 -5.896271e+01
      vertex   -2.546194e+01 1.194000e+00 -5.889865e+01
      vertex   -2.594852e+01 1.194000e+00 -5.896271e+01
    endloop
  endfacet
  facet normal 3.826834e-01 0.000000e+00 -9.238795e-01
    outer loop
      vertex   -2.594852e+01 1.000000e+01 -5.896271e+01
      vertex   -2.594852e+01 1.194000e+00 -5.896271e+01
      vertex   -2.640194e+01 1.000000e+01 -5.915052e+01
    endloop
  endfacet
  facet normal 3.826834e-01 0.000000e+00 -9.238795e-01
    outer loop
      vertex   -2.640194e+01 1.000000e+01 -5.915052e+01
      vertex   -2.594852e+01 1.194000e+00 -5.896271e+01
      vertex   -2.640194e+01 1.194000e+00 -5.915052e+01
    endloop
  endfacet
  facet normal 6.087614e-01 0.000000e+00 -7.933533e-01
    outer loop
      vertex   -2.640194e+01 1.000000e+01 -5.915052e+01
      vertex   -2.640194e+01 1.194000e+00 -5.915052e+01
      vertex   -2.679130e+01 1.000000e+01 -5.944929e+01
    endloop
  endfacet
  facet normal 6.087614e-01 0.000000e+00 -7.933533e-01
    outer loop
      vertex   -2.679130e+01 1.000000e+01 -5.944929e+01
      vertex   -2.640194e+01 1.194000e+00 -5.915052e+01
      vertex   -2.679130e+01 1.194000e+00 -5.944929e+01
    endloop
  endfacet
  facet normal 7.933533e-01 0.000000e+00 -6.087614e-01
    outer loop
      vertex   -2.679130e+01 1.000000e+01 -5.944929e+01
      vertex   -2.679130e+01 1.194000e+00 -5.944929e+01
      vertex   -2.709007e+01 1.000000e+01 -5.983865e+01
    endloop
  endfacet
  facet normal 7.933533e-01 0.000000e+00 -6.087614e-01
    outer loop
      vertex   -2.709007e+01 1.000000e+01 -5.983865e+01
      vertex   -2.679130e+01 1.194000e+00 -5.944929e+01
      vertex   -2.709007e+01 1.194000e+00 -5.983865e+01
    endloop
  endfacet
  facet normal 9.238795e-01 0.000000e+00 -3.826834e-01
    outer loop
      vertex   -2.709007e+01 1.000000e+01 -5.983865e+01
      vertex   -2.709007e+01 1.194000e+00 -5.983865e+01
      vertex   -2.727788e+01 1.000000e+01 -6.029207e+01
    endloop
  endfacet
  facet normal 9.238795e-01 0.000000e+00 -3.826834e-01
    outer loop
      vertex   -2.727788e+01 1.000000e+01 -6.029207e+01
      vertex   -2.709007e+01 1.194000e+00 -5.983865e+01
      vertex   -2.727788e+01 1.194000e+00 -6.029207e+01
    endloop
  endfacet
  facet normal 9.914449e-01 0.000000e+00 -1.305262e-01
    outer loop
      vertex   -2.727788e+01 1.000000e+01 -6.029207e+01
      vertex   -2.727788e+01 1.194000e+00 -6.029207e+01
      vertex   -2.734194e+01 1.000000e+01 -6.077865e+01
    endloop
  endfacet
  facet normal 9.914449e-01 -3.999909e-16 -1.305262e-01
    outer loop
      vertex   -2.734194e+01 1.000000e+01 -6.077865e+01
      vertex   -2.727788e+01 1.194000e+00 -6.029207e+01
      vertex   -2.734194e+01 1.194000e+00 -6.077865e+01
    endloop
  endfacet
  facet normal 1.000000e+00 -4.034424e-16 5.027425e-15
    outer loop
      vertex   -2.734194e+01 1.194000e+00 -6.077865e+01
      vertex   -2.734194e+01 1.194000e+00 -6.289865e+01
      vertex   -2.734194e+01 1.000000e+01 -6.077865e+01
    endloop
  endfacet
  facet normal 1.000000e+00 0.000000e+00 3.351617e-15
    outer loop
      vertex   -2.734194e+01 1.000000e+01 -6.077865e+01
      vertex   -2.734194e+01 1.194000e+00 -6.289865e+01
      vertex   -2.734194e+01 1.000000e+01 -6.289865e+01
    endloop
  endfacet
  facet normal -7.071068e-01 -7.071068e-01 -0.000000e+00
    outer loop
      vertex   -6.091940e+00 9.440000e-01 -7.414865e+01
      vertex   -6.341940e+00 1.194000e+00 -7.439865e+01
      vertex   -6.091940e+00 9.440000e-01 -7.651865e+01
    endloop
  endfacet
  facet normal -7.071068e-01 -7.071068e-01 -3.703048e-16
    outer loop
      vertex   -6.091940e+00 9.440000e-01 -7.651865e+01
      vertex   -6.341940e+00 1.194000e+00 -7.439865e+01
      vertex   -6.341940e+00 1.194000e+00 -7.651865e+01
    endloop
  endfacet
  facet normal -7.040626e-01 -7.040626e-01 9.269160e-02
    outer loop
      vertex   -6.091940e+00 9.440000e-01 -7.651865e+01
      vertex   -6.341940e+00 1.194000e+00 -7.651865e+01
      vertex   -6.164518e+00 9.440000e-01 -7.706994e+01
    endloop
  endfacet
  facet normal -7.040626e-01 -7.040626e-01 9.269160e-02
    outer loop
      vertex   -6.164518e+00 9.440000e-01 -7.706994e+01
      vertex   -6.341940e+00 1.194000e+00 -7.651865e+01
      vertex   -6.406000e+00 1.194000e+00 -7.700523e+01
    endloop
  endfacet
  facet normal -6.560819e-01 -7.040626e-01 2.717580e-01
    outer loop
      vertex   -6.164518e+00 9.440000e-01 -7.706994e+01
      vertex   -6.406000e+00 1.194000e+00 -7.700523e+01
      vertex   -6.377306e+00 9.440000e-01 -7.758365e+01
    endloop
  endfacet
  facet normal -6.560819e-01 -7.040626e-01 2.717580e-01
    outer loop
      vertex   -6.377306e+00 9.440000e-01 -7.758365e+01
      vertex   -6.406000e+00 1.194000e+00 -7.700523e+01
      vertex   -6.593813e+00 1.194000e+00 -7.745865e+01
    endloop
  endfacet
  facet normal -5.633903e-01 -7.040626e-01 4.323046e-01
    outer loop
      vertex   -6.377306e+00 9.440000e-01 -7.758365e+01
      vertex   -6.593813e+00 1.194000e+00 -7.745865e+01
      vertex   -6.715803e+00 9.440000e-01 -7.802479e+01
    endloop
  endfacet
  facet normal -5.633903e-01 -7.040626e-01 4.323046e-01
    outer loop
      vertex   -6.715803e+00 9.440000e-01 -7.802479e+01
      vertex   -6.593813e+00 1.194000e+00 -7.745865e+01
      vertex   -6.892580e+00 1.194000e+00 -7.784801e+01
    endloop
  endfacet
  facet normal -4.323046e-01 -7.040626e-01 5.633903e-01
    outer loop
      vertex   -6.715803e+00 9.440000e-01 -7.802479e+01
      vertex   -6.892580e+00 1.194000e+00 -7.784801e+01
      vertex   -7.156940e+00 9.440000e-01 -7.836329e+01
    endloop
  endfacet
  facet normal -4.323046e-01 -7.040626e-01 5.633903e-01
    outer loop
      vertex   -7.156940e+00 9.440000e-01 -7.836329e+01
      vertex   -6.892580e+00 1.194000e+00 -7.784801e+01
      vertex   -7.281940e+00 1.194000e+00 -7.814678e+01
    endloop
  endfacet
  facet normal -2.717580e-01 -7.040626e-01 6.560819e-01
    outer loop
      vertex   -7.156940e+00 9.440000e-01 -7.836329e+01
      vertex   -7.281940e+00 1.194000e+00 -7.814678e+01
      vertex   -7.670656e+00 9.440000e-01 -7.857607e+01
    endloop
  endfacet
  facet normal -2.717580e-01 -7.040626e-01 6.560819e-01
    outer loop
      vertex   -7.670656e+00 9.440000e-01 -7.857607e+01
      vertex   -7.281940e+00 1.194000e+00 -7.814678e+01
      vertex   -7.735361e+00 1.194000e+00 -7.833459e+01
    endloop
  endfacet
  facet normal -9.269160e-02 -7.040626e-01 7.040626e-01
    outer loop
      vertex   -7.670656e+00 9.440000e-01 -7.857607e+01
      vertex   -7.735361e+00 1.194000e+00 -7.833459e+01
      vertex   -8.221940e+00 9.440000e-01 -7.864865e+01
    endloop
  endfacet
  facet normal -9.269160e-02 -7.040626e-01 7.040626e-01
    outer loop
      vertex   -8.221940e+00 9.440000e-01 -7.864865e+01
      vertex   -7.735361e+00 1.194000e+00 -7.833459e+01
      vertex   -8.221940e+00 1.194000e+00 -7.839865e+01
    endloop
  endfacet
  facet normal -5.828649e-16 -7.071068e-01 7.071068e-01
    outer loop
      vertex   -2.546194e+01 9.440000e-01 -7.864865e+01
      vertex   -8.221940e+00 9.440000e-01 -7.864865e+01
      vertex   -2.546194e+01 1.194000e+00 -7.839865e+01
    endloop
  endfacet
  facet normal 5.828649e-16 -7.071068e-01 7.071068e-01
    outer loop
      vertex   -2.546194e+01 1.194000e+00 -7.839865e+01
      vertex   -8.221940e+00 9.440000e-01 -7.864865e+01
      vertex   -8.221940e+00 1.194000e+00 -7.839865e+01
    endloop
  endfacet
  facet normal 9.269160e-02 -7.040626e-01 7.040626e-01
    outer loop
      vertex   -2.546194e+01 9.440000e-01 -7.864865e+01
      vertex   -2.546194e+01 1.194000e+00 -7.839865e+01
      vertex   -2.601322e+01 9.440000e-01 -7.857607e+01
    endloop
  endfacet
  facet normal 9.269160e-02 -7.040626e-01 7.040626e-01
    outer loop
      vertex   -2.601322e+01 9.440000e-01 -7.857607e+01
      vertex   -2.546194e+01 1.194000e+00 -7.839865e+01
      vertex   -2.594852e+01 1.194000e+00 -7.833459e+01
    endloop
  endfacet
  facet normal 2.717580e-01 -7.040626e-01 6.560819e-01
    outer loop
      vertex   -2.601322e+01 9.440000e-01 -7.857607e+01
      vertex   -2.594852e+01 1.194000e+00 -7.833459e+01
      vertex   -2.652694e+01 9.440000e-01 -7.836329e+01
    endloop
  endfacet
  facet normal 2.717580e-01 -7.040626e-01 6.560819e-01
    outer loop
      vertex   -2.652694e+01 9.440000e-01 -7.836329e+01
      vertex   -2.594852e+01 1.194000e+00 -7.833459e+01
      vertex   -2.640194e+01 1.194000e+00 -7.814678e+01
    endloop
  endfacet
  facet normal 4.323046e-01 -7.040626e-01 5.633903e-01
    outer loop
      vertex   -2.652694e+01 9.440000e-01 -7.836329e+01
      vertex   -2.640194e+01 1.194000e+00 -7.814678e+01
      vertex   -2.696808e+01 9.440000e-01 -7.802479e+01
    endloop
  endfacet
  facet normal 4.323046e-01 -7.040626e-01 5.633903e-01
    outer loop
      vertex   -2.696808e+01 9.440000e-01 -7.802479e+01
      vertex   -2.640194e+01 1.194000e+00 -7.814678e+01
      vertex   -2.679130e+01 1.194000e+00 -7.784801e+01
    endloop
  endfacet
  facet normal 5.633903e-01 -7.040626e-01 4.323046e-01
    outer loop
      vertex   -2.696808e+01 9.440000e-01 -7.802479e+01
      vertex   -2.679130e+01 1.194000e+00 -7.784801e+01
      vertex   -2.730657e+01 9.440000e-01 -7.758365e+01
    endloop
  endfacet
  facet normal 5.633903e-01 -7.040626e-01 4.323046e-01
    outer loop
      vertex   -2.730657e+01 9.440000e-01 -7.758365e+01
      vertex   -2.679130e+01 1.194000e+00 -7.784801e+01
      vertex   -2.709007e+01 1.194000e+00 -7.745865e+01
    endloop
  endfacet
  facet normal 6.560819e-01 -7.040626e-01 2.717580e-01
    outer loop
      vertex   -2.730657e+01 9.440000e-01 -7.758365e+01
      vertex   -2.709007e+01 1.194000e+00 -7.745865e+01
      vertex   -2.751936e+01 9.440000e-01 -7.706994e+01
    endloop
  endfacet
  facet normal 6.560819e-01 -7.040626e-01 2.717580e-01
    outer loop
      vertex   -2.751936e+01 9.440000e-01 -7.706994e+01
      vertex   -2.709007e+01 1.194000e+00 -7.745865e+01
      vertex   -2.727788e+01 1.194000e+00 -7.700523e+01
    endloop
  endfacet
  facet normal 7.040626e-01 -7.040626e-01 9.269160e-02
    outer loop
      vertex   -2.751936e+01 9.440000e-01 -7.706994e+01
      vertex   -2.727788e+01 1.194000e+00 -7.700523e+01
      vertex   -2.759194e+01 9.440000e-01 -7.651865e+01
    endloop
  endfacet
  facet normal 7.040626e-01 -7.040626e-01 9.269160e-02
    outer loop
      vertex   -2.759194e+01 9.440000e-01 -7.651865e+01
      vertex   -2.727788e+01 1.194000e+00 -7.700523e+01
      vertex   -2.734194e+01 1.194000e+00 -7.651865e+01
    endloop
  endfacet
  facet normal 7.071068e-01 -7.071068e-01 3.179934e-15
    outer loop
      vertex   -2.759194e+01 9.440000e-01 -7.414865e+01
      vertex   -2.759194e+01 9.440000e-01 -7.651865e+01
      vertex   -2.734194e+01 1.194000e+00 -7.439865e+01
    endloop
  endfacet
  facet normal 7.071068e-01 -7.071068e-01 8.146706e-16
    outer loop
      vertex   -2.734194e+01 1.194000e+00 -7.439865e+01
      vertex   -2.759194e+01 9.440000e-01 -7.651865e+01
      vertex   -2.734194e+01 1.194000e+00 -7.651865e+01
    endloop
  endfacet
  facet normal 1.000000e+00 -0.000000e+00 1.675808e-15
    outer loop
      vertex   -2.734194e+01 1.194000e+00 -7.439865e+01
      vertex   -2.734194e+01 1.194000e+00 -7.651865e+01
      vertex   -2.734194e+01 1.000000e+01 -7.439865e+01
    endloop
  endfacet
  facet normal 1.000000e+00 4.034424e-16 0.000000e+00
    outer loop
      vertex   -2.734194e+01 1.000000e+01 -7.439865e+01
      vertex   -2.734194e+01 1.194000e+00 -7.651865e+01
      vertex   -2.734194e+01 1.000000e+01 -7.651865e+01
    endloop
  endfacet
  facet normal 9.914449e-01 3.999909e-16 1.305262e-01
    outer loop
      vertex   -2.734194e+01 1.000000e+01 -7.651865e+01
      vertex   -2.734194e+01 1.194000e+00 -7.651865e+01
      vertex   -2.727788e+01 1.000000e+01 -7.700523e+01
    endloop
  endfacet
  facet normal 9.914449e-01 0.000000e+00 1.305262e-01
    outer loop
      vertex   -2.727788e+01 1.000000e+01 -7.700523e+01
      vertex   -2.734194e+01 1.194000e+00 -7.651865e+01
      vertex   -2.727788e+01 1.194000e+00 -7.700523e+01
    endloop
  endfacet
  facet normal 9.238795e-01 0.000000e+00 3.826834e-01
    outer loop
      vertex   -2.727788e+01 1.000000e+01 -7.700523e+01
      vertex   -2.727788e+01 1.194000e+00 -7.700523e+01
      vertex   -2.709007e+01 1.000000e+01 -7.745865e+01
    endloop
  endfacet
  facet normal 9.238795e-01 0.000000e+00 3.826834e-01
    outer loop
      vertex   -2.709007e+01 1.000000e+01 -7.745865e+01
      vertex   -2.727788e+01 1.194000e+00 -7.700523e+01
      vertex   -2.709007e+01 1.194000e+00 -7.745865e+01
    endloop
  endfacet
  facet normal 7.933533e-01 0.000000e+00 6.087614e-01
    outer loop
      vertex   -2.709007e+01 1.000000e+01 -7.745865e+01
      vertex   -2.709007e+01 1.194000e+00 -7.745865e+01
      vertex   -2.679130e+01 1.000000e+01 -7.784801e+01
    endloop
  endfacet
  facet normal 7.933533e-01 0.000000e+00 6.087614e-01
    outer loop
      vertex   -2.679130e+01 1.000000e+01 -7.784801e+01
      vertex   -2.709007e+01 1.194000e+00 -7.745865e+01
      vertex   -2.679130e+01 1.194000e+00 -7.784801e+01
    endloop
  endfacet
  facet normal 6.087614e-01 0.000000e+00 7.933533e-01
    outer loop
      vertex   -2.679130e+01 1.000000e+01 -7.784801e+01
      vertex   -2.679130e+01 1.194000e+00 -7.784801e+01
      vertex   -2.640194e+01 1.000000e+01 -7.814678e+01
    endloop
  endfacet
  facet normal 6.087614e-01 0.000000e+00 7.933533e-01
    outer loop
      vertex   -2.640194e+01 1.000000e+01 -7.814678e+01
      vertex   -2.679130e+01 1.194000e+00 -7.784801e+01
      vertex   -2.640194e+01 1.194000e+00 -7.814678e+01
    endloop
  endfacet
  facet normal 3.826834e-01 0.000000e+00 9.238795e-01
    outer loop
      vertex   -2.640194e+01 1.000000e+01 -7.814678e+01
      vertex   -2.640194e+01 1.194000e+00 -7.814678e+01
      vertex   -2.594852e+01 1.000000e+01 -7.833459e+01
    endloop
  endfacet
  facet normal 3.826834e-01 0.000000e+00 9.238795e-01
    outer loop
      vertex   -2.594852e+01 1.000000e+01 -7.833459e+01
      vertex   -2.640194e+01 1.194000e+00 -7.814678e+01
      vertex   -2.594852e+01 1.194000e+00 -7.833459e+01
    endloop
  endfacet
  facet normal 1.305262e-01 0.000000e+00 9.914449e-01
    outer loop
      vertex   -2.594852e+01 1.000000e+01 -7.833459e+01
      vertex   -2.594852e+01 1.194000e+00 -7.833459e+01
      vertex   -2.546194e+01 1.000000e+01 -7.839865e+01
    endloop
  endfacet
  facet normal 1.305262e-01 -1.599964e-15 9.914449e-01
    outer loop
      vertex   -2.546194e+01 1.000000e+01 -7.839865e+01
      vertex   -2.594852e+01 1.194000e+00 -7.833459e+01
      vertex   -2.546194e+01 1.194000e+00 -7.839865e+01
    endloop
  endfacet
  facet normal 8.242955e-16 -1.613770e-15 1.000000e+00
    outer loop
      vertex   -2.546194e+01 1.194000e+00 -7.839865e+01
      vertex   -8.221940e+00 1.194000e+00 -7.839865e+01
      vertex   -2.546194e+01 1.000000e+01 -7.839865e+01
    endloop
  endfacet
  facet normal 8.242955e-16 -1.613770e-15 1.000000e+00
    outer loop
      vertex   -2.546194e+01 1.000000e+01 -7.839865e+01
      vertex   -8.221940e+00 1.194000e+00 -7.839865e+01
      vertex   -8.221940e+00 1.000000e+01 -7.839865e+01
    endloop
  endfacet
  facet normal -1.305262e-01 -1.599964e-15 9.914449e-01
    outer loop
      vertex   -8.221940e+00 1.000000e+01 -7.839865e+01
      vertex   -8.221940e+00 1.194000e+00 -7.839865e+01
      vertex   -7.735361e+00 1.000000e+01 -7.833459e+01
    endloop
  endfacet
  facet normal -1.305262e-01 0.000000e+00 9.914449e-01
    outer loop
      vertex   -7.735361e+00 1.000000e+01 -7.833459e+01
      vertex   -8.221940e+00 1.194000e+00 -7.839865e+01
      vertex   -7.735361e+00 1.194000e+00 -7.833459e+01
    endloop
  endfacet
  facet normal -3.826834e-01 0.000000e+00 9.238795e-01
    outer loop
      vertex   -7.735361e+00 1.000000e+01 -7.833459e+01
      vertex   -7.735361e+00 1.194000e+00 -7.833459e+01
      vertex   -7.281940e+00 1.000000e+01 -7.814678e+01
    endloop
  endfacet
  facet normal -3.826834e-01 0.000000e+00 9.238795e-01
    outer loop
      vertex   -7.281940e+00 1.000000e+01 -7.814678e+01
      vertex   -7.735361e+00 1.194000e+00 -7.833459e+01
      vertex   -7.281940e+00 1.194000e+00 -7.814678e+01
    endloop
  endfacet
  facet normal -6.087614e-01 0.000000e+00 7.933533e-01
    outer loop
      vertex   -7.281940e+00 1.000000e+01 -7.814678e+01
      vertex   -7.281940e+00 1.194000e+00 -7.814678e+01
      vertex   -6.892580e+00 1.000000e+01 -7.784801e+01
    endloop
  endfacet
  facet normal -6.087614e-01 0.000000e+00 7.933533e-01
    outer loop
      vertex   -6.892580e+00 1.000000e+01 -7.784801e+01
      vertex   -7.281940e+00 1.194000e+00 -7.814678e+01
      vertex   -6.892580e+00 1.194000e+00 -7.784801e+01
    endloop
  endfacet
  facet normal -7.933533e-01 0.000000e+00 6.087614e-01
    outer loop
      vertex   -6.892580e+00 1.000000e+01 -7.784801e+01
      vertex   -6.892580e+00 1.194000e+00 -7.784801e+01
      vertex   -6.593813e+00 1.000000e+01 -7.745865e+01
    endloop
  endfacet
  facet normal -7.933533e-01 0.000000e+00 6.087614e-01
    outer loop
      vertex   -6.593813e+00 1.000000e+01 -7.745865e+01
      vertex   -6.892580e+00 1.194000e+00 -7.784801e+01
      vertex   -6.593813e+00 1.194000e+00 -7.745865e+01
    endloop
  endfacet
  facet normal -9.238795e-01 0.000000e+00 3.826834e-01
    outer loop
      vertex   -6.593813e+00 1.000000e+01 -7.745865e+01
      vertex   -6.593813e+00 1.194000e+00 -7.745865e+01
      vertex   -6.406000e+00 1.000000e+01 -7.700523e+01
    endloop
  endfacet
  facet normal -9.238795e-01 0.000000e+00 3.826834e-01
    outer loop
      vertex   -6.406000e+00 1.000000e+01 -7.700523e+01
      vertex   -6.593813e+00 1.194000e+00 -7.745865e+01
      vertex   -6.406000e+00 1.194000e+00 -7.700523e+01
    endloop
  endfacet
  facet normal -9.914449e-01 0.000000e+00 1.305262e-01
    outer loop
      vertex   -6.406000e+00 1.000000e+01 -7.700523e+01
      vertex   -6.406000e+00 1.194000e+00 -7.700523e+01
      vertex   -6.341940e+00 1.000000e+01 -7.651865e+01
    endloop
  endfacet
  facet normal -9.914449e-01 -1.999954e-16 1.305262e-01
    outer loop
      vertex   -6.341940e+00 1.000000e+01 -7.651865e+01
      vertex   -6.406000e+00 1.194000e+00 -7.700523e+01
      vertex   -6.341940e+00 1.194000e+00 -7.651865e+01
    endloop
  endfacet
  facet normal -1.000000e+00 -2.017212e-16 -1.056394e-31
    outer loop
      vertex   -6.341940e+00 1.194000e+00 -7.651865e+01
      vertex   -6.341940e+00 1.194000e+00 -7.439865e+01
      vertex   -6.341940e+00 1.000000e+01 -7.651865e+01
    endloop
  endfacet
  facet normal -1.000000e+00 0.000000e+00 8.379042e-16
    outer loop
      vertex   -6.341940e+00 1.000000e+01 -7.651865e+01
      vertex   -6.341940e+00 1.194000e+00 -7.439865e+01
      vertex   -6.341940e+00 1.000000e+01 -7.439865e+01
    endloop
  endfacet
  facet normal -0.000000e+00 -1.000000e+00 -0.000000e+00
    outer loop
      vertex   -6.406000e+00 1.000000e+01 -6.029207e+01
      vertex   -2.727788e+01 1.000000e+01 -6.029207e+01
      vertex   -6.341940e+00 1.000000e+01 -6.077865e+01
    endloop
  endfacet
  facet normal 0.000000e+00 -1.000000e+00 0.000000e+00
    outer loop
      vertex   -6.341940e+00 1.000000e+01 -6.077865e+01
      vertex   -2.727788e+01 1.000000e+01 -6.029207e+01
      vertex   -2.734194e+01 1.000000e+01 -6.077865e+01
    endloop
  endfacet
  facet normal -0.000000e+00 -1.000000e+00 0.000000e+00
    outer loop
      vertex   -6.341940e+00 1.000000e+01 -6.077865e+01
      vertex   -2.734194e+01 1.000000e+01 -6.077865e+01
      vertex   -6.341940e+00 1.000000e+01 -6.289865e+01
    endloop
  endfacet
  facet normal 0.000000e+00 -1.000000e+00 0.000000e+00
    outer loop
      vertex   -6.341940e+00 1.000000e+01 -6.289865e+01
      vertex   -2.734194e+01 1.000000e+01 -6.077865e+01
      vertex   -2.734194e+01 1.000000e+01 -6.289865e+01
    endloop
  endfacet
  facet normal 0.000000e+00 -1.000000e+00 0.000000e+00
    outer loop
      vertex   -2.727788e+01 1.000000e+01 -6.029207e+01
      vertex   -6.406000e+00 1.000000e+01 -6.029207e+01
      vertex   -2.709007e+01 1.000000e+01 -5.983865e+01
    endloop
  endfacet
  facet normal 0.000000e+00 -1.000000e+00 0.000000e+00
    outer loop
      vertex   -2.709007e+01 1.000000e+01 -5.983865e+01
      vertex   -6.406000e+00 1.000000e+01 -6.029207e+01
      vertex   -6.593813e+00 1.000000e+01 -5.983865e+01
    endloop
  endfacet
  facet normal 0.000000e+00 -1.000000e+00 0.000000e+00
    outer loop
      vertex   -2.709007e+01 1.000000e+01 -5.983865e+01
      vertex   -6.593813e+00 1.000000e+01 -5.983865e+01
      vertex   -2.679130e+01 1.000000e+01 -5.944929e+01
    endloop
  endfacet
  facet normal 0.000000e+00 -1.000000e+00 0.000000e+00
    outer loop
      vertex   -2.679130e+01 1.000000e+01 -5.944929e+01
      vertex   -6.593813e+00 1.000000e+01 -5.983865e+01
      vertex   -2.546194e+01 1.000000e+01 -5.889865e+01
    endloop
  endfacet
  facet normal 0.000000e+00 -1.000000e+00 0.000000e+00
    outer loop
      vertex   -2.679130e+01 1.000000e+01 -5.944929e+01
      vertex   -2.546194e+01 1.000000e+01 -5.889865e+01
      vertex   -2.640194e+01 1.000000e+01 -5.915052e+01
    endloop
  endfacet
  facet normal 0.000000e+00 -1.000000e+00 0.000000e+00
    outer loop
      vertex   -2.640194e+01 1.000000e+01 -5.915052e+01
      vertex   -2.546194e+01 1.000000e+01 -5.889865e+01
      vertex   -2.594852e+01 1.000000e+01 -5.896271e+01
    endloop
  endfacet
  facet normal 0.000000e+00 -1.000000e+00 0.000000e+00
    outer loop
      vertex   -6.593813e+00 1.000000e+01 -5.983865e+01
      vertex   -6.892580e+00 1.000000e+01 -5.944929e+01
      vertex   -2.546194e+01 1.000000e+01 -5.889865e+01
    endloop
  endfacet
  facet normal 0.000000e+00 -1.000000e+00 0.000000e+00
    outer loop
      vertex   -2.546194e+01 1.000000e+01 -5.889865e+01
      vertex   -6.892580e+00 1.000000e+01 -5.944929e+01
      vertex   -8.221940e+00 1.000000e+01 -5.889865e+01
    endloop
  endfacet
  facet normal 0.000000e+00 -1.000000e+00 0.000000e+00
    outer loop
      vertex   -8.221940e+00 1.000000e+01 -5.889865e+01
      vertex   -6.892580e+00 1.000000e+01 -5.944929e+01
      vertex   -7.281940e+00 1.000000e+01 -5.915052e+01
    endloop
  endfacet
  facet normal 0.000000e+00 -1.000000e+00 0.000000e+00
    outer loop
      vertex   -8.221940e+00 1.000000e+01 -5.889865e+01
      vertex   -7.281940e+00 1.000000e+01 -5.915052e+01
      vertex   -7.735361e+00 1.000000e+01 -5.896271e+01
    endloop
  endfacet
  facet normal 0.000000e+00 -1.000000e+00 0.000000e+00
    outer loop
      vertex   -2.727788e+01 1.000000e+01 -7.700523e+01
      vertex   -6.406000e+00 1.000000e+01 -7.700523e+01
      vertex   -2.734194e+01 1.000000e+01 -7.651865e+01
    endloop
  endfacet
  facet normal 0.000000e+00 -1.000000e+00 0.000000e+00
    outer loop
      vertex   -2.734194e+01 1.000000e+01 -7.651865e+01
      vertex   -6.406000e+00 1.000000e+01 -7.700523e+01
      vertex   -6.341940e+00 1.000000e+01 -7.651865e+01
    endloop
  endfacet
  facet normal 0.000000e+00 -1.000000e+00 0.000000e+00
    outer loop
      vertex   -2.734194e+01 1.000000e+01 -7.651865e+01
      vertex   -6.341940e+00 1.000000e+01 -7.651865e+01
      vertex   -2.734194e+01 1.000000e+01 -7.439865e+01
    endloop
  endfacet
  facet normal 0.000000e+00 -1.000000e+00 0.000000e+00
    outer loop
      vertex   -2.734194e+01 1.000000e+01 -7.439865e+01
      vertex   -6.341940e+00 1.000000e+01 -7.651865e+01
      vertex   -6.341940e+00 1.000000e+01 -7.439865e+01
    endloop
  endfacet
  facet normal 0.000000e+00 -1.000000e+00 0.000000e+00
    outer loop
      vertex   -6.406000e+00 1.000000e+01 -7.700523e+01
      vertex   -2.727788e+01 1.000000e+01 -7.700523e+01
      vertex   -6.593813e+00 1.000000e+01 -7.745865e+01
    endloop
  endfacet
  facet normal 0.000000e+00 -1.000000e+00 0.000000e+00
    outer loop
      vertex   -6.593813e+00 1.000000e+01 -7.745865e+01
      vertex   -2.727788e+01 1.000000e+01 -7.700523e+01
      vertex   -2.709007e+01 1.000000e+01 -7.745865e+01
    endloop
  endfacet
  facet normal -0.000000e+00 -1.000000e+00 0.000000e+00
    outer loop
      vertex   -6.593813e+00 1.000000e+01 -7.745865e+01
      vertex   -2.709007e+01 1.000000e+01 -7.745865e+01
      vertex   -6.892580e+00 1.000000e+01 -7.784801e+01
    endloop
  endfacet
  facet normal -0.000000e+00 -1.000000e+00 0.000000e+00
    outer loop
      vertex   -6.892580e+00 1.000000e+01 -7.784801e+01
      vertex   -2.709007e+01 1.000000e+01 -7.745865e+01
      vertex   -8.221940e+00 1.000000e+01 -7.839865e+01
    endloop
  endfacet
  facet normal 0.000000e+00 -1.000000e+00 0.000000e+00
    outer loop
      vertex   -6.892580e+00 1.000000e+01 -7.784801e+01
      vertex   -8.221940e+00 1.000000e+01 -7.839865e+01
      vertex   -7.281940e+00 1.000000e+01 -7.814678e+01
    endloop
  endfacet
  facet normal 0.000000e+00 -1.000000e+00 0.000000e+00
    outer loop
      vertex   -7.281940e+00 1.000000e+01 -7.814678e+01
      vertex   -8.221940e+00 1.000000e+01 -7.839865e+01
      vertex   -7.735361e+00 1.000000e+01 -7.833459e+01
    endloop
  endfacet
  facet normal 0.000000e+00 -1.000000e+00 0.000000e+00
    outer loop
      vertex   -2.709007e+01 1.000000e+01 -7.745865e+01
      vertex   -2.679130e+01 1.000000e+01 -7.784801e+01
      vertex   -8.221940e+00 1.000000e+01 -7.839865e+01
    endloop
  endfacet
  facet normal 0.000000e+00 -1.000000e+00 0.000000e+00
    outer loop
      vertex   -8.221940e+00 1.000000e+01 -7.839865e+01
      vertex   -2.679130e+01 1.000000e+01 -7.784801e+01
      vertex   -2.546194e+01 1.000000e+01 -7.839865e+01
    endloop
  endfacet
  facet normal 0.000000e+00 -1.000000e+00 0.000000e+00
    outer loop
      vertex   -2.546194e+01 1.000000e+01 -7.839865e+01
      vertex   -2.679130e+01 1.000000e+01 -7.784801e+01
      vertex   -2.640194e+01 1.000000e+01 -7.814678e+01
    endloop
  endfacet
  facet normal 0.000000e+00 -1.000000e+00 0.000000e+00
    outer loop
      vertex   -2.546194e+01 1.000000e+01 -7.839865e+01
      vertex   -2.640194e+01 1.000000e+01 -7.814678e+01
      vertex   -2.594852e+01 1.000000e+01 -7.833459e+01
    endloop
  endfacet
  facet normal 0.000000e+00 -1.000000e+00 0.000000e+00
    outer loop
      vertex   -2.759194e+01 9.440000e-01 -6.314865e+01
      vertex   -6.091940e+00 9.440000e-01 -7.414865e+01
      vertex   -6.091940e+00 9.440000e-01 -6.314865e+01
    endloop
  endfacet
  facet normal 0.000000e+00 -1.000000e+00 0.000000e+00
    outer loop
      vertex   -6.091940e+00 9.440000e-01 -6.314865e+01
      vertex   -6.091940e+00 9.440000e-01 -7.414865e+01
      vertex   -4.591940e+00 9.440000e-01 -7.551865e+01
    endloop
  endfacet
  facet normal 0.000000e+00 -1.000000e+00 0.000000e+00
    outer loop
      vertex   -6.091940e+00 9.440000e-01 -6.314865e+01
      vertex   -4.591940e+00 9.440000e-01 -7.551865e+01
      vertex   -4.591940e+00 9.440000e-01 -6.177865e+01
    endloop
  endfacet
  facet normal 0.000000e+00 -1.000000e+00 -0.000000e+00
    outer loop
      vertex   -2.759194e+01 9.440000e-01 -6.077865e+01
      vertex   -2.826449e+01 9.440000e-01 -6.329366e+01
      vertex   -2.759194e+01 9.440000e-01 -6.314865e+01
    endloop
  endfacet
  facet normal 0.000000e+00 -1.000000e+00 -0.000000e+00
    outer loop
      vertex   -2.759194e+01 9.440000e-01 -6.314865e+01
      vertex   -2.826449e+01 9.440000e-01 -6.329366e+01
      vertex   -2.759194e+01 9.440000e-01 -7.414865e+01
    endloop
  endfacet
  facet normal 0.000000e+00 -1.000000e+00 0.000000e+00
    outer loop
      vertex   -2.759194e+01 9.440000e-01 -6.314865e+01
      vertex   -2.759194e+01 9.440000e-01 -7.414865e+01
      vertex   -6.091940e+00 9.440000e-01 -7.414865e+01
    endloop
  endfacet
  facet normal -0.000000e+00 -1.000000e+00 0.000000e+00
    outer loop
      vertex   -2.759194e+01 9.440000e-01 -6.077865e+01
      vertex   -2.751936e+01 9.440000e-01 -6.022737e+01
      vertex   -2.826449e+01 9.440000e-01 -6.329366e+01
    endloop
  endfacet
  facet normal 0.000000e+00 -1.000000e+00 0.000000e+00
    outer loop
      vertex   -2.826449e+01 9.440000e-01 -6.329366e+01
      vertex   -2.751936e+01 9.440000e-01 -6.022737e+01
      vertex   -2.716383e+01 9.440000e-01 -5.857234e+01
    endloop
  endfacet
  facet normal 0.000000e+00 -1.000000e+00 0.000000e+00
    outer loop
      vertex   -2.716383e+01 9.440000e-01 -5.857234e+01
      vertex   -2.751936e+01 9.440000e-01 -6.022737e+01
      vertex   -2.730657e+01 9.440000e-01 -5.971365e+01
    endloop
  endfacet
  facet normal 0.000000e+00 -1.000000e+00 -0.000000e+00
    outer loop
      vertex   -2.716383e+01 9.440000e-01 -5.857234e+01
      vertex   -2.730657e+01 9.440000e-01 -5.971365e+01
      vertex   -2.696808e+01 9.440000e-01 -5.927251e+01
    endloop
  endfacet
  facet normal 0.000000e+00 -1.000000e+00 0.000000e+00
    outer loop
      vertex   -2.696808e+01 9.440000e-01 -5.927251e+01
      vertex   -2.652694e+01 9.440000e-01 -5.893402e+01
      vertex   -2.716383e+01 9.440000e-01 -5.857234e+01
    endloop
  endfacet
  facet normal 0.000000e+00 -1.000000e+00 0.000000e+00
    outer loop
      vertex   -2.716383e+01 9.440000e-01 -5.857234e+01
      vertex   -2.652694e+01 9.440000e-01 -5.893402e+01
      vertex   -2.662213e+01 9.440000e-01 -5.833905e+01
    endloop
  endfacet
  facet normal 0.000000e+00 -1.000000e+00 0.000000e+00
    outer loop
      vertex   -2.662213e+01 9.440000e-01 -5.833905e+01
      vertex   -2.652694e+01 9.440000e-01 -5.893402e+01
      vertex   -2.601322e+01 9.440000e-01 -5.872123e+01
    endloop
  endfacet
  facet normal 0.000000e+00 -1.000000e+00 0.000000e+00
    outer loop
      vertex   -2.662213e+01 9.440000e-01 -5.833905e+01
      vertex   -2.601322e+01 9.440000e-01 -5.872123e+01
      vertex   -2.604979e+01 9.440000e-01 -5.819657e+01
    endloop
  endfacet
  facet normal 0.000000e+00 -1.000000e+00 0.000000e+00
    outer loop
      vertex   -2.604979e+01 9.440000e-01 -5.819657e+01
      vertex   -2.601322e+01 9.440000e-01 -5.872123e+01
      vertex   -2.546194e+01 9.440000e-01 -5.864865e+01
    endloop
  endfacet
  facet normal 0.000000e+00 -1.000000e+00 0.000000e+00
    outer loop
      vertex   -2.604979e+01 9.440000e-01 -5.819657e+01
      vertex   -2.546194e+01 9.440000e-01 -5.864865e+01
      vertex   -2.546194e+01 9.440000e-01 -5.814865e+01
    endloop
  endfacet
  facet normal 0.000000e+00 -1.000000e+00 -0.000000e+00
    outer loop
      vertex   -2.546194e+01 9.440000e-01 -5.814865e+01
      vertex   -2.546194e+01 9.440000e-01 -5.864865e+01
      vertex   -8.221940e+00 9.440000e-01 -5.864865e+01
    endloop
  endfacet
  facet normal 0.000000e+00 -1.000000e+00 0.000000e+00
    outer loop
      vertex   -2.546194e+01 9.440000e-01 -5.814865e+01
      vertex   -8.221940e+00 9.440000e-01 -5.864865e+01
      vertex   -8.221940e+00 9.440000e-01 -5.814865e+01
    endloop
  endfacet
  facet normal 0.000000e+00 -1.000000e+00 -0.000000e+00
    outer loop
      vertex   -8.221940e+00 9.440000e-01 -5.814865e+01
      vertex   -8.221940e+00 9.440000e-01 -5.864865e+01
      vertex   -7.670656e+00 9.440000e-01 -5.872123e+01
    endloop
  endfacet
  facet normal 0.000000e+00 -1.000000e+00 0.000000e+00
    outer loop
      vertex   -8.221940e+00 9.440000e-01 -5.814865e+01
      vertex   -7.670656e+00 9.440000e-01 -5.872123e+01
      vertex   -7.414189e+00 9.440000e-01 -5.823966e+01
    endloop
  endfacet
  facet normal 0.000000e+00 -1.000000e+00 -0.000000e+00
    outer loop
      vertex   -7.414189e+00 9.440000e-01 -5.823966e+01
      vertex   -7.670656e+00 9.440000e-01 -5.872123e+01
      vertex   -7.156940e+00 9.440000e-01 -5.893402e+01
    endloop
  endfacet
  facet normal 0.000000e+00 -1.000000e+00 0.000000e+00
    outer loop
      vertex   -7.414189e+00 9.440000e-01 -5.823966e+01
      vertex   -7.156940e+00 9.440000e-01 -5.893402e+01
      vertex   -6.646942e+00 9.440000e-01 -5.850813e+01
    endloop
  endfacet
  facet normal 0.000000e+00 -1.000000e+00 0.000000e+00
    outer loop
      vertex   -6.646942e+00 9.440000e-01 -5.850813e+01
      vertex   -7.156940e+00 9.440000e-01 -5.893402e+01
      vertex   -6.715803e+00 9.440000e-01 -5.927251e+01
    endloop
  endfacet
  facet normal 0.000000e+00 -1.000000e+00 -0.000000e+00
    outer loop
      vertex   -6.646942e+00 9.440000e-01 -5.850813e+01
      vertex   -6.715803e+00 9.440000e-01 -5.927251e+01
      vertex   -5.958672e+00 9.440000e-01 -5.894060e+01
    endloop
  endfacet
  facet normal 0.000000e+00 -1.000000e+00 0.000000e+00
    outer loop
      vertex   -5.958672e+00 9.440000e-01 -5.894060e+01
      vertex   -6.715803e+00 9.440000e-01 -5.927251e+01
      vertex   -6.377306e+00 9.440000e-01 -5.971365e+01
    endloop
  endfacet
  facet normal 0.000000e+00 -1.000000e+00 -0.000000e+00
    outer loop
      vertex   -5.958672e+00 9.440000e-01 -5.894060e+01
      vertex   -6.377306e+00 9.440000e-01 -5.971365e+01
      vertex   -5.383892e+00 9.440000e-01 -5.951538e+01
    endloop
  endfacet
  facet normal 0.000000e+00 -1.000000e+00 0.000000e+00
    outer loop
      vertex   -5.383892e+00 9.440000e-01 -5.951538e+01
      vertex   -6.377306e+00 9.440000e-01 -5.971365e+01
      vertex   -6.164518e+00 9.440000e-01 -6.022737e+01
    endloop
  endfacet
  facet normal 0.000000e+00 -1.000000e+00 -0.000000e+00
    outer loop
      vertex   -5.383892e+00 9.440000e-01 -5.951538e+01
      vertex   -6.164518e+00 9.440000e-01 -6.022737e+01
      vertex   -4.951423e+00 9.440000e-01 -6.020365e+01
    endloop
  endfacet
  facet normal 0.000000e+00 -1.000000e+00 0.000000e+00
    outer loop
      vertex   -4.951423e+00 9.440000e-01 -6.020365e+01
      vertex   -6.164518e+00 9.440000e-01 -6.022737e+01
      vertex   -6.091940e+00 9.440000e-01 -6.077865e+01
    endloop
  endfacet
  facet normal 0.000000e+00 -1.000000e+00 -0.000000e+00
    outer loop
      vertex   -4.951423e+00 9.440000e-01 -6.020365e+01
      vertex   -6.091940e+00 9.440000e-01 -6.077865e+01
      vertex   -4.682952e+00 9.440000e-01 -6.097090e+01
    endloop
  endfacet
  facet normal -0.000000e+00 -1.000000e+00 -0.000000e+00
    outer loop
      vertex   -4.682952e+00 9.440000e-01 -6.097090e+01
      vertex   -6.091940e+00 9.440000e-01 -6.077865e+01
      vertex   -4.591940e+00 9.440000e-01 -6.177865e+01
    endloop
  endfacet
  facet normal -0.000000e+00 -1.000000e+00 0.000000e+00
    outer loop
      vertex   -4.591940e+00 9.440000e-01 -6.177865e+01
      vertex   -6.091940e+00 9.440000e-01 -6.077865e+01
      vertex   -6.091940e+00 9.440000e-01 -6.314865e+01
    endloop
  endfacet
  facet normal 0.000000e+00 -1.000000e+00 0.000000e+00
    outer loop
      vertex   -6.091940e+00 9.440000e-01 -7.414865e+01
      vertex   -6.091940e+00 9.440000e-01 -7.651865e+01
      vertex   -4.591940e+00 9.440000e-01 -7.551865e+01
    endloop
  endfacet
  facet normal 0.000000e+00 -1.000000e+00 0.000000e+00
    outer loop
      vertex   -4.591940e+00 9.440000e-01 -7.551865e+01
      vertex   -6.091940e+00 9.440000e-01 -7.651865e+01
      vertex   -4.682952e+00 9.440000e-01 -7.632640e+01
    endloop
  endfacet
  facet normal 0.000000e+00 -1.000000e+00 0.000000e+00
    outer loop
      vertex   -4.682952e+00 9.440000e-01 -7.632640e+01
      vertex   -6.091940e+00 9.440000e-01 -7.651865e+01
      vertex   -4.951423e+00 9.440000e-01 -7.709365e+01
    endloop
  endfacet
  facet normal 0.000000e+00 -1.000000e+00 0.000000e+00
    outer loop
      vertex   -4.951423e+00 9.440000e-01 -7.709365e+01
      vertex   -6.091940e+00 9.440000e-01 -7.651865e+01
      vertex   -6.164518e+00 9.440000e-01 -7.706994e+01
    endloop
  endfacet
  facet normal -0.000000e+00 -1.000000e+00 0.000000e+00
    outer loop
      vertex   -4.951423e+00 9.440000e-01 -7.709365e+01
      vertex   -6.164518e+00 9.440000e-01 -7.706994e+01
      vertex   -5.383892e+00 9.440000e-01 -7.778192e+01
    endloop
  endfacet
  facet normal 0.000000e+00 -1.000000e+00 0.000000e+00
    outer loop
      vertex   -5.383892e+00 9.440000e-01 -7.778192e+01
      vertex   -6.164518e+00 9.440000e-01 -7.706994e+01
      vertex   -6.377306e+00 9.440000e-01 -7.758365e+01
    endloop
  endfacet
  facet normal -0.000000e+00 -1.000000e+00 0.000000e+00
    outer loop
      vertex   -5.383892e+00 9.440000e-01 -7.778192e+01
      vertex   -6.377306e+00 9.440000e-01 -7.758365e+01
      vertex   -5.958672e+00 9.440000e-01 -7.835670e+01
    endloop
  endfacet
  facet normal 0.000000e+00 -1.000000e+00 0.000000e+00
    outer loop
      vertex   -5.958672e+00 9.440000e-01 -7.835670e+01
      vertex   -6.377306e+00 9.440000e-01 -7.758365e+01
      vertex   -6.715803e+00 9.440000e-01 -7.802479e+01
    endloop
  endfacet
  facet normal -0.000000e+00 -1.000000e+00 0.000000e+00
    outer loop
      vertex   -5.958672e+00 9.440000e-01 -7.835670e+01
      vertex   -6.715803e+00 9.440000e-01 -7.802479e+01
      vertex   -6.646942e+00 9.440000e-01 -7.878917e+01
    endloop
  endfacet
  facet normal 0.000000e+00 -1.000000e+00 0.000000e+00
    outer loop
      vertex   -6.646942e+00 9.440000e-01 -7.878917e+01
      vertex   -6.715803e+00 9.440000e-01 -7.802479e+01
      vertex   -7.156940e+00 9.440000e-01 -7.836329e+01
    endloop
  endfacet
  facet normal -0.000000e+00 -1.000000e+00 0.000000e+00
    outer loop
      vertex   -6.646942e+00 9.440000e-01 -7.878917e+01
      vertex   -7.156940e+00 9.440000e-01 -7.836329e+01
      vertex   -7.414189e+00 9.440000e-01 -7.905764e+01
    endloop
  endfacet
  facet normal 0.000000e+00 -1.000000e+00 0.000000e+00
    outer loop
      vertex   -7.414189e+00 9.440000e-01 -7.905764e+01
      vertex   -7.156940e+00 9.440000e-01 -7.836329e+01
      vertex   -7.670656e+00 9.440000e-01 -7.857607e+01
    endloop
  endfacet
  facet normal -0.000000e+00 -1.000000e+00 0.000000e+00
    outer loop
      vertex   -7.414189e+00 9.440000e-01 -7.905764e+01
      vertex   -7.670656e+00 9.440000e-01 -7.857607e+01
      vertex   -8.221940e+00 9.440000e-01 -7.914865e+01
    endloop
  endfacet
  facet normal 0.000000e+00 -1.000000e+00 0.000000e+00
    outer loop
      vertex   -8.221940e+00 9.440000e-01 -7.914865e+01
      vertex   -7.670656e+00 9.440000e-01 -7.857607e+01
      vertex   -8.221940e+00 9.440000e-01 -7.864865e+01
    endloop
  endfacet
  facet normal 0.000000e+00 -1.000000e+00 0.000000e+00
    outer loop
      vertex   -8.221940e+00 9.440000e-01 -7.914865e+01
      vertex   -8.221940e+00 9.440000e-01 -7.864865e+01
      vertex   -2.546194e+01 9.440000e-01 -7.864865e+01
    endloop
  endfacet
  facet normal 0.000000e+00 -1.000000e+00 0.000000e+00
    outer loop
      vertex   -8.221940e+00 9.440000e-01 -7.914865e+01
      vertex   -2.546194e+01 9.440000e-01 -7.864865e+01
      vertex   -2.546194e+01 9.440000e-01 -7.914865e+01
    endloop
  endfacet
  facet normal 0.000000e+00 -1.000000e+00 0.000000e+00
    outer loop
      vertex   -2.546194e+01 9.440000e-01 -7.914865e+01
      vertex   -2.546194e+01 9.440000e-01 -7.864865e+01
      vertex   -2.601322e+01 9.440000e-01 -7.857607e+01
    endloop
  endfacet
  facet normal 0.000000e+00 -1.000000e+00 0.000000e+00
    outer loop
      vertex   -2.546194e+01 9.440000e-01 -7.914865e+01
      vertex   -2.601322e+01 9.440000e-01 -7.857607e+01
      vertex   -2.625594e+01 9.440000e-01 -7.906075e+01
    endloop
  endfacet
  facet normal 0.000000e+00 -1.000000e+00 0.000000e+00
    outer loop
      vertex   -2.625594e+01 9.440000e-01 -7.906075e+01
      vertex   -2.601322e+01 9.440000e-01 -7.857607e+01
      vertex   -2.652694e+01 9.440000e-01 -7.836329e+01
    endloop
  endfacet
  facet normal 0.000000e+00 -1.000000e+00 0.000000e+00
    outer loop
      vertex   -2.625594e+01 9.440000e-01 -7.906075e+01
      vertex   -2.652694e+01 9.440000e-01 -7.836329e+01
      vertex   -2.701149e+01 9.440000e-01 -7.880130e+01
    endloop
  endfacet
  facet normal 0.000000e+00 -1.000000e+00 0.000000e+00
    outer loop
      vertex   -2.701149e+01 9.440000e-01 -7.880130e+01
      vertex   -2.652694e+01 9.440000e-01 -7.836329e+01
      vertex   -2.696808e+01 9.440000e-01 -7.802479e+01
    endloop
  endfacet
  facet normal 0.000000e+00 -1.000000e+00 0.000000e+00
    outer loop
      vertex   -2.701149e+01 9.440000e-01 -7.880130e+01
      vertex   -2.696808e+01 9.440000e-01 -7.802479e+01
      vertex   -2.769199e+01 9.440000e-01 -7.838288e+01
    endloop
  endfacet
  facet normal 0.000000e+00 -1.000000e+00 0.000000e+00
    outer loop
      vertex   -2.769199e+01 9.440000e-01 -7.838288e+01
      vertex   -2.696808e+01 9.440000e-01 -7.802479e+01
      vertex   -2.730657e+01 9.440000e-01 -7.758365e+01
    endloop
  endfacet
  facet normal 0.000000e+00 -1.000000e+00 0.000000e+00
    outer loop
      vertex   -2.769199e+01 9.440000e-01 -7.838288e+01
      vertex   -2.730657e+01 9.440000e-01 -7.758365e+01
      vertex   -2.826449e+01 9.440000e-01 -7.782574e+01
    endloop
  endfacet
  facet normal 0.000000e+00 -1.000000e+00 0.000000e+00
    outer loop
      vertex   -2.826449e+01 9.440000e-01 -7.782574e+01
      vertex   -2.730657e+01 9.440000e-01 -7.758365e+01
      vertex   -2.751936e+01 9.440000e-01 -7.706994e+01
    endloop
  endfacet
  facet normal 0.000000e+00 -1.000000e+00 0.000000e+00
    outer loop
      vertex   -2.826449e+01 9.440000e-01 -7.782574e+01
      vertex   -2.751936e+01 9.440000e-01 -7.706994e+01
      vertex   -2.759194e+01 9.440000e-01 -7.651865e+01
    endloop
  endfacet
  facet normal -0.000000e+00 -1.000000e+00 0.000000e+00
    outer loop
      vertex   -2.759194e+01 9.440000e-01 -7.651865e+01
      vertex   -2.759194e+01 9.440000e-01 -7.414865e+01
      vertex   -2.826449e+01 9.440000e-01 -7.782574e+01
    endloop
  endfacet
  facet normal 0.000000e+00 -1.000000e+00 0.000000e+00
    outer loop
      vertex   -2.826449e+01 9.440000e-01 -7.782574e+01
      vertex   -2.759194e+01 9.440000e-01 -7.414865e+01
      vertex   -2.826449e+01 9.440000e-01 -6.329366e+01
    endloop
  endfacet
  facet normal 0.000000e+00 -7.071068e-01 7.071068e-01
    outer loop
      vertex   -2.759194e+01 9.440000e-01 -6.314865e+01
      vertex   -6.091940e+00 9.440000e-01 -6.314865e+01
      vertex   -2.734194e+01 1.194000e+00 -6.289865e+01
    endloop
  endfacet
  facet normal 0.000000e+00 -7.071068e-01 7.071068e-01
    outer loop
      vertex   -2.734194e+01 1.194000e+00 -6.289865e+01
      vertex   -6.091940e+00 9.440000e-01 -6.314865e+01
      vertex   -6.341940e+00 1.194000e+00 -6.289865e+01
    endloop
  endfacet
  facet normal 2.392522e-15 -7.071068e-01 -7.071068e-01
    outer loop
      vertex   -2.734194e+01 1.194000e+00 -7.439865e+01
      vertex   -6.341940e+00 1.194000e+00 -7.439865e+01
      vertex   -2.759194e+01 9.440000e-01 -7.414865e+01
    endloop
  endfacet
  facet normal 2.804258e-15 -7.071068e-01 -7.071068e-01
    outer loop
      vertex   -2.759194e+01 9.440000e-01 -7.414865e+01
      vertex   -6.341940e+00 1.194000e+00 -7.439865e+01
      vertex   -6.091940e+00 9.440000e-01 -7.414865e+01
    endloop
  endfacet
  facet normal 9.914449e-01 -0.000000e+00 1.305262e-01
    outer loop
      vertex   5.792316e+01 -1.000000e+01 -5.450523e+01
      vertex   5.792316e+01 -3.666667e+00 -5.450523e+01
      vertex   5.787716e+01 -1.000000e+01 -5.415583e+01
    endloop
  endfacet
  facet normal 9.914449e-01 -0.000000e+00 1.305262e-01
    outer loop
      vertex   5.787716e+01 -1.000000e+01 -5.415583e+01
      vertex   5.792316e+01 -3.666667e+00 -5.450523e+01
      vertex   5.787716e+01 -3.666667e+00 -5.415583e+01
    endloop
  endfacet
  facet normal 9.914449e-01 0.000000e+00 -1.305262e-01
    outer loop
      vertex   5.787716e+01 -1.000000e+01 -5.415583e+01
      vertex   5.787716e+01 -3.666667e+00 -5.415583e+01
      vertex   5.792316e+01 -1.000000e+01 -5.380642e+01
    endloop
  endfacet
  facet normal 9.914449e-01 0.000000e+00 -1.305262e-01
    outer loop
      vertex   5.792316e+01 -1.000000e+01 -5.380642e+01
      vertex   5.787716e+01 -3.666667e+00 -5.415583e+01
      vertex   5.792316e+01 -3.666667e+00 -5.380642e+01
    endloop
  endfacet
  facet normal 9.238795e-01 0.000000e+00 -3.826834e-01
    outer loop
      vertex   5.792316e+01 -1.000000e+01 -5.380642e+01
      vertex   5.792316e+01 -3.666667e+00 -5.380642e+01
      vertex   5.805802e+01 -1.000000e+01 -5.348083e+01
    endloop
  endfacet
  facet normal 9.238795e-01 0.000000e+00 -3.826834e-01
    outer loop
      vertex   5.805802e+01 -1.000000e+01 -5.348083e+01
      vertex   5.792316e+01 -3.666667e+00 -5.380642e+01
      vertex   5.805802e+01 -3.666667e+00 -5.348083e+01
    endloop
  endfacet
  facet normal 7.933533e-01 0.000000e+00 -6.087614e-01
    outer loop
      vertex   5.805802e+01 -1.000000e+01 -5.348083e+01
      vertex   5.805802e+01 -3.666667e+00 -5.348083e+01
      vertex   5.827256e+01 -1.000000e+01 -5.320123e+01
    endloop
  endfacet
  facet normal 7.933533e-01 0.000000e+00 -6.087614e-01
    outer loop
      vertex   5.827256e+01 -1.000000e+01 -5.320123e+01
      vertex   5.805802e+01 -3.666667e+00 -5.348083e+01
      vertex   5.827256e+01 -3.666667e+00 -5.320123e+01
    endloop
  endfacet
  facet normal 6.087614e-01 0.000000e+00 -7.933533e-01
    outer loop
      vertex   5.827256e+01 -1.000000e+01 -5.320123e+01
      vertex   5.827256e+01 -3.666667e+00 -5.320123e+01
      vertex   5.855216e+01 -1.000000e+01 -5.298669e+01
    endloop
  endfacet
  facet normal 6.087614e-01 0.000000e+00 -7.933533e-01
    outer loop
      vertex   5.855216e+01 -1.000000e+01 -5.298669e+01
      vertex   5.827256e+01 -3.666667e+00 -5.320123e+01
      vertex   5.855216e+01 -3.666667e+00 -5.298669e+01
    endloop
  endfacet
  facet normal 3.826834e-01 0.000000e+00 -9.238795e-01
    outer loop
      vertex   5.855216e+01 -1.000000e+01 -5.298669e+01
      vertex   5.855216e+01 -3.666667e+00 -5.298669e+01
      vertex   5.887775e+01 -1.000000e+01 -5.285183e+01
    endloop
  endfacet
  facet normal 3.826834e-01 0.000000e+00 -9.238795e-01
    outer loop
      vertex   5.887775e+01 -1.000000e+01 -5.285183e+01
      vertex   5.855216e+01 -3.666667e+00 -5.298669e+01
      vertex   5.887775e+01 -3.666667e+00 -5.285183e+01
    endloop
  endfacet
  facet normal 1.305262e-01 0.000000e+00 -9.914449e-01
    outer loop
      vertex   5.887775e+01 -1.000000e+01 -5.285183e+01
      vertex   5.887775e+01 -3.666667e+00 -5.285183e+01
      vertex   5.922716e+01 -1.000000e+01 -5.280583e+01
    endloop
  endfacet
  facet normal 1.305262e-01 0.000000e+00 -9.914449e-01
    outer loop
      vertex   5.922716e+01 -1.000000e+01 -5.280583e+01
      vertex   5.887775e+01 -3.666667e+00 -5.285183e+01
      vertex   5.922716e+01 -3.666667e+00 -5.280583e+01
    endloop
  endfacet
  facet normal -1.305262e-01 0.000000e+00 -9.914449e-01
    outer loop
      vertex   5.922716e+01 -1.000000e+01 -5.280583e+01
      vertex   5.922716e+01 -3.666667e+00 -5.280583e+01
      vertex   5.957656e+01 -1.000000e+01 -5.285183e+01
    endloop
  endfacet
  facet normal -1.305262e-01 0.000000e+00 -9.914449e-01
    outer loop
      vertex   5.957656e+01 -1.000000e+01 -5.285183e+01
      vertex   5.922716e+01 -3.666667e+00 -5.280583e+01
      vertex   5.957656e+01 -3.666667e+00 -5.285183e+01
    endloop
  endfacet
  facet normal -3.826834e-01 0.000000e+00 -9.238795e-01
    outer loop
      vertex   5.957656e+01 -1.000000e+01 -5.285183e+01
      vertex   5.957656e+01 -3.666667e+00 -5.285183e+01
      vertex   5.990216e+01 -1.000000e+01 -5.298669e+01
    endloop
  endfacet
  facet normal -3.826834e-01 0.000000e+00 -9.238795e-01
    outer loop
      vertex   5.990216e+01 -1.000000e+01 -5.298669e+01
      vertex   5.957656e+01 -3.666667e+00 -5.285183e+01
      vertex   5.990216e+01 -3.666667e+00 -5.298669e+01
    endloop
  endfacet
  facet normal -6.087614e-01 0.000000e+00 -7.933533e-01
    outer loop
      vertex   5.990216e+01 -1.000000e+01 -5.298669e+01
      vertex   5.990216e+01 -3.666667e+00 -5.298669e+01
      vertex   6.018175e+01 -1.000000e+01 -5.320123e+01
    endloop
  endfacet
  facet normal -6.087614e-01 0.000000e+00 -7.933533e-01
    outer loop
      vertex   6.018175e+01 -1.000000e+01 -5.320123e+01
      vertex   5.990216e+01 -3.666667e+00 -5.298669e+01
      vertex   6.018175e+01 -3.666667e+00 -5.320123e+01
    endloop
  endfacet
  facet normal -7.933533e-01 0.000000e+00 -6.087614e-01
    outer loop
      vertex   6.018175e+01 -1.000000e+01 -5.320123e+01
      vertex   6.018175e+01 -3.666667e+00 -5.320123e+01
      vertex   6.039629e+01 -1.000000e+01 -5.348083e+01
    endloop
  endfacet
  facet normal -7.933533e-01 0.000000e+00 -6.087614e-01
    outer loop
      vertex   6.039629e+01 -1.000000e+01 -5.348083e+01
      vertex   6.018175e+01 -3.666667e+00 -5.320123e+01
      vertex   6.039629e+01 -3.666667e+00 -5.348083e+01
    endloop
  endfacet
  facet normal -9.238795e-01 0.000000e+00 -3.826834e-01
    outer loop
      vertex   6.039629e+01 -1.000000e+01 -5.348083e+01
      vertex   6.039629e+01 -3.666667e+00 -5.348083e+01
      vertex   6.053116e+01 -1.000000e+01 -5.380642e+01
    endloop
  endfacet
  facet normal -9.238795e-01 0.000000e+00 -3.826834e-01
    outer loop
      vertex   6.053116e+01 -1.000000e+01 -5.380642e+01
      vertex   6.039629e+01 -3.666667e+00 -5.348083e+01
      vertex   6.053116e+01 -3.666667e+00 -5.380642e+01
    endloop
  endfacet
  facet normal -9.914449e-01 0.000000e+00 -1.305262e-01
    outer loop
      vertex   6.053116e+01 -1.000000e+01 -5.380642e+01
      vertex   6.053116e+01 -3.666667e+00 -5.380642e+01
      vertex   6.057716e+01 -1.000000e+01 -5.415583e+01
    endloop
  endfacet
  facet normal -9.914449e-01 0.000000e+00 -1.305262e-01
    outer loop
      vertex   6.057716e+01 -1.000000e+01 -5.415583e+01
      vertex   6.053116e+01 -3.666667e+00 -5.380642e+01
      vertex   6.057716e+01 -3.666667e+00 -5.415583e+01
    endloop
  endfacet
  facet normal -9.914449e-01 0.000000e+00 1.305262e-01
    outer loop
      vertex   6.057716e+01 -1.000000e+01 -5.415583e+01
      vertex   6.057716e+01 -3.666667e+00 -5.415583e+01
      vertex   6.053116e+01 -1.000000e+01 -5.450523e+01
    endloop
  endfacet
  facet normal -9.914449e-01 0.000000e+00 1.305262e-01
    outer loop
      vertex   6.053116e+01 -1.000000e+01 -5.450523e+01
      vertex   6.057716e+01 -3.666667e+00 -5.415583e+01
      vertex   6.053116e+01 -3.666667e+00 -5.450523e+01
    endloop
  endfacet
  facet normal -9.238795e-01 0.000000e+00 3.826834e-01
    outer loop
      vertex   6.053116e+01 -1.000000e+01 -5.450523e+01
      vertex   6.053116e+01 -3.666667e+00 -5.450523e+01
      vertex   6.039629e+01 -1.000000e+01 -5.483083e+01
    endloop
  endfacet
  facet normal -9.238795e-01 0.000000e+00 3.826834e-01
    outer loop
      vertex   6.039629e+01 -1.000000e+01 -5.483083e+01
      vertex   6.053116e+01 -3.666667e+00 -5.450523e+01
      vertex   6.039629e+01 -3.666667e+00 -5.483083e+01
    endloop
  endfacet
  facet normal -7.933533e-01 0.000000e+00 6.087614e-01
    outer loop
      vertex   6.039629e+01 -1.000000e+01 -5.483083e+01
      vertex   6.039629e+01 -3.666667e+00 -5.483083e+01
      vertex   6.018175e+01 -1.000000e+01 -5.511042e+01
    endloop
  endfacet
  facet normal -7.933533e-01 0.000000e+00 6.087614e-01
    outer loop
      vertex   6.018175e+01 -1.000000e+01 -5.511042e+01
      vertex   6.039629e+01 -3.666667e+00 -5.483083e+01
      vertex   6.018175e+01 -3.666667e+00 -5.511042e+01
    endloop
  endfacet
  facet normal -6.087614e-01 0.000000e+00 7.933533e-01
    outer loop
      vertex   6.018175e+01 -1.000000e+01 -5.511042e+01
      vertex   6.018175e+01 -3.666667e+00 -5.511042e+01
      vertex   5.990216e+01 -1.000000e+01 -5.532496e+01
    endloop
  endfacet
  facet normal -6.087614e-01 0.000000e+00 7.933533e-01
    outer loop
      vertex   5.990216e+01 -1.000000e+01 -5.532496e+01
      vertex   6.018175e+01 -3.666667e+00 -5.511042e+01
      vertex   5.990216e+01 -3.666667e+00 -5.532496e+01
    endloop
  endfacet
  facet normal -3.826834e-01 0.000000e+00 9.238795e-01
    outer loop
      vertex   5.990216e+01 -1.000000e+01 -5.532496e+01
      vertex   5.990216e+01 -3.666667e+00 -5.532496e+01
      vertex   5.957656e+01 -1.000000e+01 -5.545983e+01
    endloop
  endfacet
  facet normal -3.826834e-01 0.000000e+00 9.238795e-01
    outer loop
      vertex   5.957656e+01 -1.000000e+01 -5.545983e+01
      vertex   5.990216e+01 -3.666667e+00 -5.532496e+01
      vertex   5.957656e+01 -3.666667e+00 -5.545983e+01
    endloop
  endfacet
  facet normal -1.305262e-01 0.000000e+00 9.914449e-01
    outer loop
      vertex   5.957656e+01 -1.000000e+01 -5.545983e+01
      vertex   5.957656e+01 -3.666667e+00 -5.545983e+01
      vertex   5.922716e+01 -1.000000e+01 -5.550583e+01
    endloop
  endfacet
  facet normal -1.305262e-01 0.000000e+00 9.914449e-01
    outer loop
      vertex   5.922716e+01 -1.000000e+01 -5.550583e+01
      vertex   5.957656e+01 -3.666667e+00 -5.545983e+01
      vertex   5.922716e+01 -3.666667e+00 -5.550583e+01
    endloop
  endfacet
  facet normal 1.305262e-01 -0.000000e+00 9.914449e-01
    outer loop
      vertex   5.922716e+01 -1.000000e+01 -5.550583e+01
      vertex   5.922716e+01 -3.666667e+00 -5.550583e+01
      vertex   5.887775e+01 -1.000000e+01 -5.545983e+01
    endloop
  endfacet
  facet normal 1.305262e-01 -0.000000e+00 9.914449e-01
    outer loop
      vertex   5.887775e+01 -1.000000e+01 -5.545983e+01
      vertex   5.922716e+01 -3.666667e+00 -5.550583e+01
      vertex   5.887775e+01 -3.666667e+00 -5.545983e+01
    endloop
  endfacet
  facet normal 3.826834e-01 -0.000000e+00 9.238795e-01
    outer loop
      vertex   5.887775e+01 -1.000000e+01 -5.545983e+01
      vertex   5.887775e+01 -3.666667e+00 -5.545983e+01
      vertex   5.855216e+01 -1.000000e+01 -5.532496e+01
    endloop
  endfacet
  facet normal 3.826834e-01 -0.000000e+00 9.238795e-01
    outer loop
      vertex   5.855216e+01 -1.000000e+01 -5.532496e+01
      vertex   5.887775e+01 -3.666667e+00 -5.545983e+01
      vertex   5.855216e+01 -3.666667e+00 -5.532496e+01
    endloop
  endfacet
  facet normal 6.087614e-01 -0.000000e+00 7.933533e-01
    outer loop
      vertex   5.855216e+01 -1.000000e+01 -5.532496e+01
      vertex   5.855216e+01 -3.666667e+00 -5.532496e+01
      vertex   5.827256e+01 -1.000000e+01 -5.511042e+01
    endloop
  endfacet
  facet normal 6.087614e-01 -0.000000e+00 7.933533e-01
    outer loop
      vertex   5.827256e+01 -1.000000e+01 -5.511042e+01
      vertex   5.855216e+01 -3.666667e+00 -5.532496e+01
      vertex   5.827256e+01 -3.666667e+00 -5.511042e+01
    endloop
  endfacet
  facet normal 7.933533e-01 -0.000000e+00 6.087614e-01
    outer loop
      vertex   5.827256e+01 -1.000000e+01 -5.511042e+01
      vertex   5.827256e+01 -3.666667e+00 -5.511042e+01
      vertex   5.805802e+01 -1.000000e+01 -5.483083e+01
    endloop
  endfacet
  facet normal 7.933533e-01 -0.000000e+00 6.087614e-01
    outer loop
      vertex   5.805802e+01 -1.000000e+01 -5.483083e+01
      vertex   5.827256e+01 -3.666667e+00 -5.511042e+01
      vertex   5.805802e+01 -3.666667e+00 -5.483083e+01
    endloop
  endfacet
  facet normal 9.238795e-01 -0.000000e+00 3.826834e-01
    outer loop
      vertex   5.805802e+01 -1.000000e+01 -5.483083e+01
      vertex   5.805802e+01 -3.666667e+00 -5.483083e+01
      vertex   5.792316e+01 -1.000000e+01 -5.450523e+01
    endloop
  endfacet
  facet normal 9.238795e-01 -0.000000e+00 3.826834e-01
    outer loop
      vertex   5.792316e+01 -1.000000e+01 -5.450523e+01
      vertex   5.805802e+01 -3.666667e+00 -5.483083e+01
      vertex   5.792316e+01 -3.666667e+00 -5.450523e+01
    endloop
  endfacet
  facet normal 9.914449e-01 0.000000e+00 -1.305262e-01
    outer loop
      vertex   5.792316e+01 9.000000e+00 -5.380642e+01
      vertex   5.792316e+01 2.666667e+00 -5.380642e+01
      vertex   5.787716e+01 9.000000e+00 -5.415583e+01
    endloop
  endfacet
  facet normal 9.914449e-01 0.000000e+00 -1.305262e-01
    outer loop
      vertex   5.787716e+01 9.000000e+00 -5.415583e+01
      vertex   5.792316e+01 2.666667e+00 -5.380642e+01
      vertex   5.787716e+01 2.666667e+00 -5.415583e+01
    endloop
  endfacet
  facet normal 9.914449e-01 0.000000e+00 1.305262e-01
    outer loop
      vertex   5.787716e+01 9.000000e+00 -5.415583e+01
      vertex   5.787716e+01 2.666667e+00 -5.415583e+01
      vertex   5.792316e+01 9.000000e+00 -5.450523e+01
    endloop
  endfacet
  facet normal 9.914449e-01 0.000000e+00 1.305262e-01
    outer loop
      vertex   5.792316e+01 9.000000e+00 -5.450523e+01
      vertex   5.787716e+01 2.666667e+00 -5.415583e+01
      vertex   5.792316e+01 2.666667e+00 -5.450523e+01
    endloop
  endfacet
  facet normal 9.238795e-01 0.000000e+00 3.826834e-01
    outer loop
      vertex   5.792316e+01 9.000000e+00 -5.450523e+01
      vertex   5.792316e+01 2.666667e+00 -5.450523e+01
      vertex   5.805802e+01 9.000000e+00 -5.483083e+01
    endloop
  endfacet
  facet normal 9.238795e-01 0.000000e+00 3.826834e-01
    outer loop
      vertex   5.805802e+01 9.000000e+00 -5.483083e+01
      vertex   5.792316e+01 2.666667e+00 -5.450523e+01
      vertex   5.805802e+01 2.666667e+00 -5.483083e+01
    endloop
  endfacet
  facet normal 7.933533e-01 0.000000e+00 6.087614e-01
    outer loop
      vertex   5.805802e+01 9.000000e+00 -5.483083e+01
      vertex   5.805802e+01 2.666667e+00 -5.483083e+01
      vertex   5.827256e+01 9.000000e+00 -5.511042e+01
    endloop
  endfacet
  facet normal 7.933533e-01 0.000000e+00 6.087614e-01
    outer loop
      vertex   5.827256e+01 9.000000e+00 -5.511042e+01
      vertex   5.805802e+01 2.666667e+00 -5.483083e+01
      vertex   5.827256e+01 2.666667e+00 -5.511042e+01
    endloop
  endfacet
  facet normal 6.087614e-01 0.000000e+00 7.933533e-01
    outer loop
      vertex   5.827256e+01 9.000000e+00 -5.511042e+01
      vertex   5.827256e+01 2.666667e+00 -5.511042e+01
      vertex   5.855216e+01 9.000000e+00 -5.532496e+01
    endloop
  endfacet
  facet normal 6.087614e-01 0.000000e+00 7.933533e-01
    outer loop
      vertex   5.855216e+01 9.000000e+00 -5.532496e+01
      vertex   5.827256e+01 2.666667e+00 -5.511042e+01
      vertex   5.855216e+01 2.666667e+00 -5.532496e+01
    endloop
  endfacet
  facet normal 3.826834e-01 0.000000e+00 9.238795e-01
    outer loop
      vertex   5.855216e+01 9.000000e+00 -5.532496e+01
      vertex   5.855216e+01 2.666667e+00 -5.532496e+01
      vertex   5.887775e+01 9.000000e+00 -5.545983e+01
    endloop
  endfacet
  facet normal 3.826834e-01 0.000000e+00 9.238795e-01
    outer loop
      vertex   5.887775e+01 9.000000e+00 -5.545983e+01
      vertex   5.855216e+01 2.666667e+00 -5.532496e+01
      vertex   5.887775e+01 2.666667e+00 -5.545983e+01
    endloop
  endfacet
  facet normal 1.305262e-01 0.000000e+00 9.914449e-01
    outer loop
      vertex   5.887775e+01 9.000000e+00 -5.545983e+01
      vertex   5.887775e+01 2.666667e+00 -5.545983e+01
      vertex   5.922716e+01 9.000000e+00 -5.550583e+01
    endloop
  endfacet
  facet normal 1.305262e-01 0.000000e+00 9.914449e-01
    outer loop
      vertex   5.922716e+01 9.000000e+00 -5.550583e+01
      vertex   5.887775e+01 2.666667e+00 -5.545983e+01
      vertex   5.922716e+01 2.666667e+00 -5.550583e+01
    endloop
  endfacet
  facet normal -1.305262e-01 0.000000e+00 9.914449e-01
    outer loop
      vertex   5.922716e+01 9.000000e+00 -5.550583e+01
      vertex   5.922716e+01 2.666667e+00 -5.550583e+01
      vertex   5.957656e+01 9.000000e+00 -5.545983e+01
    endloop
  endfacet
  facet normal -1.305262e-01 0.000000e+00 9.914449e-01
    outer loop
      vertex   5.957656e+01 9.000000e+00 -5.545983e+01
      vertex   5.922716e+01 2.666667e+00 -5.550583e+01
      vertex   5.957656e+01 2.666667e+00 -5.545983e+01
    endloop
  endfacet
  facet normal -3.826834e-01 0.000000e+00 9.238795e-01
    outer loop
      vertex   5.957656e+01 9.000000e+00 -5.545983e+01
      vertex   5.957656e+01 2.666667e+00 -5.545983e+01
      vertex   5.990216e+01 9.000000e+00 -5.532496e+01
    endloop
  endfacet
  facet normal -3.826834e-01 0.000000e+00 9.238795e-01
    outer loop
      vertex   5.990216e+01 9.000000e+00 -5.532496e+01
      vertex   5.957656e+01 2.666667e+00 -5.545983e+01
      vertex   5.990216e+01 2.666667e+00 -5.532496e+01
    endloop
  endfacet
  facet normal -6.087614e-01 0.000000e+00 7.933533e-01
    outer loop
      vertex   5.990216e+01 9.000000e+00 -5.532496e+01
      vertex   5.990216e+01 2.666667e+00 -5.532496e+01
      vertex   6.018175e+01 9.000000e+00 -5.511042e+01
    endloop
  endfacet
  facet normal -6.087614e-01 0.000000e+00 7.933533e-01
    outer loop
      vertex   6.018175e+01 9.000000e+00 -5.511042e+01
      vertex   5.990216e+01 2.666667e+00 -5.532496e+01
      vertex   6.018175e+01 2.666667e+00 -5.511042e+01
    endloop
  endfacet
  facet normal -7.933533e-01 0.000000e+00 6.087614e-01
    outer loop
      vertex   6.018175e+01 9.000000e+00 -5.511042e+01
      vertex   6.018175e+01 2.666667e+00 -5.511042e+01
      vertex   6.039629e+01 9.000000e+00 -5.483083e+01
    endloop
  endfacet
  facet normal -7.933533e-01 0.000000e+00 6.087614e-01
    outer loop
      vertex   6.039629e+01 9.000000e+00 -5.483083e+01
      vertex   6.018175e+01 2.666667e+00 -5.511042e+01
      vertex   6.039629e+01 2.666667e+00 -5.483083e+01
    endloop
  endfacet
  facet normal -9.238795e-01 0.000000e+00 3.826834e-01
    outer loop
      vertex   6.039629e+01 9.000000e+00 -5.483083e+01
      vertex   6.039629e+01 2.666667e+00 -5.483083e+01
      vertex   6.053116e+01 9.000000e+00 -5.450523e+01
    endloop
  endfacet
  facet normal -9.238795e-01 0.000000e+00 3.826834e-01
    outer loop
      vertex   6.053116e+01 9.000000e+00 -5.450523e+01
      vertex   6.039629e+01 2.666667e+00 -5.483083e+01
      vertex   6.053116e+01 2.666667e+00 -5.450523e+01
    endloop
  endfacet
  facet normal -9.914449e-01 0.000000e+00 1.305262e-01
    outer loop
      vertex   6.053116e+01 9.000000e+00 -5.450523e+01
      vertex   6.053116e+01 2.666667e+00 -5.450523e+01
      vertex   6.057716e+01 9.000000e+00 -5.415583e+01
    endloop
  endfacet
  facet normal -9.914449e-01 0.000000e+00 1.305262e-01
    outer loop
      vertex   6.057716e+01 9.000000e+00 -5.415583e+01
      vertex   6.053116e+01 2.666667e+00 -5.450523e+01
      vertex   6.057716e+01 2.666667e+00 -5.415583e+01
    endloop
  endfacet
  facet normal -9.914449e-01 -0.000000e+00 -1.305262e-01
    outer loop
      vertex   6.057716e+01 9.000000e+00 -5.415583e+01
      vertex   6.057716e+01 2.666667e+00 -5.415583e+01
      vertex   6.053116e+01 9.000000e+00 -5.380642e+01
    endloop
  endfacet
  facet normal -9.914449e-01 -0.000000e+00 -1.305262e-01
    outer loop
      vertex   6.053116e+01 9.000000e+00 -5.380642e+01
      vertex   6.057716e+01 2.666667e+00 -5.415583e+01
      vertex   6.053116e+01 2.666667e+00 -5.380642e+01
    endloop
  endfacet
  facet normal -9.238795e-01 -0.000000e+00 -3.826834e-01
    outer loop
      vertex   6.053116e+01 9.000000e+00 -5.380642e+01
      vertex   6.053116e+01 2.666667e+00 -5.380642e+01
      vertex   6.039629e+01 9.000000e+00 -5.348083e+01
    endloop
  endfacet
  facet normal -9.238795e-01 -0.000000e+00 -3.826834e-01
    outer loop
      vertex   6.039629e+01 9.000000e+00 -5.348083e+01
      vertex   6.053116e+01 2.666667e+00 -5.380642e+01
      vertex   6.039629e+01 2.666667e+00 -5.348083e+01
    endloop
  endfacet
  facet normal -7.933533e-01 -0.000000e+00 -6.087614e-01
    outer loop
      vertex   6.039629e+01 9.000000e+00 -5.348083e+01
      vertex   6.039629e+01 2.666667e+00 -5.348083e+01
      vertex   6.018175e+01 9.000000e+00 -5.320123e+01
    endloop
  endfacet
  facet normal -7.933533e-01 -0.000000e+00 -6.087614e-01
    outer loop
      vertex   6.018175e+01 9.000000e+00 -5.320123e+01
      vertex   6.039629e+01 2.666667e+00 -5.348083e+01
      vertex   6.018175e+01 2.666667e+00 -5.320123e+01
    endloop
  endfacet
  facet normal -6.087614e-01 -0.000000e+00 -7.933533e-01
    outer loop
      vertex   6.018175e+01 9.000000e+00 -5.320123e+01
      vertex   6.018175e+01 2.666667e+00 -5.320123e+01
      vertex   5.990216e+01 9.000000e+00 -5.298669e+01
    endloop
  endfacet
  facet normal -6.087614e-01 -0.000000e+00 -7.933533e-01
    outer loop
      vertex   5.990216e+01 9.000000e+00 -5.298669e+01
      vertex   6.018175e+01 2.666667e+00 -5.320123e+01
      vertex   5.990216e+01 2.666667e+00 -5.298669e+01
    endloop
  endfacet
  facet normal -3.826834e-01 -0.000000e+00 -9.238795e-01
    outer loop
      vertex   5.990216e+01 9.000000e+00 -5.298669e+01
      vertex   5.990216e+01 2.666667e+00 -5.298669e+01
      vertex   5.957656e+01 9.000000e+00 -5.285183e+01
    endloop
  endfacet
  facet normal -3.826834e-01 -0.000000e+00 -9.238795e-01
    outer loop
      vertex   5.957656e+01 9.000000e+00 -5.285183e+01
      vertex   5.990216e+01 2.666667e+00 -5.298669e+01
      vertex   5.957656e+01 2.666667e+00 -5.285183e+01
    endloop
  endfacet
  facet normal -1.305262e-01 -0.000000e+00 -9.914449e-01
    outer loop
      vertex   5.957656e+01 9.000000e+00 -5.285183e+01
      vertex   5.957656e+01 2.666667e+00 -5.285183e+01
      vertex   5.922716e+01 9.000000e+00 -5.280583e+01
    endloop
  endfacet
  facet normal -1.305262e-01 -0.000000e+00 -9.914449e-01
    outer loop
      vertex   5.922716e+01 9.000000e+00 -5.280583e+01
      vertex   5.957656e+01 2.666667e+00 -5.285183e+01
      vertex   5.922716e+01 2.666667e+00 -5.280583e+01
    endloop
  endfacet
  facet normal 1.305262e-01 0.000000e+00 -9.914449e-01
    outer loop
      vertex   5.922716e+01 9.000000e+00 -5.280583e+01
      vertex   5.922716e+01 2.666667e+00 -5.280583e+01
      vertex   5.887775e+01 9.000000e+00 -5.285183e+01
    endloop
  endfacet
  facet normal 1.305262e-01 0.000000e+00 -9.914449e-01
    outer loop
      vertex   5.887775e+01 9.000000e+00 -5.285183e+01
      vertex   5.922716e+01 2.666667e+00 -5.280583e+01
      vertex   5.887775e+01 2.666667e+00 -5.285183e+01
    endloop
  endfacet
  facet normal 3.826834e-01 0.000000e+00 -9.238795e-01
    outer loop
      vertex   5.887775e+01 9.000000e+00 -5.285183e+01
      vertex   5.887775e+01 2.666667e+00 -5.285183e+01
      vertex   5.855216e+01 9.000000e+00 -5.298669e+01
    endloop
  endfacet
  facet normal 3.826834e-01 0.000000e+00 -9.238795e-01
    outer loop
      vertex   5.855216e+01 9.000000e+00 -5.298669e+01
      vertex   5.887775e+01 2.666667e+00 -5.285183e+01
      vertex   5.855216e+01 2.666667e+00 -5.298669e+01
    endloop
  endfacet
  facet normal 6.087614e-01 0.000000e+00 -7.933533e-01
    outer loop
      vertex   5.855216e+01 9.000000e+00 -5.298669e+01
      vertex   5.855216e+01 2.666667e+00 -5.298669e+01
      vertex   5.827256e+01 9.000000e+00 -5.320123e+01
    endloop
  endfacet
  facet normal 6.087614e-01 0.000000e+00 -7.933533e-01
    outer loop
      vertex   5.827256e+01 9.000000e+00 -5.320123e+01
      vertex   5.855216e+01 2.666667e+00 -5.298669e+01
      vertex   5.827256e+01 2.666667e+00 -5.320123e+01
    endloop
  endfacet
  facet normal 7.933533e-01 0.000000e+00 -6.087614e-01
    outer loop
      vertex   5.827256e+01 9.000000e+00 -5.320123e+01
      vertex   5.827256e+01 2.666667e+00 -5.320123e+01
      vertex   5.805802e+01 9.000000e+00 -5.348083e+01
    endloop
  endfacet
  facet normal 7.933533e-01 0.000000e+00 -6.087614e-01
    outer loop
      vertex   5.805802e+01 9.000000e+00 -5.348083e+01
      vertex   5.827256e+01 2.666667e+00 -5.320123e+01
      vertex   5.805802e+01 2.666667e+00 -5.348083e+01
    endloop
  endfacet
  facet normal 9.238795e-01 0.000000e+00 -3.826834e-01
    outer loop
      vertex   5.805802e+01 9.000000e+00 -5.348083e+01
      vertex   5.805802e+01 2.666667e+00 -5.348083e+01
      vertex   5.792316e+01 9.000000e+00 -5.380642e+01
    endloop
  endfacet
  facet normal 9.238795e-01 0.000000e+00 -3.826834e-01
    outer loop
      vertex   5.792316e+01 9.000000e+00 -5.380642e+01
      vertex   5.805802e+01 2.666667e+00 -5.348083e+01
      vertex   5.792316e+01 2.666667e+00 -5.380642e+01
    endloop
  endfacet
  facet normal 9.914449e-01 0.000000e+00 -1.305262e-01
    outer loop
      vertex   5.787716e+01 -3.666667e+00 -5.415583e+01
      vertex   5.787716e+01 2.666667e+00 -5.415583e+01
      vertex   5.792316e+01 -3.666667e+00 -5.380642e+01
    endloop
  endfacet
  facet normal 9.914449e-01 0.000000e+00 -1.305262e-01
    outer loop
      vertex   5.792316e+01 -3.666667e+00 -5.380642e+01
      vertex   5.787716e+01 2.666667e+00 -5.415583e+01
      vertex   5.792316e+01 2.666667e+00 -5.380642e+01
    endloop
  endfacet
  facet normal 9.238795e-01 0.000000e+00 -3.826834e-01
    outer loop
      vertex   5.792316e+01 -3.666667e+00 -5.380642e+01
      vertex   5.792316e+01 2.666667e+00 -5.380642e+01
      vertex   5.805802e+01 -3.666667e+00 -5.348083e+01
    endloop
  endfacet
  facet normal 9.238795e-01 0.000000e+00 -3.826834e-01
    outer loop
      vertex   5.805802e+01 -3.666667e+00 -5.348083e+01
      vertex   5.792316e+01 2.666667e+00 -5.380642e+01
      vertex   5.805802e+01 2.666667e+00 -5.348083e+01
    endloop
  endfacet
  facet normal 7.933533e-01 0.000000e+00 -6.087614e-01
    outer loop
      vertex   5.805802e+01 -3.666667e+00 -5.348083e+01
      vertex   5.805802e+01 2.666667e+00 -5.348083e+01
      vertex   5.827256e+01 -3.666667e+00 -5.320123e+01
    endloop
  endfacet
  facet normal 7.933533e-01 0.000000e+00 -6.087614e-01
    outer loop
      vertex   5.827256e+01 -3.666667e+00 -5.320123e+01
      vertex   5.805802e+01 2.666667e+00 -5.348083e+01
      vertex   5.827256e+01 2.666667e+00 -5.320123e+01
    endloop
  endfacet
  facet normal 6.087614e-01 0.000000e+00 -7.933533e-01
    outer loop
      vertex   5.827256e+01 -3.666667e+00 -5.320123e+01
      vertex   5.827256e+01 2.666667e+00 -5.320123e+01
      vertex   5.855216e+01 -3.666667e+00 -5.298669e+01
    endloop
  endfacet
  facet normal 6.087614e-01 0.000000e+00 -7.933533e-01
    outer loop
      vertex   5.855216e+01 -3.666667e+00 -5.298669e+01
      vertex   5.827256e+01 2.666667e+00 -5.320123e+01
      vertex   5.855216e+01 2.666667e+00 -5.298669e+01
    endloop
  endfacet
  facet normal 3.826834e-01 0.000000e+00 -9.238795e-01
    outer loop
      vertex   5.855216e+01 -3.666667e+00 -5.298669e+01
      vertex   5.855216e+01 2.666667e+00 -5.298669e+01
      vertex   5.887775e+01 -3.666667e+00 -5.285183e+01
    endloop
  endfacet
  facet normal 3.826834e-01 0.000000e+00 -9.238795e-01
    outer loop
      vertex   5.887775e+01 -3.666667e+00 -5.285183e+01
      vertex   5.855216e+01 2.666667e+00 -5.298669e+01
      vertex   5.887775e+01 2.666667e+00 -5.285183e+01
    endloop
  endfacet
  facet normal 1.305262e-01 0.000000e+00 -9.914449e-01
    outer loop
      vertex   5.887775e+01 -3.666667e+00 -5.285183e+01
      vertex   5.887775e+01 2.666667e+00 -5.285183e+01
      vertex   5.922716e+01 -3.666667e+00 -5.280583e+01
    endloop
  endfacet
  facet normal 1.305262e-01 0.000000e+00 -9.914449e-01
    outer loop
      vertex   5.922716e+01 -3.666667e+00 -5.280583e+01
      vertex   5.887775e+01 2.666667e+00 -5.285183e+01
      vertex   5.922716e+01 2.666667e+00 -5.280583e+01
    endloop
  endfacet
  facet normal -1.305262e-01 0.000000e+00 -9.914449e-01
    outer loop
      vertex   5.922716e+01 -3.666667e+00 -5.280583e+01
      vertex   5.922716e+01 2.666667e+00 -5.280583e+01
      vertex   5.957656e+01 -3.666667e+00 -5.285183e+01
    endloop
  endfacet
  facet normal -1.305262e-01 0.000000e+00 -9.914449e-01
    outer loop
      vertex   5.957656e+01 -3.666667e+00 -5.285183e+01
      vertex   5.922716e+01 2.666667e+00 -5.280583e+01
      vertex   5.957656e+01 2.666667e+00 -5.285183e+01
    endloop
  endfacet
  facet normal -3.826834e-01 0.000000e+00 -9.238795e-01
    outer loop
      vertex   5.957656e+01 -3.666667e+00 -5.285183e+01
      vertex   5.957656e+01 2.666667e+00 -5.285183e+01
      vertex   5.990216e+01 -3.666667e+00 -5.298669e+01
    endloop
  endfacet
  facet normal -3.826834e-01 0.000000e+00 -9.238795e-01
    outer loop
      vertex   5.990216e+01 -3.666667e+00 -5.298669e+01
      vertex   5.957656e+01 2.666667e+00 -5.285183e+01
      vertex   5.990216e+01 2.666667e+00 -5.298669e+01
    endloop
  endfacet
  facet normal -6.087614e-01 0.000000e+00 -7.933533e-01
    outer loop
      vertex   5.990216e+01 -3.666667e+00 -5.298669e+01
      vertex   5.990216e+01 2.666667e+00 -5.298669e+01
      vertex   6.018175e+01 -3.666667e+00 -5.320123e+01
    endloop
  endfacet
  facet normal -6.087614e-01 0.000000e+00 -7.933533e-01
    outer loop
      vertex   6.018175e+01 -3.666667e+00 -5.320123e+01
      vertex   5.990216e+01 2.666667e+00 -5.298669e+01
      vertex   6.018175e+01 2.666667e+00 -5.320123e+01
    endloop
  endfacet
  facet normal -7.933533e-01 0.000000e+00 -6.087614e-01
    outer loop
      vertex   6.018175e+01 -3.666667e+00 -5.320123e+01
      vertex   6.018175e+01 2.666667e+00 -5.320123e+01
      vertex   6.039629e+01 -3.666667e+00 -5.348083e+01
    endloop
  endfacet
  facet normal -7.933533e-01 0.000000e+00 -6.087614e-01
    outer loop
      vertex   6.039629e+01 -3.666667e+00 -5.348083e+01
      vertex   6.018175e+01 2.666667e+00 -5.320123e+01
      vertex   6.039629e+01 2.666667e+00 -5.348083e+01
    endloop
  endfacet
  facet normal -9.238795e-01 0.000000e+00 -3.826834e-01
    outer loop
      vertex   6.039629e+01 -3.666667e+00 -5.348083e+01
      vertex   6.039629e+01 2.666667e+00 -5.348083e+01
      vertex   6.053116e+01 -3.666667e+00 -5.380642e+01
    endloop
  endfacet
  facet normal -9.238795e-01 0.000000e+00 -3.826834e-01
    outer loop
      vertex   6.053116e+01 -3.666667e+00 -5.380642e+01
      vertex   6.039629e+01 2.666667e+00 -5.348083e+01
      vertex   6.053116e+01 2.666667e+00 -5.380642e+01
    endloop
  endfacet
  facet normal -9.914449e-01 0.000000e+00 -1.305262e-01
    outer loop
      vertex   6.053116e+01 -3.666667e+00 -5.380642e+01
      vertex   6.053116e+01 2.666667e+00 -5.380642e+01
      vertex   6.057716e+01 -3.666667e+00 -5.415583e+01
    endloop
  endfacet
  facet normal -9.914449e-01 0.000000e+00 -1.305262e-01
    outer loop
      vertex   6.057716e+01 -3.666667e+00 -5.415583e+01
      vertex   6.053116e+01 2.666667e+00 -5.380642e+01
      vertex   6.057716e+01 2.666667e+00 -5.415583e+01
    endloop
  endfacet
  facet normal -9.914449e-01 0.000000e+00 1.305262e-01
    outer loop
      vertex   6.057716e+01 -3.666667e+00 -5.415583e+01
      vertex   6.057716e+01 2.666667e+00 -5.415583e+01
      vertex   6.053116e+01 -3.666667e+00 -5.450523e+01
    endloop
  endfacet
  facet normal -9.914449e-01 0.000000e+00 1.305262e-01
    outer loop
      vertex   6.053116e+01 -3.666667e+00 -5.450523e+01
      vertex   6.057716e+01 2.666667e+00 -5.415583e+01
      vertex   6.053116e+01 2.666667e+00 -5.450523e+01
    endloop
  endfacet
  facet normal -9.238795e-01 0.000000e+00 3.826834e-01
    outer loop
      vertex   6.053116e+01 -3.666667e+00 -5.450523e+01
      vertex   6.053116e+01 2.666667e+00 -5.450523e+01
      vertex   6.039629e+01 -3.666667e+00 -5.483083e+01
    endloop
  endfacet
  facet normal -9.238795e-01 0.000000e+00 3.826834e-01
    outer loop
      vertex   6.039629e+01 -3.666667e+00 -5.483083e+01
      vertex   6.053116e+01 2.666667e+00 -5.450523e+01
      vertex   6.039629e+01 2.666667e+00 -5.483083e+01
    endloop
  endfacet
  facet normal -7.933533e-01 0.000000e+00 6.087614e-01
    outer loop
      vertex   6.039629e+01 -3.666667e+00 -5.483083e+01
      vertex   6.039629e+01 2.666667e+00 -5.483083e+01
      vertex   6.018175e+01 -3.666667e+00 -5.511042e+01
    endloop
  endfacet
  facet normal -7.933533e-01 0.000000e+00 6.087614e-01
    outer loop
      vertex   6.018175e+01 -3.666667e+00 -5.511042e+01
      vertex   6.039629e+01 2.666667e+00 -5.483083e+01
      vertex   6.018175e+01 2.666667e+00 -5.511042e+01
    endloop
  endfacet
  facet normal -6.087614e-01 0.000000e+00 7.933533e-01
    outer loop
      vertex   6.018175e+01 -3.666667e+00 -5.511042e+01
      vertex   6.018175e+01 2.666667e+00 -5.511042e+01
      vertex   5.990216e+01 -3.666667e+00 -5.532496e+01
    endloop
  endfacet
  facet normal -6.087614e-01 0.000000e+00 7.933533e-01
    outer loop
      vertex   5.990216e+01 -3.666667e+00 -5.532496e+01
      vertex   6.018175e+01 2.666667e+00 -5.511042e+01
      vertex   5.990216e+01 2.666667e+00 -5.532496e+01
    endloop
  endfacet
  facet normal -3.826834e-01 0.000000e+00 9.238795e-01
    outer loop
      vertex   5.990216e+01 -3.666667e+00 -5.532496e+01
      vertex   5.990216e+01 2.666667e+00 -5.532496e+01
      vertex   5.957656e+01 -3.666667e+00 -5.545983e+01
    endloop
  endfacet
  facet normal -3.826834e-01 0.000000e+00 9.238795e-01
    outer loop
      vertex   5.957656e+01 -3.666667e+00 -5.545983e+01
      vertex   5.990216e+01 2.666667e+00 -5.532496e+01
      vertex   5.957656e+01 2.666667e+00 -5.545983e+01
    endloop
  endfacet
  facet normal -1.305262e-01 0.000000e+00 9.914449e-01
    outer loop
      vertex   5.957656e+01 -3.666667e+00 -5.545983e+01
      vertex   5.957656e+01 2.666667e+00 -5.545983e+01
      vertex   5.922716e+01 -3.666667e+00 -5.550583e+01
    endloop
  endfacet
  facet normal -1.305262e-01 0.000000e+00 9.914449e-01
    outer loop
      vertex   5.922716e+01 -3.666667e+00 -5.550583e+01
      vertex   5.957656e+01 2.666667e+00 -5.545983e+01
      vertex   5.922716e+01 2.666667e+00 -5.550583e+01
    endloop
  endfacet
  facet normal 1.305262e-01 -0.000000e+00 9.914449e-01
    outer loop
      vertex   5.922716e+01 -3.666667e+00 -5.550583e+01
      vertex   5.922716e+01 2.666667e+00 -5.550583e+01
      vertex   5.887775e+01 -3.666667e+00 -5.545983e+01
    endloop
  endfacet
  facet normal 1.305262e-01 -0.000000e+00 9.914449e-01
    outer loop
      vertex   5.887775e+01 -3.666667e+00 -5.545983e+01
      vertex   5.922716e+01 2.666667e+00 -5.550583e+01
      vertex   5.887775e+01 2.666667e+00 -5.545983e+01
    endloop
  endfacet
  facet normal 3.826834e-01 -0.000000e+00 9.238795e-01
    outer loop
      vertex   5.887775e+01 -3.666667e+00 -5.545983e+01
      vertex   5.887775e+01 2.666667e+00 -5.545983e+01
      vertex   5.855216e+01 -3.666667e+00 -5.532496e+01
    endloop
  endfacet
  facet normal 3.826834e-01 -0.000000e+00 9.238795e-01
    outer loop
      vertex   5.855216e+01 -3.666667e+00 -5.532496e+01
      vertex   5.887775e+01 2.666667e+00 -5.545983e+01
      vertex   5.855216e+01 2.666667e+00 -5.532496e+01
    endloop
  endfacet
  facet normal 6.087614e-01 -0.000000e+00 7.933533e-01
    outer loop
      vertex   5.855216e+01 -3.666667e+00 -5.532496e+01
      vertex   5.855216e+01 2.666667e+00 -5.532496e+01
      vertex   5.827256e+01 -3.666667e+00 -5.511042e+01
    endloop
  endfacet
  facet normal 6.087614e-01 -0.000000e+00 7.933533e-01
    outer loop
      vertex   5.827256e+01 -3.666667e+00 -5.511042e+01
      vertex   5.855216e+01 2.666667e+00 -5.532496e+01
      vertex   5.827256e+01 2.666667e+00 -5.511042e+01
    endloop
  endfacet
  facet normal 7.933533e-01 -0.000000e+00 6.087614e-01
    outer loop
      vertex   5.827256e+01 -3.666667e+00 -5.511042e+01
      vertex   5.827256e+01 2.666667e+00 -5.511042e+01
      vertex   5.805802e+01 -3.666667e+00 -5.483083e+01
    endloop
  endfacet
  facet normal 7.933533e-01 -0.000000e+00 6.087614e-01
    outer loop
      vertex   5.805802e+01 -3.666667e+00 -5.483083e+01
      vertex   5.827256e+01 2.666667e+00 -5.511042e+01
      vertex   5.805802e+01 2.666667e+00 -5.483083e+01
    endloop
  endfacet
  facet normal 9.238795e-01 -0.000000e+00 3.826834e-01
    outer loop
      vertex   5.805802e+01 -3.666667e+00 -5.483083e+01
      vertex   5.805802e+01 2.666667e+00 -5.483083e+01
      vertex   5.792316e+01 -3.666667e+00 -5.450523e+01
    endloop
  endfacet
  facet normal 9.238795e-01 -0.000000e+00 3.826834e-01
    outer loop
      vertex   5.792316e+01 -3.666667e+00 -5.450523e+01
      vertex   5.805802e+01 2.666667e+00 -5.483083e+01
      vertex   5.792316e+01 2.666667e+00 -5.450523e+01
    endloop
  endfacet
  facet normal 9.914449e-01 -0.000000e+00 1.305262e-01
    outer loop
      vertex   5.792316e+01 -3.666667e+00 -5.450523e+01
      vertex   5.792316e+01 2.666667e+00 -5.450523e+01
      vertex   5.787716e+01 -3.666667e+00 -5.415583e+01
    endloop
  endfacet
  facet normal 9.914449e-01 -0.000000e+00 1.305262e-01
    outer loop
      vertex   5.787716e+01 -3.666667e+00 -5.415583e+01
      vertex   5.792316e+01 2.666667e+00 -5.450523e+01
      vertex   5.787716e+01 2.666667e+00 -5.415583e+01
    endloop
  endfacet
  facet normal 0.000000e+00 -1.000000e+00 0.000000e+00
    outer loop
      vertex   5.792316e+01 9.000000e+00 -5.450523e+01
      vertex   6.053116e+01 9.000000e+00 -5.450523e+01
      vertex   5.787716e+01 9.000000e+00 -5.415583e+01
    endloop
  endfacet
  facet normal 0.000000e+00 -1.000000e+00 0.000000e+00
    outer loop
      vertex   5.787716e+01 9.000000e+00 -5.415583e+01
      vertex   6.053116e+01 9.000000e+00 -5.450523e+01
      vertex   6.057716e+01 9.000000e+00 -5.415583e+01
    endloop
  endfacet
  facet normal 0.000000e+00 -1.000000e+00 0.000000e+00
    outer loop
      vertex   5.787716e+01 9.000000e+00 -5.415583e+01
      vertex   6.057716e+01 9.000000e+00 -5.415583e+01
      vertex   5.792316e+01 9.000000e+00 -5.380642e+01
    endloop
  endfacet
  facet normal 0.000000e+00 -1.000000e+00 0.000000e+00
    outer loop
      vertex   5.792316e+01 9.000000e+00 -5.380642e+01
      vertex   6.057716e+01 9.000000e+00 -5.415583e+01
      vertex   6.053116e+01 9.000000e+00 -5.380642e+01
    endloop
  endfacet
  facet normal 0.000000e+00 -1.000000e+00 0.000000e+00
    outer loop
      vertex   5.792316e+01 9.000000e+00 -5.380642e+01
      vertex   6.053116e+01 9.000000e+00 -5.380642e+01
      vertex   5.805802e+01 9.000000e+00 -5.348083e+01
    endloop
  endfacet
  facet normal 0.000000e+00 -1.000000e+00 0.000000e+00
    outer loop
      vertex   5.805802e+01 9.000000e+00 -5.348083e+01
      vertex   6.053116e+01 9.000000e+00 -5.380642e+01
      vertex   6.039629e+01 9.000000e+00 -5.348083e+01
    endloop
  endfacet
  facet normal 0.000000e+00 -1.000000e+00 0.000000e+00
    outer loop
      vertex   5.805802e+01 9.000000e+00 -5.348083e+01
      vertex   6.039629e+01 9.000000e+00 -5.348083e+01
      vertex   5.827256e+01 9.000000e+00 -5.320123e+01
    endloop
  endfacet
  facet normal 0.000000e+00 -1.000000e+00 0.000000e+00
    outer loop
      vertex   5.827256e+01 9.000000e+00 -5.320123e+01
      vertex   6.039629e+01 9.000000e+00 -5.348083e+01
      vertex   6.018175e+01 9.000000e+00 -5.320123e+01
    endloop
  endfacet
  facet normal 0.000000e+00 -1.000000e+00 0.000000e+00
    outer loop
      vertex   5.827256e+01 9.000000e+00 -5.320123e+01
      vertex   6.018175e+01 9.000000e+00 -5.320123e+01
      vertex   5.855216e+01 9.000000e+00 -5.298669e+01
    endloop
  endfacet
  facet normal 0.000000e+00 -1.000000e+00 0.000000e+00
    outer loop
      vertex   5.855216e+01 9.000000e+00 -5.298669e+01
      vertex   6.018175e+01 9.000000e+00 -5.320123e+01
      vertex   5.990216e+01 9.000000e+00 -5.298669e+01
    endloop
  endfacet
  facet normal 0.000000e+00 -1.000000e+00 0.000000e+00
    outer loop
      vertex   5.855216e+01 9.000000e+00 -5.298669e+01
      vertex   5.990216e+01 9.000000e+00 -5.298669e+01
      vertex   5.887775e+01 9.000000e+00 -5.285183e+01
    endloop
  endfacet
  facet normal 0.000000e+00 -1.000000e+00 0.000000e+00
    outer loop
      vertex   5.887775e+01 9.000000e+00 -5.285183e+01
      vertex   5.990216e+01 9.000000e+00 -5.298669e+01
      vertex   5.957656e+01 9.000000e+00 -5.285183e+01
    endloop
  endfacet
  facet normal 0.000000e+00 -1.000000e+00 0.000000e+00
    outer loop
      vertex   5.887775e+01 9.000000e+00 -5.285183e+01
      vertex   5.957656e+01 9.000000e+00 -5.285183e+01
      vertex   5.922716e+01 9.000000e+00 -5.280583e+01
    endloop
  endfacet
  facet normal -0.000000e+00 -1.000000e+00 0.000000e+00
    outer loop
      vertex   6.053116e+01 9.000000e+00 -5.450523e+01
      vertex   5.792316e+01 9.000000e+00 -5.450523e+01
      vertex   6.039629e+01 9.000000e+00 -5.483083e+01
    endloop
  endfacet
  facet normal 0.000000e+00 -1.000000e+00 0.000000e+00
    outer loop
      vertex   6.039629e+01 9.000000e+00 -5.483083e+01
      vertex   5.792316e+01 9.000000e+00 -5.450523e+01
      vertex   5.805802e+01 9.000000e+00 -5.483083e+01
    endloop
  endfacet
  facet normal -0.000000e+00 -1.000000e+00 0.000000e+00
    outer loop
      vertex   6.039629e+01 9.000000e+00 -5.483083e+01
      vertex   5.805802e+01 9.000000e+00 -5.483083e+01
      vertex   6.018175e+01 9.000000e+00 -5.511042e+01
    endloop
  endfacet
  facet normal 0.000000e+00 -1.000000e+00 0.000000e+00
    outer loop
      vertex   6.018175e+01 9.000000e+00 -5.511042e+01
      vertex   5.805802e+01 9.000000e+00 -5.483083e+01
      vertex   5.827256e+01 9.000000e+00 -5.511042e+01
    endloop
  endfacet
  facet normal -0.000000e+00 -1.000000e+00 0.000000e+00
    outer loop
      vertex   6.018175e+01 9.000000e+00 -5.511042e+01
      vertex   5.827256e+01 9.000000e+00 -5.511042e+01
      vertex   5.990216e+01 9.000000e+00 -5.532496e+01
    endloop
  endfacet
  facet normal 0.000000e+00 -1.000000e+00 0.000000e+00
    outer loop
      vertex   5.990216e+01 9.000000e+00 -5.532496e+01
      vertex   5.827256e+01 9.000000e+00 -5.511042e+01
      vertex   5.855216e+01 9.000000e+00 -5.532496e+01
    endloop
  endfacet
  facet normal -0.000000e+00 -1.000000e+00 0.000000e+00
    outer loop
      vertex   5.990216e+01 9.000000e+00 -5.532496e+01
      vertex   5.855216e+01 9.000000e+00 -5.532496e+01
      vertex   5.957656e+01 9.000000e+00 -5.545983e+01
    endloop
  endfacet
  facet normal 0.000000e+00 -1.000000e+00 0.000000e+00
    outer loop
      vertex   5.957656e+01 9.000000e+00 -5.545983e+01
      vertex   5.855216e+01 9.000000e+00 -5.532496e+01
      vertex   5.887775e+01 9.000000e+00 -5.545983e+01
    endloop
  endfacet
  facet normal -0.000000e+00 -1.000000e+00 0.000000e+00
    outer loop
      vertex   5.957656e+01 9.000000e+00 -5.545983e+01
      vertex   5.887775e+01 9.000000e+00 -5.545983e+01
      vertex   5.922716e+01 9.000000e+00 -5.550583e+01
    endloop
  endfacet
  facet normal -7.901868e-01 0.000000e+00 6.128660e-01
    outer loop
      vertex   -3.118488e+01 -1.501202e+00 -6.367865e+01
      vertex   -3.118488e+01 -2.211202e+00 -6.367865e+01
      vertex   -3.116167e+01 -3.666667e+00 -6.364873e+01
    endloop
  endfacet
  facet normal -7.837404e-01 2.718253e-04 6.210885e-01
    outer loop
      vertex   -3.116167e+01 -3.666667e+00 -6.364873e+01
      vertex   -3.118488e+01 -2.211202e+00 -6.367865e+01
      vertex   -3.119787e+01 -2.447092e+00 -6.369494e+01
    endloop
  endfacet
  facet normal -7.597510e-01 2.087109e-03 6.502107e-01
    outer loop
      vertex   -3.116167e+01 -3.666667e+00 -6.364873e+01
      vertex   -3.119787e+01 -2.447092e+00 -6.369494e+01
      vertex   -3.123989e+01 -2.682400e+00 -6.374328e+01
    endloop
  endfacet
  facet normal -7.547436e-01 3.042410e-03 6.560128e-01
    outer loop
      vertex   -3.116167e+01 -3.666667e+00 -6.364873e+01
      vertex   -3.123989e+01 -2.682400e+00 -6.374328e+01
      vertex   -3.128533e+01 -3.666667e+00 -6.379100e+01
    endloop
  endfacet
  facet normal -7.114808e-01 -1.218332e-03 7.027045e-01
    outer loop
      vertex   -3.128533e+01 -3.666667e+00 -6.379100e+01
      vertex   -3.123989e+01 -2.682400e+00 -6.374328e+01
      vertex   -3.131539e+01 -2.899818e+00 -6.382011e+01
    endloop
  endfacet
  facet normal -6.485716e-01 3.466528e-03 7.611458e-01
    outer loop
      vertex   -3.128533e+01 -3.666667e+00 -6.379100e+01
      vertex   -3.131539e+01 -2.899818e+00 -6.382011e+01
      vertex   -3.142514e+01 -3.085601e+00 -6.391278e+01
    endloop
  endfacet
  facet normal -5.417730e-01 -3.848761e-03 8.405160e-01
    outer loop
      vertex   -3.158371e+01 -3.243260e+00 -6.401571e+01
      vertex   -3.156492e+01 -3.666667e+00 -6.400554e+01
      vertex   -3.142514e+01 -3.085601e+00 -6.391278e+01
    endloop
  endfacet
  facet normal -5.529337e-01 3.261875e-19 8.332253e-01
    outer loop
      vertex   -3.142514e+01 -3.085601e+00 -6.391278e+01
      vertex   -3.156492e+01 -3.666667e+00 -6.400554e+01
      vertex   -3.156492e+01 -1.000000e+01 -6.400554e+01
    endloop
  endfacet
  facet normal -6.087606e-01 1.663536e-03 7.933522e-01
    outer loop
      vertex   -3.142514e+01 -3.085601e+00 -6.391278e+01
      vertex   -3.156492e+01 -1.000000e+01 -6.400554e+01
      vertex   -3.128533e+01 -1.000000e+01 -6.379100e+01
    endloop
  endfacet
  facet normal -4.195697e-01 3.187756e-03 9.077175e-01
    outer loop
      vertex   -3.158371e+01 -3.243260e+00 -6.401571e+01
      vertex   -3.177462e+01 -3.354255e+00 -6.410356e+01
      vertex   -3.156492e+01 -3.666667e+00 -6.400554e+01
    endloop
  endfacet
  facet normal -4.234733e-01 0.000000e+00 9.059086e-01
    outer loop
      vertex   -3.156492e+01 -3.666667e+00 -6.400554e+01
      vertex   -3.177462e+01 -3.354255e+00 -6.410356e+01
      vertex   -3.156492e+01 -1.000000e+01 -6.400554e+01
    endloop
  endfacet
  facet normal -2.563634e-01 -1.885552e-02 9.663965e-01
    outer loop
      vertex   -3.200202e+01 -3.422104e+00 -6.416521e+01
      vertex   -3.189052e+01 -3.666667e+00 -6.414040e+01
      vertex   -3.177462e+01 -3.354255e+00 -6.410356e+01
    endloop
  endfacet
  facet normal -3.029369e-01 4.839473e-19 9.530106e-01
    outer loop
      vertex   -3.177462e+01 -3.354255e+00 -6.410356e+01
      vertex   -3.189052e+01 -3.666667e+00 -6.414040e+01
      vertex   -3.189052e+01 -1.000000e+01 -6.414040e+01
    endloop
  endfacet
  facet normal -3.826830e-01 1.552161e-03 9.238784e-01
    outer loop
      vertex   -3.177462e+01 -3.354255e+00 -6.410356e+01
      vertex   -3.189052e+01 -1.000000e+01 -6.414040e+01
      vertex   -3.156492e+01 -1.000000e+01 -6.400554e+01
    endloop
  endfacet
  facet normal -8.872816e-02 0.000000e+00 9.960559e-01
    outer loop
      vertex   -3.223992e+01 -3.443809e+00 -6.418640e+01
      vertex   -3.223992e+01 -3.666667e+00 -6.418640e+01
      vertex   -3.200202e+01 -3.422104e+00 -6.416521e+01
    endloop
  endfacet
  facet normal -8.872816e-02 8.090468e-20 9.960559e-01
    outer loop
      vertex   -3.200202e+01 -3.422104e+00 -6.416521e+01
      vertex   -3.223992e+01 -3.666667e+00 -6.418640e+01
      vertex   -3.223992e+01 -1.000000e+01 -6.418640e+01
    endloop
  endfacet
  facet normal -1.305260e-01 1.526551e-03 9.914437e-01
    outer loop
      vertex   -3.200202e+01 -3.422104e+00 -6.416521e+01
      vertex   -3.223992e+01 -1.000000e+01 -6.418640e+01
      vertex   -3.189052e+01 -1.000000e+01 -6.414040e+01
    endloop
  endfacet
  facet normal 8.872816e-02 0.000000e+00 9.960559e-01
    outer loop
      vertex   -3.223992e+01 -3.443809e+00 -6.418640e+01
      vertex   -3.247782e+01 -3.422104e+00 -6.416521e+01
      vertex   -3.223992e+01 -3.666667e+00 -6.418640e+01
    endloop
  endfacet
  facet normal 8.872816e-02 0.000000e+00 9.960559e-01
    outer loop
      vertex   -3.223992e+01 -3.666667e+00 -6.418640e+01
      vertex   -3.247782e+01 -3.422104e+00 -6.416521e+01
      vertex   -3.223992e+01 -1.000000e+01 -6.418640e+01
    endloop
  endfacet
  facet normal 2.563634e-01 -1.885552e-02 9.663965e-01
    outer loop
      vertex   -3.270522e+01 -3.354255e+00 -6.410356e+01
      vertex   -3.258933e+01 -3.666667e+00 -6.414040e+01
      vertex   -3.247782e+01 -3.422104e+00 -6.416521e+01
    endloop
  endfacet
  facet normal 2.171740e-01 1.167537e-19 9.761329e-01
    outer loop
      vertex   -3.247782e+01 -3.422104e+00 -6.416521e+01
      vertex   -3.258933e+01 -3.666667e+00 -6.414040e+01
      vertex   -3.258933e+01 -1.000000e+01 -6.414040e+01
    endloop
  endfacet
  facet normal 1.305260e-01 1.526551e-03 9.914437e-01
    outer loop
      vertex   -3.247782e+01 -3.422104e+00 -6.416521e+01
      vertex   -3.258933e+01 -1.000000e+01 -6.414040e+01
      vertex   -3.223992e+01 -1.000000e+01 -6.418640e+01
    endloop
  endfacet
  facet normal 4.195697e-01 3.187756e-03 9.077175e-01
    outer loop
      vertex   -3.289614e+01 -3.243260e+00 -6.401571e+01
      vertex   -3.291492e+01 -3.666667e+00 -6.400554e+01
      vertex   -3.270522e+01 -3.354255e+00 -6.410356e+01
    endloop
  endfacet
  facet normal 4.234733e-01 5.986060e-20 9.059086e-01
    outer loop
      vertex   -3.270522e+01 -3.354255e+00 -6.410356e+01
      vertex   -3.291492e+01 -3.666667e+00 -6.400554e+01
      vertex   -3.291492e+01 -1.000000e+01 -6.400554e+01
    endloop
  endfacet
  facet normal 3.826830e-01 1.552161e-03 9.238784e-01
    outer loop
      vertex   -3.270522e+01 -3.354255e+00 -6.410356e+01
      vertex   -3.291492e+01 -1.000000e+01 -6.400554e+01
      vertex   -3.258933e+01 -1.000000e+01 -6.414040e+01
    endloop
  endfacet
  facet normal 5.417730e-01 -3.848761e-03 8.405160e-01
    outer loop
      vertex   -3.289614e+01 -3.243260e+00 -6.401571e+01
      vertex   -3.305471e+01 -3.085601e+00 -6.391278e+01
      vertex   -3.291492e+01 -3.666667e+00 -6.400554e+01
    endloop
  endfacet
  facet normal 5.529337e-01 0.000000e+00 8.332253e-01
    outer loop
      vertex   -3.291492e+01 -3.666667e+00 -6.400554e+01
      vertex   -3.305471e+01 -3.085601e+00 -6.391278e+01
      vertex   -3.291492e+01 -1.000000e+01 -6.400554e+01
    endloop
  endfacet
  facet normal 6.485716e-01 3.466528e-03 7.611458e-01
    outer loop
      vertex   -3.316445e+01 -2.899818e+00 -6.382011e+01
      vertex   -3.319452e+01 -3.666667e+00 -6.379100e+01
      vertex   -3.305471e+01 -3.085601e+00 -6.391278e+01
    endloop
  endfacet
  facet normal 6.568063e-01 1.612419e-19 7.540593e-01
    outer loop
      vertex   -3.305471e+01 -3.085601e+00 -6.391278e+01
      vertex   -3.319452e+01 -3.666667e+00 -6.379100e+01
      vertex   -3.319452e+01 -1.000000e+01 -6.379100e+01
    endloop
  endfacet
  facet normal 6.087606e-01 1.663536e-03 7.933522e-01
    outer loop
      vertex   -3.305471e+01 -3.085601e+00 -6.391278e+01
      vertex   -3.319452e+01 -1.000000e+01 -6.379100e+01
      vertex   -3.291492e+01 -1.000000e+01 -6.400554e+01
    endloop
  endfacet
  facet normal 7.114808e-01 -1.218332e-03 7.027045e-01
    outer loop
      vertex   -3.316445e+01 -2.899818e+00 -6.382011e+01
      vertex   -3.323996e+01 -2.682400e+00 -6.374328e+01
      vertex   -3.319452e+01 -3.666667e+00 -6.379100e+01
    endloop
  endfacet
  facet normal 7.643738e-01 4.032464e-03 6.447607e-01
    outer loop
      vertex   -3.319452e+01 -3.666667e+00 -6.379100e+01
      vertex   -3.323996e+01 -2.682400e+00 -6.374328e+01
      vertex   -3.328198e+01 -2.447092e+00 -6.369494e+01
    endloop
  endfacet
  facet normal 7.585297e-01 3.072188e-03 6.516312e-01
    outer loop
      vertex   -3.319452e+01 -3.666667e+00 -6.379100e+01
      vertex   -3.328198e+01 -2.447092e+00 -6.369494e+01
      vertex   -3.340906e+01 -1.000000e+01 -6.351140e+01
    endloop
  endfacet
  facet normal 8.221589e-01 -0.000000e+00 5.692580e-01
    outer loop
      vertex   -3.340906e+01 -1.000000e+01 -6.351140e+01
      vertex   -3.328198e+01 -2.447092e+00 -6.369494e+01
      vertex   -3.340906e+01 -3.666667e+00 -6.351140e+01
    endloop
  endfacet
  facet normal 9.238795e-01 -0.000000e+00 3.826834e-01
    outer loop
      vertex   -3.340906e+01 -1.000000e+01 -6.351140e+01
      vertex   -3.340906e+01 -3.666667e+00 -6.351140e+01
      vertex   -3.354392e+01 -1.000000e+01 -6.318581e+01
    endloop
  endfacet
  facet normal 9.238795e-01 -0.000000e+00 3.826834e-01
    outer loop
      vertex   -3.354392e+01 -1.000000e+01 -6.318581e+01
      vertex   -3.340906e+01 -3.666667e+00 -6.351140e+01
      vertex   -3.354392e+01 -3.666667e+00 -6.318581e+01
    endloop
  endfacet
  facet normal 9.914449e-01 -0.000000e+00 1.305262e-01
    outer loop
      vertex   -3.354392e+01 -1.000000e+01 -6.318581e+01
      vertex   -3.354392e+01 -3.666667e+00 -6.318581e+01
      vertex   -3.358992e+01 -1.000000e+01 -6.283640e+01
    endloop
  endfacet
  facet normal 9.914449e-01 -0.000000e+00 1.305262e-01
    outer loop
      vertex   -3.358992e+01 -1.000000e+01 -6.283640e+01
      vertex   -3.354392e+01 -3.666667e+00 -6.318581e+01
      vertex   -3.358992e+01 -3.666667e+00 -6.283640e+01
    endloop
  endfacet
  facet normal 9.914449e-01 0.000000e+00 -1.305262e-01
    outer loop
      vertex   -3.358992e+01 -1.000000e+01 -6.283640e+01
      vertex   -3.358992e+01 -3.666667e+00 -6.283640e+01
      vertex   -3.354392e+01 -1.000000e+01 -6.248700e+01
    endloop
  endfacet
  facet normal 9.914449e-01 0.000000e+00 -1.305262e-01
    outer loop
      vertex   -3.354392e+01 -1.000000e+01 -6.248700e+01
      vertex   -3.358992e+01 -3.666667e+00 -6.283640e+01
      vertex   -3.354392e+01 -3.666667e+00 -6.248700e+01
    endloop
  endfacet
  facet normal 9.238795e-01 0.000000e+00 -3.826834e-01
    outer loop
      vertex   -3.354392e+01 -1.000000e+01 -6.248700e+01
      vertex   -3.354392e+01 -3.666667e+00 -6.248700e+01
      vertex   -3.340906e+01 -1.000000e+01 -6.216140e+01
    endloop
  endfacet
  facet normal 9.238795e-01 0.000000e+00 -3.826834e-01
    outer loop
      vertex   -3.340906e+01 -1.000000e+01 -6.216140e+01
      vertex   -3.354392e+01 -3.666667e+00 -6.248700e+01
      vertex   -3.340906e+01 -3.666667e+00 -6.216140e+01
    endloop
  endfacet
  facet normal 7.933533e-01 0.000000e+00 -6.087614e-01
    outer loop
      vertex   -3.340906e+01 -1.000000e+01 -6.216140e+01
      vertex   -3.340906e+01 -3.666667e+00 -6.216140e+01
      vertex   -3.319452e+01 -1.000000e+01 -6.188181e+01
    endloop
  endfacet
  facet normal 7.933533e-01 0.000000e+00 -6.087614e-01
    outer loop
      vertex   -3.319452e+01 -1.000000e+01 -6.188181e+01
      vertex   -3.340906e+01 -3.666667e+00 -6.216140e+01
      vertex   -3.319452e+01 -3.666667e+00 -6.188181e+01
    endloop
  endfacet
  facet normal 6.087614e-01 0.000000e+00 -7.933533e-01
    outer loop
      vertex   -3.319452e+01 -1.000000e+01 -6.188181e+01
      vertex   -3.319452e+01 -3.666667e+00 -6.188181e+01
      vertex   -3.291492e+01 -1.000000e+01 -6.166727e+01
    endloop
  endfacet
  facet normal 6.087614e-01 0.000000e+00 -7.933533e-01
    outer loop
      vertex   -3.291492e+01 -1.000000e+01 -6.166727e+01
      vertex   -3.319452e+01 -3.666667e+00 -6.188181e+01
      vertex   -3.291492e+01 -3.666667e+00 -6.166727e+01
    endloop
  endfacet
  facet normal 3.826834e-01 0.000000e+00 -9.238795e-01
    outer loop
      vertex   -3.291492e+01 -1.000000e+01 -6.166727e+01
      vertex   -3.291492e+01 -3.666667e+00 -6.166727e+01
      vertex   -3.258933e+01 -1.000000e+01 -6.153240e+01
    endloop
  endfacet
  facet normal 3.826834e-01 0.000000e+00 -9.238795e-01
    outer loop
      vertex   -3.258933e+01 -1.000000e+01 -6.153240e+01
      vertex   -3.291492e+01 -3.666667e+00 -6.166727e+01
      vertex   -3.258933e+01 -3.666667e+00 -6.153240e+01
    endloop
  endfacet
  facet normal 1.305262e-01 0.000000e+00 -9.914449e-01
    outer loop
      vertex   -3.258933e+01 -1.000000e+01 -6.153240e+01
      vertex   -3.258933e+01 -3.666667e+00 -6.153240e+01
      vertex   -3.223992e+01 -1.000000e+01 -6.148640e+01
    endloop
  endfacet
  facet normal 1.305262e-01 0.000000e+00 -9.914449e-01
    outer loop
      vertex   -3.223992e+01 -1.000000e+01 -6.148640e+01
      vertex   -3.258933e+01 -3.666667e+00 -6.153240e+01
      vertex   -3.223992e+01 -3.666667e+00 -6.148640e+01
    endloop
  endfacet
  facet normal -1.305262e-01 0.000000e+00 -9.914449e-01
    outer loop
      vertex   -3.223992e+01 -1.000000e+01 -6.148640e+01
      vertex   -3.223992e+01 -3.666667e+00 -6.148640e+01
      vertex   -3.189052e+01 -1.000000e+01 -6.153240e+01
    endloop
  endfacet
  facet normal -1.305262e-01 0.000000e+00 -9.914449e-01
    outer loop
      vertex   -3.189052e+01 -1.000000e+01 -6.153240e+01
      vertex   -3.223992e+01 -3.666667e+00 -6.148640e+01
      vertex   -3.189052e+01 -3.666667e+00 -6.153240e+01
    endloop
  endfacet
  facet normal -3.826834e-01 0.000000e+00 -9.238795e-01
    outer loop
      vertex   -3.189052e+01 -1.000000e+01 -6.153240e+01
      vertex   -3.189052e+01 -3.666667e+00 -6.153240e+01
      vertex   -3.156492e+01 -1.000000e+01 -6.166727e+01
    endloop
  endfacet
  facet normal -3.826834e-01 0.000000e+00 -9.238795e-01
    outer loop
      vertex   -3.156492e+01 -1.000000e+01 -6.166727e+01
      vertex   -3.189052e+01 -3.666667e+00 -6.153240e+01
      vertex   -3.156492e+01 -3.666667e+00 -6.166727e+01
    endloop
  endfacet
  facet normal -6.087614e-01 0.000000e+00 -7.933533e-01
    outer loop
      vertex   -3.156492e+01 -1.000000e+01 -6.166727e+01
      vertex   -3.156492e+01 -3.666667e+00 -6.166727e+01
      vertex   -3.128533e+01 -1.000000e+01 -6.188181e+01
    endloop
  endfacet
  facet normal -6.087614e-01 0.000000e+00 -7.933533e-01
    outer loop
      vertex   -3.128533e+01 -1.000000e+01 -6.188181e+01
      vertex   -3.156492e+01 -3.666667e+00 -6.166727e+01
      vertex   -3.128533e+01 -3.666667e+00 -6.188181e+01
    endloop
  endfacet
  facet normal -7.933533e-01 0.000000e+00 -6.087614e-01
    outer loop
      vertex   -3.128533e+01 -1.000000e+01 -6.188181e+01
      vertex   -3.128533e+01 -3.666667e+00 -6.188181e+01
      vertex   -3.107079e+01 -1.000000e+01 -6.216140e+01
    endloop
  endfacet
  facet normal -7.933533e-01 0.000000e+00 -6.087614e-01
    outer loop
      vertex   -3.107079e+01 -1.000000e+01 -6.216140e+01
      vertex   -3.128533e+01 -3.666667e+00 -6.188181e+01
      vertex   -3.107079e+01 -3.666667e+00 -6.216140e+01
    endloop
  endfacet
  facet normal -9.238795e-01 0.000000e+00 -3.826834e-01
    outer loop
      vertex   -3.107079e+01 -1.000000e+01 -6.216140e+01
      vertex   -3.107079e+01 -3.666667e+00 -6.216140e+01
      vertex   -3.093592e+01 -1.000000e+01 -6.248700e+01
    endloop
  endfacet
  facet normal -9.238795e-01 0.000000e+00 -3.826834e-01
    outer loop
      vertex   -3.093592e+01 -1.000000e+01 -6.248700e+01
      vertex   -3.107079e+01 -3.666667e+00 -6.216140e+01
      vertex   -3.093592e+01 -3.666667e+00 -6.248700e+01
    endloop
  endfacet
  facet normal -9.914449e-01 0.000000e+00 -1.305262e-01
    outer loop
      vertex   -3.093592e+01 -1.000000e+01 -6.248700e+01
      vertex   -3.093592e+01 -3.666667e+00 -6.248700e+01
      vertex   -3.088992e+01 -1.000000e+01 -6.283640e+01
    endloop
  endfacet
  facet normal -9.914449e-01 0.000000e+00 -1.305262e-01
    outer loop
      vertex   -3.088992e+01 -1.000000e+01 -6.283640e+01
      vertex   -3.093592e+01 -3.666667e+00 -6.248700e+01
      vertex   -3.088992e+01 -3.666667e+00 -6.283640e+01
    endloop
  endfacet
  facet normal -9.914449e-01 0.000000e+00 1.305262e-01
    outer loop
      vertex   -3.088992e+01 -1.000000e+01 -6.283640e+01
      vertex   -3.088992e+01 -3.666667e+00 -6.283640e+01
      vertex   -3.093592e+01 -1.000000e+01 -6.318581e+01
    endloop
  endfacet
  facet normal -9.914449e-01 0.000000e+00 1.305262e-01
    outer loop
      vertex   -3.093592e+01 -1.000000e+01 -6.318581e+01
      vertex   -3.088992e+01 -3.666667e+00 -6.283640e+01
      vertex   -3.093592e+01 -3.666667e+00 -6.318581e+01
    endloop
  endfacet
  facet normal -9.238795e-01 0.000000e+00 3.826834e-01
    outer loop
      vertex   -3.093592e+01 -1.000000e+01 -6.318581e+01
      vertex   -3.093592e+01 -3.666667e+00 -6.318581e+01
      vertex   -3.107079e+01 -1.000000e+01 -6.351140e+01
    endloop
  endfacet
  facet normal -9.238795e-01 0.000000e+00 3.826834e-01
    outer loop
      vertex   -3.107079e+01 -1.000000e+01 -6.351140e+01
      vertex   -3.093592e+01 -3.666667e+00 -6.318581e+01
      vertex   -3.107079e+01 -3.666667e+00 -6.351140e+01
    endloop
  endfacet
  facet normal -8.339174e-01 0.000000e+00 5.518893e-01
    outer loop
      vertex   -3.107079e+01 -1.000000e+01 -6.351140e+01
      vertex   -3.107079e+01 -3.666667e+00 -6.351140e+01
      vertex   -3.116167e+01 -3.666667e+00 -6.364873e+01
    endloop
  endfacet
  facet normal -8.339174e-01 7.540126e-19 5.518893e-01
    outer loop
      vertex   -3.116167e+01 -3.666667e+00 -6.364873e+01
      vertex   -3.107079e+01 -3.666667e+00 -6.351140e+01
      vertex   -3.107079e+01 2.666667e+00 -6.351140e+01
    endloop
  endfacet
  facet normal -8.168862e-01 -7.845078e-04 5.767984e-01
    outer loop
      vertex   -3.116167e+01 -3.666667e+00 -6.364873e+01
      vertex   -3.107079e+01 2.666667e+00 -6.351140e+01
      vertex   -3.118488e+01 -1.501202e+00 -6.367865e+01
    endloop
  endfacet
  facet normal -7.980418e-01 -2.335619e-03 6.025975e-01
    outer loop
      vertex   -3.118488e+01 -1.501202e+00 -6.367865e+01
      vertex   -3.107079e+01 2.666667e+00 -6.351140e+01
      vertex   -3.119787e+01 -1.265313e+00 -6.369494e+01
    endloop
  endfacet
  facet normal -7.933503e-01 -2.774847e-03 6.087591e-01
    outer loop
      vertex   -3.119787e+01 -1.265313e+00 -6.369494e+01
      vertex   -3.107079e+01 2.666667e+00 -6.351140e+01
      vertex   -3.128533e+01 2.666667e+00 -6.379100e+01
    endloop
  endfacet
  facet normal -7.568298e-01 -8.667044e-04 6.536114e-01
    outer loop
      vertex   -3.119787e+01 -1.265313e+00 -6.369494e+01
      vertex   -3.128533e+01 2.666667e+00 -6.379100e+01
      vertex   -3.123989e+01 -1.030005e+00 -6.374328e+01
    endloop
  endfacet
  facet normal -7.127953e-01 2.910346e-04 7.013721e-01
    outer loop
      vertex   -3.123989e+01 -1.030005e+00 -6.374328e+01
      vertex   -3.128533e+01 2.666667e+00 -6.379100e+01
      vertex   -3.131539e+01 -8.125875e-01 -6.382011e+01
    endloop
  endfacet
  facet normal -6.459515e-01 -8.053612e-04 7.633780e-01
    outer loop
      vertex   -3.131539e+01 -8.125875e-01 -6.382011e+01
      vertex   -3.128533e+01 2.666667e+00 -6.379100e+01
      vertex   -3.142514e+01 -6.268044e-01 -6.391278e+01
    endloop
  endfacet
  facet normal -6.087577e-01 -3.492454e-03 7.933485e-01
    outer loop
      vertex   -3.142514e+01 -6.268044e-01 -6.391278e+01
      vertex   -3.128533e+01 2.666667e+00 -6.379100e+01
      vertex   -3.156492e+01 2.666667e+00 -6.400554e+01
    endloop
  endfacet
  facet normal -5.440953e-01 5.384264e-04 8.390233e-01
    outer loop
      vertex   -3.142514e+01 -6.268044e-01 -6.391278e+01
      vertex   -3.156492e+01 2.666667e+00 -6.400554e+01
      vertex   -3.158371e+01 -4.691453e-01 -6.401571e+01
    endloop
  endfacet
  facet normal -4.182542e-01 -4.402883e-04 9.083299e-01
    outer loop
      vertex   -3.158371e+01 -4.691453e-01 -6.401571e+01
      vertex   -3.156492e+01 2.666667e+00 -6.400554e+01
      vertex   -3.177462e+01 -3.581502e-01 -6.410356e+01
    endloop
  endfacet
  facet normal -3.826812e-01 -3.410197e-03 9.238742e-01
    outer loop
      vertex   -3.177462e+01 -3.581502e-01 -6.410356e+01
      vertex   -3.156492e+01 2.666667e+00 -6.400554e+01
      vertex   -3.189052e+01 2.666667e+00 -6.414040e+01
    endloop
  endfacet
  facet normal -2.611678e-01 1.749924e-03 9.652918e-01
    outer loop
      vertex   -3.177462e+01 -3.581502e-01 -6.410356e+01
      vertex   -3.189052e+01 2.666667e+00 -6.414040e+01
      vertex   -3.200202e+01 -2.903009e-01 -6.416521e+01
    endloop
  endfacet
  facet normal -1.305254e-01 -3.395860e-03 9.914391e-01
    outer loop
      vertex   -3.200202e+01 -2.903009e-01 -6.416521e+01
      vertex   -3.189052e+01 2.666667e+00 -6.414040e+01
      vertex   -3.223992e+01 2.666667e+00 -6.418640e+01
    endloop
  endfacet
  facet normal -8.872816e-02 -6.005487e-19 9.960559e-01
    outer loop
      vertex   -3.200202e+01 -2.903009e-01 -6.416521e+01
      vertex   -3.223992e+01 2.666667e+00 -6.418640e+01
      vertex   -3.223992e+01 -2.685962e-01 -6.418640e+01
    endloop
  endfacet
  facet normal 8.872816e-02 -0.000000e+00 9.960559e-01
    outer loop
      vertex   -3.223992e+01 -2.685962e-01 -6.418640e+01
      vertex   -3.223992e+01 2.666667e+00 -6.418640e+01
      vertex   -3.247782e+01 -2.903009e-01 -6.416521e+01
    endloop
  endfacet
  facet normal 1.305254e-01 -3.395860e-03 9.914391e-01
    outer loop
      vertex   -3.247782e+01 -2.903009e-01 -6.416521e+01
      vertex   -3.223992e+01 2.666667e+00 -6.418640e+01
      vertex   -3.258933e+01 2.666667e+00 -6.414040e+01
    endloop
  endfacet
  facet normal 2.611678e-01 1.749924e-03 9.652918e-01
    outer loop
      vertex   -3.247782e+01 -2.903009e-01 -6.416521e+01
      vertex   -3.258933e+01 2.666667e+00 -6.414040e+01
      vertex   -3.270522e+01 -3.581502e-01 -6.410356e+01
    endloop
  endfacet
  facet normal 3.826812e-01 -3.410197e-03 9.238742e-01
    outer loop
      vertex   -3.270522e+01 -3.581502e-01 -6.410356e+01
      vertex   -3.258933e+01 2.666667e+00 -6.414040e+01
      vertex   -3.291492e+01 2.666667e+00 -6.400554e+01
    endloop
  endfacet
  facet normal 4.182542e-01 -4.402883e-04 9.083299e-01
    outer loop
      vertex   -3.270522e+01 -3.581502e-01 -6.410356e+01
      vertex   -3.291492e+01 2.666667e+00 -6.400554e+01
      vertex   -3.289614e+01 -4.691453e-01 -6.401571e+01
    endloop
  endfacet
  facet normal 5.440953e-01 5.384264e-04 8.390233e-01
    outer loop
      vertex   -3.289614e+01 -4.691453e-01 -6.401571e+01
      vertex   -3.291492e+01 2.666667e+00 -6.400554e+01
      vertex   -3.305471e+01 -6.268044e-01 -6.391278e+01
    endloop
  endfacet
  facet normal 6.087577e-01 -3.492454e-03 7.933485e-01
    outer loop
      vertex   -3.305471e+01 -6.268044e-01 -6.391278e+01
      vertex   -3.291492e+01 2.666667e+00 -6.400554e+01
      vertex   -3.319452e+01 2.666667e+00 -6.379100e+01
    endloop
  endfacet
  facet normal 6.459515e-01 -8.053612e-04 7.633780e-01
    outer loop
      vertex   -3.305471e+01 -6.268044e-01 -6.391278e+01
      vertex   -3.319452e+01 2.666667e+00 -6.379100e+01
      vertex   -3.316445e+01 -8.125875e-01 -6.382011e+01
    endloop
  endfacet
  facet normal 7.127953e-01 2.910346e-04 7.013721e-01
    outer loop
      vertex   -3.316445e+01 -8.125875e-01 -6.382011e+01
      vertex   -3.319452e+01 2.666667e+00 -6.379100e+01
      vertex   -3.323996e+01 -1.030005e+00 -6.374328e+01
    endloop
  endfacet
  facet normal 7.568298e-01 -8.667044e-04 6.536114e-01
    outer loop
      vertex   -3.323996e+01 -1.030005e+00 -6.374328e+01
      vertex   -3.319452e+01 2.666667e+00 -6.379100e+01
      vertex   -3.328198e+01 -1.265313e+00 -6.369494e+01
    endloop
  endfacet
  facet normal 8.055310e-01 -3.441951e-03 5.925437e-01
    outer loop
      vertex   -3.328198e+01 -1.265313e+00 -6.369494e+01
      vertex   -3.319452e+01 2.666667e+00 -6.379100e+01
      vertex   -3.329497e+01 -1.501202e+00 -6.367865e+01
    endloop
  endfacet
  facet normal 7.933504e-01 -2.711297e-03 6.087592e-01
    outer loop
      vertex   -3.329497e+01 -1.501202e+00 -6.367865e+01
      vertex   -3.319452e+01 2.666667e+00 -6.379100e+01
      vertex   -3.340906e+01 2.666667e+00 -6.351140e+01
    endloop
  endfacet
  facet normal 8.260953e-01 -5.369764e-19 5.635304e-01
    outer loop
      vertex   -3.329497e+01 -1.501202e+00 -6.367865e+01
      vertex   -3.340906e+01 2.666667e+00 -6.351140e+01
      vertex   -3.340906e+01 -3.666667e+00 -6.351140e+01
    endloop
  endfacet
  facet normal 9.238795e-01 -0.000000e+00 3.826834e-01
    outer loop
      vertex   -3.340906e+01 -3.666667e+00 -6.351140e+01
      vertex   -3.340906e+01 2.666667e+00 -6.351140e+01
      vertex   -3.354392e+01 -3.666667e+00 -6.318581e+01
    endloop
  endfacet
  facet normal 8.094332e-01 4.025788e-03 5.871982e-01
    outer loop
      vertex   -3.328198e+01 -2.447092e+00 -6.369494e+01
      vertex   -3.329497e+01 -2.211202e+00 -6.367865e+01
      vertex   -3.340906e+01 -3.666667e+00 -6.351140e+01
    endloop
  endfacet
  facet normal 8.260953e-01 -4.789931e-18 5.635304e-01
    outer loop
      vertex   -3.340906e+01 -3.666667e+00 -6.351140e+01
      vertex   -3.329497e+01 -2.211202e+00 -6.367865e+01
      vertex   -3.329497e+01 -1.501202e+00 -6.367865e+01
    endloop
  endfacet
  facet normal 7.933533e-01 -1.078444e-18 6.087614e-01
    outer loop
      vertex   -3.340906e+01 -1.000000e+01 -6.351140e+01
      vertex   -3.319452e+01 -1.000000e+01 -6.379100e+01
      vertex   -3.319452e+01 -3.666667e+00 -6.379100e+01
    endloop
  endfacet
  facet normal -7.933520e-01 1.815262e-03 6.087604e-01
    outer loop
      vertex   -3.107079e+01 -1.000000e+01 -6.351140e+01
      vertex   -3.116167e+01 -3.666667e+00 -6.364873e+01
      vertex   -3.128533e+01 -1.000000e+01 -6.379100e+01
    endloop
  endfacet
  facet normal -7.547471e-01 0.000000e+00 6.560158e-01
    outer loop
      vertex   -3.128533e+01 -1.000000e+01 -6.379100e+01
      vertex   -3.116167e+01 -3.666667e+00 -6.364873e+01
      vertex   -3.128533e+01 -3.666667e+00 -6.379100e+01
    endloop
  endfacet
  facet normal -6.568063e-01 0.000000e+00 7.540593e-01
    outer loop
      vertex   -3.128533e+01 -1.000000e+01 -6.379100e+01
      vertex   -3.128533e+01 -3.666667e+00 -6.379100e+01
      vertex   -3.142514e+01 -3.085601e+00 -6.391278e+01
    endloop
  endfacet
  facet normal 9.914449e-01 0.000000e+00 -1.305262e-01
    outer loop
      vertex   -3.354392e+01 9.000000e+00 -6.248700e+01
      vertex   -3.354392e+01 2.666667e+00 -6.248700e+01
      vertex   -3.358992e+01 9.000000e+00 -6.283640e+01
    endloop
  endfacet
  facet normal 9.914449e-01 0.000000e+00 -1.305262e-01
    outer loop
      vertex   -3.358992e+01 9.000000e+00 -6.283640e+01
      vertex   -3.354392e+01 2.666667e+00 -6.248700e+01
      vertex   -3.358992e+01 2.666667e+00 -6.283640e+01
    endloop
  endfacet
  facet normal 9.914449e-01 0.000000e+00 1.305262e-01
    outer loop
      vertex   -3.358992e+01 9.000000e+00 -6.283640e+01
      vertex   -3.358992e+01 2.666667e+00 -6.283640e+01
      vertex   -3.354392e+01 9.000000e+00 -6.318581e+01
    endloop
  endfacet
  facet normal 9.914449e-01 0.000000e+00 1.305262e-01
    outer loop
      vertex   -3.354392e+01 9.000000e+00 -6.318581e+01
      vertex   -3.358992e+01 2.666667e+00 -6.283640e+01
      vertex   -3.354392e+01 2.666667e+00 -6.318581e+01
    endloop
  endfacet
  facet normal 9.238795e-01 0.000000e+00 3.826834e-01
    outer loop
      vertex   -3.354392e+01 9.000000e+00 -6.318581e+01
      vertex   -3.354392e+01 2.666667e+00 -6.318581e+01
      vertex   -3.340906e+01 9.000000e+00 -6.351140e+01
    endloop
  endfacet
  facet normal 9.238795e-01 0.000000e+00 3.826834e-01
    outer loop
      vertex   -3.340906e+01 9.000000e+00 -6.351140e+01
      vertex   -3.354392e+01 2.666667e+00 -6.318581e+01
      vertex   -3.340906e+01 2.666667e+00 -6.351140e+01
    endloop
  endfacet
  facet normal 7.933533e-01 0.000000e+00 6.087614e-01
    outer loop
      vertex   -3.340906e+01 9.000000e+00 -6.351140e+01
      vertex   -3.340906e+01 2.666667e+00 -6.351140e+01
      vertex   -3.319452e+01 9.000000e+00 -6.379100e+01
    endloop
  endfacet
  facet normal 7.933533e-01 0.000000e+00 6.087614e-01
    outer loop
      vertex   -3.319452e+01 9.000000e+00 -6.379100e+01
      vertex   -3.340906e+01 2.666667e+00 -6.351140e+01
      vertex   -3.319452e+01 2.666667e+00 -6.379100e+01
    endloop
  endfacet
  facet normal 6.087614e-01 0.000000e+00 7.933533e-01
    outer loop
      vertex   -3.319452e+01 9.000000e+00 -6.379100e+01
      vertex   -3.319452e+01 2.666667e+00 -6.379100e+01
      vertex   -3.291492e+01 9.000000e+00 -6.400554e+01
    endloop
  endfacet
  facet normal 6.087614e-01 0.000000e+00 7.933533e-01
    outer loop
      vertex   -3.291492e+01 9.000000e+00 -6.400554e+01
      vertex   -3.319452e+01 2.666667e+00 -6.379100e+01
      vertex   -3.291492e+01 2.666667e+00 -6.400554e+01
    endloop
  endfacet
  facet normal 3.826834e-01 0.000000e+00 9.238795e-01
    outer loop
      vertex   -3.291492e+01 9.000000e+00 -6.400554e+01
      vertex   -3.291492e+01 2.666667e+00 -6.400554e+01
      vertex   -3.258933e+01 9.000000e+00 -6.414040e+01
    endloop
  endfacet
  facet normal 3.826834e-01 0.000000e+00 9.238795e-01
    outer loop
      vertex   -3.258933e+01 9.000000e+00 -6.414040e+01
      vertex   -3.291492e+01 2.666667e+00 -6.400554e+01
      vertex   -3.258933e+01 2.666667e+00 -6.414040e+01
    endloop
  endfacet
  facet normal 1.305262e-01 0.000000e+00 9.914449e-01
    outer loop
      vertex   -3.258933e+01 9.000000e+00 -6.414040e+01
      vertex   -3.258933e+01 2.666667e+00 -6.414040e+01
      vertex   -3.223992e+01 9.000000e+00 -6.418640e+01
    endloop
  endfacet
  facet normal 1.305262e-01 0.000000e+00 9.914449e-01
    outer loop
      vertex   -3.223992e+01 9.000000e+00 -6.418640e+01
      vertex   -3.258933e+01 2.666667e+00 -6.414040e+01
      vertex   -3.223992e+01 2.666667e+00 -6.418640e+01
    endloop
  endfacet
  facet normal -1.305262e-01 0.000000e+00 9.914449e-01
    outer loop
      vertex   -3.223992e+01 9.000000e+00 -6.418640e+01
      vertex   -3.223992e+01 2.666667e+00 -6.418640e+01
      vertex   -3.189052e+01 9.000000e+00 -6.414040e+01
    endloop
  endfacet
  facet normal -1.305262e-01 0.000000e+00 9.914449e-01
    outer loop
      vertex   -3.189052e+01 9.000000e+00 -6.414040e+01
      vertex   -3.223992e+01 2.666667e+00 -6.418640e+01
      vertex   -3.189052e+01 2.666667e+00 -6.414040e+01
    endloop
  endfacet
  facet normal -3.826834e-01 0.000000e+00 9.238795e-01
    outer loop
      vertex   -3.189052e+01 9.000000e+00 -6.414040e+01
      vertex   -3.189052e+01 2.666667e+00 -6.414040e+01
      vertex   -3.156492e+01 9.000000e+00 -6.400554e+01
    endloop
  endfacet
  facet normal -3.826834e-01 0.000000e+00 9.238795e-01
    outer loop
      vertex   -3.156492e+01 9.000000e+00 -6.400554e+01
      vertex   -3.189052e+01 2.666667e+00 -6.414040e+01
      vertex   -3.156492e+01 2.666667e+00 -6.400554e+01
    endloop
  endfacet
  facet normal -6.087614e-01 0.000000e+00 7.933533e-01
    outer loop
      vertex   -3.156492e+01 9.000000e+00 -6.400554e+01
      vertex   -3.156492e+01 2.666667e+00 -6.400554e+01
      vertex   -3.128533e+01 9.000000e+00 -6.379100e+01
    endloop
  endfacet
  facet normal -6.087614e-01 0.000000e+00 7.933533e-01
    outer loop
      vertex   -3.128533e+01 9.000000e+00 -6.379100e+01
      vertex   -3.156492e+01 2.666667e+00 -6.400554e+01
      vertex   -3.128533e+01 2.666667e+00 -6.379100e+01
    endloop
  endfacet
  facet normal -7.933533e-01 0.000000e+00 6.087614e-01
    outer loop
      vertex   -3.128533e+01 9.000000e+00 -6.379100e+01
      vertex   -3.128533e+01 2.666667e+00 -6.379100e+01
      vertex   -3.107079e+01 9.000000e+00 -6.351140e+01
    endloop
  endfacet
  facet normal -7.933533e-01 0.000000e+00 6.087614e-01
    outer loop
      vertex   -3.107079e+01 9.000000e+00 -6.351140e+01
      vertex   -3.128533e+01 2.666667e+00 -6.379100e+01
      vertex   -3.107079e+01 2.666667e+00 -6.351140e+01
    endloop
  endfacet
  facet normal -9.238795e-01 0.000000e+00 3.826834e-01
    outer loop
      vertex   -3.107079e+01 9.000000e+00 -6.351140e+01
      vertex   -3.107079e+01 2.666667e+00 -6.351140e+01
      vertex   -3.093592e+01 9.000000e+00 -6.318581e+01
    endloop
  endfacet
  facet normal -9.238795e-01 0.000000e+00 3.826834e-01
    outer loop
      vertex   -3.093592e+01 9.000000e+00 -6.318581e+01
      vertex   -3.107079e+01 2.666667e+00 -6.351140e+01
      vertex   -3.093592e+01 2.666667e+00 -6.318581e+01
    endloop
  endfacet
  facet normal -9.914449e-01 0.000000e+00 1.305262e-01
    outer loop
      vertex   -3.093592e+01 9.000000e+00 -6.318581e+01
      vertex   -3.093592e+01 2.666667e+00 -6.318581e+01
      vertex   -3.088992e+01 9.000000e+00 -6.283640e+01
    endloop
  endfacet
  facet normal -9.914449e-01 0.000000e+00 1.305262e-01
    outer loop
      vertex   -3.088992e+01 9.000000e+00 -6.283640e+01
      vertex   -3.093592e+01 2.666667e+00 -6.318581e+01
      vertex   -3.088992e+01 2.666667e+00 -6.283640e+01
    endloop
  endfacet
  facet normal -9.914449e-01 -0.000000e+00 -1.305262e-01
    outer loop
      vertex   -3.088992e+01 9.000000e+00 -6.283640e+01
      vertex   -3.088992e+01 2.666667e+00 -6.283640e+01
      vertex   -3.093592e+01 9.000000e+00 -6.248700e+01
    endloop
  endfacet
  facet normal -9.914449e-01 -0.000000e+00 -1.305262e-01
    outer loop
      vertex   -3.093592e+01 9.000000e+00 -6.248700e+01
      vertex   -3.088992e+01 2.666667e+00 -6.283640e+01
      vertex   -3.093592e+01 2.666667e+00 -6.248700e+01
    endloop
  endfacet
  facet normal -9.238795e-01 -0.000000e+00 -3.826834e-01
    outer loop
      vertex   -3.093592e+01 9.000000e+00 -6.248700e+01
      vertex   -3.093592e+01 2.666667e+00 -6.248700e+01
      vertex   -3.107079e+01 9.000000e+00 -6.216140e+01
    endloop
  endfacet
  facet normal -9.238795e-01 -0.000000e+00 -3.826834e-01
    outer loop
      vertex   -3.107079e+01 9.000000e+00 -6.216140e+01
      vertex   -3.093592e+01 2.666667e+00 -6.248700e+01
      vertex   -3.107079e+01 2.666667e+00 -6.216140e+01
    endloop
  endfacet
  facet normal -7.933533e-01 -0.000000e+00 -6.087614e-01
    outer loop
      vertex   -3.107079e+01 9.000000e+00 -6.216140e+01
      vertex   -3.107079e+01 2.666667e+00 -6.216140e+01
      vertex   -3.128533e+01 9.000000e+00 -6.188181e+01
    endloop
  endfacet
  facet normal -7.933533e-01 -0.000000e+00 -6.087614e-01
    outer loop
      vertex   -3.128533e+01 9.000000e+00 -6.188181e+01
      vertex   -3.107079e+01 2.666667e+00 -6.216140e+01
      vertex   -3.128533e+01 2.666667e+00 -6.188181e+01
    endloop
  endfacet
  facet normal -6.087614e-01 -0.000000e+00 -7.933533e-01
    outer loop
      vertex   -3.128533e+01 9.000000e+00 -6.188181e+01
      vertex   -3.128533e+01 2.666667e+00 -6.188181e+01
      vertex   -3.156492e+01 9.000000e+00 -6.166727e+01
    endloop
  endfacet
  facet normal -6.087614e-01 -0.000000e+00 -7.933533e-01
    outer loop
      vertex   -3.156492e+01 9.000000e+00 -6.166727e+01
      vertex   -3.128533e+01 2.666667e+00 -6.188181e+01
      vertex   -3.156492e+01 2.666667e+00 -6.166727e+01
    endloop
  endfacet
  facet normal -3.826834e-01 -0.000000e+00 -9.238795e-01
    outer loop
      vertex   -3.156492e+01 9.000000e+00 -6.166727e+01
      vertex   -3.156492e+01 2.666667e+00 -6.166727e+01
      vertex   -3.189052e+01 9.000000e+00 -6.153240e+01
    endloop
  endfacet
  facet normal -3.826834e-01 -0.000000e+00 -9.238795e-01
    outer loop
      vertex   -3.189052e+01 9.000000e+00 -6.153240e+01
      vertex   -3.156492e+01 2.666667e+00 -6.166727e+01
      vertex   -3.189052e+01 2.666667e+00 -6.153240e+01
    endloop
  endfacet
  facet normal -1.305262e-01 -0.000000e+00 -9.914449e-01
    outer loop
      vertex   -3.189052e+01 9.000000e+00 -6.153240e+01
      vertex   -3.189052e+01 2.666667e+00 -6.153240e+01
      vertex   -3.223992e+01 9.000000e+00 -6.148640e+01
    endloop
  endfacet
  facet normal -1.305262e-01 -0.000000e+00 -9.914449e-01
    outer loop
      vertex   -3.223992e+01 9.000000e+00 -6.148640e+01
      vertex   -3.189052e+01 2.666667e+00 -6.153240e+01
      vertex   -3.223992e+01 2.666667e+00 -6.148640e+01
    endloop
  endfacet
  facet normal 1.305262e-01 0.000000e+00 -9.914449e-01
    outer loop
      vertex   -3.223992e+01 9.000000e+00 -6.148640e+01
      vertex   -3.223992e+01 2.666667e+00 -6.148640e+01
      vertex   -3.258933e+01 9.000000e+00 -6.153240e+01
    endloop
  endfacet
  facet normal 1.305262e-01 0.000000e+00 -9.914449e-01
    outer loop
      vertex   -3.258933e+01 9.000000e+00 -6.153240e+01
      vertex   -3.223992e+01 2.666667e+00 -6.148640e+01
      vertex   -3.258933e+01 2.666667e+00 -6.153240e+01
    endloop
  endfacet
  facet normal 3.826834e-01 0.000000e+00 -9.238795e-01
    outer loop
      vertex   -3.258933e+01 9.000000e+00 -6.153240e+01
      vertex   -3.258933e+01 2.666667e+00 -6.153240e+01
      vertex   -3.291492e+01 9.000000e+00 -6.166727e+01
    endloop
  endfacet
  facet normal 3.826834e-01 0.000000e+00 -9.238795e-01
    outer loop
      vertex   -3.291492e+01 9.000000e+00 -6.166727e+01
      vertex   -3.258933e+01 2.666667e+00 -6.153240e+01
      vertex   -3.291492e+01 2.666667e+00 -6.166727e+01
    endloop
  endfacet
  facet normal 6.087614e-01 0.000000e+00 -7.933533e-01
    outer loop
      vertex   -3.291492e+01 9.000000e+00 -6.166727e+01
      vertex   -3.291492e+01 2.666667e+00 -6.166727e+01
      vertex   -3.319452e+01 9.000000e+00 -6.188181e+01
    endloop
  endfacet
  facet normal 6.087614e-01 0.000000e+00 -7.933533e-01
    outer loop
      vertex   -3.319452e+01 9.000000e+00 -6.188181e+01
      vertex   -3.291492e+01 2.666667e+00 -6.166727e+01
      vertex   -3.319452e+01 2.666667e+00 -6.188181e+01
    endloop
  endfacet
  facet normal 7.933533e-01 0.000000e+00 -6.087614e-01
    outer loop
      vertex   -3.319452e+01 9.000000e+00 -6.188181e+01
      vertex   -3.319452e+01 2.666667e+00 -6.188181e+01
      vertex   -3.340906e+01 9.000000e+00 -6.216140e+01
    endloop
  endfacet
  facet normal 7.933533e-01 0.000000e+00 -6.087614e-01
    outer loop
      vertex   -3.340906e+01 9.000000e+00 -6.216140e+01
      vertex   -3.319452e+01 2.666667e+00 -6.188181e+01
      vertex   -3.340906e+01 2.666667e+00 -6.216140e+01
    endloop
  endfacet
  facet normal 9.238795e-01 0.000000e+00 -3.826834e-01
    outer loop
      vertex   -3.340906e+01 9.000000e+00 -6.216140e+01
      vertex   -3.340906e+01 2.666667e+00 -6.216140e+01
      vertex   -3.354392e+01 9.000000e+00 -6.248700e+01
    endloop
  endfacet
  facet normal 9.238795e-01 0.000000e+00 -3.826834e-01
    outer loop
      vertex   -3.354392e+01 9.000000e+00 -6.248700e+01
      vertex   -3.340906e+01 2.666667e+00 -6.216140e+01
      vertex   -3.354392e+01 2.666667e+00 -6.248700e+01
    endloop
  endfacet
  facet normal 9.914449e-01 0.000000e+00 -1.305262e-01
    outer loop
      vertex   -3.358992e+01 -3.666667e+00 -6.283640e+01
      vertex   -3.358992e+01 2.666667e+00 -6.283640e+01
      vertex   -3.354392e+01 -3.666667e+00 -6.248700e+01
    endloop
  endfacet
  facet normal 9.914449e-01 0.000000e+00 -1.305262e-01
    outer loop
      vertex   -3.354392e+01 -3.666667e+00 -6.248700e+01
      vertex   -3.358992e+01 2.666667e+00 -6.283640e+01
      vertex   -3.354392e+01 2.666667e+00 -6.248700e+01
    endloop
  endfacet
  facet normal 9.238795e-01 0.000000e+00 -3.826834e-01
    outer loop
      vertex   -3.354392e+01 -3.666667e+00 -6.248700e+01
      vertex   -3.354392e+01 2.666667e+00 -6.248700e+01
      vertex   -3.340906e+01 -3.666667e+00 -6.216140e+01
    endloop
  endfacet
  facet normal 9.238795e-01 0.000000e+00 -3.826834e-01
    outer loop
      vertex   -3.340906e+01 -3.666667e+00 -6.216140e+01
      vertex   -3.354392e+01 2.666667e+00 -6.248700e+01
      vertex   -3.340906e+01 2.666667e+00 -6.216140e+01
    endloop
  endfacet
  facet normal 7.933533e-01 0.000000e+00 -6.087614e-01
    outer loop
      vertex   -3.340906e+01 -3.666667e+00 -6.216140e+01
      vertex   -3.340906e+01 2.666667e+00 -6.216140e+01
      vertex   -3.319452e+01 -3.666667e+00 -6.188181e+01
    endloop
  endfacet
  facet normal 7.933533e-01 0.000000e+00 -6.087614e-01
    outer loop
      vertex   -3.319452e+01 -3.666667e+00 -6.188181e+01
      vertex   -3.340906e+01 2.666667e+00 -6.216140e+01
      vertex   -3.319452e+01 2.666667e+00 -6.188181e+01
    endloop
  endfacet
  facet normal 6.087614e-01 0.000000e+00 -7.933533e-01
    outer loop
      vertex   -3.319452e+01 -3.666667e+00 -6.188181e+01
      vertex   -3.319452e+01 2.666667e+00 -6.188181e+01
      vertex   -3.291492e+01 -3.666667e+00 -6.166727e+01
    endloop
  endfacet
  facet normal 6.087614e-01 0.000000e+00 -7.933533e-01
    outer loop
      vertex   -3.291492e+01 -3.666667e+00 -6.166727e+01
      vertex   -3.319452e+01 2.666667e+00 -6.188181e+01
      vertex   -3.291492e+01 2.666667e+00 -6.166727e+01
    endloop
  endfacet
  facet normal 3.826834e-01 0.000000e+00 -9.238795e-01
    outer loop
      vertex   -3.291492e+01 -3.666667e+00 -6.166727e+01
      vertex   -3.291492e+01 2.666667e+00 -6.166727e+01
      vertex   -3.258933e+01 -3.666667e+00 -6.153240e+01
    endloop
  endfacet
  facet normal 3.826834e-01 0.000000e+00 -9.238795e-01
    outer loop
      vertex   -3.258933e+01 -3.666667e+00 -6.153240e+01
      vertex   -3.291492e+01 2.666667e+00 -6.166727e+01
      vertex   -3.258933e+01 2.666667e+00 -6.153240e+01
    endloop
  endfacet
  facet normal 1.305262e-01 0.000000e+00 -9.914449e-01
    outer loop
      vertex   -3.258933e+01 -3.666667e+00 -6.153240e+01
      vertex   -3.258933e+01 2.666667e+00 -6.153240e+01
      vertex   -3.223992e+01 -3.666667e+00 -6.148640e+01
    endloop
  endfacet
  facet normal 1.305262e-01 0.000000e+00 -9.914449e-01
    outer loop
      vertex   -3.223992e+01 -3.666667e+00 -6.148640e+01
      vertex   -3.258933e+01 2.666667e+00 -6.153240e+01
      vertex   -3.223992e+01 2.666667e+00 -6.148640e+01
    endloop
  endfacet
  facet normal -1.305262e-01 0.000000e+00 -9.914449e-01
    outer loop
      vertex   -3.223992e+01 -3.666667e+00 -6.148640e+01
      vertex   -3.223992e+01 2.666667e+00 -6.148640e+01
      vertex   -3.189052e+01 -3.666667e+00 -6.153240e+01
    endloop
  endfacet
  facet normal -1.305262e-01 0.000000e+00 -9.914449e-01
    outer loop
      vertex   -3.189052e+01 -3.666667e+00 -6.153240e+01
      vertex   -3.223992e+01 2.666667e+00 -6.148640e+01
      vertex   -3.189052e+01 2.666667e+00 -6.153240e+01
    endloop
  endfacet
  facet normal -3.826834e-01 0.000000e+00 -9.238795e-01
    outer loop
      vertex   -3.189052e+01 -3.666667e+00 -6.153240e+01
      vertex   -3.189052e+01 2.666667e+00 -6.153240e+01
      vertex   -3.156492e+01 -3.666667e+00 -6.166727e+01
    endloop
  endfacet
  facet normal -3.826834e-01 0.000000e+00 -9.238795e-01
    outer loop
      vertex   -3.156492e+01 -3.666667e+00 -6.166727e+01
      vertex   -3.189052e+01 2.666667e+00 -6.153240e+01
      vertex   -3.156492e+01 2.666667e+00 -6.166727e+01
    endloop
  endfacet
  facet normal -6.087614e-01 0.000000e+00 -7.933533e-01
    outer loop
      vertex   -3.156492e+01 -3.666667e+00 -6.166727e+01
      vertex   -3.156492e+01 2.666667e+00 -6.166727e+01
      vertex   -3.128533e+01 -3.666667e+00 -6.188181e+01
    endloop
  endfacet
  facet normal -6.087614e-01 0.000000e+00 -7.933533e-01
    outer loop
      vertex   -3.128533e+01 -3.666667e+00 -6.188181e+01
      vertex   -3.156492e+01 2.666667e+00 -6.166727e+01
      vertex   -3.128533e+01 2.666667e+00 -6.188181e+01
    endloop
  endfacet
  facet normal -7.933533e-01 0.000000e+00 -6.087614e-01
    outer loop
      vertex   -3.128533e+01 -3.666667e+00 -6.188181e+01
      vertex   -3.128533e+01 2.666667e+00 -6.188181e+01
      vertex   -3.107079e+01 -3.666667e+00 -6.216140e+01
    endloop
  endfacet
  facet normal -7.933533e-01 0.000000e+00 -6.087614e-01
    outer loop
      vertex   -3.107079e+01 -3.666667e+00 -6.216140e+01
      vertex   -3.128533e+01 2.666667e+00 -6.188181e+01
      vertex   -3.107079e+01 2.666667e+00 -6.216140e+01
    endloop
  endfacet
  facet normal -9.238795e-01 0.000000e+00 -3.826834e-01
    outer loop
      vertex   -3.107079e+01 -3.666667e+00 -6.216140e+01
      vertex   -3.107079e+01 2.666667e+00 -6.216140e+01
      vertex   -3.093592e+01 -3.666667e+00 -6.248700e+01
    endloop
  endfacet
  facet normal -9.238795e-01 0.000000e+00 -3.826834e-01
    outer loop
      vertex   -3.093592e+01 -3.666667e+00 -6.248700e+01
      vertex   -3.107079e+01 2.666667e+00 -6.216140e+01
      vertex   -3.093592e+01 2.666667e+00 -6.248700e+01
    endloop
  endfacet
  facet normal -9.914449e-01 0.000000e+00 -1.305262e-01
    outer loop
      vertex   -3.093592e+01 -3.666667e+00 -6.248700e+01
      vertex   -3.093592e+01 2.666667e+00 -6.248700e+01
      vertex   -3.088992e+01 -3.666667e+00 -6.283640e+01
    endloop
  endfacet
  facet normal -9.914449e-01 0.000000e+00 -1.305262e-01
    outer loop
      vertex   -3.088992e+01 -3.666667e+00 -6.283640e+01
      vertex   -3.093592e+01 2.666667e+00 -6.248700e+01
      vertex   -3.088992e+01 2.666667e+00 -6.283640e+01
    endloop
  endfacet
  facet normal -9.914449e-01 0.000000e+00 1.305262e-01
    outer loop
      vertex   -3.088992e+01 -3.666667e+00 -6.283640e+01
      vertex   -3.088992e+01 2.666667e+00 -6.283640e+01
      vertex   -3.093592e+01 -3.666667e+00 -6.318581e+01
    endloop
  endfacet
  facet normal -9.914449e-01 0.000000e+00 1.305262e-01
    outer loop
      vertex   -3.093592e+01 -3.666667e+00 -6.318581e+01
      vertex   -3.088992e+01 2.666667e+00 -6.283640e+01
      vertex   -3.093592e+01 2.666667e+00 -6.318581e+01
    endloop
  endfacet
  facet normal -9.238795e-01 0.000000e+00 3.826834e-01
    outer loop
      vertex   -3.093592e+01 -3.666667e+00 -6.318581e+01
      vertex   -3.093592e+01 2.666667e+00 -6.318581e+01
      vertex   -3.107079e+01 -3.666667e+00 -6.351140e+01
    endloop
  endfacet
  facet normal -9.238795e-01 0.000000e+00 3.826834e-01
    outer loop
      vertex   -3.107079e+01 -3.666667e+00 -6.351140e+01
      vertex   -3.093592e+01 2.666667e+00 -6.318581e+01
      vertex   -3.107079e+01 2.666667e+00 -6.351140e+01
    endloop
  endfacet
  facet normal 9.914449e-01 0.000000e+00 1.305262e-01
    outer loop
      vertex   -3.358992e+01 2.666667e+00 -6.283640e+01
      vertex   -3.358992e+01 -3.666667e+00 -6.283640e+01
      vertex   -3.354392e+01 2.666667e+00 -6.318581e+01
    endloop
  endfacet
  facet normal 9.914449e-01 0.000000e+00 1.305262e-01
    outer loop
      vertex   -3.354392e+01 2.666667e+00 -6.318581e+01
      vertex   -3.358992e+01 -3.666667e+00 -6.283640e+01
      vertex   -3.354392e+01 -3.666667e+00 -6.318581e+01
    endloop
  endfacet
  facet normal 9.238795e-01 0.000000e+00 3.826834e-01
    outer loop
      vertex   -3.354392e+01 2.666667e+00 -6.318581e+01
      vertex   -3.354392e+01 -3.666667e+00 -6.318581e+01
      vertex   -3.340906e+01 2.666667e+00 -6.351140e+01
    endloop
  endfacet
  facet normal -2.171740e-01 0.000000e+00 9.761329e-01
    outer loop
      vertex   -3.189052e+01 -1.000000e+01 -6.414040e+01
      vertex   -3.189052e+01 -3.666667e+00 -6.414040e+01
      vertex   -3.200202e+01 -3.422104e+00 -6.416521e+01
    endloop
  endfacet
  facet normal 3.029369e-01 -0.000000e+00 9.530106e-01
    outer loop
      vertex   -3.258933e+01 -1.000000e+01 -6.414040e+01
      vertex   -3.258933e+01 -3.666667e+00 -6.414040e+01
      vertex   -3.270522e+01 -3.354255e+00 -6.410356e+01
    endloop
  endfacet
  facet normal 0.000000e+00 -1.000000e+00 0.000000e+00
    outer loop
      vertex   -3.354392e+01 9.000000e+00 -6.318581e+01
      vertex   -3.093592e+01 9.000000e+00 -6.318581e+01
      vertex   -3.358992e+01 9.000000e+00 -6.283640e+01
    endloop
  endfacet
  facet normal 0.000000e+00 -1.000000e+00 0.000000e+00
    outer loop
      vertex   -3.358992e+01 9.000000e+00 -6.283640e+01
      vertex   -3.093592e+01 9.000000e+00 -6.318581e+01
      vertex   -3.088992e+01 9.000000e+00 -6.283640e+01
    endloop
  endfacet
  facet normal 0.000000e+00 -1.000000e+00 0.000000e+00
    outer loop
      vertex   -3.358992e+01 9.000000e+00 -6.283640e+01
      vertex   -3.088992e+01 9.000000e+00 -6.283640e+01
      vertex   -3.354392e+01 9.000000e+00 -6.248700e+01
    endloop
  endfacet
  facet normal 0.000000e+00 -1.000000e+00 0.000000e+00
    outer loop
      vertex   -3.354392e+01 9.000000e+00 -6.248700e+01
      vertex   -3.088992e+01 9.000000e+00 -6.283640e+01
      vertex   -3.093592e+01 9.000000e+00 -6.248700e+01
    endloop
  endfacet
  facet normal 0.000000e+00 -1.000000e+00 0.000000e+00
    outer loop
      vertex   -3.354392e+01 9.000000e+00 -6.248700e+01
      vertex   -3.093592e+01 9.000000e+00 -6.248700e+01
      vertex   -3.340906e+01 9.000000e+00 -6.216140e+01
    endloop
  endfacet
  facet normal 0.000000e+00 -1.000000e+00 0.000000e+00
    outer loop
      vertex   -3.340906e+01 9.000000e+00 -6.216140e+01
      vertex   -3.093592e+01 9.000000e+00 -6.248700e+01
      vertex   -3.107079e+01 9.000000e+00 -6.216140e+01
    endloop
  endfacet
  facet normal 0.000000e+00 -1.000000e+00 0.000000e+00
    outer loop
      vertex   -3.340906e+01 9.000000e+00 -6.216140e+01
      vertex   -3.107079e+01 9.000000e+00 -6.216140e+01
      vertex   -3.319452e+01 9.000000e+00 -6.188181e+01
    endloop
  endfacet
  facet normal 0.000000e+00 -1.000000e+00 0.000000e+00
    outer loop
      vertex   -3.319452e+01 9.000000e+00 -6.188181e+01
      vertex   -3.107079e+01 9.000000e+00 -6.216140e+01
      vertex   -3.128533e+01 9.000000e+00 -6.188181e+01
    endloop
  endfacet
  facet normal 0.000000e+00 -1.000000e+00 0.000000e+00
    outer loop
      vertex   -3.319452e+01 9.000000e+00 -6.188181e+01
      vertex   -3.128533e+01 9.000000e+00 -6.188181e+01
      vertex   -3.291492e+01 9.000000e+00 -6.166727e+01
    endloop
  endfacet
  facet normal 0.000000e+00 -1.000000e+00 0.000000e+00
    outer loop
      vertex   -3.291492e+01 9.000000e+00 -6.166727e+01
      vertex   -3.128533e+01 9.000000e+00 -6.188181e+01
      vertex   -3.156492e+01 9.000000e+00 -6.166727e+01
    endloop
  endfacet
  facet normal 0.000000e+00 -1.000000e+00 0.000000e+00
    outer loop
      vertex   -3.291492e+01 9.000000e+00 -6.166727e+01
      vertex   -3.156492e+01 9.000000e+00 -6.166727e+01
      vertex   -3.258933e+01 9.000000e+00 -6.153240e+01
    endloop
  endfacet
  facet normal 0.000000e+00 -1.000000e+00 0.000000e+00
    outer loop
      vertex   -3.258933e+01 9.000000e+00 -6.153240e+01
      vertex   -3.156492e+01 9.000000e+00 -6.166727e+01
      vertex   -3.189052e+01 9.000000e+00 -6.153240e+01
    endloop
  endfacet
  facet normal 0.000000e+00 -1.000000e+00 0.000000e+00
    outer loop
      vertex   -3.258933e+01 9.000000e+00 -6.153240e+01
      vertex   -3.189052e+01 9.000000e+00 -6.153240e+01
      vertex   -3.223992e+01 9.000000e+00 -6.148640e+01
    endloop
  endfacet
  facet normal -0.000000e+00 -1.000000e+00 0.000000e+00
    outer loop
      vertex   -3.093592e+01 9.000000e+00 -6.318581e+01
      vertex   -3.354392e+01 9.000000e+00 -6.318581e+01
      vertex   -3.107079e+01 9.000000e+00 -6.351140e+01
    endloop
  endfacet
  facet normal 0.000000e+00 -1.000000e+00 0.000000e+00
    outer loop
      vertex   -3.107079e+01 9.000000e+00 -6.351140e+01
      vertex   -3.354392e+01 9.000000e+00 -6.318581e+01
      vertex   -3.340906e+01 9.000000e+00 -6.351140e+01
    endloop
  endfacet
  facet normal -0.000000e+00 -1.000000e+00 0.000000e+00
    outer loop
      vertex   -3.107079e+01 9.000000e+00 -6.351140e+01
      vertex   -3.340906e+01 9.000000e+00 -6.351140e+01
      vertex   -3.128533e+01 9.000000e+00 -6.379100e+01
    endloop
  endfacet
  facet normal 0.000000e+00 -1.000000e+00 0.000000e+00
    outer loop
      vertex   -3.128533e+01 9.000000e+00 -6.379100e+01
      vertex   -3.340906e+01 9.000000e+00 -6.351140e+01
      vertex   -3.319452e+01 9.000000e+00 -6.379100e+01
    endloop
  endfacet
  facet normal -0.000000e+00 -1.000000e+00 0.000000e+00
    outer loop
      vertex   -3.128533e+01 9.000000e+00 -6.379100e+01
      vertex   -3.319452e+01 9.000000e+00 -6.379100e+01
      vertex   -3.156492e+01 9.000000e+00 -6.400554e+01
    endloop
  endfacet
  facet normal 0.000000e+00 -1.000000e+00 0.000000e+00
    outer loop
      vertex   -3.156492e+01 9.000000e+00 -6.400554e+01
      vertex   -3.319452e+01 9.000000e+00 -6.379100e+01
      vertex   -3.291492e+01 9.000000e+00 -6.400554e+01
    endloop
  endfacet
  facet normal -0.000000e+00 -1.000000e+00 0.000000e+00
    outer loop
      vertex   -3.156492e+01 9.000000e+00 -6.400554e+01
      vertex   -3.291492e+01 9.000000e+00 -6.400554e+01
      vertex   -3.189052e+01 9.000000e+00 -6.414040e+01
    endloop
  endfacet
  facet normal 0.000000e+00 -1.000000e+00 0.000000e+00
    outer loop
      vertex   -3.189052e+01 9.000000e+00 -6.414040e+01
      vertex   -3.291492e+01 9.000000e+00 -6.400554e+01
      vertex   -3.258933e+01 9.000000e+00 -6.414040e+01
    endloop
  endfacet
  facet normal -0.000000e+00 -1.000000e+00 0.000000e+00
    outer loop
      vertex   -3.189052e+01 9.000000e+00 -6.414040e+01
      vertex   -3.258933e+01 9.000000e+00 -6.414040e+01
      vertex   -3.223992e+01 9.000000e+00 -6.418640e+01
    endloop
  endfacet
  facet normal 9.914449e-01 -3.660965e-17 1.305262e-01
    outer loop
      vertex   5.593622e+01 -1.000000e+01 1.289081e+01
      vertex   5.593622e+01 -3.666667e+00 1.289081e+01
      vertex   5.589022e+01 -1.000000e+01 1.324022e+01
    endloop
  endfacet
  facet normal 9.914449e-01 -0.000000e+00 1.305262e-01
    outer loop
      vertex   5.589022e+01 -1.000000e+01 1.324022e+01
      vertex   5.593622e+01 -3.666667e+00 1.289081e+01
      vertex   5.589022e+01 -3.666667e+00 1.324022e+01
    endloop
  endfacet
  facet normal 9.914449e-01 0.000000e+00 -1.305262e-01
    outer loop
      vertex   5.589022e+01 -1.000000e+01 1.324022e+01
      vertex   5.589022e+01 -3.666667e+00 1.324022e+01
      vertex   5.593622e+01 -1.000000e+01 1.358962e+01
    endloop
  endfacet
  facet normal 9.914449e-01 0.000000e+00 -1.305262e-01
    outer loop
      vertex   5.593622e+01 -1.000000e+01 1.358962e+01
      vertex   5.589022e+01 -3.666667e+00 1.324022e+01
      vertex   5.593622e+01 -3.666667e+00 1.358962e+01
    endloop
  endfacet
  facet normal 9.238795e-01 0.000000e+00 -3.826834e-01
    outer loop
      vertex   5.593622e+01 -1.000000e+01 1.358962e+01
      vertex   5.593622e+01 -3.666667e+00 1.358962e+01
      vertex   5.607108e+01 -1.000000e+01 1.391522e+01
    endloop
  endfacet
  facet normal 9.238795e-01 0.000000e+00 -3.826834e-01
    outer loop
      vertex   5.607108e+01 -1.000000e+01 1.391522e+01
      vertex   5.593622e+01 -3.666667e+00 1.358962e+01
      vertex   5.607108e+01 -3.666667e+00 1.391522e+01
    endloop
  endfacet
  facet normal 7.933533e-01 0.000000e+00 -6.087614e-01
    outer loop
      vertex   5.607108e+01 -1.000000e+01 1.391522e+01
      vertex   5.607108e+01 -3.666667e+00 1.391522e+01
      vertex   5.628562e+01 -1.000000e+01 1.419481e+01
    endloop
  endfacet
  facet normal 7.933533e-01 0.000000e+00 -6.087614e-01
    outer loop
      vertex   5.628562e+01 -1.000000e+01 1.419481e+01
      vertex   5.607108e+01 -3.666667e+00 1.391522e+01
      vertex   5.628562e+01 -3.666667e+00 1.419481e+01
    endloop
  endfacet
  facet normal 6.087614e-01 0.000000e+00 -7.933533e-01
    outer loop
      vertex   5.628562e+01 -1.000000e+01 1.419481e+01
      vertex   5.628562e+01 -3.666667e+00 1.419481e+01
      vertex   5.656522e+01 -1.000000e+01 1.440935e+01
    endloop
  endfacet
  facet normal 6.087614e-01 0.000000e+00 -7.933533e-01
    outer loop
      vertex   5.656522e+01 -1.000000e+01 1.440935e+01
      vertex   5.628562e+01 -3.666667e+00 1.419481e+01
      vertex   5.656522e+01 -3.666667e+00 1.440935e+01
    endloop
  endfacet
  facet normal 3.826834e-01 0.000000e+00 -9.238795e-01
    outer loop
      vertex   5.656522e+01 -1.000000e+01 1.440935e+01
      vertex   5.656522e+01 -3.666667e+00 1.440935e+01
      vertex   5.689081e+01 -1.000000e+01 1.454422e+01
    endloop
  endfacet
  facet normal 3.826834e-01 2.591273e-16 -9.238795e-01
    outer loop
      vertex   5.689081e+01 -1.000000e+01 1.454422e+01
      vertex   5.656522e+01 -3.666667e+00 1.440935e+01
      vertex   5.689081e+01 -3.666667e+00 1.454422e+01
    endloop
  endfacet
  facet normal 1.305262e-01 2.780779e-16 -9.914449e-01
    outer loop
      vertex   5.689081e+01 -1.000000e+01 1.454422e+01
      vertex   5.689081e+01 -3.666667e+00 1.454422e+01
      vertex   5.724022e+01 -1.000000e+01 1.459022e+01
    endloop
  endfacet
  facet normal 1.305262e-01 0.000000e+00 -9.914449e-01
    outer loop
      vertex   5.724022e+01 -1.000000e+01 1.459022e+01
      vertex   5.689081e+01 -3.666667e+00 1.454422e+01
      vertex   5.724022e+01 -3.666667e+00 1.459022e+01
    endloop
  endfacet
  facet normal -1.305262e-01 0.000000e+00 -9.914449e-01
    outer loop
      vertex   5.724022e+01 -1.000000e+01 1.459022e+01
      vertex   5.724022e+01 -3.666667e+00 1.459022e+01
      vertex   5.758962e+01 -1.000000e+01 1.454422e+01
    endloop
  endfacet
  facet normal -1.305262e-01 2.780779e-16 -9.914449e-01
    outer loop
      vertex   5.758962e+01 -1.000000e+01 1.454422e+01
      vertex   5.724022e+01 -3.666667e+00 1.459022e+01
      vertex   5.758962e+01 -3.666667e+00 1.454422e+01
    endloop
  endfacet
  facet normal -3.826834e-01 2.591273e-16 -9.238795e-01
    outer loop
      vertex   5.758962e+01 -1.000000e+01 1.454422e+01
      vertex   5.758962e+01 -3.666667e+00 1.454422e+01
      vertex   5.791522e+01 -1.000000e+01 1.440935e+01
    endloop
  endfacet
  facet normal -3.826834e-01 0.000000e+00 -9.238795e-01
    outer loop
      vertex   5.791522e+01 -1.000000e+01 1.440935e+01
      vertex   5.758962e+01 -3.666667e+00 1.454422e+01
      vertex   5.791522e+01 -3.666667e+00 1.440935e+01
    endloop
  endfacet
  facet normal -6.087614e-01 0.000000e+00 -7.933533e-01
    outer loop
      vertex   5.791522e+01 -1.000000e+01 1.440935e+01
      vertex   5.791522e+01 -3.666667e+00 1.440935e+01
      vertex   5.819481e+01 -1.000000e+01 1.419481e+01
    endloop
  endfacet
  facet normal -6.087614e-01 0.000000e+00 -7.933533e-01
    outer loop
      vertex   5.819481e+01 -1.000000e+01 1.419481e+01
      vertex   5.791522e+01 -3.666667e+00 1.440935e+01
      vertex   5.819481e+01 -3.666667e+00 1.419481e+01
    endloop
  endfacet
  facet normal -7.933533e-01 0.000000e+00 -6.087614e-01
    outer loop
      vertex   5.819481e+01 -1.000000e+01 1.419481e+01
      vertex   5.819481e+01 -3.666667e+00 1.419481e+01
      vertex   5.840935e+01 -1.000000e+01 1.391522e+01
    endloop
  endfacet
  facet normal -7.933533e-01 0.000000e+00 -6.087614e-01
    outer loop
      vertex   5.840935e+01 -1.000000e+01 1.391522e+01
      vertex   5.819481e+01 -3.666667e+00 1.419481e+01
      vertex   5.840935e+01 -3.666667e+00 1.391522e+01
    endloop
  endfacet
  facet normal -9.238795e-01 0.000000e+00 -3.826834e-01
    outer loop
      vertex   5.840935e+01 -1.000000e+01 1.391522e+01
      vertex   5.840935e+01 -3.666667e+00 1.391522e+01
      vertex   5.854422e+01 -1.000000e+01 1.358962e+01
    endloop
  endfacet
  facet normal -9.238795e-01 0.000000e+00 -3.826834e-01
    outer loop
      vertex   5.854422e+01 -1.000000e+01 1.358962e+01
      vertex   5.840935e+01 -3.666667e+00 1.391522e+01
      vertex   5.854422e+01 -3.666667e+00 1.358962e+01
    endloop
  endfacet
  facet normal -9.914449e-01 0.000000e+00 -1.305262e-01
    outer loop
      vertex   5.854422e+01 -1.000000e+01 1.358962e+01
      vertex   5.854422e+01 -3.666667e+00 1.358962e+01
      vertex   5.859022e+01 -1.000000e+01 1.324022e+01
    endloop
  endfacet
  facet normal -9.914449e-01 0.000000e+00 -1.305262e-01
    outer loop
      vertex   5.859022e+01 -1.000000e+01 1.324022e+01
      vertex   5.854422e+01 -3.666667e+00 1.358962e+01
      vertex   5.859022e+01 -3.666667e+00 1.324022e+01
    endloop
  endfacet
  facet normal -9.914449e-01 0.000000e+00 1.305262e-01
    outer loop
      vertex   5.859022e+01 -1.000000e+01 1.324022e+01
      vertex   5.859022e+01 -3.666667e+00 1.324022e+01
      vertex   5.854422e+01 -1.000000e+01 1.289081e+01
    endloop
  endfacet
  facet normal -9.914449e-01 0.000000e+00 1.305262e-01
    outer loop
      vertex   5.854422e+01 -1.000000e+01 1.289081e+01
      vertex   5.859022e+01 -3.666667e+00 1.324022e+01
      vertex   5.854422e+01 -3.666667e+00 1.289081e+01
    endloop
  endfacet
  facet normal -9.238795e-01 0.000000e+00 3.826834e-01
    outer loop
      vertex   5.854422e+01 -1.000000e+01 1.289081e+01
      vertex   5.854422e+01 -3.666667e+00 1.289081e+01
      vertex   5.840935e+01 -1.000000e+01 1.256522e+01
    endloop
  endfacet
  facet normal -9.238795e-01 0.000000e+00 3.826834e-01
    outer loop
      vertex   5.840935e+01 -1.000000e+01 1.256522e+01
      vertex   5.854422e+01 -3.666667e+00 1.289081e+01
      vertex   5.840935e+01 -3.666667e+00 1.256522e+01
    endloop
  endfacet
  facet normal -7.933533e-01 0.000000e+00 6.087614e-01
    outer loop
      vertex   5.840935e+01 -1.000000e+01 1.256522e+01
      vertex   5.840935e+01 -3.666667e+00 1.256522e+01
      vertex   5.819481e+01 -1.000000e+01 1.228562e+01
    endloop
  endfacet
  facet normal -7.933533e-01 0.000000e+00 6.087614e-01
    outer loop
      vertex   5.819481e+01 -1.000000e+01 1.228562e+01
      vertex   5.840935e+01 -3.666667e+00 1.256522e+01
      vertex   5.819481e+01 -3.666667e+00 1.228562e+01
    endloop
  endfacet
  facet normal -6.087614e-01 0.000000e+00 7.933533e-01
    outer loop
      vertex   5.819481e+01 -1.000000e+01 1.228562e+01
      vertex   5.819481e+01 -3.666667e+00 1.228562e+01
      vertex   5.791522e+01 -1.000000e+01 1.207108e+01
    endloop
  endfacet
  facet normal -6.087614e-01 0.000000e+00 7.933533e-01
    outer loop
      vertex   5.791522e+01 -1.000000e+01 1.207108e+01
      vertex   5.819481e+01 -3.666667e+00 1.228562e+01
      vertex   5.791522e+01 -3.666667e+00 1.207108e+01
    endloop
  endfacet
  facet normal -3.826834e-01 0.000000e+00 9.238795e-01
    outer loop
      vertex   5.791522e+01 -1.000000e+01 1.207108e+01
      vertex   5.791522e+01 -3.666667e+00 1.207108e+01
      vertex   5.758962e+01 -1.000000e+01 1.193622e+01
    endloop
  endfacet
  facet normal -3.826834e-01 5.182547e-16 9.238795e-01
    outer loop
      vertex   5.758962e+01 -1.000000e+01 1.193622e+01
      vertex   5.791522e+01 -3.666667e+00 1.207108e+01
      vertex   5.758962e+01 -3.666667e+00 1.193622e+01
    endloop
  endfacet
  facet normal -1.305262e-01 5.561557e-16 9.914449e-01
    outer loop
      vertex   5.758962e+01 -1.000000e+01 1.193622e+01
      vertex   5.758962e+01 -3.666667e+00 1.193622e+01
      vertex   5.724022e+01 -1.000000e+01 1.189022e+01
    endloop
  endfacet
  facet normal -1.305262e-01 0.000000e+00 9.914449e-01
    outer loop
      vertex   5.724022e+01 -1.000000e+01 1.189022e+01
      vertex   5.758962e+01 -3.666667e+00 1.193622e+01
      vertex   5.724022e+01 -3.666667e+00 1.189022e+01
    endloop
  endfacet
  facet normal 1.305262e-01 -0.000000e+00 9.914449e-01
    outer loop
      vertex   5.724022e+01 -1.000000e+01 1.189022e+01
      vertex   5.724022e+01 -3.666667e+00 1.189022e+01
      vertex   5.689081e+01 -1.000000e+01 1.193622e+01
    endloop
  endfacet
  facet normal 1.305262e-01 5.561557e-16 9.914449e-01
    outer loop
      vertex   5.689081e+01 -1.000000e+01 1.193622e+01
      vertex   5.724022e+01 -3.666667e+00 1.189022e+01
      vertex   5.689081e+01 -3.666667e+00 1.193622e+01
    endloop
  endfacet
  facet normal 3.826834e-01 5.182547e-16 9.238795e-01
    outer loop
      vertex   5.689081e+01 -1.000000e+01 1.193622e+01
      vertex   5.689081e+01 -3.666667e+00 1.193622e+01
      vertex   5.656522e+01 -1.000000e+01 1.207108e+01
    endloop
  endfacet
  facet normal 3.826834e-01 -0.000000e+00 9.238795e-01
    outer loop
      vertex   5.656522e+01 -1.000000e+01 1.207108e+01
      vertex   5.689081e+01 -3.666667e+00 1.193622e+01
      vertex   5.656522e+01 -3.666667e+00 1.207108e+01
    endloop
  endfacet
  facet normal 6.087614e-01 -0.000000e+00 7.933533e-01
    outer loop
      vertex   5.656522e+01 -1.000000e+01 1.207108e+01
      vertex   5.656522e+01 -3.666667e+00 1.207108e+01
      vertex   5.628562e+01 -1.000000e+01 1.228562e+01
    endloop
  endfacet
  facet normal 6.087614e-01 -0.000000e+00 7.933533e-01
    outer loop
      vertex   5.628562e+01 -1.000000e+01 1.228562e+01
      vertex   5.656522e+01 -3.666667e+00 1.207108e+01
      vertex   5.628562e+01 -3.666667e+00 1.228562e+01
    endloop
  endfacet
  facet normal 7.933533e-01 -0.000000e+00 6.087614e-01
    outer loop
      vertex   5.628562e+01 -1.000000e+01 1.228562e+01
      vertex   5.628562e+01 -3.666667e+00 1.228562e+01
      vertex   5.607108e+01 -1.000000e+01 1.256522e+01
    endloop
  endfacet
  facet normal 7.933533e-01 -0.000000e+00 6.087614e-01
    outer loop
      vertex   5.607108e+01 -1.000000e+01 1.256522e+01
      vertex   5.628562e+01 -3.666667e+00 1.228562e+01
      vertex   5.607108e+01 -3.666667e+00 1.256522e+01
    endloop
  endfacet
  facet normal 9.238795e-01 -0.000000e+00 3.826834e-01
    outer loop
      vertex   5.607108e+01 -1.000000e+01 1.256522e+01
      vertex   5.607108e+01 -3.666667e+00 1.256522e+01
      vertex   5.593622e+01 -1.000000e+01 1.289081e+01
    endloop
  endfacet
  facet normal 9.238795e-01 -1.073341e-16 3.826834e-01
    outer loop
      vertex   5.593622e+01 -1.000000e+01 1.289081e+01
      vertex   5.607108e+01 -3.666667e+00 1.256522e+01
      vertex   5.593622e+01 -3.666667e+00 1.289081e+01
    endloop
  endfacet
  facet normal 9.914449e-01 0.000000e+00 -1.305262e-01
    outer loop
      vertex   5.593622e+01 9.000000e+00 1.358962e+01
      vertex   5.593622e+01 2.666667e+00 1.358962e+01
      vertex   5.589022e+01 9.000000e+00 1.324022e+01
    endloop
  endfacet
  facet normal 9.914449e-01 0.000000e+00 -1.305262e-01
    outer loop
      vertex   5.589022e+01 9.000000e+00 1.324022e+01
      vertex   5.593622e+01 2.666667e+00 1.358962e+01
      vertex   5.589022e+01 2.666667e+00 1.324022e+01
    endloop
  endfacet
  facet normal 9.914449e-01 0.000000e+00 1.305262e-01
    outer loop
      vertex   5.589022e+01 9.000000e+00 1.324022e+01
      vertex   5.589022e+01 2.666667e+00 1.324022e+01
      vertex   5.593622e+01 9.000000e+00 1.289081e+01
    endloop
  endfacet
  facet normal 9.914449e-01 3.660965e-17 1.305262e-01
    outer loop
      vertex   5.593622e+01 9.000000e+00 1.289081e+01
      vertex   5.589022e+01 2.666667e+00 1.324022e+01
      vertex   5.593622e+01 2.666667e+00 1.289081e+01
    endloop
  endfacet
  facet normal 9.238795e-01 1.073341e-16 3.826834e-01
    outer loop
      vertex   5.593622e+01 9.000000e+00 1.289081e+01
      vertex   5.593622e+01 2.666667e+00 1.289081e+01
      vertex   5.607108e+01 9.000000e+00 1.256522e+01
    endloop
  endfacet
  facet normal 9.238795e-01 0.000000e+00 3.826834e-01
    outer loop
      vertex   5.607108e+01 9.000000e+00 1.256522e+01
      vertex   5.593622e+01 2.666667e+00 1.289081e+01
      vertex   5.607108e+01 2.666667e+00 1.256522e+01
    endloop
  endfacet
  facet normal 7.933533e-01 0.000000e+00 6.087614e-01
    outer loop
      vertex   5.607108e+01 9.000000e+00 1.256522e+01
      vertex   5.607108e+01 2.666667e+00 1.256522e+01
      vertex   5.628562e+01 9.000000e+00 1.228562e+01
    endloop
  endfacet
  facet normal 7.933533e-01 0.000000e+00 6.087614e-01
    outer loop
      vertex   5.628562e+01 9.000000e+00 1.228562e+01
      vertex   5.607108e+01 2.666667e+00 1.256522e+01
      vertex   5.628562e+01 2.666667e+00 1.228562e+01
    endloop
  endfacet
  facet normal 6.087614e-01 0.000000e+00 7.933533e-01
    outer loop
      vertex   5.628562e+01 9.000000e+00 1.228562e+01
      vertex   5.628562e+01 2.666667e+00 1.228562e+01
      vertex   5.656522e+01 9.000000e+00 1.207108e+01
    endloop
  endfacet
  facet normal 6.087614e-01 0.000000e+00 7.933533e-01
    outer loop
      vertex   5.656522e+01 9.000000e+00 1.207108e+01
      vertex   5.628562e+01 2.666667e+00 1.228562e+01
      vertex   5.656522e+01 2.666667e+00 1.207108e+01
    endloop
  endfacet
  facet normal 3.826834e-01 0.000000e+00 9.238795e-01
    outer loop
      vertex   5.656522e+01 9.000000e+00 1.207108e+01
      vertex   5.656522e+01 2.666667e+00 1.207108e+01
      vertex   5.689081e+01 9.000000e+00 1.193622e+01
    endloop
  endfacet
  facet normal 3.826834e-01 -5.182547e-16 9.238795e-01
    outer loop
      vertex   5.689081e+01 9.000000e+00 1.193622e+01
      vertex   5.656522e+01 2.666667e+00 1.207108e+01
      vertex   5.689081e+01 2.666667e+00 1.193622e+01
    endloop
  endfacet
  facet normal 1.305262e-01 -5.561557e-16 9.914449e-01
    outer loop
      vertex   5.689081e+01 9.000000e+00 1.193622e+01
      vertex   5.689081e+01 2.666667e+00 1.193622e+01
      vertex   5.724022e+01 9.000000e+00 1.189022e+01
    endloop
  endfacet
  facet normal 1.305262e-01 0.000000e+00 9.914449e-01
    outer loop
      vertex   5.724022e+01 9.000000e+00 1.189022e+01
      vertex   5.689081e+01 2.666667e+00 1.193622e+01
      vertex   5.724022e+01 2.666667e+00 1.189022e+01
    endloop
  endfacet
  facet normal -1.305262e-01 0.000000e+00 9.914449e-01
    outer loop
      vertex   5.724022e+01 9.000000e+00 1.189022e+01
      vertex   5.724022e+01 2.666667e+00 1.189022e+01
      vertex   5.758962e+01 9.000000e+00 1.193622e+01
    endloop
  endfacet
  facet normal -1.305262e-01 -5.561557e-16 9.914449e-01
    outer loop
      vertex   5.758962e+01 9.000000e+00 1.193622e+01
      vertex   5.724022e+01 2.666667e+00 1.189022e+01
      vertex   5.758962e+01 2.666667e+00 1.193622e+01
    endloop
  endfacet
  facet normal -3.826834e-01 -5.182547e-16 9.238795e-01
    outer loop
      vertex   5.758962e+01 9.000000e+00 1.193622e+01
      vertex   5.758962e+01 2.666667e+00 1.193622e+01
      vertex   5.791522e+01 9.000000e+00 1.207108e+01
    endloop
  endfacet
  facet normal -3.826834e-01 0.000000e+00 9.238795e-01
    outer loop
      vertex   5.791522e+01 9.000000e+00 1.207108e+01
      vertex   5.758962e+01 2.666667e+00 1.193622e+01
      vertex   5.791522e+01 2.666667e+00 1.207108e+01
    endloop
  endfacet
  facet normal -6.087614e-01 0.000000e+00 7.933533e-01
    outer loop
      vertex   5.791522e+01 9.000000e+00 1.207108e+01
      vertex   5.791522e+01 2.666667e+00 1.207108e+01
      vertex   5.819481e+01 9.000000e+00 1.228562e+01
    endloop
  endfacet
  facet normal -6.087614e-01 0.000000e+00 7.933533e-01
    outer loop
      vertex   5.819481e+01 9.000000e+00 1.228562e+01
      vertex   5.791522e+01 2.666667e+00 1.207108e+01
      vertex   5.819481e+01 2.666667e+00 1.228562e+01
    endloop
  endfacet
  facet normal -7.933533e-01 0.000000e+00 6.087614e-01
    outer loop
      vertex   5.819481e+01 9.000000e+00 1.228562e+01
      vertex   5.819481e+01 2.666667e+00 1.228562e+01
      vertex   5.840935e+01 9.000000e+00 1.256522e+01
    endloop
  endfacet
  facet normal -7.933533e-01 0.000000e+00 6.087614e-01
    outer loop
      vertex   5.840935e+01 9.000000e+00 1.256522e+01
      vertex   5.819481e+01 2.666667e+00 1.228562e+01
      vertex   5.840935e+01 2.666667e+00 1.256522e+01
    endloop
  endfacet
  facet normal -9.238795e-01 0.000000e+00 3.826834e-01
    outer loop
      vertex   5.840935e+01 9.000000e+00 1.256522e+01
      vertex   5.840935e+01 2.666667e+00 1.256522e+01
      vertex   5.854422e+01 9.000000e+00 1.289081e+01
    endloop
  endfacet
  facet normal -9.238795e-01 0.000000e+00 3.826834e-01
    outer loop
      vertex   5.854422e+01 9.000000e+00 1.289081e+01
      vertex   5.840935e+01 2.666667e+00 1.256522e+01
      vertex   5.854422e+01 2.666667e+00 1.289081e+01
    endloop
  endfacet
  facet normal -9.914449e-01 0.000000e+00 1.305262e-01
    outer loop
      vertex   5.854422e+01 9.000000e+00 1.289081e+01
      vertex   5.854422e+01 2.666667e+00 1.289081e+01
      vertex   5.859022e+01 9.000000e+00 1.324022e+01
    endloop
  endfacet
  facet normal -9.914449e-01 0.000000e+00 1.305262e-01
    outer loop
      vertex   5.859022e+01 9.000000e+00 1.324022e+01
      vertex   5.854422e+01 2.666667e+00 1.289081e+01
      vertex   5.859022e+01 2.666667e+00 1.324022e+01
    endloop
  endfacet
  facet normal -9.914449e-01 -0.000000e+00 -1.305262e-01
    outer loop
      vertex   5.859022e+01 9.000000e+00 1.324022e+01
      vertex   5.859022e+01 2.666667e+00 1.324022e+01
      vertex   5.854422e+01 9.000000e+00 1.358962e+01
    endloop
  endfacet
  facet normal -9.914449e-01 -0.000000e+00 -1.305262e-01
    outer loop
      vertex   5.854422e+01 9.000000e+00 1.358962e+01
      vertex   5.859022e+01 2.666667e+00 1.324022e+01
      vertex   5.854422e+01 2.666667e+00 1.358962e+01
    endloop
  endfacet
  facet normal -9.238795e-01 -0.000000e+00 -3.826834e-01
    outer loop
      vertex   5.854422e+01 9.000000e+00 1.358962e+01
      vertex   5.854422e+01 2.666667e+00 1.358962e+01
      vertex   5.840935e+01 9.000000e+00 1.391522e+01
    endloop
  endfacet
  facet normal -9.238795e-01 -0.000000e+00 -3.826834e-01
    outer loop
      vertex   5.840935e+01 9.000000e+00 1.391522e+01
      vertex   5.854422e+01 2.666667e+00 1.358962e+01
      vertex   5.840935e+01 2.666667e+00 1.391522e+01
    endloop
  endfacet
  facet normal -7.933533e-01 -0.000000e+00 -6.087614e-01
    outer loop
      vertex   5.840935e+01 9.000000e+00 1.391522e+01
      vertex   5.840935e+01 2.666667e+00 1.391522e+01
      vertex   5.819481e+01 9.000000e+00 1.419481e+01
    endloop
  endfacet
  facet normal -7.933533e-01 -0.000000e+00 -6.087614e-01
    outer loop
      vertex   5.819481e+01 9.000000e+00 1.419481e+01
      vertex   5.840935e+01 2.666667e+00 1.391522e+01
      vertex   5.819481e+01 2.666667e+00 1.419481e+01
    endloop
  endfacet
  facet normal -6.087614e-01 -0.000000e+00 -7.933533e-01
    outer loop
      vertex   5.819481e+01 9.000000e+00 1.419481e+01
      vertex   5.819481e+01 2.666667e+00 1.419481e+01
      vertex   5.791522e+01 9.000000e+00 1.440935e+01
    endloop
  endfacet
  facet normal -6.087614e-01 -0.000000e+00 -7.933533e-01
    outer loop
      vertex   5.791522e+01 9.000000e+00 1.440935e+01
      vertex   5.819481e+01 2.666667e+00 1.419481e+01
      vertex   5.791522e+01 2.666667e+00 1.440935e+01
    endloop
  endfacet
  facet normal -3.826834e-01 -0.000000e+00 -9.238795e-01
    outer loop
      vertex   5.791522e+01 9.000000e+00 1.440935e+01
      vertex   5.791522e+01 2.666667e+00 1.440935e+01
      vertex   5.758962e+01 9.000000e+00 1.454422e+01
    endloop
  endfacet
  facet normal -3.826834e-01 -2.591273e-16 -9.238795e-01
    outer loop
      vertex   5.758962e+01 9.000000e+00 1.454422e+01
      vertex   5.791522e+01 2.666667e+00 1.440935e+01
      vertex   5.758962e+01 2.666667e+00 1.454422e+01
    endloop
  endfacet
  facet normal -1.305262e-01 -2.780779e-16 -9.914449e-01
    outer loop
      vertex   5.758962e+01 9.000000e+00 1.454422e+01
      vertex   5.758962e+01 2.666667e+00 1.454422e+01
      vertex   5.724022e+01 9.000000e+00 1.459022e+01
    endloop
  endfacet
  facet normal -1.305262e-01 -0.000000e+00 -9.914449e-01
    outer loop
      vertex   5.724022e+01 9.000000e+00 1.459022e+01
      vertex   5.758962e+01 2.666667e+00 1.454422e+01
      vertex   5.724022e+01 2.666667e+00 1.459022e+01
    endloop
  endfacet
  facet normal 1.305262e-01 0.000000e+00 -9.914449e-01
    outer loop
      vertex   5.724022e+01 9.000000e+00 1.459022e+01
      vertex   5.724022e+01 2.666667e+00 1.459022e+01
      vertex   5.689081e+01 9.000000e+00 1.454422e+01
    endloop
  endfacet
  facet normal 1.305262e-01 -2.780779e-16 -9.914449e-01
    outer loop
      vertex   5.689081e+01 9.000000e+00 1.454422e+01
      vertex   5.724022e+01 2.666667e+00 1.459022e+01
      vertex   5.689081e+01 2.666667e+00 1.454422e+01
    endloop
  endfacet
  facet normal 3.826834e-01 -2.591273e-16 -9.238795e-01
    outer loop
      vertex   5.689081e+01 9.000000e+00 1.454422e+01
      vertex   5.689081e+01 2.666667e+00 1.454422e+01
      vertex   5.656522e+01 9.000000e+00 1.440935e+01
    endloop
  endfacet
  facet normal 3.826834e-01 0.000000e+00 -9.238795e-01
    outer loop
      vertex   5.656522e+01 9.000000e+00 1.440935e+01
      vertex   5.689081e+01 2.666667e+00 1.454422e+01
      vertex   5.656522e+01 2.666667e+00 1.440935e+01
    endloop
  endfacet
  facet normal 6.087614e-01 0.000000e+00 -7.933533e-01
    outer loop
      vertex   5.656522e+01 9.000000e+00 1.440935e+01
      vertex   5.656522e+01 2.666667e+00 1.440935e+01
      vertex   5.628562e+01 9.000000e+00 1.419481e+01
    endloop
  endfacet
  facet normal 6.087614e-01 0.000000e+00 -7.933533e-01
    outer loop
      vertex   5.628562e+01 9.000000e+00 1.419481e+01
      vertex   5.656522e+01 2.666667e+00 1.440935e+01
      vertex   5.628562e+01 2.666667e+00 1.419481e+01
    endloop
  endfacet
  facet normal 7.933533e-01 0.000000e+00 -6.087614e-01
    outer loop
      vertex   5.628562e+01 9.000000e+00 1.419481e+01
      vertex   5.628562e+01 2.666667e+00 1.419481e+01
      vertex   5.607108e+01 9.000000e+00 1.391522e+01
    endloop
  endfacet
  facet normal 7.933533e-01 0.000000e+00 -6.087614e-01
    outer loop
      vertex   5.607108e+01 9.000000e+00 1.391522e+01
      vertex   5.628562e+01 2.666667e+00 1.419481e+01
      vertex   5.607108e+01 2.666667e+00 1.391522e+01
    endloop
  endfacet
  facet normal 9.238795e-01 0.000000e+00 -3.826834e-01
    outer loop
      vertex   5.607108e+01 9.000000e+00 1.391522e+01
      vertex   5.607108e+01 2.666667e+00 1.391522e+01
      vertex   5.593622e+01 9.000000e+00 1.358962e+01
    endloop
  endfacet
  facet normal 9.238795e-01 0.000000e+00 -3.826834e-01
    outer loop
      vertex   5.593622e+01 9.000000e+00 1.358962e+01
      vertex   5.607108e+01 2.666667e+00 1.391522e+01
      vertex   5.593622e+01 2.666667e+00 1.358962e+01
    endloop
  endfacet
  facet normal 9.914449e-01 0.000000e+00 -1.305262e-01
    outer loop
      vertex   5.589022e+01 -3.666667e+00 1.324022e+01
      vertex   5.589022e+01 2.666667e+00 1.324022e+01
      vertex   5.593622e+01 -3.666667e+00 1.358962e+01
    endloop
  endfacet
  facet normal 9.914449e-01 0.000000e+00 -1.305262e-01
    outer loop
      vertex   5.593622e+01 -3.666667e+00 1.358962e+01
      vertex   5.589022e+01 2.666667e+00 1.324022e+01
      vertex   5.593622e+01 2.666667e+00 1.358962e+01
    endloop
  endfacet
  facet normal 9.238795e-01 0.000000e+00 -3.826834e-01
    outer loop
      vertex   5.593622e+01 -3.666667e+00 1.358962e+01
      vertex   5.593622e+01 2.666667e+00 1.358962e+01
      vertex   5.607108e+01 -3.666667e+00 1.391522e+01
    endloop
  endfacet
  facet normal 9.238795e-01 0.000000e+00 -3.826834e-01
    outer loop
      vertex   5.607108e+01 -3.666667e+00 1.391522e+01
      vertex   5.593622e+01 2.666667e+00 1.358962e+01
      vertex   5.607108e+01 2.666667e+00 1.391522e+01
    endloop
  endfacet
  facet normal 7.933533e-01 0.000000e+00 -6.087614e-01
    outer loop
      vertex   5.607108e+01 -3.666667e+00 1.391522e+01
      vertex   5.607108e+01 2.666667e+00 1.391522e+01
      vertex   5.628562e+01 -3.666667e+00 1.419481e+01
    endloop
  endfacet
  facet normal 7.933533e-01 0.000000e+00 -6.087614e-01
    outer loop
      vertex   5.628562e+01 -3.666667e+00 1.419481e+01
      vertex   5.607108e+01 2.666667e+00 1.391522e+01
      vertex   5.628562e+01 2.666667e+00 1.419481e+01
    endloop
  endfacet
  facet normal 6.087614e-01 0.000000e+00 -7.933533e-01
    outer loop
      vertex   5.628562e+01 -3.666667e+00 1.419481e+01
      vertex   5.628562e+01 2.666667e+00 1.419481e+01
      vertex   5.656522e+01 -3.666667e+00 1.440935e+01
    endloop
  endfacet
  facet normal 6.087614e-01 0.000000e+00 -7.933533e-01
    outer loop
      vertex   5.656522e+01 -3.666667e+00 1.440935e+01
      vertex   5.628562e+01 2.666667e+00 1.419481e+01
      vertex   5.656522e+01 2.666667e+00 1.440935e+01
    endloop
  endfacet
  facet normal 3.826834e-01 0.000000e+00 -9.238795e-01
    outer loop
      vertex   5.656522e+01 -3.666667e+00 1.440935e+01
      vertex   5.656522e+01 2.666667e+00 1.440935e+01
      vertex   5.689081e+01 -3.666667e+00 1.454422e+01
    endloop
  endfacet
  facet normal 3.826834e-01 0.000000e+00 -9.238795e-01
    outer loop
      vertex   5.689081e+01 -3.666667e+00 1.454422e+01
      vertex   5.656522e+01 2.666667e+00 1.440935e+01
      vertex   5.689081e+01 2.666667e+00 1.454422e+01
    endloop
  endfacet
  facet normal 1.305262e-01 0.000000e+00 -9.914449e-01
    outer loop
      vertex   5.689081e+01 -3.666667e+00 1.454422e+01
      vertex   5.689081e+01 2.666667e+00 1.454422e+01
      vertex   5.724022e+01 -3.666667e+00 1.459022e+01
    endloop
  endfacet
  facet normal 1.305262e-01 0.000000e+00 -9.914449e-01
    outer loop
      vertex   5.724022e+01 -3.666667e+00 1.459022e+01
      vertex   5.689081e+01 2.666667e+00 1.454422e+01
      vertex   5.724022e+01 2.666667e+00 1.459022e+01
    endloop
  endfacet
  facet normal -1.305262e-01 0.000000e+00 -9.914449e-01
    outer loop
      vertex   5.724022e+01 -3.666667e+00 1.459022e+01
      vertex   5.724022e+01 2.666667e+00 1.459022e+01
      vertex   5.758962e+01 -3.666667e+00 1.454422e+01
    endloop
  endfacet
  facet normal -1.305262e-01 0.000000e+00 -9.914449e-01
    outer loop
      vertex   5.758962e+01 -3.666667e+00 1.454422e+01
      vertex   5.724022e+01 2.666667e+00 1.459022e+01
      vertex   5.758962e+01 2.666667e+00 1.454422e+01
    endloop
  endfacet
  facet normal -3.826834e-01 0.000000e+00 -9.238795e-01
    outer loop
      vertex   5.758962e+01 -3.666667e+00 1.454422e+01
      vertex   5.758962e+01 2.666667e+00 1.454422e+01
      vertex   5.791522e+01 -3.666667e+00 1.440935e+01
    endloop
  endfacet
  facet normal -3.826834e-01 0.000000e+00 -9.238795e-01
    outer loop
      vertex   5.791522e+01 -3.666667e+00 1.440935e+01
      vertex   5.758962e+01 2.666667e+00 1.454422e+01
      vertex   5.791522e+01 2.666667e+00 1.440935e+01
    endloop
  endfacet
  facet normal -6.087614e-01 0.000000e+00 -7.933533e-01
    outer loop
      vertex   5.791522e+01 -3.666667e+00 1.440935e+01
      vertex   5.791522e+01 2.666667e+00 1.440935e+01
      vertex   5.819481e+01 -3.666667e+00 1.419481e+01
    endloop
  endfacet
  facet normal -6.087614e-01 0.000000e+00 -7.933533e-01
    outer loop
      vertex   5.819481e+01 -3.666667e+00 1.419481e+01
      vertex   5.791522e+01 2.666667e+00 1.440935e+01
      vertex   5.819481e+01 2.666667e+00 1.419481e+01
    endloop
  endfacet
  facet normal -7.933533e-01 0.000000e+00 -6.087614e-01
    outer loop
      vertex   5.819481e+01 -3.666667e+00 1.419481e+01
      vertex   5.819481e+01 2.666667e+00 1.419481e+01
      vertex   5.840935e+01 -3.666667e+00 1.391522e+01
    endloop
  endfacet
  facet normal -7.933533e-01 0.000000e+00 -6.087614e-01
    outer loop
      vertex   5.840935e+01 -3.666667e+00 1.391522e+01
      vertex   5.819481e+01 2.666667e+00 1.419481e+01
      vertex   5.840935e+01 2.666667e+00 1.391522e+01
    endloop
  endfacet
  facet normal -9.238795e-01 0.000000e+00 -3.826834e-01
    outer loop
      vertex   5.840935e+01 -3.666667e+00 1.391522e+01
      vertex   5.840935e+01 2.666667e+00 1.391522e+01
      vertex   5.854422e+01 -3.666667e+00 1.358962e+01
    endloop
  endfacet
  facet normal -9.238795e-01 0.000000e+00 -3.826834e-01
    outer loop
      vertex   5.854422e+01 -3.666667e+00 1.358962e+01
      vertex   5.840935e+01 2.666667e+00 1.391522e+01
      vertex   5.854422e+01 2.666667e+00 1.358962e+01
    endloop
  endfacet
  facet normal -9.914449e-01 0.000000e+00 -1.305262e-01
    outer loop
      vertex   5.854422e+01 -3.666667e+00 1.358962e+01
      vertex   5.854422e+01 2.666667e+00 1.358962e+01
      vertex   5.859022e+01 -3.666667e+00 1.324022e+01
    endloop
  endfacet
  facet normal -9.914449e-01 0.000000e+00 -1.305262e-01
    outer loop
      vertex   5.859022e+01 -3.666667e+00 1.324022e+01
      vertex   5.854422e+01 2.666667e+00 1.358962e+01
      vertex   5.859022e+01 2.666667e+00 1.324022e+01
    endloop
  endfacet
  facet normal -9.914449e-01 0.000000e+00 1.305262e-01
    outer loop
      vertex   5.859022e+01 -3.666667e+00 1.324022e+01
      vertex   5.859022e+01 2.666667e+00 1.324022e+01
      vertex   5.854422e+01 -3.666667e+00 1.289081e+01
    endloop
  endfacet
  facet normal -9.914449e-01 0.000000e+00 1.305262e-01
    outer loop
      vertex   5.854422e+01 -3.666667e+00 1.289081e+01
      vertex   5.859022e+01 2.666667e+00 1.324022e+01
      vertex   5.854422e+01 2.666667e+00 1.289081e+01
    endloop
  endfacet
  facet normal -9.238795e-01 0.000000e+00 3.826834e-01
    outer loop
      vertex   5.854422e+01 -3.666667e+00 1.289081e+01
      vertex   5.854422e+01 2.666667e+00 1.289081e+01
      vertex   5.840935e+01 -3.666667e+00 1.256522e+01
    endloop
  endfacet
  facet normal -9.238795e-01 0.000000e+00 3.826834e-01
    outer loop
      vertex   5.840935e+01 -3.666667e+00 1.256522e+01
      vertex   5.854422e+01 2.666667e+00 1.289081e+01
      vertex   5.840935e+01 2.666667e+00 1.256522e+01
    endloop
  endfacet
  facet normal -7.933533e-01 0.000000e+00 6.087614e-01
    outer loop
      vertex   5.840935e+01 -3.666667e+00 1.256522e+01
      vertex   5.840935e+01 2.666667e+00 1.256522e+01
      vertex   5.819481e+01 -3.666667e+00 1.228562e+01
    endloop
  endfacet
  facet normal -7.933533e-01 0.000000e+00 6.087614e-01
    outer loop
      vertex   5.819481e+01 -3.666667e+00 1.228562e+01
      vertex   5.840935e+01 2.666667e+00 1.256522e+01
      vertex   5.819481e+01 2.666667e+00 1.228562e+01
    endloop
  endfacet
  facet normal -6.087614e-01 0.000000e+00 7.933533e-01
    outer loop
      vertex   5.819481e+01 -3.666667e+00 1.228562e+01
      vertex   5.819481e+01 2.666667e+00 1.228562e+01
      vertex   5.791522e+01 -3.666667e+00 1.207108e+01
    endloop
  endfacet
  facet normal -6.087614e-01 0.000000e+00 7.933533e-01
    outer loop
      vertex   5.791522e+01 -3.666667e+00 1.207108e+01
      vertex   5.819481e+01 2.666667e+00 1.228562e+01
      vertex   5.791522e+01 2.666667e+00 1.207108e+01
    endloop
  endfacet
  facet normal -3.826834e-01 0.000000e+00 9.238795e-01
    outer loop
      vertex   5.791522e+01 -3.666667e+00 1.207108e+01
      vertex   5.791522e+01 2.666667e+00 1.207108e+01
      vertex   5.758962e+01 -3.666667e+00 1.193622e+01
    endloop
  endfacet
  facet normal -3.826834e-01 0.000000e+00 9.238795e-01
    outer loop
      vertex   5.758962e+01 -3.666667e+00 1.193622e+01
      vertex   5.791522e+01 2.666667e+00 1.207108e+01
      vertex   5.758962e+01 2.666667e+00 1.193622e+01
    endloop
  endfacet
  facet normal -1.305262e-01 0.000000e+00 9.914449e-01
    outer loop
      vertex   5.758962e+01 -3.666667e+00 1.193622e+01
      vertex   5.758962e+01 2.666667e+00 1.193622e+01
      vertex   5.724022e+01 -3.666667e+00 1.189022e+01
    endloop
  endfacet
  facet normal -1.305262e-01 0.000000e+00 9.914449e-01
    outer loop
      vertex   5.724022e+01 -3.666667e+00 1.189022e+01
      vertex   5.758962e+01 2.666667e+00 1.193622e+01
      vertex   5.724022e+01 2.666667e+00 1.189022e+01
    endloop
  endfacet
  facet normal 1.305262e-01 -0.000000e+00 9.914449e-01
    outer loop
      vertex   5.724022e+01 -3.666667e+00 1.189022e+01
      vertex   5.724022e+01 2.666667e+00 1.189022e+01
      vertex   5.689081e+01 -3.666667e+00 1.193622e+01
    endloop
  endfacet
  facet normal 1.305262e-01 -0.000000e+00 9.914449e-01
    outer loop
      vertex   5.689081e+01 -3.666667e+00 1.193622e+01
      vertex   5.724022e+01 2.666667e+00 1.189022e+01
      vertex   5.689081e+01 2.666667e+00 1.193622e+01
    endloop
  endfacet
  facet normal 3.826834e-01 -0.000000e+00 9.238795e-01
    outer loop
      vertex   5.689081e+01 -3.666667e+00 1.193622e+01
      vertex   5.689081e+01 2.666667e+00 1.193622e+01
      vertex   5.656522e+01 -3.666667e+00 1.207108e+01
    endloop
  endfacet
  facet normal 3.826834e-01 -0.000000e+00 9.238795e-01
    outer loop
      vertex   5.656522e+01 -3.666667e+00 1.207108e+01
      vertex   5.689081e+01 2.666667e+00 1.193622e+01
      vertex   5.656522e+01 2.666667e+00 1.207108e+01
    endloop
  endfacet
  facet normal 6.087614e-01 -0.000000e+00 7.933533e-01
    outer loop
      vertex   5.656522e+01 -3.666667e+00 1.207108e+01
      vertex   5.656522e+01 2.666667e+00 1.207108e+01
      vertex   5.628562e+01 -3.666667e+00 1.228562e+01
    endloop
  endfacet
  facet normal 6.087614e-01 -0.000000e+00 7.933533e-01
    outer loop
      vertex   5.628562e+01 -3.666667e+00 1.228562e+01
      vertex   5.656522e+01 2.666667e+00 1.207108e+01
      vertex   5.628562e+01 2.666667e+00 1.228562e+01
    endloop
  endfacet
  facet normal 7.933533e-01 -0.000000e+00 6.087614e-01
    outer loop
      vertex   5.628562e+01 -3.666667e+00 1.228562e+01
      vertex   5.628562e+01 2.666667e+00 1.228562e+01
      vertex   5.607108e+01 -3.666667e+00 1.256522e+01
    endloop
  endfacet
  facet normal 7.933533e-01 -0.000000e+00 6.087614e-01
    outer loop
      vertex   5.607108e+01 -3.666667e+00 1.256522e+01
      vertex   5.628562e+01 2.666667e+00 1.228562e+01
      vertex   5.607108e+01 2.666667e+00 1.256522e+01
    endloop
  endfacet
  facet normal 9.238795e-01 -0.000000e+00 3.826834e-01
    outer loop
      vertex   5.607108e+01 -3.666667e+00 1.256522e+01
      vertex   5.607108e+01 2.666667e+00 1.256522e+01
      vertex   5.593622e+01 -3.666667e+00 1.289081e+01
    endloop
  endfacet
  facet normal 9.238795e-01 -0.000000e+00 3.826834e-01
    outer loop
      vertex   5.593622e+01 -3.666667e+00 1.289081e+01
      vertex   5.607108e+01 2.666667e+00 1.256522e+01
      vertex   5.593622e+01 2.666667e+00 1.289081e+01
    endloop
  endfacet
  facet normal 9.914449e-01 -0.000000e+00 1.305262e-01
    outer loop
      vertex   5.593622e+01 -3.666667e+00 1.289081e+01
      vertex   5.593622e+01 2.666667e+00 1.289081e+01
      vertex   5.589022e+01 -3.666667e+00 1.324022e+01
    endloop
  endfacet
  facet normal 9.914449e-01 -0.000000e+00 1.305262e-01
    outer loop
      vertex   5.589022e+01 -3.666667e+00 1.324022e+01
      vertex   5.593622e+01 2.666667e+00 1.289081e+01
      vertex   5.589022e+01 2.666667e+00 1.324022e+01
    endloop
  endfacet
  facet normal 0.000000e+00 -1.000000e+00 0.000000e+00
    outer loop
      vertex   5.593622e+01 9.000000e+00 1.289081e+01
      vertex   5.854422e+01 9.000000e+00 1.289081e+01
      vertex   5.589022e+01 9.000000e+00 1.324022e+01
    endloop
  endfacet
  facet normal 0.000000e+00 -1.000000e+00 0.000000e+00
    outer loop
      vertex   5.589022e+01 9.000000e+00 1.324022e+01
      vertex   5.854422e+01 9.000000e+00 1.289081e+01
      vertex   5.859022e+01 9.000000e+00 1.324022e+01
    endloop
  endfacet
  facet normal 0.000000e+00 -1.000000e+00 0.000000e+00
    outer loop
      vertex   5.589022e+01 9.000000e+00 1.324022e+01
      vertex   5.859022e+01 9.000000e+00 1.324022e+01
      vertex   5.593622e+01 9.000000e+00 1.358962e+01
    endloop
  endfacet
  facet normal 0.000000e+00 -1.000000e+00 0.000000e+00
    outer loop
      vertex   5.593622e+01 9.000000e+00 1.358962e+01
      vertex   5.859022e+01 9.000000e+00 1.324022e+01
      vertex   5.854422e+01 9.000000e+00 1.358962e+01
    endloop
  endfacet
  facet normal 0.000000e+00 -1.000000e+00 0.000000e+00
    outer loop
      vertex   5.593622e+01 9.000000e+00 1.358962e+01
      vertex   5.854422e+01 9.000000e+00 1.358962e+01
      vertex   5.607108e+01 9.000000e+00 1.391522e+01
    endloop
  endfacet
  facet normal 0.000000e+00 -1.000000e+00 0.000000e+00
    outer loop
      vertex   5.607108e+01 9.000000e+00 1.391522e+01
      vertex   5.854422e+01 9.000000e+00 1.358962e+01
      vertex   5.840935e+01 9.000000e+00 1.391522e+01
    endloop
  endfacet
  facet normal 0.000000e+00 -1.000000e+00 0.000000e+00
    outer loop
      vertex   5.607108e+01 9.000000e+00 1.391522e+01
      vertex   5.840935e+01 9.000000e+00 1.391522e+01
      vertex   5.628562e+01 9.000000e+00 1.419481e+01
    endloop
  endfacet
  facet normal 0.000000e+00 -1.000000e+00 0.000000e+00
    outer loop
      vertex   5.628562e+01 9.000000e+00 1.419481e+01
      vertex   5.840935e+01 9.000000e+00 1.391522e+01
      vertex   5.819481e+01 9.000000e+00 1.419481e+01
    endloop
  endfacet
  facet normal 0.000000e+00 -1.000000e+00 0.000000e+00
    outer loop
      vertex   5.628562e+01 9.000000e+00 1.419481e+01
      vertex   5.819481e+01 9.000000e+00 1.419481e+01
      vertex   5.656522e+01 9.000000e+00 1.440935e+01
    endloop
  endfacet
  facet normal 0.000000e+00 -1.000000e+00 0.000000e+00
    outer loop
      vertex   5.656522e+01 9.000000e+00 1.440935e+01
      vertex   5.819481e+01 9.000000e+00 1.419481e+01
      vertex   5.791522e+01 9.000000e+00 1.440935e+01
    endloop
  endfacet
  facet normal 0.000000e+00 -1.000000e+00 0.000000e+00
    outer loop
      vertex   5.656522e+01 9.000000e+00 1.440935e+01
      vertex   5.791522e+01 9.000000e+00 1.440935e+01
      vertex   5.689081e+01 9.000000e+00 1.454422e+01
    endloop
  endfacet
  facet normal 0.000000e+00 -1.000000e+00 0.000000e+00
    outer loop
      vertex   5.689081e+01 9.000000e+00 1.454422e+01
      vertex   5.791522e+01 9.000000e+00 1.440935e+01
      vertex   5.758962e+01 9.000000e+00 1.454422e+01
    endloop
  endfacet
  facet normal 0.000000e+00 -1.000000e+00 0.000000e+00
    outer loop
      vertex   5.689081e+01 9.000000e+00 1.454422e+01
      vertex   5.758962e+01 9.000000e+00 1.454422e+01
      vertex   5.724022e+01 9.000000e+00 1.459022e+01
    endloop
  endfacet
  facet normal 0.000000e+00 -1.000000e+00 0.000000e+00
    outer loop
      vertex   5.854422e+01 9.000000e+00 1.289081e+01
      vertex   5.593622e+01 9.000000e+00 1.289081e+01
      vertex   5.840935e+01 9.000000e+00 1.256522e+01
    endloop
  endfacet
  facet normal 0.000000e+00 -1.000000e+00 0.000000e+00
    outer loop
      vertex   5.840935e+01 9.000000e+00 1.256522e+01
      vertex   5.593622e+01 9.000000e+00 1.289081e+01
      vertex   5.607108e+01 9.000000e+00 1.256522e+01
    endloop
  endfacet
  facet normal -0.000000e+00 -1.000000e+00 0.000000e+00
    outer loop
      vertex   5.840935e+01 9.000000e+00 1.256522e+01
      vertex   5.607108e+01 9.000000e+00 1.256522e+01
      vertex   5.819481e+01 9.000000e+00 1.228562e+01
    endloop
  endfacet
  facet normal 0.000000e+00 -1.000000e+00 0.000000e+00
    outer loop
      vertex   5.819481e+01 9.000000e+00 1.228562e+01
      vertex   5.607108e+01 9.000000e+00 1.256522e+01
      vertex   5.628562e+01 9.000000e+00 1.228562e+01
    endloop
  endfacet
  facet normal -0.000000e+00 -1.000000e+00 0.000000e+00
    outer loop
      vertex   5.819481e+01 9.000000e+00 1.228562e+01
      vertex   5.628562e+01 9.000000e+00 1.228562e+01
      vertex   5.791522e+01 9.000000e+00 1.207108e+01
    endloop
  endfacet
  facet normal 0.000000e+00 -1.000000e+00 0.000000e+00
    outer loop
      vertex   5.791522e+01 9.000000e+00 1.207108e+01
      vertex   5.628562e+01 9.000000e+00 1.228562e+01
      vertex   5.656522e+01 9.000000e+00 1.207108e+01
    endloop
  endfacet
  facet normal -0.000000e+00 -1.000000e+00 0.000000e+00
    outer loop
      vertex   5.791522e+01 9.000000e+00 1.207108e+01
      vertex   5.656522e+01 9.000000e+00 1.207108e+01
      vertex   5.758962e+01 9.000000e+00 1.193622e+01
    endloop
  endfacet
  facet normal 0.000000e+00 -1.000000e+00 0.000000e+00
    outer loop
      vertex   5.758962e+01 9.000000e+00 1.193622e+01
      vertex   5.656522e+01 9.000000e+00 1.207108e+01
      vertex   5.689081e+01 9.000000e+00 1.193622e+01
    endloop
  endfacet
  facet normal -0.000000e+00 -1.000000e+00 0.000000e+00
    outer loop
      vertex   5.758962e+01 9.000000e+00 1.193622e+01
      vertex   5.689081e+01 9.000000e+00 1.193622e+01
      vertex   5.724022e+01 9.000000e+00 1.189022e+01
    endloop
  endfacet
  facet normal 9.914449e-01 -0.000000e+00 1.305262e-01
    outer loop
      vertex   2.950162e+01 -1.000000e+01 -9.087737e+01
      vertex   2.950162e+01 -3.666667e+00 -9.087737e+01
      vertex   2.945562e+01 -1.000000e+01 -9.052796e+01
    endloop
  endfacet
  facet normal 9.914449e-01 -0.000000e+00 1.305262e-01
    outer loop
      vertex   2.945562e+01 -1.000000e+01 -9.052796e+01
      vertex   2.950162e+01 -3.666667e+00 -9.087737e+01
      vertex   2.945562e+01 -3.666667e+00 -9.052796e+01
    endloop
  endfacet
  facet normal 9.914449e-01 0.000000e+00 -1.305262e-01
    outer loop
      vertex   2.945562e+01 -1.000000e+01 -9.052796e+01
      vertex   2.945562e+01 -3.666667e+00 -9.052796e+01
      vertex   2.950162e+01 -1.000000e+01 -9.017856e+01
    endloop
  endfacet
  facet normal 9.914449e-01 0.000000e+00 -1.305262e-01
    outer loop
      vertex   2.950162e+01 -1.000000e+01 -9.017856e+01
      vertex   2.945562e+01 -3.666667e+00 -9.052796e+01
      vertex   2.950162e+01 -3.666667e+00 -9.017856e+01
    endloop
  endfacet
  facet normal 9.238795e-01 0.000000e+00 -3.826834e-01
    outer loop
      vertex   2.950162e+01 -1.000000e+01 -9.017856e+01
      vertex   2.950162e+01 -3.666667e+00 -9.017856e+01
      vertex   2.963648e+01 -1.000000e+01 -8.985296e+01
    endloop
  endfacet
  facet normal 9.238795e-01 -5.182547e-16 -3.826834e-01
    outer loop
      vertex   2.963648e+01 -1.000000e+01 -8.985296e+01
      vertex   2.950162e+01 -3.666667e+00 -9.017856e+01
      vertex   2.963648e+01 -3.666667e+00 -8.985296e+01
    endloop
  endfacet
  facet normal 7.933533e-01 -4.450354e-16 -6.087614e-01
    outer loop
      vertex   2.963648e+01 -1.000000e+01 -8.985296e+01
      vertex   2.963648e+01 -3.666667e+00 -8.985296e+01
      vertex   2.985102e+01 -1.000000e+01 -8.957337e+01
    endloop
  endfacet
  facet normal 7.933533e-01 8.900707e-16 -6.087614e-01
    outer loop
      vertex   2.985102e+01 -1.000000e+01 -8.957337e+01
      vertex   2.963648e+01 -3.666667e+00 -8.985296e+01
      vertex   2.985102e+01 -3.666667e+00 -8.957337e+01
    endloop
  endfacet
  facet normal 6.087614e-01 6.829753e-16 -7.933533e-01
    outer loop
      vertex   2.985102e+01 -1.000000e+01 -8.957337e+01
      vertex   2.985102e+01 -3.666667e+00 -8.957337e+01
      vertex   3.013062e+01 -1.000000e+01 -8.935883e+01
    endloop
  endfacet
  facet normal 6.087614e-01 -3.414876e-16 -7.933533e-01
    outer loop
      vertex   3.013062e+01 -1.000000e+01 -8.935883e+01
      vertex   2.985102e+01 -3.666667e+00 -8.957337e+01
      vertex   3.013062e+01 -3.666667e+00 -8.935883e+01
    endloop
  endfacet
  facet normal 3.826834e-01 -2.146681e-16 -9.238795e-01
    outer loop
      vertex   3.013062e+01 -1.000000e+01 -8.935883e+01
      vertex   3.013062e+01 -3.666667e+00 -8.935883e+01
      vertex   3.045621e+01 -1.000000e+01 -8.922396e+01
    endloop
  endfacet
  facet normal 3.826834e-01 0.000000e+00 -9.238795e-01
    outer loop
      vertex   3.045621e+01 -1.000000e+01 -8.922396e+01
      vertex   3.013062e+01 -3.666667e+00 -8.935883e+01
      vertex   3.045621e+01 -3.666667e+00 -8.922396e+01
    endloop
  endfacet
  facet normal 1.305262e-01 0.000000e+00 -9.914449e-01
    outer loop
      vertex   3.045621e+01 -1.000000e+01 -8.922396e+01
      vertex   3.045621e+01 -3.666667e+00 -8.922396e+01
      vertex   3.080562e+01 -1.000000e+01 -8.917796e+01
    endloop
  endfacet
  facet normal 1.305262e-01 0.000000e+00 -9.914449e-01
    outer loop
      vertex   3.080562e+01 -1.000000e+01 -8.917796e+01
      vertex   3.045621e+01 -3.666667e+00 -8.922396e+01
      vertex   3.080562e+01 -3.666667e+00 -8.917796e+01
    endloop
  endfacet
  facet normal -1.305262e-01 0.000000e+00 -9.914449e-01
    outer loop
      vertex   3.080562e+01 -1.000000e+01 -8.917796e+01
      vertex   3.080562e+01 -3.666667e+00 -8.917796e+01
      vertex   3.115502e+01 -1.000000e+01 -8.922396e+01
    endloop
  endfacet
  facet normal -1.305262e-01 0.000000e+00 -9.914449e-01
    outer loop
      vertex   3.115502e+01 -1.000000e+01 -8.922396e+01
      vertex   3.080562e+01 -3.666667e+00 -8.917796e+01
      vertex   3.115502e+01 -3.666667e+00 -8.922396e+01
    endloop
  endfacet
  facet normal -3.826834e-01 0.000000e+00 -9.238795e-01
    outer loop
      vertex   3.115502e+01 -1.000000e+01 -8.922396e+01
      vertex   3.115502e+01 -3.666667e+00 -8.922396e+01
      vertex   3.148062e+01 -1.000000e+01 -8.935883e+01
    endloop
  endfacet
  facet normal -3.826834e-01 0.000000e+00 -9.238795e-01
    outer loop
      vertex   3.148062e+01 -1.000000e+01 -8.935883e+01
      vertex   3.115502e+01 -3.666667e+00 -8.922396e+01
      vertex   3.148062e+01 -3.666667e+00 -8.935883e+01
    endloop
  endfacet
  facet normal -6.087614e-01 0.000000e+00 -7.933533e-01
    outer loop
      vertex   3.148062e+01 -1.000000e+01 -8.935883e+01
      vertex   3.148062e+01 -3.666667e+00 -8.935883e+01
      vertex   3.176021e+01 -1.000000e+01 -8.957337e+01
    endloop
  endfacet
  facet normal -6.087614e-01 6.829753e-16 -7.933533e-01
    outer loop
      vertex   3.176021e+01 -1.000000e+01 -8.957337e+01
      vertex   3.148062e+01 -3.666667e+00 -8.935883e+01
      vertex   3.176021e+01 -3.666667e+00 -8.957337e+01
    endloop
  endfacet
  facet normal -7.933533e-01 8.900707e-16 -6.087614e-01
    outer loop
      vertex   3.176021e+01 -1.000000e+01 -8.957337e+01
      vertex   3.176021e+01 -3.666667e+00 -8.957337e+01
      vertex   3.197475e+01 -1.000000e+01 -8.985296e+01
    endloop
  endfacet
  facet normal -7.933533e-01 -4.450354e-16 -6.087614e-01
    outer loop
      vertex   3.197475e+01 -1.000000e+01 -8.985296e+01
      vertex   3.176021e+01 -3.666667e+00 -8.957337e+01
      vertex   3.197475e+01 -3.666667e+00 -8.985296e+01
    endloop
  endfacet
  facet normal -9.238795e-01 -5.182547e-16 -3.826834e-01
    outer loop
      vertex   3.197475e+01 -1.000000e+01 -8.985296e+01
      vertex   3.197475e+01 -3.666667e+00 -8.985296e+01
      vertex   3.210962e+01 -1.000000e+01 -9.017856e+01
    endloop
  endfacet
  facet normal -9.238795e-01 0.000000e+00 -3.826834e-01
    outer loop
      vertex   3.210962e+01 -1.000000e+01 -9.017856e+01
      vertex   3.197475e+01 -3.666667e+00 -8.985296e+01
      vertex   3.210962e+01 -3.666667e+00 -9.017856e+01
    endloop
  endfacet
  facet normal -9.914449e-01 0.000000e+00 -1.305262e-01
    outer loop
      vertex   3.210962e+01 -1.000000e+01 -9.017856e+01
      vertex   3.210962e+01 -3.666667e+00 -9.017856e+01
      vertex   3.215562e+01 -1.000000e+01 -9.052796e+01
    endloop
  endfacet
  facet normal -9.914449e-01 0.000000e+00 -1.305262e-01
    outer loop
      vertex   3.215562e+01 -1.000000e+01 -9.052796e+01
      vertex   3.210962e+01 -3.666667e+00 -9.017856e+01
      vertex   3.215562e+01 -3.666667e+00 -9.052796e+01
    endloop
  endfacet
  facet normal -9.914449e-01 0.000000e+00 1.305262e-01
    outer loop
      vertex   3.215562e+01 -1.000000e+01 -9.052796e+01
      vertex   3.215562e+01 -3.666667e+00 -9.052796e+01
      vertex   3.210962e+01 -1.000000e+01 -9.087737e+01
    endloop
  endfacet
  facet normal -9.914449e-01 0.000000e+00 1.305262e-01
    outer loop
      vertex   3.210962e+01 -1.000000e+01 -9.087737e+01
      vertex   3.215562e+01 -3.666667e+00 -9.052796e+01
      vertex   3.210962e+01 -3.666667e+00 -9.087737e+01
    endloop
  endfacet
  facet normal -9.238795e-01 0.000000e+00 3.826834e-01
    outer loop
      vertex   3.210962e+01 -1.000000e+01 -9.087737e+01
      vertex   3.210962e+01 -3.666667e+00 -9.087737e+01
      vertex   3.197475e+01 -1.000000e+01 -9.120296e+01
    endloop
  endfacet
  facet normal -9.238795e-01 -5.182547e-16 3.826834e-01
    outer loop
      vertex   3.197475e+01 -1.000000e+01 -9.120296e+01
      vertex   3.210962e+01 -3.666667e+00 -9.087737e+01
      vertex   3.197475e+01 -3.666667e+00 -9.120296e+01
    endloop
  endfacet
  facet normal -7.933533e-01 -4.450354e-16 6.087614e-01
    outer loop
      vertex   3.197475e+01 -1.000000e+01 -9.120296e+01
      vertex   3.197475e+01 -3.666667e+00 -9.120296e+01
      vertex   3.176021e+01 -1.000000e+01 -9.148256e+01
    endloop
  endfacet
  facet normal -7.933533e-01 8.900707e-16 6.087614e-01
    outer loop
      vertex   3.176021e+01 -1.000000e+01 -9.148256e+01
      vertex   3.197475e+01 -3.666667e+00 -9.120296e+01
      vertex   3.176021e+01 -3.666667e+00 -9.148256e+01
    endloop
  endfacet
  facet normal -6.087614e-01 6.829753e-16 7.933533e-01
    outer loop
      vertex   3.176021e+01 -1.000000e+01 -9.148256e+01
      vertex   3.176021e+01 -3.666667e+00 -9.148256e+01
      vertex   3.148062e+01 -1.000000e+01 -9.169710e+01
    endloop
  endfacet
  facet normal -6.087614e-01 -3.414876e-16 7.933533e-01
    outer loop
      vertex   3.148062e+01 -1.000000e+01 -9.169710e+01
      vertex   3.176021e+01 -3.666667e+00 -9.148256e+01
      vertex   3.148062e+01 -3.666667e+00 -9.169710e+01
    endloop
  endfacet
  facet normal -3.826834e-01 -2.146681e-16 9.238795e-01
    outer loop
      vertex   3.148062e+01 -1.000000e+01 -9.169710e+01
      vertex   3.148062e+01 -3.666667e+00 -9.169710e+01
      vertex   3.115502e+01 -1.000000e+01 -9.183196e+01
    endloop
  endfacet
  facet normal -3.826834e-01 0.000000e+00 9.238795e-01
    outer loop
      vertex   3.115502e+01 -1.000000e+01 -9.183196e+01
      vertex   3.148062e+01 -3.666667e+00 -9.169710e+01
      vertex   3.115502e+01 -3.666667e+00 -9.183196e+01
    endloop
  endfacet
  facet normal -1.305262e-01 0.000000e+00 9.914449e-01
    outer loop
      vertex   3.115502e+01 -1.000000e+01 -9.183196e+01
      vertex   3.115502e+01 -3.666667e+00 -9.183196e+01
      vertex   3.080562e+01 -1.000000e+01 -9.187796e+01
    endloop
  endfacet
  facet normal -1.305262e-01 0.000000e+00 9.914449e-01
    outer loop
      vertex   3.080562e+01 -1.000000e+01 -9.187796e+01
      vertex   3.115502e+01 -3.666667e+00 -9.183196e+01
      vertex   3.080562e+01 -3.666667e+00 -9.187796e+01
    endloop
  endfacet
  facet normal 1.305262e-01 -0.000000e+00 9.914449e-01
    outer loop
      vertex   3.080562e+01 -1.000000e+01 -9.187796e+01
      vertex   3.080562e+01 -3.666667e+00 -9.187796e+01
      vertex   3.045621e+01 -1.000000e+01 -9.183196e+01
    endloop
  endfacet
  facet normal 1.305262e-01 -0.000000e+00 9.914449e-01
    outer loop
      vertex   3.045621e+01 -1.000000e+01 -9.183196e+01
      vertex   3.080562e+01 -3.666667e+00 -9.187796e+01
      vertex   3.045621e+01 -3.666667e+00 -9.183196e+01
    endloop
  endfacet
  facet normal 3.826834e-01 -0.000000e+00 9.238795e-01
    outer loop
      vertex   3.045621e+01 -1.000000e+01 -9.183196e+01
      vertex   3.045621e+01 -3.666667e+00 -9.183196e+01
      vertex   3.013062e+01 -1.000000e+01 -9.169710e+01
    endloop
  endfacet
  facet normal 3.826834e-01 -0.000000e+00 9.238795e-01
    outer loop
      vertex   3.013062e+01 -1.000000e+01 -9.169710e+01
      vertex   3.045621e+01 -3.666667e+00 -9.183196e+01
      vertex   3.013062e+01 -3.666667e+00 -9.169710e+01
    endloop
  endfacet
  facet normal 6.087614e-01 -0.000000e+00 7.933533e-01
    outer loop
      vertex   3.013062e+01 -1.000000e+01 -9.169710e+01
      vertex   3.013062e+01 -3.666667e+00 -9.169710e+01
      vertex   2.985102e+01 -1.000000e+01 -9.148256e+01
    endloop
  endfacet
  facet normal 6.087614e-01 6.829753e-16 7.933533e-01
    outer loop
      vertex   2.985102e+01 -1.000000e+01 -9.148256e+01
      vertex   3.013062e+01 -3.666667e+00 -9.169710e+01
      vertex   2.985102e+01 -3.666667e+00 -9.148256e+01
    endloop
  endfacet
  facet normal 7.933533e-01 8.900707e-16 6.087614e-01
    outer loop
      vertex   2.985102e+01 -1.000000e+01 -9.148256e+01
      vertex   2.985102e+01 -3.666667e+00 -9.148256e+01
      vertex   2.963648e+01 -1.000000e+01 -9.120296e+01
    endloop
  endfacet
  facet normal 7.933533e-01 -4.450354e-16 6.087614e-01
    outer loop
      vertex   2.963648e+01 -1.000000e+01 -9.120296e+01
      vertex   2.985102e+01 -3.666667e+00 -9.148256e+01
      vertex   2.963648e+01 -3.666667e+00 -9.120296e+01
    endloop
  endfacet
  facet normal 9.238795e-01 -5.182547e-16 3.826834e-01
    outer loop
      vertex   2.963648e+01 -1.000000e+01 -9.120296e+01
      vertex   2.963648e+01 -3.666667e+00 -9.120296e+01
      vertex   2.950162e+01 -1.000000e+01 -9.087737e+01
    endloop
  endfacet
  facet normal 9.238795e-01 -0.000000e+00 3.826834e-01
    outer loop
      vertex   2.950162e+01 -1.000000e+01 -9.087737e+01
      vertex   2.963648e+01 -3.666667e+00 -9.120296e+01
      vertex   2.950162e+01 -3.666667e+00 -9.087737e+01
    endloop
  endfacet
  facet normal 9.914449e-01 0.000000e+00 -1.305262e-01
    outer loop
      vertex   2.950162e+01 9.000000e+00 -9.017856e+01
      vertex   2.950162e+01 2.666667e+00 -9.017856e+01
      vertex   2.945562e+01 9.000000e+00 -9.052796e+01
    endloop
  endfacet
  facet normal 9.914449e-01 0.000000e+00 -1.305262e-01
    outer loop
      vertex   2.945562e+01 9.000000e+00 -9.052796e+01
      vertex   2.950162e+01 2.666667e+00 -9.017856e+01
      vertex   2.945562e+01 2.666667e+00 -9.052796e+01
    endloop
  endfacet
  facet normal 9.914449e-01 0.000000e+00 1.305262e-01
    outer loop
      vertex   2.945562e+01 9.000000e+00 -9.052796e+01
      vertex   2.945562e+01 2.666667e+00 -9.052796e+01
      vertex   2.950162e+01 9.000000e+00 -9.087737e+01
    endloop
  endfacet
  facet normal 9.914449e-01 0.000000e+00 1.305262e-01
    outer loop
      vertex   2.950162e+01 9.000000e+00 -9.087737e+01
      vertex   2.945562e+01 2.666667e+00 -9.052796e+01
      vertex   2.950162e+01 2.666667e+00 -9.087737e+01
    endloop
  endfacet
  facet normal 9.238795e-01 0.000000e+00 3.826834e-01
    outer loop
      vertex   2.950162e+01 9.000000e+00 -9.087737e+01
      vertex   2.950162e+01 2.666667e+00 -9.087737e+01
      vertex   2.963648e+01 9.000000e+00 -9.120296e+01
    endloop
  endfacet
  facet normal 9.238795e-01 5.182547e-16 3.826834e-01
    outer loop
      vertex   2.963648e+01 9.000000e+00 -9.120296e+01
      vertex   2.950162e+01 2.666667e+00 -9.087737e+01
      vertex   2.963648e+01 2.666667e+00 -9.120296e+01
    endloop
  endfacet
  facet normal 7.933533e-01 4.450354e-16 6.087614e-01
    outer loop
      vertex   2.963648e+01 9.000000e+00 -9.120296e+01
      vertex   2.963648e+01 2.666667e+00 -9.120296e+01
      vertex   2.985102e+01 9.000000e+00 -9.148256e+01
    endloop
  endfacet
  facet normal 7.933533e-01 -8.900707e-16 6.087614e-01
    outer loop
      vertex   2.985102e+01 9.000000e+00 -9.148256e+01
      vertex   2.963648e+01 2.666667e+00 -9.120296e+01
      vertex   2.985102e+01 2.666667e+00 -9.148256e+01
    endloop
  endfacet
  facet normal 6.087614e-01 -6.829753e-16 7.933533e-01
    outer loop
      vertex   2.985102e+01 9.000000e+00 -9.148256e+01
      vertex   2.985102e+01 2.666667e+00 -9.148256e+01
      vertex   3.013062e+01 9.000000e+00 -9.169710e+01
    endloop
  endfacet
  facet normal 6.087614e-01 0.000000e+00 7.933533e-01
    outer loop
      vertex   3.013062e+01 9.000000e+00 -9.169710e+01
      vertex   2.985102e+01 2.666667e+00 -9.148256e+01
      vertex   3.013062e+01 2.666667e+00 -9.169710e+01
    endloop
  endfacet
  facet normal 3.826834e-01 0.000000e+00 9.238795e-01
    outer loop
      vertex   3.013062e+01 9.000000e+00 -9.169710e+01
      vertex   3.013062e+01 2.666667e+00 -9.169710e+01
      vertex   3.045621e+01 9.000000e+00 -9.183196e+01
    endloop
  endfacet
  facet normal 3.826834e-01 0.000000e+00 9.238795e-01
    outer loop
      vertex   3.045621e+01 9.000000e+00 -9.183196e+01
      vertex   3.013062e+01 2.666667e+00 -9.169710e+01
      vertex   3.045621e+01 2.666667e+00 -9.183196e+01
    endloop
  endfacet
  facet normal 1.305262e-01 0.000000e+00 9.914449e-01
    outer loop
      vertex   3.045621e+01 9.000000e+00 -9.183196e+01
      vertex   3.045621e+01 2.666667e+00 -9.183196e+01
      vertex   3.080562e+01 9.000000e+00 -9.187796e+01
    endloop
  endfacet
  facet normal 1.305262e-01 0.000000e+00 9.914449e-01
    outer loop
      vertex   3.080562e+01 9.000000e+00 -9.187796e+01
      vertex   3.045621e+01 2.666667e+00 -9.183196e+01
      vertex   3.080562e+01 2.666667e+00 -9.187796e+01
    endloop
  endfacet
  facet normal -1.305262e-01 0.000000e+00 9.914449e-01
    outer loop
      vertex   3.080562e+01 9.000000e+00 -9.187796e+01
      vertex   3.080562e+01 2.666667e+00 -9.187796e+01
      vertex   3.115502e+01 9.000000e+00 -9.183196e+01
    endloop
  endfacet
  facet normal -1.305262e-01 0.000000e+00 9.914449e-01
    outer loop
      vertex   3.115502e+01 9.000000e+00 -9.183196e+01
      vertex   3.080562e+01 2.666667e+00 -9.187796e+01
      vertex   3.115502e+01 2.666667e+00 -9.183196e+01
    endloop
  endfacet
  facet normal -3.826834e-01 0.000000e+00 9.238795e-01
    outer loop
      vertex   3.115502e+01 9.000000e+00 -9.183196e+01
      vertex   3.115502e+01 2.666667e+00 -9.183196e+01
      vertex   3.148062e+01 9.000000e+00 -9.169710e+01
    endloop
  endfacet
  facet normal -3.826834e-01 2.146681e-16 9.238795e-01
    outer loop
      vertex   3.148062e+01 9.000000e+00 -9.169710e+01
      vertex   3.115502e+01 2.666667e+00 -9.183196e+01
      vertex   3.148062e+01 2.666667e+00 -9.169710e+01
    endloop
  endfacet
  facet normal -6.087614e-01 3.414876e-16 7.933533e-01
    outer loop
      vertex   3.148062e+01 9.000000e+00 -9.169710e+01
      vertex   3.148062e+01 2.666667e+00 -9.169710e+01
      vertex   3.176021e+01 9.000000e+00 -9.148256e+01
    endloop
  endfacet
  facet normal -6.087614e-01 -6.829753e-16 7.933533e-01
    outer loop
      vertex   3.176021e+01 9.000000e+00 -9.148256e+01
      vertex   3.148062e+01 2.666667e+00 -9.169710e+01
      vertex   3.176021e+01 2.666667e+00 -9.148256e+01
    endloop
  endfacet
  facet normal -7.933533e-01 -8.900707e-16 6.087614e-01
    outer loop
      vertex   3.176021e+01 9.000000e+00 -9.148256e+01
      vertex   3.176021e+01 2.666667e+00 -9.148256e+01
      vertex   3.197475e+01 9.000000e+00 -9.120296e+01
    endloop
  endfacet
  facet normal -7.933533e-01 4.450354e-16 6.087614e-01
    outer loop
      vertex   3.197475e+01 9.000000e+00 -9.120296e+01
      vertex   3.176021e+01 2.666667e+00 -9.148256e+01
      vertex   3.197475e+01 2.666667e+00 -9.120296e+01
    endloop
  endfacet
  facet normal -9.238795e-01 5.182547e-16 3.826834e-01
    outer loop
      vertex   3.197475e+01 9.000000e+00 -9.120296e+01
      vertex   3.197475e+01 2.666667e+00 -9.120296e+01
      vertex   3.210962e+01 9.000000e+00 -9.087737e+01
    endloop
  endfacet
  facet normal -9.238795e-01 0.000000e+00 3.826834e-01
    outer loop
      vertex   3.210962e+01 9.000000e+00 -9.087737e+01
      vertex   3.197475e+01 2.666667e+00 -9.120296e+01
      vertex   3.210962e+01 2.666667e+00 -9.087737e+01
    endloop
  endfacet
  facet normal -9.914449e-01 0.000000e+00 1.305262e-01
    outer loop
      vertex   3.210962e+01 9.000000e+00 -9.087737e+01
      vertex   3.210962e+01 2.666667e+00 -9.087737e+01
      vertex   3.215562e+01 9.000000e+00 -9.052796e+01
    endloop
  endfacet
  facet normal -9.914449e-01 0.000000e+00 1.305262e-01
    outer loop
      vertex   3.215562e+01 9.000000e+00 -9.052796e+01
      vertex   3.210962e+01 2.666667e+00 -9.087737e+01
      vertex   3.215562e+01 2.666667e+00 -9.052796e+01
    endloop
  endfacet
  facet normal -9.914449e-01 -0.000000e+00 -1.305262e-01
    outer loop
      vertex   3.215562e+01 9.000000e+00 -9.052796e+01
      vertex   3.215562e+01 2.666667e+00 -9.052796e+01
      vertex   3.210962e+01 9.000000e+00 -9.017856e+01
    endloop
  endfacet
  facet normal -9.914449e-01 -0.000000e+00 -1.305262e-01
    outer loop
      vertex   3.210962e+01 9.000000e+00 -9.017856e+01
      vertex   3.215562e+01 2.666667e+00 -9.052796e+01
      vertex   3.210962e+01 2.666667e+00 -9.017856e+01
    endloop
  endfacet
  facet normal -9.238795e-01 -0.000000e+00 -3.826834e-01
    outer loop
      vertex   3.210962e+01 9.000000e+00 -9.017856e+01
      vertex   3.210962e+01 2.666667e+00 -9.017856e+01
      vertex   3.197475e+01 9.000000e+00 -8.985296e+01
    endloop
  endfacet
  facet normal -9.238795e-01 5.182547e-16 -3.826834e-01
    outer loop
      vertex   3.197475e+01 9.000000e+00 -8.985296e+01
      vertex   3.210962e+01 2.666667e+00 -9.017856e+01
      vertex   3.197475e+01 2.666667e+00 -8.985296e+01
    endloop
  endfacet
  facet normal -7.933533e-01 4.450354e-16 -6.087614e-01
    outer loop
      vertex   3.197475e+01 9.000000e+00 -8.985296e+01
      vertex   3.197475e+01 2.666667e+00 -8.985296e+01
      vertex   3.176021e+01 9.000000e+00 -8.957337e+01
    endloop
  endfacet
  facet normal -7.933533e-01 -8.900707e-16 -6.087614e-01
    outer loop
      vertex   3.176021e+01 9.000000e+00 -8.957337e+01
      vertex   3.197475e+01 2.666667e+00 -8.985296e+01
      vertex   3.176021e+01 2.666667e+00 -8.957337e+01
    endloop
  endfacet
  facet normal -6.087614e-01 -6.829753e-16 -7.933533e-01
    outer loop
      vertex   3.176021e+01 9.000000e+00 -8.957337e+01
      vertex   3.176021e+01 2.666667e+00 -8.957337e+01
      vertex   3.148062e+01 9.000000e+00 -8.935883e+01
    endloop
  endfacet
  facet normal -6.087614e-01 -0.000000e+00 -7.933533e-01
    outer loop
      vertex   3.148062e+01 9.000000e+00 -8.935883e+01
      vertex   3.176021e+01 2.666667e+00 -8.957337e+01
      vertex   3.148062e+01 2.666667e+00 -8.935883e+01
    endloop
  endfacet
  facet normal -3.826834e-01 -0.000000e+00 -9.238795e-01
    outer loop
      vertex   3.148062e+01 9.000000e+00 -8.935883e+01
      vertex   3.148062e+01 2.666667e+00 -8.935883e+01
      vertex   3.115502e+01 9.000000e+00 -8.922396e+01
    endloop
  endfacet
  facet normal -3.826834e-01 -0.000000e+00 -9.238795e-01
    outer loop
      vertex   3.115502e+01 9.000000e+00 -8.922396e+01
      vertex   3.148062e+01 2.666667e+00 -8.935883e+01
      vertex   3.115502e+01 2.666667e+00 -8.922396e+01
    endloop
  endfacet
  facet normal -1.305262e-01 -0.000000e+00 -9.914449e-01
    outer loop
      vertex   3.115502e+01 9.000000e+00 -8.922396e+01
      vertex   3.115502e+01 2.666667e+00 -8.922396e+01
      vertex   3.080562e+01 9.000000e+00 -8.917796e+01
    endloop
  endfacet
  facet normal -1.305262e-01 -0.000000e+00 -9.914449e-01
    outer loop
      vertex   3.080562e+01 9.000000e+00 -8.917796e+01
      vertex   3.115502e+01 2.666667e+00 -8.922396e+01
      vertex   3.080562e+01 2.666667e+00 -8.917796e+01
    endloop
  endfacet
  facet normal 1.305262e-01 0.000000e+00 -9.914449e-01
    outer loop
      vertex   3.080562e+01 9.000000e+00 -8.917796e+01
      vertex   3.080562e+01 2.666667e+00 -8.917796e+01
      vertex   3.045621e+01 9.000000e+00 -8.922396e+01
    endloop
  endfacet
  facet normal 1.305262e-01 0.000000e+00 -9.914449e-01
    outer loop
      vertex   3.045621e+01 9.000000e+00 -8.922396e+01
      vertex   3.080562e+01 2.666667e+00 -8.917796e+01
      vertex   3.045621e+01 2.666667e+00 -8.922396e+01
    endloop
  endfacet
  facet normal 3.826834e-01 0.000000e+00 -9.238795e-01
    outer loop
      vertex   3.045621e+01 9.000000e+00 -8.922396e+01
      vertex   3.045621e+01 2.666667e+00 -8.922396e+01
      vertex   3.013062e+01 9.000000e+00 -8.935883e+01
    endloop
  endfacet
  facet normal 3.826834e-01 2.146681e-16 -9.238795e-01
    outer loop
      vertex   3.013062e+01 9.000000e+00 -8.935883e+01
      vertex   3.045621e+01 2.666667e+00 -8.922396e+01
      vertex   3.013062e+01 2.666667e+00 -8.935883e+01
    endloop
  endfacet
  facet normal 6.087614e-01 3.414876e-16 -7.933533e-01
    outer loop
      vertex   3.013062e+01 9.000000e+00 -8.935883e+01
      vertex   3.013062e+01 2.666667e+00 -8.935883e+01
      vertex   2.985102e+01 9.000000e+00 -8.957337e+01
    endloop
  endfacet
  facet normal 6.087614e-01 -6.829753e-16 -7.933533e-01
    outer loop
      vertex   2.985102e+01 9.000000e+00 -8.957337e+01
      vertex   3.013062e+01 2.666667e+00 -8.935883e+01
      vertex   2.985102e+01 2.666667e+00 -8.957337e+01
    endloop
  endfacet
  facet normal 7.933533e-01 -8.900707e-16 -6.087614e-01
    outer loop
      vertex   2.985102e+01 9.000000e+00 -8.957337e+01
      vertex   2.985102e+01 2.666667e+00 -8.957337e+01
      vertex   2.963648e+01 9.000000e+00 -8.985296e+01
    endloop
  endfacet
  facet normal 7.933533e-01 4.450354e-16 -6.087614e-01
    outer loop
      vertex   2.963648e+01 9.000000e+00 -8.985296e+01
      vertex   2.985102e+01 2.666667e+00 -8.957337e+01
      vertex   2.963648e+01 2.666667e+00 -8.985296e+01
    endloop
  endfacet
  facet normal 9.238795e-01 5.182547e-16 -3.826834e-01
    outer loop
      vertex   2.963648e+01 9.000000e+00 -8.985296e+01
      vertex   2.963648e+01 2.666667e+00 -8.985296e+01
      vertex   2.950162e+01 9.000000e+00 -9.017856e+01
    endloop
  endfacet
  facet normal 9.238795e-01 0.000000e+00 -3.826834e-01
    outer loop
      vertex   2.950162e+01 9.000000e+00 -9.017856e+01
      vertex   2.963648e+01 2.666667e+00 -8.985296e+01
      vertex   2.950162e+01 2.666667e+00 -9.017856e+01
    endloop
  endfacet
  facet normal 9.914449e-01 0.000000e+00 -1.305262e-01
    outer loop
      vertex   2.945562e+01 -3.666667e+00 -9.052796e+01
      vertex   2.945562e+01 2.666667e+00 -9.052796e+01
      vertex   2.950162e+01 -3.666667e+00 -9.017856e+01
    endloop
  endfacet
  facet normal 9.914449e-01 0.000000e+00 -1.305262e-01
    outer loop
      vertex   2.950162e+01 -3.666667e+00 -9.017856e+01
      vertex   2.945562e+01 2.666667e+00 -9.052796e+01
      vertex   2.950162e+01 2.666667e+00 -9.017856e+01
    endloop
  endfacet
  facet normal 9.238795e-01 0.000000e+00 -3.826834e-01
    outer loop
      vertex   2.950162e+01 -3.666667e+00 -9.017856e+01
      vertex   2.950162e+01 2.666667e+00 -9.017856e+01
      vertex   2.963648e+01 -3.666667e+00 -8.985296e+01
    endloop
  endfacet
  facet normal 9.238795e-01 0.000000e+00 -3.826834e-01
    outer loop
      vertex   2.963648e+01 -3.666667e+00 -8.985296e+01
      vertex   2.950162e+01 2.666667e+00 -9.017856e+01
      vertex   2.963648e+01 2.666667e+00 -8.985296e+01
    endloop
  endfacet
  facet normal 7.933533e-01 0.000000e+00 -6.087614e-01
    outer loop
      vertex   2.963648e+01 -3.666667e+00 -8.985296e+01
      vertex   2.963648e+01 2.666667e+00 -8.985296e+01
      vertex   2.985102e+01 -3.666667e+00 -8.957337e+01
    endloop
  endfacet
  facet normal 7.933533e-01 0.000000e+00 -6.087614e-01
    outer loop
      vertex   2.985102e+01 -3.666667e+00 -8.957337e+01
      vertex   2.963648e+01 2.666667e+00 -8.985296e+01
      vertex   2.985102e+01 2.666667e+00 -8.957337e+01
    endloop
  endfacet
  facet normal 6.087614e-01 0.000000e+00 -7.933533e-01
    outer loop
      vertex   2.985102e+01 -3.666667e+00 -8.957337e+01
      vertex   2.985102e+01 2.666667e+00 -8.957337e+01
      vertex   3.013062e+01 -3.666667e+00 -8.935883e+01
    endloop
  endfacet
  facet normal 6.087614e-01 0.000000e+00 -7.933533e-01
    outer loop
      vertex   3.013062e+01 -3.666667e+00 -8.935883e+01
      vertex   2.985102e+01 2.666667e+00 -8.957337e+01
      vertex   3.013062e+01 2.666667e+00 -8.935883e+01
    endloop
  endfacet
  facet normal 3.826834e-01 0.000000e+00 -9.238795e-01
    outer loop
      vertex   3.013062e+01 -3.666667e+00 -8.935883e+01
      vertex   3.013062e+01 2.666667e+00 -8.935883e+01
      vertex   3.045621e+01 -3.666667e+00 -8.922396e+01
    endloop
  endfacet
  facet normal 3.826834e-01 0.000000e+00 -9.238795e-01
    outer loop
      vertex   3.045621e+01 -3.666667e+00 -8.922396e+01
      vertex   3.013062e+01 2.666667e+00 -8.935883e+01
      vertex   3.045621e+01 2.666667e+00 -8.922396e+01
    endloop
  endfacet
  facet normal 1.305262e-01 0.000000e+00 -9.914449e-01
    outer loop
      vertex   3.045621e+01 -3.666667e+00 -8.922396e+01
      vertex   3.045621e+01 2.666667e+00 -8.922396e+01
      vertex   3.080562e+01 -3.666667e+00 -8.917796e+01
    endloop
  endfacet
  facet normal 1.305262e-01 0.000000e+00 -9.914449e-01
    outer loop
      vertex   3.080562e+01 -3.666667e+00 -8.917796e+01
      vertex   3.045621e+01 2.666667e+00 -8.922396e+01
      vertex   3.080562e+01 2.666667e+00 -8.917796e+01
    endloop
  endfacet
  facet normal -1.305262e-01 0.000000e+00 -9.914449e-01
    outer loop
      vertex   3.080562e+01 -3.666667e+00 -8.917796e+01
      vertex   3.080562e+01 2.666667e+00 -8.917796e+01
      vertex   3.115502e+01 -3.666667e+00 -8.922396e+01
    endloop
  endfacet
  facet normal -1.305262e-01 0.000000e+00 -9.914449e-01
    outer loop
      vertex   3.115502e+01 -3.666667e+00 -8.922396e+01
      vertex   3.080562e+01 2.666667e+00 -8.917796e+01
      vertex   3.115502e+01 2.666667e+00 -8.922396e+01
    endloop
  endfacet
  facet normal -3.826834e-01 0.000000e+00 -9.238795e-01
    outer loop
      vertex   3.115502e+01 -3.666667e+00 -8.922396e+01
      vertex   3.115502e+01 2.666667e+00 -8.922396e+01
      vertex   3.148062e+01 -3.666667e+00 -8.935883e+01
    endloop
  endfacet
  facet normal -3.826834e-01 0.000000e+00 -9.238795e-01
    outer loop
      vertex   3.148062e+01 -3.666667e+00 -8.935883e+01
      vertex   3.115502e+01 2.666667e+00 -8.922396e+01
      vertex   3.148062e+01 2.666667e+00 -8.935883e+01
    endloop
  endfacet
  facet normal -6.087614e-01 0.000000e+00 -7.933533e-01
    outer loop
      vertex   3.148062e+01 -3.666667e+00 -8.935883e+01
      vertex   3.148062e+01 2.666667e+00 -8.935883e+01
      vertex   3.176021e+01 -3.666667e+00 -8.957337e+01
    endloop
  endfacet
  facet normal -6.087614e-01 0.000000e+00 -7.933533e-01
    outer loop
      vertex   3.176021e+01 -3.666667e+00 -8.957337e+01
      vertex   3.148062e+01 2.666667e+00 -8.935883e+01
      vertex   3.176021e+01 2.666667e+00 -8.957337e+01
    endloop
  endfacet
  facet normal -7.933533e-01 0.000000e+00 -6.087614e-01
    outer loop
      vertex   3.176021e+01 -3.666667e+00 -8.957337e+01
      vertex   3.176021e+01 2.666667e+00 -8.957337e+01
      vertex   3.197475e+01 -3.666667e+00 -8.985296e+01
    endloop
  endfacet
  facet normal -7.933533e-01 0.000000e+00 -6.087614e-01
    outer loop
      vertex   3.197475e+01 -3.666667e+00 -8.985296e+01
      vertex   3.176021e+01 2.666667e+00 -8.957337e+01
      vertex   3.197475e+01 2.666667e+00 -8.985296e+01
    endloop
  endfacet
  facet normal -9.238795e-01 0.000000e+00 -3.826834e-01
    outer loop
      vertex   3.197475e+01 -3.666667e+00 -8.985296e+01
      vertex   3.197475e+01 2.666667e+00 -8.985296e+01
      vertex   3.210962e+01 -3.666667e+00 -9.017856e+01
    endloop
  endfacet
  facet normal -9.238795e-01 0.000000e+00 -3.826834e-01
    outer loop
      vertex   3.210962e+01 -3.666667e+00 -9.017856e+01
      vertex   3.197475e+01 2.666667e+00 -8.985296e+01
      vertex   3.210962e+01 2.666667e+00 -9.017856e+01
    endloop
  endfacet
  facet normal -9.914449e-01 0.000000e+00 -1.305262e-01
    outer loop
      vertex   3.210962e+01 -3.666667e+00 -9.017856e+01
      vertex   3.210962e+01 2.666667e+00 -9.017856e+01
      vertex   3.215562e+01 -3.666667e+00 -9.052796e+01
    endloop
  endfacet
  facet normal -9.914449e-01 0.000000e+00 -1.305262e-01
    outer loop
      vertex   3.215562e+01 -3.666667e+00 -9.052796e+01
      vertex   3.210962e+01 2.666667e+00 -9.017856e+01
      vertex   3.215562e+01 2.666667e+00 -9.052796e+01
    endloop
  endfacet
  facet normal -9.914449e-01 0.000000e+00 1.305262e-01
    outer loop
      vertex   3.215562e+01 -3.666667e+00 -9.052796e+01
      vertex   3.215562e+01 2.666667e+00 -9.052796e+01
      vertex   3.210962e+01 -3.666667e+00 -9.087737e+01
    endloop
  endfacet
  facet normal -9.914449e-01 0.000000e+00 1.305262e-01
    outer loop
      vertex   3.210962e+01 -3.666667e+00 -9.087737e+01
      vertex   3.215562e+01 2.666667e+00 -9.052796e+01
      vertex   3.210962e+01 2.666667e+00 -9.087737e+01
    endloop
  endfacet
  facet normal -9.238795e-01 0.000000e+00 3.826834e-01
    outer loop
      vertex   3.210962e+01 -3.666667e+00 -9.087737e+01
      vertex   3.210962e+01 2.666667e+00 -9.087737e+01
      vertex   3.197475e+01 -3.666667e+00 -9.120296e+01
    endloop
  endfacet
  facet normal -9.238795e-01 0.000000e+00 3.826834e-01
    outer loop
      vertex   3.197475e+01 -3.666667e+00 -9.120296e+01
      vertex   3.210962e+01 2.666667e+00 -9.087737e+01
      vertex   3.197475e+01 2.666667e+00 -9.120296e+01
    endloop
  endfacet
  facet normal -7.933533e-01 0.000000e+00 6.087614e-01
    outer loop
      vertex   3.197475e+01 -3.666667e+00 -9.120296e+01
      vertex   3.197475e+01 2.666667e+00 -9.120296e+01
      vertex   3.176021e+01 -3.666667e+00 -9.148256e+01
    endloop
  endfacet
  facet normal -7.933533e-01 0.000000e+00 6.087614e-01
    outer loop
      vertex   3.176021e+01 -3.666667e+00 -9.148256e+01
      vertex   3.197475e+01 2.666667e+00 -9.120296e+01
      vertex   3.176021e+01 2.666667e+00 -9.148256e+01
    endloop
  endfacet
  facet normal -6.087614e-01 0.000000e+00 7.933533e-01
    outer loop
      vertex   3.176021e+01 -3.666667e+00 -9.148256e+01
      vertex   3.176021e+01 2.666667e+00 -9.148256e+01
      vertex   3.148062e+01 -3.666667e+00 -9.169710e+01
    endloop
  endfacet
  facet normal -6.087614e-01 0.000000e+00 7.933533e-01
    outer loop
      vertex   3.148062e+01 -3.666667e+00 -9.169710e+01
      vertex   3.176021e+01 2.666667e+00 -9.148256e+01
      vertex   3.148062e+01 2.666667e+00 -9.169710e+01
    endloop
  endfacet
  facet normal -3.826834e-01 0.000000e+00 9.238795e-01
    outer loop
      vertex   3.148062e+01 -3.666667e+00 -9.169710e+01
      vertex   3.148062e+01 2.666667e+00 -9.169710e+01
      vertex   3.115502e+01 -3.666667e+00 -9.183196e+01
    endloop
  endfacet
  facet normal -3.826834e-01 0.000000e+00 9.238795e-01
    outer loop
      vertex   3.115502e+01 -3.666667e+00 -9.183196e+01
      vertex   3.148062e+01 2.666667e+00 -9.169710e+01
      vertex   3.115502e+01 2.666667e+00 -9.183196e+01
    endloop
  endfacet
  facet normal -1.305262e-01 0.000000e+00 9.914449e-01
    outer loop
      vertex   3.115502e+01 -3.666667e+00 -9.183196e+01
      vertex   3.115502e+01 2.666667e+00 -9.183196e+01
      vertex   3.080562e+01 -3.666667e+00 -9.187796e+01
    endloop
  endfacet
  facet normal -1.305262e-01 0.000000e+00 9.914449e-01
    outer loop
      vertex   3.080562e+01 -3.666667e+00 -9.187796e+01
      vertex   3.115502e+01 2.666667e+00 -9.183196e+01
      vertex   3.080562e+01 2.666667e+00 -9.187796e+01
    endloop
  endfacet
  facet normal 1.305262e-01 -0.000000e+00 9.914449e-01
    outer loop
      vertex   3.080562e+01 -3.666667e+00 -9.187796e+01
      vertex   3.080562e+01 2.666667e+00 -9.187796e+01
      vertex   3.045621e+01 -3.666667e+00 -9.183196e+01
    endloop
  endfacet
  facet normal 1.305262e-01 -0.000000e+00 9.914449e-01
    outer loop
      vertex   3.045621e+01 -3.666667e+00 -9.183196e+01
      vertex   3.080562e+01 2.666667e+00 -9.187796e+01
      vertex   3.045621e+01 2.666667e+00 -9.183196e+01
    endloop
  endfacet
  facet normal 3.826834e-01 -0.000000e+00 9.238795e-01
    outer loop
      vertex   3.045621e+01 -3.666667e+00 -9.183196e+01
      vertex   3.045621e+01 2.666667e+00 -9.183196e+01
      vertex   3.013062e+01 -3.666667e+00 -9.169710e+01
    endloop
  endfacet
  facet normal 3.826834e-01 -0.000000e+00 9.238795e-01
    outer loop
      vertex   3.013062e+01 -3.666667e+00 -9.169710e+01
      vertex   3.045621e+01 2.666667e+00 -9.183196e+01
      vertex   3.013062e+01 2.666667e+00 -9.169710e+01
    endloop
  endfacet
  facet normal 6.087614e-01 -0.000000e+00 7.933533e-01
    outer loop
      vertex   3.013062e+01 -3.666667e+00 -9.169710e+01
      vertex   3.013062e+01 2.666667e+00 -9.169710e+01
      vertex   2.985102e+01 -3.666667e+00 -9.148256e+01
    endloop
  endfacet
  facet normal 6.087614e-01 -0.000000e+00 7.933533e-01
    outer loop
      vertex   2.985102e+01 -3.666667e+00 -9.148256e+01
      vertex   3.013062e+01 2.666667e+00 -9.169710e+01
      vertex   2.985102e+01 2.666667e+00 -9.148256e+01
    endloop
  endfacet
  facet normal 7.933533e-01 -0.000000e+00 6.087614e-01
    outer loop
      vertex   2.985102e+01 -3.666667e+00 -9.148256e+01
      vertex   2.985102e+01 2.666667e+00 -9.148256e+01
      vertex   2.963648e+01 -3.666667e+00 -9.120296e+01
    endloop
  endfacet
  facet normal 7.933533e-01 -0.000000e+00 6.087614e-01
    outer loop
      vertex   2.963648e+01 -3.666667e+00 -9.120296e+01
      vertex   2.985102e+01 2.666667e+00 -9.148256e+01
      vertex   2.963648e+01 2.666667e+00 -9.120296e+01
    endloop
  endfacet
  facet normal 9.238795e-01 -0.000000e+00 3.826834e-01
    outer loop
      vertex   2.963648e+01 -3.666667e+00 -9.120296e+01
      vertex   2.963648e+01 2.666667e+00 -9.120296e+01
      vertex   2.950162e+01 -3.666667e+00 -9.087737e+01
    endloop
  endfacet
  facet normal 9.238795e-01 -0.000000e+00 3.826834e-01
    outer loop
      vertex   2.950162e+01 -3.666667e+00 -9.087737e+01
      vertex   2.963648e+01 2.666667e+00 -9.120296e+01
      vertex   2.950162e+01 2.666667e+00 -9.087737e+01
    endloop
  endfacet
  facet normal 9.914449e-01 -0.000000e+00 1.305262e-01
    outer loop
      vertex   2.950162e+01 -3.666667e+00 -9.087737e+01
      vertex   2.950162e+01 2.666667e+00 -9.087737e+01
      vertex   2.945562e+01 -3.666667e+00 -9.052796e+01
    endloop
  endfacet
  facet normal 9.914449e-01 -0.000000e+00 1.305262e-01
    outer loop
      vertex   2.945562e+01 -3.666667e+00 -9.052796e+01
      vertex   2.950162e+01 2.666667e+00 -9.087737e+01
      vertex   2.945562e+01 2.666667e+00 -9.052796e+01
    endloop
  endfacet
  facet normal 0.000000e+00 -1.000000e+00 0.000000e+00
    outer loop
      vertex   2.950162e+01 9.000000e+00 -9.087737e+01
      vertex   3.210962e+01 9.000000e+00 -9.087737e+01
      vertex   2.945562e+01 9.000000e+00 -9.052796e+01
    endloop
  endfacet
  facet normal 0.000000e+00 -1.000000e+00 0.000000e+00
    outer loop
      vertex   2.945562e+01 9.000000e+00 -9.052796e+01
      vertex   3.210962e+01 9.000000e+00 -9.087737e+01
      vertex   3.215562e+01 9.000000e+00 -9.052796e+01
    endloop
  endfacet
  facet normal 0.000000e+00 -1.000000e+00 0.000000e+00
    outer loop
      vertex   2.945562e+01 9.000000e+00 -9.052796e+01
      vertex   3.215562e+01 9.000000e+00 -9.052796e+01
      vertex   2.950162e+01 9.000000e+00 -9.017856e+01
    endloop
  endfacet
  facet normal 0.000000e+00 -1.000000e+00 0.000000e+00
    outer loop
      vertex   2.950162e+01 9.000000e+00 -9.017856e+01
      vertex   3.215562e+01 9.000000e+00 -9.052796e+01
      vertex   3.210962e+01 9.000000e+00 -9.017856e+01
    endloop
  endfacet
  facet normal 0.000000e+00 -1.000000e+00 0.000000e+00
    outer loop
      vertex   2.950162e+01 9.000000e+00 -9.017856e+01
      vertex   3.210962e+01 9.000000e+00 -9.017856e+01
      vertex   2.963648e+01 9.000000e+00 -8.985296e+01
    endloop
  endfacet
  facet normal 0.000000e+00 -1.000000e+00 0.000000e+00
    outer loop
      vertex   2.963648e+01 9.000000e+00 -8.985296e+01
      vertex   3.210962e+01 9.000000e+00 -9.017856e+01
      vertex   3.197475e+01 9.000000e+00 -8.985296e+01
    endloop
  endfacet
  facet normal 0.000000e+00 -1.000000e+00 0.000000e+00
    outer loop
      vertex   2.963648e+01 9.000000e+00 -8.985296e+01
      vertex   3.197475e+01 9.000000e+00 -8.985296e+01
      vertex   2.985102e+01 9.000000e+00 -8.957337e+01
    endloop
  endfacet
  facet normal 0.000000e+00 -1.000000e+00 0.000000e+00
    outer loop
      vertex   2.985102e+01 9.000000e+00 -8.957337e+01
      vertex   3.197475e+01 9.000000e+00 -8.985296e+01
      vertex   3.176021e+01 9.000000e+00 -8.957337e+01
    endloop
  endfacet
  facet normal 0.000000e+00 -1.000000e+00 0.000000e+00
    outer loop
      vertex   2.985102e+01 9.000000e+00 -8.957337e+01
      vertex   3.176021e+01 9.000000e+00 -8.957337e+01
      vertex   3.013062e+01 9.000000e+00 -8.935883e+01
    endloop
  endfacet
  facet normal 0.000000e+00 -1.000000e+00 0.000000e+00
    outer loop
      vertex   3.013062e+01 9.000000e+00 -8.935883e+01
      vertex   3.176021e+01 9.000000e+00 -8.957337e+01
      vertex   3.148062e+01 9.000000e+00 -8.935883e+01
    endloop
  endfacet
  facet normal 0.000000e+00 -1.000000e+00 0.000000e+00
    outer loop
      vertex   3.013062e+01 9.000000e+00 -8.935883e+01
      vertex   3.148062e+01 9.000000e+00 -8.935883e+01
      vertex   3.045621e+01 9.000000e+00 -8.922396e+01
    endloop
  endfacet
  facet normal 0.000000e+00 -1.000000e+00 0.000000e+00
    outer loop
      vertex   3.045621e+01 9.000000e+00 -8.922396e+01
      vertex   3.148062e+01 9.000000e+00 -8.935883e+01
      vertex   3.115502e+01 9.000000e+00 -8.922396e+01
    endloop
  endfacet
  facet normal 0.000000e+00 -1.000000e+00 0.000000e+00
    outer loop
      vertex   3.045621e+01 9.000000e+00 -8.922396e+01
      vertex   3.115502e+01 9.000000e+00 -8.922396e+01
      vertex   3.080562e+01 9.000000e+00 -8.917796e+01
    endloop
  endfacet
  facet normal -0.000000e+00 -1.000000e+00 0.000000e+00
    outer loop
      vertex   3.210962e+01 9.000000e+00 -9.087737e+01
      vertex   2.950162e+01 9.000000e+00 -9.087737e+01
      vertex   3.197475e+01 9.000000e+00 -9.120296e+01
    endloop
  endfacet
  facet normal 0.000000e+00 -1.000000e+00 0.000000e+00
    outer loop
      vertex   3.197475e+01 9.000000e+00 -9.120296e+01
      vertex   2.950162e+01 9.000000e+00 -9.087737e+01
      vertex   2.963648e+01 9.000000e+00 -9.120296e+01
    endloop
  endfacet
  facet normal -0.000000e+00 -1.000000e+00 0.000000e+00
    outer loop
      vertex   3.197475e+01 9.000000e+00 -9.120296e+01
      vertex   2.963648e+01 9.000000e+00 -9.120296e+01
      vertex   3.176021e+01 9.000000e+00 -9.148256e+01
    endloop
  endfacet
  facet normal 0.000000e+00 -1.000000e+00 0.000000e+00
    outer loop
      vertex   3.176021e+01 9.000000e+00 -9.148256e+01
      vertex   2.963648e+01 9.000000e+00 -9.120296e+01
      vertex   2.985102e+01 9.000000e+00 -9.148256e+01
    endloop
  endfacet
  facet normal -0.000000e+00 -1.000000e+00 0.000000e+00
    outer loop
      vertex   3.176021e+01 9.000000e+00 -9.148256e+01
      vertex   2.985102e+01 9.000000e+00 -9.148256e+01
      vertex   3.148062e+01 9.000000e+00 -9.169710e+01
    endloop
  endfacet
  facet normal 0.000000e+00 -1.000000e+00 0.000000e+00
    outer loop
      vertex   3.148062e+01 9.000000e+00 -9.169710e+01
      vertex   2.985102e+01 9.000000e+00 -9.148256e+01
      vertex   3.013062e+01 9.000000e+00 -9.169710e+01
    endloop
  endfacet
  facet normal -0.000000e+00 -1.000000e+00 0.000000e+00
    outer loop
      vertex   3.148062e+01 9.000000e+00 -9.169710e+01
      vertex   3.013062e+01 9.000000e+00 -9.169710e+01
      vertex   3.115502e+01 9.000000e+00 -9.183196e+01
    endloop
  endfacet
  facet normal 0.000000e+00 -1.000000e+00 0.000000e+00
    outer loop
      vertex   3.115502e+01 9.000000e+00 -9.183196e+01
      vertex   3.013062e+01 9.000000e+00 -9.169710e+01
      vertex   3.045621e+01 9.000000e+00 -9.183196e+01
    endloop
  endfacet
  facet normal -0.000000e+00 -1.000000e+00 0.000000e+00
    outer loop
      vertex   3.115502e+01 9.000000e+00 -9.183196e+01
      vertex   3.045621e+01 9.000000e+00 -9.183196e+01
      vertex   3.080562e+01 9.000000e+00 -9.187796e+01
    endloop
  endfacet
  facet normal 9.914449e-01 -0.000000e+00 1.305262e-01
    outer loop
      vertex   -3.247014e+01 -1.000000e+01 -9.015954e+01
      vertex   -3.247014e+01 -3.666667e+00 -9.015954e+01
      vertex   -3.251614e+01 -1.000000e+01 -8.981013e+01
    endloop
  endfacet
  facet normal 9.914449e-01 -0.000000e+00 1.305262e-01
    outer loop
      vertex   -3.251614e+01 -1.000000e+01 -8.981013e+01
      vertex   -3.247014e+01 -3.666667e+00 -9.015954e+01
      vertex   -3.251614e+01 -3.666667e+00 -8.981013e+01
    endloop
  endfacet
  facet normal 9.914449e-01 0.000000e+00 -1.305262e-01
    outer loop
      vertex   -3.251614e+01 -1.000000e+01 -8.981013e+01
      vertex   -3.251614e+01 -3.666667e+00 -8.981013e+01
      vertex   -3.247014e+01 -1.000000e+01 -8.946073e+01
    endloop
  endfacet
  facet normal 9.914449e-01 0.000000e+00 -1.305262e-01
    outer loop
      vertex   -3.247014e+01 -1.000000e+01 -8.946073e+01
      vertex   -3.251614e+01 -3.666667e+00 -8.981013e+01
      vertex   -3.247014e+01 -3.666667e+00 -8.946073e+01
    endloop
  endfacet
  facet normal 9.238795e-01 0.000000e+00 -3.826834e-01
    outer loop
      vertex   -3.247014e+01 -1.000000e+01 -8.946073e+01
      vertex   -3.247014e+01 -3.666667e+00 -8.946073e+01
      vertex   -3.233527e+01 -1.000000e+01 -8.913513e+01
    endloop
  endfacet
  facet normal 9.238795e-01 1.036509e-15 -3.826834e-01
    outer loop
      vertex   -3.233527e+01 -1.000000e+01 -8.913513e+01
      vertex   -3.247014e+01 -3.666667e+00 -8.946073e+01
      vertex   -3.233527e+01 -3.666667e+00 -8.913513e+01
    endloop
  endfacet
  facet normal 7.933533e-01 8.900707e-16 -6.087614e-01
    outer loop
      vertex   -3.233527e+01 -1.000000e+01 -8.913513e+01
      vertex   -3.233527e+01 -3.666667e+00 -8.913513e+01
      vertex   -3.212073e+01 -1.000000e+01 -8.885554e+01
    endloop
  endfacet
  facet normal 7.933533e-01 0.000000e+00 -6.087614e-01
    outer loop
      vertex   -3.212073e+01 -1.000000e+01 -8.885554e+01
      vertex   -3.233527e+01 -3.666667e+00 -8.913513e+01
      vertex   -3.212073e+01 -3.666667e+00 -8.885554e+01
    endloop
  endfacet
  facet normal 6.087614e-01 0.000000e+00 -7.933533e-01
    outer loop
      vertex   -3.212073e+01 -1.000000e+01 -8.885554e+01
      vertex   -3.212073e+01 -3.666667e+00 -8.885554e+01
      vertex   -3.184114e+01 -1.000000e+01 -8.864100e+01
    endloop
  endfacet
  facet normal 6.087614e-01 3.414876e-16 -7.933533e-01
    outer loop
      vertex   -3.184114e+01 -1.000000e+01 -8.864100e+01
      vertex   -3.212073e+01 -3.666667e+00 -8.885554e+01
      vertex   -3.184114e+01 -3.666667e+00 -8.864100e+01
    endloop
  endfacet
  facet normal 3.826834e-01 2.146681e-16 -9.238795e-01
    outer loop
      vertex   -3.184114e+01 -1.000000e+01 -8.864100e+01
      vertex   -3.184114e+01 -3.666667e+00 -8.864100e+01
      vertex   -3.151554e+01 -1.000000e+01 -8.850613e+01
    endloop
  endfacet
  facet normal 3.826834e-01 0.000000e+00 -9.238795e-01
    outer loop
      vertex   -3.151554e+01 -1.000000e+01 -8.850613e+01
      vertex   -3.184114e+01 -3.666667e+00 -8.864100e+01
      vertex   -3.151554e+01 -3.666667e+00 -8.850613e+01
    endloop
  endfacet
  facet normal 1.305262e-01 0.000000e+00 -9.914449e-01
    outer loop
      vertex   -3.151554e+01 -1.000000e+01 -8.850613e+01
      vertex   -3.151554e+01 -3.666667e+00 -8.850613e+01
      vertex   -3.116614e+01 -1.000000e+01 -8.846013e+01
    endloop
  endfacet
  facet normal 1.305262e-01 0.000000e+00 -9.914449e-01
    outer loop
      vertex   -3.116614e+01 -1.000000e+01 -8.846013e+01
      vertex   -3.151554e+01 -3.666667e+00 -8.850613e+01
      vertex   -3.116614e+01 -3.666667e+00 -8.846013e+01
    endloop
  endfacet
  facet normal -1.305262e-01 0.000000e+00 -9.914449e-01
    outer loop
      vertex   -3.116614e+01 -1.000000e+01 -8.846013e+01
      vertex   -3.116614e+01 -3.666667e+00 -8.846013e+01
      vertex   -3.081673e+01 -1.000000e+01 -8.850613e+01
    endloop
  endfacet
  facet normal -1.305262e-01 0.000000e+00 -9.914449e-01
    outer loop
      vertex   -3.081673e+01 -1.000000e+01 -8.850613e+01
      vertex   -3.116614e+01 -3.666667e+00 -8.846013e+01
      vertex   -3.081673e+01 -3.666667e+00 -8.850613e+01
    endloop
  endfacet
  facet normal -3.826834e-01 0.000000e+00 -9.238795e-01
    outer loop
      vertex   -3.081673e+01 -1.000000e+01 -8.850613e+01
      vertex   -3.081673e+01 -3.666667e+00 -8.850613e+01
      vertex   -3.049114e+01 -1.000000e+01 -8.864100e+01
    endloop
  endfacet
  facet normal -3.826834e-01 2.146681e-16 -9.238795e-01
    outer loop
      vertex   -3.049114e+01 -1.000000e+01 -8.864100e+01
      vertex   -3.081673e+01 -3.666667e+00 -8.850613e+01
      vertex   -3.049114e+01 -3.666667e+00 -8.864100e+01
    endloop
  endfacet
  facet normal -6.087614e-01 3.414876e-16 -7.933533e-01
    outer loop
      vertex   -3.049114e+01 -1.000000e+01 -8.864100e+01
      vertex   -3.049114e+01 -3.666667e+00 -8.864100e+01
      vertex   -3.021154e+01 -1.000000e+01 -8.885554e+01
    endloop
  endfacet
  facet normal -6.087614e-01 0.000000e+00 -7.933533e-01
    outer loop
      vertex   -3.021154e+01 -1.000000e+01 -8.885554e+01
      vertex   -3.049114e+01 -3.666667e+00 -8.864100e+01
      vertex   -3.021154e+01 -3.666667e+00 -8.885554e+01
    endloop
  endfacet
  facet normal -7.933533e-01 0.000000e+00 -6.087614e-01
    outer loop
      vertex   -3.021154e+01 -1.000000e+01 -8.885554e+01
      vertex   -3.021154e+01 -3.666667e+00 -8.885554e+01
      vertex   -2.999700e+01 -1.000000e+01 -8.913513e+01
    endloop
  endfacet
  facet normal -7.933533e-01 -4.450354e-16 -6.087614e-01
    outer loop
      vertex   -2.999700e+01 -1.000000e+01 -8.913513e+01
      vertex   -3.021154e+01 -3.666667e+00 -8.885554e+01
      vertex   -2.999700e+01 -3.666667e+00 -8.913513e+01
    endloop
  endfacet
  facet normal -9.238795e-01 -5.182547e-16 -3.826834e-01
    outer loop
      vertex   -2.999700e+01 -1.000000e+01 -8.913513e+01
      vertex   -2.999700e+01 -3.666667e+00 -8.913513e+01
      vertex   -2.986214e+01 -1.000000e+01 -8.946073e+01
    endloop
  endfacet
  facet normal -9.238795e-01 0.000000e+00 -3.826834e-01
    outer loop
      vertex   -2.986214e+01 -1.000000e+01 -8.946073e+01
      vertex   -2.999700e+01 -3.666667e+00 -8.913513e+01
      vertex   -2.986214e+01 -3.666667e+00 -8.946073e+01
    endloop
  endfacet
  facet normal -9.914449e-01 0.000000e+00 -1.305262e-01
    outer loop
      vertex   -2.986214e+01 -1.000000e+01 -8.946073e+01
      vertex   -2.986214e+01 -3.666667e+00 -8.946073e+01
      vertex   -2.981614e+01 -1.000000e+01 -8.981013e+01
    endloop
  endfacet
  facet normal -9.914449e-01 0.000000e+00 -1.305262e-01
    outer loop
      vertex   -2.981614e+01 -1.000000e+01 -8.981013e+01
      vertex   -2.986214e+01 -3.666667e+00 -8.946073e+01
      vertex   -2.981614e+01 -3.666667e+00 -8.981013e+01
    endloop
  endfacet
  facet normal -9.914449e-01 0.000000e+00 1.305262e-01
    outer loop
      vertex   -2.981614e+01 -1.000000e+01 -8.981013e+01
      vertex   -2.981614e+01 -3.666667e+00 -8.981013e+01
      vertex   -2.986214e+01 -1.000000e+01 -9.015954e+01
    endloop
  endfacet
  facet normal -9.914449e-01 0.000000e+00 1.305262e-01
    outer loop
      vertex   -2.986214e+01 -1.000000e+01 -9.015954e+01
      vertex   -2.981614e+01 -3.666667e+00 -8.981013e+01
      vertex   -2.986214e+01 -3.666667e+00 -9.015954e+01
    endloop
  endfacet
  facet normal -9.238795e-01 0.000000e+00 3.826834e-01
    outer loop
      vertex   -2.986214e+01 -1.000000e+01 -9.015954e+01
      vertex   -2.986214e+01 -3.666667e+00 -9.015954e+01
      vertex   -2.999700e+01 -1.000000e+01 -9.048513e+01
    endloop
  endfacet
  facet normal -9.238795e-01 5.182547e-16 3.826834e-01
    outer loop
      vertex   -2.999700e+01 -1.000000e+01 -9.048513e+01
      vertex   -2.986214e+01 -3.666667e+00 -9.015954e+01
      vertex   -2.999700e+01 -3.666667e+00 -9.048513e+01
    endloop
  endfacet
  facet normal -7.933533e-01 4.450354e-16 6.087614e-01
    outer loop
      vertex   -2.999700e+01 -1.000000e+01 -9.048513e+01
      vertex   -2.999700e+01 -3.666667e+00 -9.048513e+01
      vertex   -3.021154e+01 -1.000000e+01 -9.076473e+01
    endloop
  endfacet
  facet normal -7.933533e-01 0.000000e+00 6.087614e-01
    outer loop
      vertex   -3.021154e+01 -1.000000e+01 -9.076473e+01
      vertex   -2.999700e+01 -3.666667e+00 -9.048513e+01
      vertex   -3.021154e+01 -3.666667e+00 -9.076473e+01
    endloop
  endfacet
  facet normal -6.087614e-01 0.000000e+00 7.933533e-01
    outer loop
      vertex   -3.021154e+01 -1.000000e+01 -9.076473e+01
      vertex   -3.021154e+01 -3.666667e+00 -9.076473e+01
      vertex   -3.049114e+01 -1.000000e+01 -9.097927e+01
    endloop
  endfacet
  facet normal -6.087614e-01 3.414876e-16 7.933533e-01
    outer loop
      vertex   -3.049114e+01 -1.000000e+01 -9.097927e+01
      vertex   -3.021154e+01 -3.666667e+00 -9.076473e+01
      vertex   -3.049114e+01 -3.666667e+00 -9.097927e+01
    endloop
  endfacet
  facet normal -3.826834e-01 2.146681e-16 9.238795e-01
    outer loop
      vertex   -3.049114e+01 -1.000000e+01 -9.097927e+01
      vertex   -3.049114e+01 -3.666667e+00 -9.097927e+01
      vertex   -3.081673e+01 -1.000000e+01 -9.111413e+01
    endloop
  endfacet
  facet normal -3.826834e-01 0.000000e+00 9.238795e-01
    outer loop
      vertex   -3.081673e+01 -1.000000e+01 -9.111413e+01
      vertex   -3.049114e+01 -3.666667e+00 -9.097927e+01
      vertex   -3.081673e+01 -3.666667e+00 -9.111413e+01
    endloop
  endfacet
  facet normal -1.305262e-01 0.000000e+00 9.914449e-01
    outer loop
      vertex   -3.081673e+01 -1.000000e+01 -9.111413e+01
      vertex   -3.081673e+01 -3.666667e+00 -9.111413e+01
      vertex   -3.116614e+01 -1.000000e+01 -9.116013e+01
    endloop
  endfacet
  facet normal -1.305262e-01 0.000000e+00 9.914449e-01
    outer loop
      vertex   -3.116614e+01 -1.000000e+01 -9.116013e+01
      vertex   -3.081673e+01 -3.666667e+00 -9.111413e+01
      vertex   -3.116614e+01 -3.666667e+00 -9.116013e+01
    endloop
  endfacet
  facet normal 1.305262e-01 -0.000000e+00 9.914449e-01
    outer loop
      vertex   -3.116614e+01 -1.000000e+01 -9.116013e+01
      vertex   -3.116614e+01 -3.666667e+00 -9.116013e+01
      vertex   -3.151554e+01 -1.000000e+01 -9.111413e+01
    endloop
  endfacet
  facet normal 1.305262e-01 -0.000000e+00 9.914449e-01
    outer loop
      vertex   -3.151554e+01 -1.000000e+01 -9.111413e+01
      vertex   -3.116614e+01 -3.666667e+00 -9.116013e+01
      vertex   -3.151554e+01 -3.666667e+00 -9.111413e+01
    endloop
  endfacet
  facet normal 3.826834e-01 -0.000000e+00 9.238795e-01
    outer loop
      vertex   -3.151554e+01 -1.000000e+01 -9.111413e+01
      vertex   -3.151554e+01 -3.666667e+00 -9.111413e+01
      vertex   -3.184114e+01 -1.000000e+01 -9.097927e+01
    endloop
  endfacet
  facet normal 3.826834e-01 2.146681e-16 9.238795e-01
    outer loop
      vertex   -3.184114e+01 -1.000000e+01 -9.097927e+01
      vertex   -3.151554e+01 -3.666667e+00 -9.111413e+01
      vertex   -3.184114e+01 -3.666667e+00 -9.097927e+01
    endloop
  endfacet
  facet normal 6.087614e-01 3.414876e-16 7.933533e-01
    outer loop
      vertex   -3.184114e+01 -1.000000e+01 -9.097927e+01
      vertex   -3.184114e+01 -3.666667e+00 -9.097927e+01
      vertex   -3.212073e+01 -1.000000e+01 -9.076473e+01
    endloop
  endfacet
  facet normal 6.087614e-01 -0.000000e+00 7.933533e-01
    outer loop
      vertex   -3.212073e+01 -1.000000e+01 -9.076473e+01
      vertex   -3.184114e+01 -3.666667e+00 -9.097927e+01
      vertex   -3.212073e+01 -3.666667e+00 -9.076473e+01
    endloop
  endfacet
  facet normal 7.933533e-01 -0.000000e+00 6.087614e-01
    outer loop
      vertex   -3.212073e+01 -1.000000e+01 -9.076473e+01
      vertex   -3.212073e+01 -3.666667e+00 -9.076473e+01
      vertex   -3.233527e+01 -1.000000e+01 -9.048513e+01
    endloop
  endfacet
  facet normal 7.933533e-01 -0.000000e+00 6.087614e-01
    outer loop
      vertex   -3.233527e+01 -1.000000e+01 -9.048513e+01
      vertex   -3.212073e+01 -3.666667e+00 -9.076473e+01
      vertex   -3.233527e+01 -3.666667e+00 -9.048513e+01
    endloop
  endfacet
  facet normal 9.238795e-01 -0.000000e+00 3.826834e-01
    outer loop
      vertex   -3.233527e+01 -1.000000e+01 -9.048513e+01
      vertex   -3.233527e+01 -3.666667e+00 -9.048513e+01
      vertex   -3.247014e+01 -1.000000e+01 -9.015954e+01
    endloop
  endfacet
  facet normal 9.238795e-01 -0.000000e+00 3.826834e-01
    outer loop
      vertex   -3.247014e+01 -1.000000e+01 -9.015954e+01
      vertex   -3.233527e+01 -3.666667e+00 -9.048513e+01
      vertex   -3.247014e+01 -3.666667e+00 -9.015954e+01
    endloop
  endfacet
  facet normal 9.914449e-01 0.000000e+00 -1.305262e-01
    outer loop
      vertex   -3.247014e+01 9.000000e+00 -8.946073e+01
      vertex   -3.247014e+01 2.666667e+00 -8.946073e+01
      vertex   -3.251614e+01 9.000000e+00 -8.981013e+01
    endloop
  endfacet
  facet normal 9.914449e-01 0.000000e+00 -1.305262e-01
    outer loop
      vertex   -3.251614e+01 9.000000e+00 -8.981013e+01
      vertex   -3.247014e+01 2.666667e+00 -8.946073e+01
      vertex   -3.251614e+01 2.666667e+00 -8.981013e+01
    endloop
  endfacet
  facet normal 9.914449e-01 0.000000e+00 1.305262e-01
    outer loop
      vertex   -3.251614e+01 9.000000e+00 -8.981013e+01
      vertex   -3.251614e+01 2.666667e+00 -8.981013e+01
      vertex   -3.247014e+01 9.000000e+00 -9.015954e+01
    endloop
  endfacet
  facet normal 9.914449e-01 0.000000e+00 1.305262e-01
    outer loop
      vertex   -3.247014e+01 9.000000e+00 -9.015954e+01
      vertex   -3.251614e+01 2.666667e+00 -8.981013e+01
      vertex   -3.247014e+01 2.666667e+00 -9.015954e+01
    endloop
  endfacet
  facet normal 9.238795e-01 0.000000e+00 3.826834e-01
    outer loop
      vertex   -3.247014e+01 9.000000e+00 -9.015954e+01
      vertex   -3.247014e+01 2.666667e+00 -9.015954e+01
      vertex   -3.233527e+01 9.000000e+00 -9.048513e+01
    endloop
  endfacet
  facet normal 9.238795e-01 0.000000e+00 3.826834e-01
    outer loop
      vertex   -3.233527e+01 9.000000e+00 -9.048513e+01
      vertex   -3.247014e+01 2.666667e+00 -9.015954e+01
      vertex   -3.233527e+01 2.666667e+00 -9.048513e+01
    endloop
  endfacet
  facet normal 7.933533e-01 0.000000e+00 6.087614e-01
    outer loop
      vertex   -3.233527e+01 9.000000e+00 -9.048513e+01
      vertex   -3.233527e+01 2.666667e+00 -9.048513e+01
      vertex   -3.212073e+01 9.000000e+00 -9.076473e+01
    endloop
  endfacet
  facet normal 7.933533e-01 0.000000e+00 6.087614e-01
    outer loop
      vertex   -3.212073e+01 9.000000e+00 -9.076473e+01
      vertex   -3.233527e+01 2.666667e+00 -9.048513e+01
      vertex   -3.212073e+01 2.666667e+00 -9.076473e+01
    endloop
  endfacet
  facet normal 6.087614e-01 0.000000e+00 7.933533e-01
    outer loop
      vertex   -3.212073e+01 9.000000e+00 -9.076473e+01
      vertex   -3.212073e+01 2.666667e+00 -9.076473e+01
      vertex   -3.184114e+01 9.000000e+00 -9.097927e+01
    endloop
  endfacet
  facet normal 6.087614e-01 -3.414876e-16 7.933533e-01
    outer loop
      vertex   -3.184114e+01 9.000000e+00 -9.097927e+01
      vertex   -3.212073e+01 2.666667e+00 -9.076473e+01
      vertex   -3.184114e+01 2.666667e+00 -9.097927e+01
    endloop
  endfacet
  facet normal 3.826834e-01 -2.146681e-16 9.238795e-01
    outer loop
      vertex   -3.184114e+01 9.000000e+00 -9.097927e+01
      vertex   -3.184114e+01 2.666667e+00 -9.097927e+01
      vertex   -3.151554e+01 9.000000e+00 -9.111413e+01
    endloop
  endfacet
  facet normal 3.826834e-01 0.000000e+00 9.238795e-01
    outer loop
      vertex   -3.151554e+01 9.000000e+00 -9.111413e+01
      vertex   -3.184114e+01 2.666667e+00 -9.097927e+01
      vertex   -3.151554e+01 2.666667e+00 -9.111413e+01
    endloop
  endfacet
  facet normal 1.305262e-01 0.000000e+00 9.914449e-01
    outer loop
      vertex   -3.151554e+01 9.000000e+00 -9.111413e+01
      vertex   -3.151554e+01 2.666667e+00 -9.111413e+01
      vertex   -3.116614e+01 9.000000e+00 -9.116013e+01
    endloop
  endfacet
  facet normal 1.305262e-01 0.000000e+00 9.914449e-01
    outer loop
      vertex   -3.116614e+01 9.000000e+00 -9.116013e+01
      vertex   -3.151554e+01 2.666667e+00 -9.111413e+01
      vertex   -3.116614e+01 2.666667e+00 -9.116013e+01
    endloop
  endfacet
  facet normal -1.305262e-01 0.000000e+00 9.914449e-01
    outer loop
      vertex   -3.116614e+01 9.000000e+00 -9.116013e+01
      vertex   -3.116614e+01 2.666667e+00 -9.116013e+01
      vertex   -3.081673e+01 9.000000e+00 -9.111413e+01
    endloop
  endfacet
  facet normal -1.305262e-01 0.000000e+00 9.914449e-01
    outer loop
      vertex   -3.081673e+01 9.000000e+00 -9.111413e+01
      vertex   -3.116614e+01 2.666667e+00 -9.116013e+01
      vertex   -3.081673e+01 2.666667e+00 -9.111413e+01
    endloop
  endfacet
  facet normal -3.826834e-01 0.000000e+00 9.238795e-01
    outer loop
      vertex   -3.081673e+01 9.000000e+00 -9.111413e+01
      vertex   -3.081673e+01 2.666667e+00 -9.111413e+01
      vertex   -3.049114e+01 9.000000e+00 -9.097927e+01
    endloop
  endfacet
  facet normal -3.826834e-01 -2.146681e-16 9.238795e-01
    outer loop
      vertex   -3.049114e+01 9.000000e+00 -9.097927e+01
      vertex   -3.081673e+01 2.666667e+00 -9.111413e+01
      vertex   -3.049114e+01 2.666667e+00 -9.097927e+01
    endloop
  endfacet
  facet normal -6.087614e-01 -3.414876e-16 7.933533e-01
    outer loop
      vertex   -3.049114e+01 9.000000e+00 -9.097927e+01
      vertex   -3.049114e+01 2.666667e+00 -9.097927e+01
      vertex   -3.021154e+01 9.000000e+00 -9.076473e+01
    endloop
  endfacet
  facet normal -6.087614e-01 0.000000e+00 7.933533e-01
    outer loop
      vertex   -3.021154e+01 9.000000e+00 -9.076473e+01
      vertex   -3.049114e+01 2.666667e+00 -9.097927e+01
      vertex   -3.021154e+01 2.666667e+00 -9.076473e+01
    endloop
  endfacet
  facet normal -7.933533e-01 0.000000e+00 6.087614e-01
    outer loop
      vertex   -3.021154e+01 9.000000e+00 -9.076473e+01
      vertex   -3.021154e+01 2.666667e+00 -9.076473e+01
      vertex   -2.999700e+01 9.000000e+00 -9.048513e+01
    endloop
  endfacet
  facet normal -7.933533e-01 -4.450354e-16 6.087614e-01
    outer loop
      vertex   -2.999700e+01 9.000000e+00 -9.048513e+01
      vertex   -3.021154e+01 2.666667e+00 -9.076473e+01
      vertex   -2.999700e+01 2.666667e+00 -9.048513e+01
    endloop
  endfacet
  facet normal -9.238795e-01 -5.182547e-16 3.826834e-01
    outer loop
      vertex   -2.999700e+01 9.000000e+00 -9.048513e+01
      vertex   -2.999700e+01 2.666667e+00 -9.048513e+01
      vertex   -2.986214e+01 9.000000e+00 -9.015954e+01
    endloop
  endfacet
  facet normal -9.238795e-01 0.000000e+00 3.826834e-01
    outer loop
      vertex   -2.986214e+01 9.000000e+00 -9.015954e+01
      vertex   -2.999700e+01 2.666667e+00 -9.048513e+01
      vertex   -2.986214e+01 2.666667e+00 -9.015954e+01
    endloop
  endfacet
  facet normal -9.914449e-01 0.000000e+00 1.305262e-01
    outer loop
      vertex   -2.986214e+01 9.000000e+00 -9.015954e+01
      vertex   -2.986214e+01 2.666667e+00 -9.015954e+01
      vertex   -2.981614e+01 9.000000e+00 -8.981013e+01
    endloop
  endfacet
  facet normal -9.914449e-01 0.000000e+00 1.305262e-01
    outer loop
      vertex   -2.981614e+01 9.000000e+00 -8.981013e+01
      vertex   -2.986214e+01 2.666667e+00 -9.015954e+01
      vertex   -2.981614e+01 2.666667e+00 -8.981013e+01
    endloop
  endfacet
  facet normal -9.914449e-01 -0.000000e+00 -1.305262e-01
    outer loop
      vertex   -2.981614e+01 9.000000e+00 -8.981013e+01
      vertex   -2.981614e+01 2.666667e+00 -8.981013e+01
      vertex   -2.986214e+01 9.000000e+00 -8.946073e+01
    endloop
  endfacet
  facet normal -9.914449e-01 -0.000000e+00 -1.305262e-01
    outer loop
      vertex   -2.986214e+01 9.000000e+00 -8.946073e+01
      vertex   -2.981614e+01 2.666667e+00 -8.981013e+01
      vertex   -2.986214e+01 2.666667e+00 -8.946073e+01
    endloop
  endfacet
  facet normal -9.238795e-01 -0.000000e+00 -3.826834e-01
    outer loop
      vertex   -2.986214e+01 9.000000e+00 -8.946073e+01
      vertex   -2.986214e+01 2.666667e+00 -8.946073e+01
      vertex   -2.999700e+01 9.000000e+00 -8.913513e+01
    endloop
  endfacet
  facet normal -9.238795e-01 5.182547e-16 -3.826834e-01
    outer loop
      vertex   -2.999700e+01 9.000000e+00 -8.913513e+01
      vertex   -2.986214e+01 2.666667e+00 -8.946073e+01
      vertex   -2.999700e+01 2.666667e+00 -8.913513e+01
    endloop
  endfacet
  facet normal -7.933533e-01 4.450354e-16 -6.087614e-01
    outer loop
      vertex   -2.999700e+01 9.000000e+00 -8.913513e+01
      vertex   -2.999700e+01 2.666667e+00 -8.913513e+01
      vertex   -3.021154e+01 9.000000e+00 -8.885554e+01
    endloop
  endfacet
  facet normal -7.933533e-01 -0.000000e+00 -6.087614e-01
    outer loop
      vertex   -3.021154e+01 9.000000e+00 -8.885554e+01
      vertex   -2.999700e+01 2.666667e+00 -8.913513e+01
      vertex   -3.021154e+01 2.666667e+00 -8.885554e+01
    endloop
  endfacet
  facet normal -6.087614e-01 -0.000000e+00 -7.933533e-01
    outer loop
      vertex   -3.021154e+01 9.000000e+00 -8.885554e+01
      vertex   -3.021154e+01 2.666667e+00 -8.885554e+01
      vertex   -3.049114e+01 9.000000e+00 -8.864100e+01
    endloop
  endfacet
  facet normal -6.087614e-01 -3.414876e-16 -7.933533e-01
    outer loop
      vertex   -3.049114e+01 9.000000e+00 -8.864100e+01
      vertex   -3.021154e+01 2.666667e+00 -8.885554e+01
      vertex   -3.049114e+01 2.666667e+00 -8.864100e+01
    endloop
  endfacet
  facet normal -3.826834e-01 -2.146681e-16 -9.238795e-01
    outer loop
      vertex   -3.049114e+01 9.000000e+00 -8.864100e+01
      vertex   -3.049114e+01 2.666667e+00 -8.864100e+01
      vertex   -3.081673e+01 9.000000e+00 -8.850613e+01
    endloop
  endfacet
  facet normal -3.826834e-01 -0.000000e+00 -9.238795e-01
    outer loop
      vertex   -3.081673e+01 9.000000e+00 -8.850613e+01
      vertex   -3.049114e+01 2.666667e+00 -8.864100e+01
      vertex   -3.081673e+01 2.666667e+00 -8.850613e+01
    endloop
  endfacet
  facet normal -1.305262e-01 -0.000000e+00 -9.914449e-01
    outer loop
      vertex   -3.081673e+01 9.000000e+00 -8.850613e+01
      vertex   -3.081673e+01 2.666667e+00 -8.850613e+01
      vertex   -3.116614e+01 9.000000e+00 -8.846013e+01
    endloop
  endfacet
  facet normal -1.305262e-01 -0.000000e+00 -9.914449e-01
    outer loop
      vertex   -3.116614e+01 9.000000e+00 -8.846013e+01
      vertex   -3.081673e+01 2.666667e+00 -8.850613e+01
      vertex   -3.116614e+01 2.666667e+00 -8.846013e+01
    endloop
  endfacet
  facet normal 1.305262e-01 0.000000e+00 -9.914449e-01
    outer loop
      vertex   -3.116614e+01 9.000000e+00 -8.846013e+01
      vertex   -3.116614e+01 2.666667e+00 -8.846013e+01
      vertex   -3.151554e+01 9.000000e+00 -8.850613e+01
    endloop
  endfacet
  facet normal 1.305262e-01 0.000000e+00 -9.914449e-01
    outer loop
      vertex   -3.151554e+01 9.000000e+00 -8.850613e+01
      vertex   -3.116614e+01 2.666667e+00 -8.846013e+01
      vertex   -3.151554e+01 2.666667e+00 -8.850613e+01
    endloop
  endfacet
  facet normal 3.826834e-01 0.000000e+00 -9.238795e-01
    outer loop
      vertex   -3.151554e+01 9.000000e+00 -8.850613e+01
      vertex   -3.151554e+01 2.666667e+00 -8.850613e+01
      vertex   -3.184114e+01 9.000000e+00 -8.864100e+01
    endloop
  endfacet
  facet normal 3.826834e-01 -2.146681e-16 -9.238795e-01
    outer loop
      vertex   -3.184114e+01 9.000000e+00 -8.864100e+01
      vertex   -3.151554e+01 2.666667e+00 -8.850613e+01
      vertex   -3.184114e+01 2.666667e+00 -8.864100e+01
    endloop
  endfacet
  facet normal 6.087614e-01 -3.414876e-16 -7.933533e-01
    outer loop
      vertex   -3.184114e+01 9.000000e+00 -8.864100e+01
      vertex   -3.184114e+01 2.666667e+00 -8.864100e+01
      vertex   -3.212073e+01 9.000000e+00 -8.885554e+01
    endloop
  endfacet
  facet normal 6.087614e-01 0.000000e+00 -7.933533e-01
    outer loop
      vertex   -3.212073e+01 9.000000e+00 -8.885554e+01
      vertex   -3.184114e+01 2.666667e+00 -8.864100e+01
      vertex   -3.212073e+01 2.666667e+00 -8.885554e+01
    endloop
  endfacet
  facet normal 7.933533e-01 0.000000e+00 -6.087614e-01
    outer loop
      vertex   -3.212073e+01 9.000000e+00 -8.885554e+01
      vertex   -3.212073e+01 2.666667e+00 -8.885554e+01
      vertex   -3.233527e+01 9.000000e+00 -8.913513e+01
    endloop
  endfacet
  facet normal 7.933533e-01 -8.900707e-16 -6.087614e-01
    outer loop
      vertex   -3.233527e+01 9.000000e+00 -8.913513e+01
      vertex   -3.212073e+01 2.666667e+00 -8.885554e+01
      vertex   -3.233527e+01 2.666667e+00 -8.913513e+01
    endloop
  endfacet
  facet normal 9.238795e-01 -1.036509e-15 -3.826834e-01
    outer loop
      vertex   -3.233527e+01 9.000000e+00 -8.913513e+01
      vertex   -3.233527e+01 2.666667e+00 -8.913513e+01
      vertex   -3.247014e+01 9.000000e+00 -8.946073e+01
    endloop
  endfacet
  facet normal 9.238795e-01 0.000000e+00 -3.826834e-01
    outer loop
      vertex   -3.247014e+01 9.000000e+00 -8.946073e+01
      vertex   -3.233527e+01 2.666667e+00 -8.913513e+01
      vertex   -3.247014e+01 2.666667e+00 -8.946073e+01
    endloop
  endfacet
  facet normal 9.914449e-01 0.000000e+00 -1.305262e-01
    outer loop
      vertex   -3.251614e+01 -3.666667e+00 -8.981013e+01
      vertex   -3.251614e+01 2.666667e+00 -8.981013e+01
      vertex   -3.247014e+01 -3.666667e+00 -8.946073e+01
    endloop
  endfacet
  facet normal 9.914449e-01 0.000000e+00 -1.305262e-01
    outer loop
      vertex   -3.247014e+01 -3.666667e+00 -8.946073e+01
      vertex   -3.251614e+01 2.666667e+00 -8.981013e+01
      vertex   -3.247014e+01 2.666667e+00 -8.946073e+01
    endloop
  endfacet
  facet normal 9.238795e-01 0.000000e+00 -3.826834e-01
    outer loop
      vertex   -3.247014e+01 -3.666667e+00 -8.946073e+01
      vertex   -3.247014e+01 2.666667e+00 -8.946073e+01
      vertex   -3.233527e+01 -3.666667e+00 -8.913513e+01
    endloop
  endfacet
  facet normal 9.238795e-01 0.000000e+00 -3.826834e-01
    outer loop
      vertex   -3.233527e+01 -3.666667e+00 -8.913513e+01
      vertex   -3.247014e+01 2.666667e+00 -8.946073e+01
      vertex   -3.233527e+01 2.666667e+00 -8.913513e+01
    endloop
  endfacet
  facet normal 7.933533e-01 0.000000e+00 -6.087614e-01
    outer loop
      vertex   -3.233527e+01 -3.666667e+00 -8.913513e+01
      vertex   -3.233527e+01 2.666667e+00 -8.913513e+01
      vertex   -3.212073e+01 -3.666667e+00 -8.885554e+01
    endloop
  endfacet
  facet normal 7.933533e-01 0.000000e+00 -6.087614e-01
    outer loop
      vertex   -3.212073e+01 -3.666667e+00 -8.885554e+01
      vertex   -3.233527e+01 2.666667e+00 -8.913513e+01
      vertex   -3.212073e+01 2.666667e+00 -8.885554e+01
    endloop
  endfacet
  facet normal 6.087614e-01 0.000000e+00 -7.933533e-01
    outer loop
      vertex   -3.212073e+01 -3.666667e+00 -8.885554e+01
      vertex   -3.212073e+01 2.666667e+00 -8.885554e+01
      vertex   -3.184114e+01 -3.666667e+00 -8.864100e+01
    endloop
  endfacet
  facet normal 6.087614e-01 0.000000e+00 -7.933533e-01
    outer loop
      vertex   -3.184114e+01 -3.666667e+00 -8.864100e+01
      vertex   -3.212073e+01 2.666667e+00 -8.885554e+01
      vertex   -3.184114e+01 2.666667e+00 -8.864100e+01
    endloop
  endfacet
  facet normal 3.826834e-01 0.000000e+00 -9.238795e-01
    outer loop
      vertex   -3.184114e+01 -3.666667e+00 -8.864100e+01
      vertex   -3.184114e+01 2.666667e+00 -8.864100e+01
      vertex   -3.151554e+01 -3.666667e+00 -8.850613e+01
    endloop
  endfacet
  facet normal 3.826834e-01 0.000000e+00 -9.238795e-01
    outer loop
      vertex   -3.151554e+01 -3.666667e+00 -8.850613e+01
      vertex   -3.184114e+01 2.666667e+00 -8.864100e+01
      vertex   -3.151554e+01 2.666667e+00 -8.850613e+01
    endloop
  endfacet
  facet normal 1.305262e-01 0.000000e+00 -9.914449e-01
    outer loop
      vertex   -3.151554e+01 -3.666667e+00 -8.850613e+01
      vertex   -3.151554e+01 2.666667e+00 -8.850613e+01
      vertex   -3.116614e+01 -3.666667e+00 -8.846013e+01
    endloop
  endfacet
  facet normal 1.305262e-01 0.000000e+00 -9.914449e-01
    outer loop
      vertex   -3.116614e+01 -3.666667e+00 -8.846013e+01
      vertex   -3.151554e+01 2.666667e+00 -8.850613e+01
      vertex   -3.116614e+01 2.666667e+00 -8.846013e+01
    endloop
  endfacet
  facet normal -1.305262e-01 0.000000e+00 -9.914449e-01
    outer loop
      vertex   -3.116614e+01 -3.666667e+00 -8.846013e+01
      vertex   -3.116614e+01 2.666667e+00 -8.846013e+01
      vertex   -3.081673e+01 -3.666667e+00 -8.850613e+01
    endloop
  endfacet
  facet normal -1.305262e-01 0.000000e+00 -9.914449e-01
    outer loop
      vertex   -3.081673e+01 -3.666667e+00 -8.850613e+01
      vertex   -3.116614e+01 2.666667e+00 -8.846013e+01
      vertex   -3.081673e+01 2.666667e+00 -8.850613e+01
    endloop
  endfacet
  facet normal -3.826834e-01 0.000000e+00 -9.238795e-01
    outer loop
      vertex   -3.081673e+01 -3.666667e+00 -8.850613e+01
      vertex   -3.081673e+01 2.666667e+00 -8.850613e+01
      vertex   -3.049114e+01 -3.666667e+00 -8.864100e+01
    endloop
  endfacet
  facet normal -3.826834e-01 0.000000e+00 -9.238795e-01
    outer loop
      vertex   -3.049114e+01 -3.666667e+00 -8.864100e+01
      vertex   -3.081673e+01 2.666667e+00 -8.850613e+01
      vertex   -3.049114e+01 2.666667e+00 -8.864100e+01
    endloop
  endfacet
  facet normal -6.087614e-01 0.000000e+00 -7.933533e-01
    outer loop
      vertex   -3.049114e+01 -3.666667e+00 -8.864100e+01
      vertex   -3.049114e+01 2.666667e+00 -8.864100e+01
      vertex   -3.021154e+01 -3.666667e+00 -8.885554e+01
    endloop
  endfacet
  facet normal -6.087614e-01 0.000000e+00 -7.933533e-01
    outer loop
      vertex   -3.021154e+01 -3.666667e+00 -8.885554e+01
      vertex   -3.049114e+01 2.666667e+00 -8.864100e+01
      vertex   -3.021154e+01 2.666667e+00 -8.885554e+01
    endloop
  endfacet
  facet normal -7.933533e-01 0.000000e+00 -6.087614e-01
    outer loop
      vertex   -3.021154e+01 -3.666667e+00 -8.885554e+01
      vertex   -3.021154e+01 2.666667e+00 -8.885554e+01
      vertex   -2.999700e+01 -3.666667e+00 -8.913513e+01
    endloop
  endfacet
  facet normal -7.933533e-01 0.000000e+00 -6.087614e-01
    outer loop
      vertex   -2.999700e+01 -3.666667e+00 -8.913513e+01
      vertex   -3.021154e+01 2.666667e+00 -8.885554e+01
      vertex   -2.999700e+01 2.666667e+00 -8.913513e+01
    endloop
  endfacet
  facet normal -9.238795e-01 0.000000e+00 -3.826834e-01
    outer loop
      vertex   -2.999700e+01 -3.666667e+00 -8.913513e+01
      vertex   -2.999700e+01 2.666667e+00 -8.913513e+01
      vertex   -2.986214e+01 -3.666667e+00 -8.946073e+01
    endloop
  endfacet
  facet normal -9.238795e-01 0.000000e+00 -3.826834e-01
    outer loop
      vertex   -2.986214e+01 -3.666667e+00 -8.946073e+01
      vertex   -2.999700e+01 2.666667e+00 -8.913513e+01
      vertex   -2.986214e+01 2.666667e+00 -8.946073e+01
    endloop
  endfacet
  facet normal -9.914449e-01 0.000000e+00 -1.305262e-01
    outer loop
      vertex   -2.986214e+01 -3.666667e+00 -8.946073e+01
      vertex   -2.986214e+01 2.666667e+00 -8.946073e+01
      vertex   -2.981614e+01 -3.666667e+00 -8.981013e+01
    endloop
  endfacet
  facet normal -9.914449e-01 0.000000e+00 -1.305262e-01
    outer loop
      vertex   -2.981614e+01 -3.666667e+00 -8.981013e+01
      vertex   -2.986214e+01 2.666667e+00 -8.946073e+01
      vertex   -2.981614e+01 2.666667e+00 -8.981013e+01
    endloop
  endfacet
  facet normal -9.914449e-01 0.000000e+00 1.305262e-01
    outer loop
      vertex   -2.981614e+01 -3.666667e+00 -8.981013e+01
      vertex   -2.981614e+01 2.666667e+00 -8.981013e+01
      vertex   -2.986214e+01 -3.666667e+00 -9.015954e+01
    endloop
  endfacet
  facet normal -9.914449e-01 0.000000e+00 1.305262e-01
    outer loop
      vertex   -2.986214e+01 -3.666667e+00 -9.015954e+01
      vertex   -2.981614e+01 2.666667e+00 -8.981013e+01
      vertex   -2.986214e+01 2.666667e+00 -9.015954e+01
    endloop
  endfacet
  facet normal -9.238795e-01 0.000000e+00 3.826834e-01
    outer loop
      vertex   -2.986214e+01 -3.666667e+00 -9.015954e+01
      vertex   -2.986214e+01 2.666667e+00 -9.015954e+01
      vertex   -2.999700e+01 -3.666667e+00 -9.048513e+01
    endloop
  endfacet
  facet normal -9.238795e-01 0.000000e+00 3.826834e-01
    outer loop
      vertex   -2.999700e+01 -3.666667e+00 -9.048513e+01
      vertex   -2.986214e+01 2.666667e+00 -9.015954e+01
      vertex   -2.999700e+01 2.666667e+00 -9.048513e+01
    endloop
  endfacet
  facet normal -7.933533e-01 0.000000e+00 6.087614e-01
    outer loop
      vertex   -2.999700e+01 -3.666667e+00 -9.048513e+01
      vertex   -2.999700e+01 2.666667e+00 -9.048513e+01
      vertex   -3.021154e+01 -3.666667e+00 -9.076473e+01
    endloop
  endfacet
  facet normal -7.933533e-01 0.000000e+00 6.087614e-01
    outer loop
      vertex   -3.021154e+01 -3.666667e+00 -9.076473e+01
      vertex   -2.999700e+01 2.666667e+00 -9.048513e+01
      vertex   -3.021154e+01 2.666667e+00 -9.076473e+01
    endloop
  endfacet
  facet normal -6.087614e-01 0.000000e+00 7.933533e-01
    outer loop
      vertex   -3.021154e+01 -3.666667e+00 -9.076473e+01
      vertex   -3.021154e+01 2.666667e+00 -9.076473e+01
      vertex   -3.049114e+01 -3.666667e+00 -9.097927e+01
    endloop
  endfacet
  facet normal -6.087614e-01 0.000000e+00 7.933533e-01
    outer loop
      vertex   -3.049114e+01 -3.666667e+00 -9.097927e+01
      vertex   -3.021154e+01 2.666667e+00 -9.076473e+01
      vertex   -3.049114e+01 2.666667e+00 -9.097927e+01
    endloop
  endfacet
  facet normal -3.826834e-01 0.000000e+00 9.238795e-01
    outer loop
      vertex   -3.049114e+01 -3.666667e+00 -9.097927e+01
      vertex   -3.049114e+01 2.666667e+00 -9.097927e+01
      vertex   -3.081673e+01 -3.666667e+00 -9.111413e+01
    endloop
  endfacet
  facet normal -3.826834e-01 0.000000e+00 9.238795e-01
    outer loop
      vertex   -3.081673e+01 -3.666667e+00 -9.111413e+01
      vertex   -3.049114e+01 2.666667e+00 -9.097927e+01
      vertex   -3.081673e+01 2.666667e+00 -9.111413e+01
    endloop
  endfacet
  facet normal -1.305262e-01 0.000000e+00 9.914449e-01
    outer loop
      vertex   -3.081673e+01 -3.666667e+00 -9.111413e+01
      vertex   -3.081673e+01 2.666667e+00 -9.111413e+01
      vertex   -3.116614e+01 -3.666667e+00 -9.116013e+01
    endloop
  endfacet
  facet normal -1.305262e-01 0.000000e+00 9.914449e-01
    outer loop
      vertex   -3.116614e+01 -3.666667e+00 -9.116013e+01
      vertex   -3.081673e+01 2.666667e+00 -9.111413e+01
      vertex   -3.116614e+01 2.666667e+00 -9.116013e+01
    endloop
  endfacet
  facet normal 1.305262e-01 -0.000000e+00 9.914449e-01
    outer loop
      vertex   -3.116614e+01 -3.666667e+00 -9.116013e+01
      vertex   -3.116614e+01 2.666667e+00 -9.116013e+01
      vertex   -3.151554e+01 -3.666667e+00 -9.111413e+01
    endloop
  endfacet
  facet normal 1.305262e-01 -0.000000e+00 9.914449e-01
    outer loop
      vertex   -3.151554e+01 -3.666667e+00 -9.111413e+01
      vertex   -3.116614e+01 2.666667e+00 -9.116013e+01
      vertex   -3.151554e+01 2.666667e+00 -9.111413e+01
    endloop
  endfacet
  facet normal 3.826834e-01 -0.000000e+00 9.238795e-01
    outer loop
      vertex   -3.151554e+01 -3.666667e+00 -9.111413e+01
      vertex   -3.151554e+01 2.666667e+00 -9.111413e+01
      vertex   -3.184114e+01 -3.666667e+00 -9.097927e+01
    endloop
  endfacet
  facet normal 3.826834e-01 -0.000000e+00 9.238795e-01
    outer loop
      vertex   -3.184114e+01 -3.666667e+00 -9.097927e+01
      vertex   -3.151554e+01 2.666667e+00 -9.111413e+01
      vertex   -3.184114e+01 2.666667e+00 -9.097927e+01
    endloop
  endfacet
  facet normal 6.087614e-01 -0.000000e+00 7.933533e-01
    outer loop
      vertex   -3.184114e+01 -3.666667e+00 -9.097927e+01
      vertex   -3.184114e+01 2.666667e+00 -9.097927e+01
      vertex   -3.212073e+01 -3.666667e+00 -9.076473e+01
    endloop
  endfacet
  facet normal 6.087614e-01 -0.000000e+00 7.933533e-01
    outer loop
      vertex   -3.212073e+01 -3.666667e+00 -9.076473e+01
      vertex   -3.184114e+01 2.666667e+00 -9.097927e+01
      vertex   -3.212073e+01 2.666667e+00 -9.076473e+01
    endloop
  endfacet
  facet normal 7.933533e-01 -0.000000e+00 6.087614e-01
    outer loop
      vertex   -3.212073e+01 -3.666667e+00 -9.076473e+01
      vertex   -3.212073e+01 2.666667e+00 -9.076473e+01
      vertex   -3.233527e+01 -3.666667e+00 -9.048513e+01
    endloop
  endfacet
  facet normal 7.933533e-01 -0.000000e+00 6.087614e-01
    outer loop
      vertex   -3.233527e+01 -3.666667e+00 -9.048513e+01
      vertex   -3.212073e+01 2.666667e+00 -9.076473e+01
      vertex   -3.233527e+01 2.666667e+00 -9.048513e+01
    endloop
  endfacet
  facet normal 9.238795e-01 -0.000000e+00 3.826834e-01
    outer loop
      vertex   -3.233527e+01 -3.666667e+00 -9.048513e+01
      vertex   -3.233527e+01 2.666667e+00 -9.048513e+01
      vertex   -3.247014e+01 -3.666667e+00 -9.015954e+01
    endloop
  endfacet
  facet normal 9.238795e-01 -0.000000e+00 3.826834e-01
    outer loop
      vertex   -3.247014e+01 -3.666667e+00 -9.015954e+01
      vertex   -3.233527e+01 2.666667e+00 -9.048513e+01
      vertex   -3.247014e+01 2.666667e+00 -9.015954e+01
    endloop
  endfacet
  facet normal 9.914449e-01 -0.000000e+00 1.305262e-01
    outer loop
      vertex   -3.247014e+01 -3.666667e+00 -9.015954e+01
      vertex   -3.247014e+01 2.666667e+00 -9.015954e+01
      vertex   -3.251614e+01 -3.666667e+00 -8.981013e+01
    endloop
  endfacet
  facet normal 9.914449e-01 -0.000000e+00 1.305262e-01
    outer loop
      vertex   -3.251614e+01 -3.666667e+00 -8.981013e+01
      vertex   -3.247014e+01 2.666667e+00 -9.015954e+01
      vertex   -3.251614e+01 2.666667e+00 -8.981013e+01
    endloop
  endfacet
  facet normal 0.000000e+00 -1.000000e+00 0.000000e+00
    outer loop
      vertex   -3.247014e+01 9.000000e+00 -9.015954e+01
      vertex   -2.986214e+01 9.000000e+00 -9.015954e+01
      vertex   -3.251614e+01 9.000000e+00 -8.981013e+01
    endloop
  endfacet
  facet normal 0.000000e+00 -1.000000e+00 0.000000e+00
    outer loop
      vertex   -3.251614e+01 9.000000e+00 -8.981013e+01
      vertex   -2.986214e+01 9.000000e+00 -9.015954e+01
      vertex   -2.981614e+01 9.000000e+00 -8.981013e+01
    endloop
  endfacet
  facet normal 0.000000e+00 -1.000000e+00 0.000000e+00
    outer loop
      vertex   -3.251614e+01 9.000000e+00 -8.981013e+01
      vertex   -2.981614e+01 9.000000e+00 -8.981013e+01
      vertex   -3.247014e+01 9.000000e+00 -8.946073e+01
    endloop
  endfacet
  facet normal 0.000000e+00 -1.000000e+00 0.000000e+00
    outer loop
      vertex   -3.247014e+01 9.000000e+00 -8.946073e+01
      vertex   -2.981614e+01 9.000000e+00 -8.981013e+01
      vertex   -2.986214e+01 9.000000e+00 -8.946073e+01
    endloop
  endfacet
  facet normal 0.000000e+00 -1.000000e+00 0.000000e+00
    outer loop
      vertex   -3.247014e+01 9.000000e+00 -8.946073e+01
      vertex   -2.986214e+01 9.000000e+00 -8.946073e+01
      vertex   -3.233527e+01 9.000000e+00 -8.913513e+01
    endloop
  endfacet
  facet normal 0.000000e+00 -1.000000e+00 0.000000e+00
    outer loop
      vertex   -3.233527e+01 9.000000e+00 -8.913513e+01
      vertex   -2.986214e+01 9.000000e+00 -8.946073e+01
      vertex   -2.999700e+01 9.000000e+00 -8.913513e+01
    endloop
  endfacet
  facet normal 0.000000e+00 -1.000000e+00 0.000000e+00
    outer loop
      vertex   -3.233527e+01 9.000000e+00 -8.913513e+01
      vertex   -2.999700e+01 9.000000e+00 -8.913513e+01
      vertex   -3.212073e+01 9.000000e+00 -8.885554e+01
    endloop
  endfacet
  facet normal 0.000000e+00 -1.000000e+00 0.000000e+00
    outer loop
      vertex   -3.212073e+01 9.000000e+00 -8.885554e+01
      vertex   -2.999700e+01 9.000000e+00 -8.913513e+01
      vertex   -3.021154e+01 9.000000e+00 -8.885554e+01
    endloop
  endfacet
  facet normal 0.000000e+00 -1.000000e+00 0.000000e+00
    outer loop
      vertex   -3.212073e+01 9.000000e+00 -8.885554e+01
      vertex   -3.021154e+01 9.000000e+00 -8.885554e+01
      vertex   -3.184114e+01 9.000000e+00 -8.864100e+01
    endloop
  endfacet
  facet normal 0.000000e+00 -1.000000e+00 0.000000e+00
    outer loop
      vertex   -3.184114e+01 9.000000e+00 -8.864100e+01
      vertex   -3.021154e+01 9.000000e+00 -8.885554e+01
      vertex   -3.049114e+01 9.000000e+00 -8.864100e+01
    endloop
  endfacet
  facet normal 0.000000e+00 -1.000000e+00 0.000000e+00
    outer loop
      vertex   -3.184114e+01 9.000000e+00 -8.864100e+01
      vertex   -3.049114e+01 9.000000e+00 -8.864100e+01
      vertex   -3.151554e+01 9.000000e+00 -8.850613e+01
    endloop
  endfacet
  facet normal 0.000000e+00 -1.000000e+00 0.000000e+00
    outer loop
      vertex   -3.151554e+01 9.000000e+00 -8.850613e+01
      vertex   -3.049114e+01 9.000000e+00 -8.864100e+01
      vertex   -3.081673e+01 9.000000e+00 -8.850613e+01
    endloop
  endfacet
  facet normal 0.000000e+00 -1.000000e+00 0.000000e+00
    outer loop
      vertex   -3.151554e+01 9.000000e+00 -8.850613e+01
      vertex   -3.081673e+01 9.000000e+00 -8.850613e+01
      vertex   -3.116614e+01 9.000000e+00 -8.846013e+01
    endloop
  endfacet
  facet normal -0.000000e+00 -1.000000e+00 0.000000e+00
    outer loop
      vertex   -2.986214e+01 9.000000e+00 -9.015954e+01
      vertex   -3.247014e+01 9.000000e+00 -9.015954e+01
      vertex   -2.999700e+01 9.000000e+00 -9.048513e+01
    endloop
  endfacet
  facet normal -0.000000e+00 -1.000000e+00 0.000000e+00
    outer loop
      vertex   -2.999700e+01 9.000000e+00 -9.048513e+01
      vertex   -3.247014e+01 9.000000e+00 -9.015954e+01
      vertex   -3.233527e+01 9.000000e+00 -9.048513e+01
    endloop
  endfacet
  facet normal 0.000000e+00 -1.000000e+00 0.000000e+00
    outer loop
      vertex   -2.999700e+01 9.000000e+00 -9.048513e+01
      vertex   -3.233527e+01 9.000000e+00 -9.048513e+01
      vertex   -3.021154e+01 9.000000e+00 -9.076473e+01
    endloop
  endfacet
  facet normal 0.000000e+00 -1.000000e+00 0.000000e+00
    outer loop
      vertex   -3.021154e+01 9.000000e+00 -9.076473e+01
      vertex   -3.233527e+01 9.000000e+00 -9.048513e+01
      vertex   -3.212073e+01 9.000000e+00 -9.076473e+01
    endloop
  endfacet
  facet normal -0.000000e+00 -1.000000e+00 0.000000e+00
    outer loop
      vertex   -3.021154e+01 9.000000e+00 -9.076473e+01
      vertex   -3.212073e+01 9.000000e+00 -9.076473e+01
      vertex   -3.049114e+01 9.000000e+00 -9.097927e+01
    endloop
  endfacet
  facet normal 0.000000e+00 -1.000000e+00 0.000000e+00
    outer loop
      vertex   -3.049114e+01 9.000000e+00 -9.097927e+01
      vertex   -3.212073e+01 9.000000e+00 -9.076473e+01
      vertex   -3.184114e+01 9.000000e+00 -9.097927e+01
    endloop
  endfacet
  facet normal -0.000000e+00 -1.000000e+00 0.000000e+00
    outer loop
      vertex   -3.049114e+01 9.000000e+00 -9.097927e+01
      vertex   -3.184114e+01 9.000000e+00 -9.097927e+01
      vertex   -3.081673e+01 9.000000e+00 -9.111413e+01
    endloop
  endfacet
  facet normal 0.000000e+00 -1.000000e+00 0.000000e+00
    outer loop
      vertex   -3.081673e+01 9.000000e+00 -9.111413e+01
      vertex   -3.184114e+01 9.000000e+00 -9.097927e+01
      vertex   -3.151554e+01 9.000000e+00 -9.111413e+01
    endloop
  endfacet
  facet normal -0.000000e+00 -1.000000e+00 0.000000e+00
    outer loop
      vertex   -3.081673e+01 9.000000e+00 -9.111413e+01
      vertex   -3.151554e+01 9.000000e+00 -9.111413e+01
      vertex   -3.116614e+01 9.000000e+00 -9.116013e+01
    endloop
  endfacet
  facet normal 9.914449e-01 -0.000000e+00 1.305262e-01
    outer loop
      vertex   -1.386359e+01 -1.000000e+01 1.350258e+01
      vertex   -1.386359e+01 -3.666667e+00 1.350258e+01
      vertex   -1.390959e+01 -1.000000e+01 1.385199e+01
    endloop
  endfacet
  facet normal 9.914449e-01 -0.000000e+00 1.305262e-01
    outer loop
      vertex   -1.390959e+01 -1.000000e+01 1.385199e+01
      vertex   -1.386359e+01 -3.666667e+00 1.350258e+01
      vertex   -1.390959e+01 -3.666667e+00 1.385199e+01
    endloop
  endfacet
  facet normal 9.914449e-01 0.000000e+00 -1.305262e-01
    outer loop
      vertex   -1.390959e+01 -1.000000e+01 1.385199e+01
      vertex   -1.390959e+01 -3.666667e+00 1.385199e+01
      vertex   -1.386359e+01 -1.000000e+01 1.420139e+01
    endloop
  endfacet
  facet normal 9.914449e-01 0.000000e+00 -1.305262e-01
    outer loop
      vertex   -1.386359e+01 -1.000000e+01 1.420139e+01
      vertex   -1.390959e+01 -3.666667e+00 1.385199e+01
      vertex   -1.386359e+01 -3.666667e+00 1.420139e+01
    endloop
  endfacet
  facet normal 9.238795e-01 0.000000e+00 -3.826834e-01
    outer loop
      vertex   -1.386359e+01 -1.000000e+01 1.420139e+01
      vertex   -1.386359e+01 -3.666667e+00 1.420139e+01
      vertex   -1.372872e+01 -1.000000e+01 1.452699e+01
    endloop
  endfacet
  facet normal 9.238795e-01 0.000000e+00 -3.826834e-01
    outer loop
      vertex   -1.372872e+01 -1.000000e+01 1.452699e+01
      vertex   -1.386359e+01 -3.666667e+00 1.420139e+01
      vertex   -1.372872e+01 -3.666667e+00 1.452699e+01
    endloop
  endfacet
  facet normal 7.933533e-01 0.000000e+00 -6.087614e-01
    outer loop
      vertex   -1.372872e+01 -1.000000e+01 1.452699e+01
      vertex   -1.372872e+01 -3.666667e+00 1.452699e+01
      vertex   -1.351418e+01 -1.000000e+01 1.480658e+01
    endloop
  endfacet
  facet normal 7.933533e-01 0.000000e+00 -6.087614e-01
    outer loop
      vertex   -1.351418e+01 -1.000000e+01 1.480658e+01
      vertex   -1.372872e+01 -3.666667e+00 1.452699e+01
      vertex   -1.351418e+01 -3.666667e+00 1.480658e+01
    endloop
  endfacet
  facet normal 6.087614e-01 0.000000e+00 -7.933533e-01
    outer loop
      vertex   -1.351418e+01 -1.000000e+01 1.480658e+01
      vertex   -1.351418e+01 -3.666667e+00 1.480658e+01
      vertex   -1.323459e+01 -1.000000e+01 1.502112e+01
    endloop
  endfacet
  facet normal 6.087614e-01 0.000000e+00 -7.933533e-01
    outer loop
      vertex   -1.323459e+01 -1.000000e+01 1.502112e+01
      vertex   -1.351418e+01 -3.666667e+00 1.480658e+01
      vertex   -1.323459e+01 -3.666667e+00 1.502112e+01
    endloop
  endfacet
  facet normal 3.826834e-01 0.000000e+00 -9.238795e-01
    outer loop
      vertex   -1.323459e+01 -1.000000e+01 1.502112e+01
      vertex   -1.323459e+01 -3.666667e+00 1.502112e+01
      vertex   -1.290899e+01 -1.000000e+01 1.515599e+01
    endloop
  endfacet
  facet normal 3.826834e-01 0.000000e+00 -9.238795e-01
    outer loop
      vertex   -1.290899e+01 -1.000000e+01 1.515599e+01
      vertex   -1.323459e+01 -3.666667e+00 1.502112e+01
      vertex   -1.290899e+01 -3.666667e+00 1.515599e+01
    endloop
  endfacet
  facet normal 1.305262e-01 0.000000e+00 -9.914449e-01
    outer loop
      vertex   -1.290899e+01 -1.000000e+01 1.515599e+01
      vertex   -1.290899e+01 -3.666667e+00 1.515599e+01
      vertex   -1.255959e+01 -1.000000e+01 1.520199e+01
    endloop
  endfacet
  facet normal 1.305262e-01 0.000000e+00 -9.914449e-01
    outer loop
      vertex   -1.255959e+01 -1.000000e+01 1.520199e+01
      vertex   -1.290899e+01 -3.666667e+00 1.515599e+01
      vertex   -1.255959e+01 -3.666667e+00 1.520199e+01
    endloop
  endfacet
  facet normal -1.305262e-01 0.000000e+00 -9.914449e-01
    outer loop
      vertex   -1.255959e+01 -1.000000e+01 1.520199e+01
      vertex   -1.255959e+01 -3.666667e+00 1.520199e+01
      vertex   -1.221018e+01 -1.000000e+01 1.515599e+01
    endloop
  endfacet
  facet normal -1.305262e-01 0.000000e+00 -9.914449e-01
    outer loop
      vertex   -1.221018e+01 -1.000000e+01 1.515599e+01
      vertex   -1.255959e+01 -3.666667e+00 1.520199e+01
      vertex   -1.221018e+01 -3.666667e+00 1.515599e+01
    endloop
  endfacet
  facet normal -3.826834e-01 0.000000e+00 -9.238795e-01
    outer loop
      vertex   -1.221018e+01 -1.000000e+01 1.515599e+01
      vertex   -1.221018e+01 -3.666667e+00 1.515599e+01
      vertex   -1.188459e+01 -1.000000e+01 1.502112e+01
    endloop
  endfacet
  facet normal -3.826834e-01 0.000000e+00 -9.238795e-01
    outer loop
      vertex   -1.188459e+01 -1.000000e+01 1.502112e+01
      vertex   -1.221018e+01 -3.666667e+00 1.515599e+01
      vertex   -1.188459e+01 -3.666667e+00 1.502112e+01
    endloop
  endfacet
  facet normal -6.087614e-01 0.000000e+00 -7.933533e-01
    outer loop
      vertex   -1.188459e+01 -1.000000e+01 1.502112e+01
      vertex   -1.188459e+01 -3.666667e+00 1.502112e+01
      vertex   -1.160499e+01 -1.000000e+01 1.480658e+01
    endloop
  endfacet
  facet normal -6.087614e-01 0.000000e+00 -7.933533e-01
    outer loop
      vertex   -1.160499e+01 -1.000000e+01 1.480658e+01
      vertex   -1.188459e+01 -3.666667e+00 1.502112e+01
      vertex   -1.160499e+01 -3.666667e+00 1.480658e+01
    endloop
  endfacet
  facet normal -7.933533e-01 0.000000e+00 -6.087614e-01
    outer loop
      vertex   -1.160499e+01 -1.000000e+01 1.480658e+01
      vertex   -1.160499e+01 -3.666667e+00 1.480658e+01
      vertex   -1.139045e+01 -1.000000e+01 1.452699e+01
    endloop
  endfacet
  facet normal -7.933533e-01 0.000000e+00 -6.087614e-01
    outer loop
      vertex   -1.139045e+01 -1.000000e+01 1.452699e+01
      vertex   -1.160499e+01 -3.666667e+00 1.480658e+01
      vertex   -1.139045e+01 -3.666667e+00 1.452699e+01
    endloop
  endfacet
  facet normal -9.238795e-01 0.000000e+00 -3.826834e-01
    outer loop
      vertex   -1.139045e+01 -1.000000e+01 1.452699e+01
      vertex   -1.139045e+01 -3.666667e+00 1.452699e+01
      vertex   -1.125559e+01 -1.000000e+01 1.420139e+01
    endloop
  endfacet
  facet normal -9.238795e-01 0.000000e+00 -3.826834e-01
    outer loop
      vertex   -1.125559e+01 -1.000000e+01 1.420139e+01
      vertex   -1.139045e+01 -3.666667e+00 1.452699e+01
      vertex   -1.125559e+01 -3.666667e+00 1.420139e+01
    endloop
  endfacet
  facet normal -9.914449e-01 0.000000e+00 -1.305262e-01
    outer loop
      vertex   -1.125559e+01 -1.000000e+01 1.420139e+01
      vertex   -1.125559e+01 -3.666667e+00 1.420139e+01
      vertex   -1.120959e+01 -1.000000e+01 1.385199e+01
    endloop
  endfacet
  facet normal -9.914449e-01 0.000000e+00 -1.305262e-01
    outer loop
      vertex   -1.120959e+01 -1.000000e+01 1.385199e+01
      vertex   -1.125559e+01 -3.666667e+00 1.420139e+01
      vertex   -1.120959e+01 -3.666667e+00 1.385199e+01
    endloop
  endfacet
  facet normal -9.914449e-01 0.000000e+00 1.305262e-01
    outer loop
      vertex   -1.120959e+01 -1.000000e+01 1.385199e+01
      vertex   -1.120959e+01 -3.666667e+00 1.385199e+01
      vertex   -1.125559e+01 -1.000000e+01 1.350258e+01
    endloop
  endfacet
  facet normal -9.914449e-01 0.000000e+00 1.305262e-01
    outer loop
      vertex   -1.125559e+01 -1.000000e+01 1.350258e+01
      vertex   -1.120959e+01 -3.666667e+00 1.385199e+01
      vertex   -1.125559e+01 -3.666667e+00 1.350258e+01
    endloop
  endfacet
  facet normal -9.238795e-01 0.000000e+00 3.826834e-01
    outer loop
      vertex   -1.125559e+01 -1.000000e+01 1.350258e+01
      vertex   -1.125559e+01 -3.666667e+00 1.350258e+01
      vertex   -1.139045e+01 -1.000000e+01 1.317699e+01
    endloop
  endfacet
  facet normal -9.238795e-01 0.000000e+00 3.826834e-01
    outer loop
      vertex   -1.139045e+01 -1.000000e+01 1.317699e+01
      vertex   -1.125559e+01 -3.666667e+00 1.350258e+01
      vertex   -1.139045e+01 -3.666667e+00 1.317699e+01
    endloop
  endfacet
  facet normal -7.933533e-01 0.000000e+00 6.087614e-01
    outer loop
      vertex   -1.139045e+01 -1.000000e+01 1.317699e+01
      vertex   -1.139045e+01 -3.666667e+00 1.317699e+01
      vertex   -1.160499e+01 -1.000000e+01 1.289739e+01
    endloop
  endfacet
  facet normal -7.933533e-01 0.000000e+00 6.087614e-01
    outer loop
      vertex   -1.160499e+01 -1.000000e+01 1.289739e+01
      vertex   -1.139045e+01 -3.666667e+00 1.317699e+01
      vertex   -1.160499e+01 -3.666667e+00 1.289739e+01
    endloop
  endfacet
  facet normal -6.087614e-01 0.000000e+00 7.933533e-01
    outer loop
      vertex   -1.160499e+01 -1.000000e+01 1.289739e+01
      vertex   -1.160499e+01 -3.666667e+00 1.289739e+01
      vertex   -1.188459e+01 -1.000000e+01 1.268285e+01
    endloop
  endfacet
  facet normal -6.087614e-01 0.000000e+00 7.933533e-01
    outer loop
      vertex   -1.188459e+01 -1.000000e+01 1.268285e+01
      vertex   -1.160499e+01 -3.666667e+00 1.289739e+01
      vertex   -1.188459e+01 -3.666667e+00 1.268285e+01
    endloop
  endfacet
  facet normal -3.826834e-01 0.000000e+00 9.238795e-01
    outer loop
      vertex   -1.188459e+01 -1.000000e+01 1.268285e+01
      vertex   -1.188459e+01 -3.666667e+00 1.268285e+01
      vertex   -1.221018e+01 -1.000000e+01 1.254799e+01
    endloop
  endfacet
  facet normal -3.826834e-01 0.000000e+00 9.238795e-01
    outer loop
      vertex   -1.221018e+01 -1.000000e+01 1.254799e+01
      vertex   -1.188459e+01 -3.666667e+00 1.268285e+01
      vertex   -1.221018e+01 -3.666667e+00 1.254799e+01
    endloop
  endfacet
  facet normal -1.305262e-01 0.000000e+00 9.914449e-01
    outer loop
      vertex   -1.221018e+01 -1.000000e+01 1.254799e+01
      vertex   -1.221018e+01 -3.666667e+00 1.254799e+01
      vertex   -1.255959e+01 -1.000000e+01 1.250199e+01
    endloop
  endfacet
  facet normal -1.305262e-01 0.000000e+00 9.914449e-01
    outer loop
      vertex   -1.255959e+01 -1.000000e+01 1.250199e+01
      vertex   -1.221018e+01 -3.666667e+00 1.254799e+01
      vertex   -1.255959e+01 -3.666667e+00 1.250199e+01
    endloop
  endfacet
  facet normal 1.305262e-01 -0.000000e+00 9.914449e-01
    outer loop
      vertex   -1.255959e+01 -1.000000e+01 1.250199e+01
      vertex   -1.255959e+01 -3.666667e+00 1.250199e+01
      vertex   -1.290899e+01 -1.000000e+01 1.254799e+01
    endloop
  endfacet
  facet normal 1.305262e-01 -0.000000e+00 9.914449e-01
    outer loop
      vertex   -1.290899e+01 -1.000000e+01 1.254799e+01
      vertex   -1.255959e+01 -3.666667e+00 1.250199e+01
      vertex   -1.290899e+01 -3.666667e+00 1.254799e+01
    endloop
  endfacet
  facet normal 3.826834e-01 -0.000000e+00 9.238795e-01
    outer loop
      vertex   -1.290899e+01 -1.000000e+01 1.254799e+01
      vertex   -1.290899e+01 -3.666667e+00 1.254799e+01
      vertex   -1.323459e+01 -1.000000e+01 1.268285e+01
    endloop
  endfacet
  facet normal 3.826834e-01 -0.000000e+00 9.238795e-01
    outer loop
      vertex   -1.323459e+01 -1.000000e+01 1.268285e+01
      vertex   -1.290899e+01 -3.666667e+00 1.254799e+01
      vertex   -1.323459e+01 -3.666667e+00 1.268285e+01
    endloop
  endfacet
  facet normal 6.087614e-01 -0.000000e+00 7.933533e-01
    outer loop
      vertex   -1.323459e+01 -1.000000e+01 1.268285e+01
      vertex   -1.323459e+01 -3.666667e+00 1.268285e+01
      vertex   -1.351418e+01 -1.000000e+01 1.289739e+01
    endloop
  endfacet
  facet normal 6.087614e-01 -0.000000e+00 7.933533e-01
    outer loop
      vertex   -1.351418e+01 -1.000000e+01 1.289739e+01
      vertex   -1.323459e+01 -3.666667e+00 1.268285e+01
      vertex   -1.351418e+01 -3.666667e+00 1.289739e+01
    endloop
  endfacet
  facet normal 7.933533e-01 -0.000000e+00 6.087614e-01
    outer loop
      vertex   -1.351418e+01 -1.000000e+01 1.289739e+01
      vertex   -1.351418e+01 -3.666667e+00 1.289739e+01
      vertex   -1.372872e+01 -1.000000e+01 1.317699e+01
    endloop
  endfacet
  facet normal 7.933533e-01 -0.000000e+00 6.087614e-01
    outer loop
      vertex   -1.372872e+01 -1.000000e+01 1.317699e+01
      vertex   -1.351418e+01 -3.666667e+00 1.289739e+01
      vertex   -1.372872e+01 -3.666667e+00 1.317699e+01
    endloop
  endfacet
  facet normal 9.238795e-01 -0.000000e+00 3.826834e-01
    outer loop
      vertex   -1.372872e+01 -1.000000e+01 1.317699e+01
      vertex   -1.372872e+01 -3.666667e+00 1.317699e+01
      vertex   -1.386359e+01 -1.000000e+01 1.350258e+01
    endloop
  endfacet
  facet normal 9.238795e-01 -0.000000e+00 3.826834e-01
    outer loop
      vertex   -1.386359e+01 -1.000000e+01 1.350258e+01
      vertex   -1.372872e+01 -3.666667e+00 1.317699e+01
      vertex   -1.386359e+01 -3.666667e+00 1.350258e+01
    endloop
  endfacet
  facet normal 9.914449e-01 0.000000e+00 -1.305262e-01
    outer loop
      vertex   -1.386359e+01 9.000000e+00 1.420139e+01
      vertex   -1.386359e+01 2.666667e+00 1.420139e+01
      vertex   -1.390959e+01 9.000000e+00 1.385199e+01
    endloop
  endfacet
  facet normal 9.914449e-01 0.000000e+00 -1.305262e-01
    outer loop
      vertex   -1.390959e+01 9.000000e+00 1.385199e+01
      vertex   -1.386359e+01 2.666667e+00 1.420139e+01
      vertex   -1.390959e+01 2.666667e+00 1.385199e+01
    endloop
  endfacet
  facet normal 9.914449e-01 0.000000e+00 1.305262e-01
    outer loop
      vertex   -1.390959e+01 9.000000e+00 1.385199e+01
      vertex   -1.390959e+01 2.666667e+00 1.385199e+01
      vertex   -1.386359e+01 9.000000e+00 1.350258e+01
    endloop
  endfacet
  facet normal 9.914449e-01 0.000000e+00 1.305262e-01
    outer loop
      vertex   -1.386359e+01 9.000000e+00 1.350258e+01
      vertex   -1.390959e+01 2.666667e+00 1.385199e+01
      vertex   -1.386359e+01 2.666667e+00 1.350258e+01
    endloop
  endfacet
  facet normal 9.238795e-01 0.000000e+00 3.826834e-01
    outer loop
      vertex   -1.386359e+01 9.000000e+00 1.350258e+01
      vertex   -1.386359e+01 2.666667e+00 1.350258e+01
      vertex   -1.372872e+01 9.000000e+00 1.317699e+01
    endloop
  endfacet
  facet normal 9.238795e-01 0.000000e+00 3.826834e-01
    outer loop
      vertex   -1.372872e+01 9.000000e+00 1.317699e+01
      vertex   -1.386359e+01 2.666667e+00 1.350258e+01
      vertex   -1.372872e+01 2.666667e+00 1.317699e+01
    endloop
  endfacet
  facet normal 7.933533e-01 0.000000e+00 6.087614e-01
    outer loop
      vertex   -1.372872e+01 9.000000e+00 1.317699e+01
      vertex   -1.372872e+01 2.666667e+00 1.317699e+01
      vertex   -1.351418e+01 9.000000e+00 1.289739e+01
    endloop
  endfacet
  facet normal 7.933533e-01 0.000000e+00 6.087614e-01
    outer loop
      vertex   -1.351418e+01 9.000000e+00 1.289739e+01
      vertex   -1.372872e+01 2.666667e+00 1.317699e+01
      vertex   -1.351418e+01 2.666667e+00 1.289739e+01
    endloop
  endfacet
  facet normal 6.087614e-01 0.000000e+00 7.933533e-01
    outer loop
      vertex   -1.351418e+01 9.000000e+00 1.289739e+01
      vertex   -1.351418e+01 2.666667e+00 1.289739e+01
      vertex   -1.323459e+01 9.000000e+00 1.268285e+01
    endloop
  endfacet
  facet normal 6.087614e-01 0.000000e+00 7.933533e-01
    outer loop
      vertex   -1.323459e+01 9.000000e+00 1.268285e+01
      vertex   -1.351418e+01 2.666667e+00 1.289739e+01
      vertex   -1.323459e+01 2.666667e+00 1.268285e+01
    endloop
  endfacet
  facet normal 3.826834e-01 0.000000e+00 9.238795e-01
    outer loop
      vertex   -1.323459e+01 9.000000e+00 1.268285e+01
      vertex   -1.323459e+01 2.666667e+00 1.268285e+01
      vertex   -1.290899e+01 9.000000e+00 1.254799e+01
    endloop
  endfacet
  facet normal 3.826834e-01 0.000000e+00 9.238795e-01
    outer loop
      vertex   -1.290899e+01 9.000000e+00 1.254799e+01
      vertex   -1.323459e+01 2.666667e+00 1.268285e+01
      vertex   -1.290899e+01 2.666667e+00 1.254799e+01
    endloop
  endfacet
  facet normal 1.305262e-01 0.000000e+00 9.914449e-01
    outer loop
      vertex   -1.290899e+01 9.000000e+00 1.254799e+01
      vertex   -1.290899e+01 2.666667e+00 1.254799e+01
      vertex   -1.255959e+01 9.000000e+00 1.250199e+01
    endloop
  endfacet
  facet normal 1.305262e-01 0.000000e+00 9.914449e-01
    outer loop
      vertex   -1.255959e+01 9.000000e+00 1.250199e+01
      vertex   -1.290899e+01 2.666667e+00 1.254799e+01
      vertex   -1.255959e+01 2.666667e+00 1.250199e+01
    endloop
  endfacet
  facet normal -1.305262e-01 0.000000e+00 9.914449e-01
    outer loop
      vertex   -1.255959e+01 9.000000e+00 1.250199e+01
      vertex   -1.255959e+01 2.666667e+00 1.250199e+01
      vertex   -1.221018e+01 9.000000e+00 1.254799e+01
    endloop
  endfacet
  facet normal -1.305262e-01 0.000000e+00 9.914449e-01
    outer loop
      vertex   -1.221018e+01 9.000000e+00 1.254799e+01
      vertex   -1.255959e+01 2.666667e+00 1.250199e+01
      vertex   -1.221018e+01 2.666667e+00 1.254799e+01
    endloop
  endfacet
  facet normal -3.826834e-01 0.000000e+00 9.238795e-01
    outer loop
      vertex   -1.221018e+01 9.000000e+00 1.254799e+01
      vertex   -1.221018e+01 2.666667e+00 1.254799e+01
      vertex   -1.188459e+01 9.000000e+00 1.268285e+01
    endloop
  endfacet
  facet normal -3.826834e-01 0.000000e+00 9.238795e-01
    outer loop
      vertex   -1.188459e+01 9.000000e+00 1.268285e+01
      vertex   -1.221018e+01 2.666667e+00 1.254799e+01
      vertex   -1.188459e+01 2.666667e+00 1.268285e+01
    endloop
  endfacet
  facet normal -6.087614e-01 0.000000e+00 7.933533e-01
    outer loop
      vertex   -1.188459e+01 9.000000e+00 1.268285e+01
      vertex   -1.188459e+01 2.666667e+00 1.268285e+01
      vertex   -1.160499e+01 9.000000e+00 1.289739e+01
    endloop
  endfacet
  facet normal -6.087614e-01 0.000000e+00 7.933533e-01
    outer loop
      vertex   -1.160499e+01 9.000000e+00 1.289739e+01
      vertex   -1.188459e+01 2.666667e+00 1.268285e+01
      vertex   -1.160499e+01 2.666667e+00 1.289739e+01
    endloop
  endfacet
  facet normal -7.933533e-01 0.000000e+00 6.087614e-01
    outer loop
      vertex   -1.160499e+01 9.000000e+00 1.289739e+01
      vertex   -1.160499e+01 2.666667e+00 1.289739e+01
      vertex   -1.139045e+01 9.000000e+00 1.317699e+01
    endloop
  endfacet
  facet normal -7.933533e-01 0.000000e+00 6.087614e-01
    outer loop
      vertex   -1.139045e+01 9.000000e+00 1.317699e+01
      vertex   -1.160499e+01 2.666667e+00 1.289739e+01
      vertex   -1.139045e+01 2.666667e+00 1.317699e+01
    endloop
  endfacet
  facet normal -9.238795e-01 0.000000e+00 3.826834e-01
    outer loop
      vertex   -1.139045e+01 9.000000e+00 1.317699e+01
      vertex   -1.139045e+01 2.666667e+00 1.317699e+01
      vertex   -1.125559e+01 9.000000e+00 1.350258e+01
    endloop
  endfacet
  facet normal -9.238795e-01 0.000000e+00 3.826834e-01
    outer loop
      vertex   -1.125559e+01 9.000000e+00 1.350258e+01
      vertex   -1.139045e+01 2.666667e+00 1.317699e+01
      vertex   -1.125559e+01 2.666667e+00 1.350258e+01
    endloop
  endfacet
  facet normal -9.914449e-01 0.000000e+00 1.305262e-01
    outer loop
      vertex   -1.125559e+01 9.000000e+00 1.350258e+01
      vertex   -1.125559e+01 2.666667e+00 1.350258e+01
      vertex   -1.120959e+01 9.000000e+00 1.385199e+01
    endloop
  endfacet
  facet normal -9.914449e-01 0.000000e+00 1.305262e-01
    outer loop
      vertex   -1.120959e+01 9.000000e+00 1.385199e+01
      vertex   -1.125559e+01 2.666667e+00 1.350258e+01
      vertex   -1.120959e+01 2.666667e+00 1.385199e+01
    endloop
  endfacet
  facet normal -9.914449e-01 -0.000000e+00 -1.305262e-01
    outer loop
      vertex   -1.120959e+01 9.000000e+00 1.385199e+01
      vertex   -1.120959e+01 2.666667e+00 1.385199e+01
      vertex   -1.125559e+01 9.000000e+00 1.420139e+01
    endloop
  endfacet
  facet normal -9.914449e-01 -0.000000e+00 -1.305262e-01
    outer loop
      vertex   -1.125559e+01 9.000000e+00 1.420139e+01
      vertex   -1.120959e+01 2.666667e+00 1.385199e+01
      vertex   -1.125559e+01 2.666667e+00 1.420139e+01
    endloop
  endfacet
  facet normal -9.238795e-01 -0.000000e+00 -3.826834e-01
    outer loop
      vertex   -1.125559e+01 9.000000e+00 1.420139e+01
      vertex   -1.125559e+01 2.666667e+00 1.420139e+01
      vertex   -1.139045e+01 9.000000e+00 1.452699e+01
    endloop
  endfacet
  facet normal -9.238795e-01 -0.000000e+00 -3.826834e-01
    outer loop
      vertex   -1.139045e+01 9.000000e+00 1.452699e+01
      vertex   -1.125559e+01 2.666667e+00 1.420139e+01
      vertex   -1.139045e+01 2.666667e+00 1.452699e+01
    endloop
  endfacet
  facet normal -7.933533e-01 -0.000000e+00 -6.087614e-01
    outer loop
      vertex   -1.139045e+01 9.000000e+00 1.452699e+01
      vertex   -1.139045e+01 2.666667e+00 1.452699e+01
      vertex   -1.160499e+01 9.000000e+00 1.480658e+01
    endloop
  endfacet
  facet normal -7.933533e-01 -0.000000e+00 -6.087614e-01
    outer loop
      vertex   -1.160499e+01 9.000000e+00 1.480658e+01
      vertex   -1.139045e+01 2.666667e+00 1.452699e+01
      vertex   -1.160499e+01 2.666667e+00 1.480658e+01
    endloop
  endfacet
  facet normal -6.087614e-01 -0.000000e+00 -7.933533e-01
    outer loop
      vertex   -1.160499e+01 9.000000e+00 1.480658e+01
      vertex   -1.160499e+01 2.666667e+00 1.480658e+01
      vertex   -1.188459e+01 9.000000e+00 1.502112e+01
    endloop
  endfacet
  facet normal -6.087614e-01 -0.000000e+00 -7.933533e-01
    outer loop
      vertex   -1.188459e+01 9.000000e+00 1.502112e+01
      vertex   -1.160499e+01 2.666667e+00 1.480658e+01
      vertex   -1.188459e+01 2.666667e+00 1.502112e+01
    endloop
  endfacet
  facet normal -3.826834e-01 -0.000000e+00 -9.238795e-01
    outer loop
      vertex   -1.188459e+01 9.000000e+00 1.502112e+01
      vertex   -1.188459e+01 2.666667e+00 1.502112e+01
      vertex   -1.221018e+01 9.000000e+00 1.515599e+01
    endloop
  endfacet
  facet normal -3.826834e-01 -0.000000e+00 -9.238795e-01
    outer loop
      vertex   -1.221018e+01 9.000000e+00 1.515599e+01
      vertex   -1.188459e+01 2.666667e+00 1.502112e+01
      vertex   -1.221018e+01 2.666667e+00 1.515599e+01
    endloop
  endfacet
  facet normal -1.305262e-01 -0.000000e+00 -9.914449e-01
    outer loop
      vertex   -1.221018e+01 9.000000e+00 1.515599e+01
      vertex   -1.221018e+01 2.666667e+00 1.515599e+01
      vertex   -1.255959e+01 9.000000e+00 1.520199e+01
    endloop
  endfacet
  facet normal -1.305262e-01 -0.000000e+00 -9.914449e-01
    outer loop
      vertex   -1.255959e+01 9.000000e+00 1.520199e+01
      vertex   -1.221018e+01 2.666667e+00 1.515599e+01
      vertex   -1.255959e+01 2.666667e+00 1.520199e+01
    endloop
  endfacet
  facet normal 1.305262e-01 0.000000e+00 -9.914449e-01
    outer loop
      vertex   -1.255959e+01 9.000000e+00 1.520199e+01
      vertex   -1.255959e+01 2.666667e+00 1.520199e+01
      vertex   -1.290899e+01 9.000000e+00 1.515599e+01
    endloop
  endfacet
  facet normal 1.305262e-01 0.000000e+00 -9.914449e-01
    outer loop
      vertex   -1.290899e+01 9.000000e+00 1.515599e+01
      vertex   -1.255959e+01 2.666667e+00 1.520199e+01
      vertex   -1.290899e+01 2.666667e+00 1.515599e+01
    endloop
  endfacet
  facet normal 3.826834e-01 0.000000e+00 -9.238795e-01
    outer loop
      vertex   -1.290899e+01 9.000000e+00 1.515599e+01
      vertex   -1.290899e+01 2.666667e+00 1.515599e+01
      vertex   -1.323459e+01 9.000000e+00 1.502112e+01
    endloop
  endfacet
  facet normal 3.826834e-01 0.000000e+00 -9.238795e-01
    outer loop
      vertex   -1.323459e+01 9.000000e+00 1.502112e+01
      vertex   -1.290899e+01 2.666667e+00 1.515599e+01
      vertex   -1.323459e+01 2.666667e+00 1.502112e+01
    endloop
  endfacet
  facet normal 6.087614e-01 0.000000e+00 -7.933533e-01
    outer loop
      vertex   -1.323459e+01 9.000000e+00 1.502112e+01
      vertex   -1.323459e+01 2.666667e+00 1.502112e+01
      vertex   -1.351418e+01 9.000000e+00 1.480658e+01
    endloop
  endfacet
  facet normal 6.087614e-01 0.000000e+00 -7.933533e-01
    outer loop
      vertex   -1.351418e+01 9.000000e+00 1.480658e+01
      vertex   -1.323459e+01 2.666667e+00 1.502112e+01
      vertex   -1.351418e+01 2.666667e+00 1.480658e+01
    endloop
  endfacet
  facet normal 7.933533e-01 0.000000e+00 -6.087614e-01
    outer loop
      vertex   -1.351418e+01 9.000000e+00 1.480658e+01
      vertex   -1.351418e+01 2.666667e+00 1.480658e+01
      vertex   -1.372872e+01 9.000000e+00 1.452699e+01
    endloop
  endfacet
  facet normal 7.933533e-01 0.000000e+00 -6.087614e-01
    outer loop
      vertex   -1.372872e+01 9.000000e+00 1.452699e+01
      vertex   -1.351418e+01 2.666667e+00 1.480658e+01
      vertex   -1.372872e+01 2.666667e+00 1.452699e+01
    endloop
  endfacet
  facet normal 9.238795e-01 0.000000e+00 -3.826834e-01
    outer loop
      vertex   -1.372872e+01 9.000000e+00 1.452699e+01
      vertex   -1.372872e+01 2.666667e+00 1.452699e+01
      vertex   -1.386359e+01 9.000000e+00 1.420139e+01
    endloop
  endfacet
  facet normal 9.238795e-01 0.000000e+00 -3.826834e-01
    outer loop
      vertex   -1.386359e+01 9.000000e+00 1.420139e+01
      vertex   -1.372872e+01 2.666667e+00 1.452699e+01
      vertex   -1.386359e+01 2.666667e+00 1.420139e+01
    endloop
  endfacet
  facet normal 9.914449e-01 0.000000e+00 -1.305262e-01
    outer loop
      vertex   -1.390959e+01 -3.666667e+00 1.385199e+01
      vertex   -1.390959e+01 2.666667e+00 1.385199e+01
      vertex   -1.386359e+01 -3.666667e+00 1.420139e+01
    endloop
  endfacet
  facet normal 9.914449e-01 0.000000e+00 -1.305262e-01
    outer loop
      vertex   -1.386359e+01 -3.666667e+00 1.420139e+01
      vertex   -1.390959e+01 2.666667e+00 1.385199e+01
      vertex   -1.386359e+01 2.666667e+00 1.420139e+01
    endloop
  endfacet
  facet normal 9.238795e-01 0.000000e+00 -3.826834e-01
    outer loop
      vertex   -1.386359e+01 -3.666667e+00 1.420139e+01
      vertex   -1.386359e+01 2.666667e+00 1.420139e+01
      vertex   -1.372872e+01 -3.666667e+00 1.452699e+01
    endloop
  endfacet
  facet normal 9.238795e-01 0.000000e+00 -3.826834e-01
    outer loop
      vertex   -1.372872e+01 -3.666667e+00 1.452699e+01
      vertex   -1.386359e+01 2.666667e+00 1.420139e+01
      vertex   -1.372872e+01 2.666667e+00 1.452699e+01
    endloop
  endfacet
  facet normal 7.933533e-01 0.000000e+00 -6.087614e-01
    outer loop
      vertex   -1.372872e+01 -3.666667e+00 1.452699e+01
      vertex   -1.372872e+01 2.666667e+00 1.452699e+01
      vertex   -1.351418e+01 -3.666667e+00 1.480658e+01
    endloop
  endfacet
  facet normal 7.933533e-01 0.000000e+00 -6.087614e-01
    outer loop
      vertex   -1.351418e+01 -3.666667e+00 1.480658e+01
      vertex   -1.372872e+01 2.666667e+00 1.452699e+01
      vertex   -1.351418e+01 2.666667e+00 1.480658e+01
    endloop
  endfacet
  facet normal 6.087614e-01 0.000000e+00 -7.933533e-01
    outer loop
      vertex   -1.351418e+01 -3.666667e+00 1.480658e+01
      vertex   -1.351418e+01 2.666667e+00 1.480658e+01
      vertex   -1.323459e+01 -3.666667e+00 1.502112e+01
    endloop
  endfacet
  facet normal 6.087614e-01 0.000000e+00 -7.933533e-01
    outer loop
      vertex   -1.323459e+01 -3.666667e+00 1.502112e+01
      vertex   -1.351418e+01 2.666667e+00 1.480658e+01
      vertex   -1.323459e+01 2.666667e+00 1.502112e+01
    endloop
  endfacet
  facet normal 3.826834e-01 0.000000e+00 -9.238795e-01
    outer loop
      vertex   -1.323459e+01 -3.666667e+00 1.502112e+01
      vertex   -1.323459e+01 2.666667e+00 1.502112e+01
      vertex   -1.290899e+01 -3.666667e+00 1.515599e+01
    endloop
  endfacet
  facet normal 3.826834e-01 0.000000e+00 -9.238795e-01
    outer loop
      vertex   -1.290899e+01 -3.666667e+00 1.515599e+01
      vertex   -1.323459e+01 2.666667e+00 1.502112e+01
      vertex   -1.290899e+01 2.666667e+00 1.515599e+01
    endloop
  endfacet
  facet normal 1.305262e-01 0.000000e+00 -9.914449e-01
    outer loop
      vertex   -1.290899e+01 -3.666667e+00 1.515599e+01
      vertex   -1.290899e+01 2.666667e+00 1.515599e+01
      vertex   -1.255959e+01 -3.666667e+00 1.520199e+01
    endloop
  endfacet
  facet normal 1.305262e-01 0.000000e+00 -9.914449e-01
    outer loop
      vertex   -1.255959e+01 -3.666667e+00 1.520199e+01
      vertex   -1.290899e+01 2.666667e+00 1.515599e+01
      vertex   -1.255959e+01 2.666667e+00 1.520199e+01
    endloop
  endfacet
  facet normal -1.305262e-01 0.000000e+00 -9.914449e-01
    outer loop
      vertex   -1.255959e+01 -3.666667e+00 1.520199e+01
      vertex   -1.255959e+01 2.666667e+00 1.520199e+01
      vertex   -1.221018e+01 -3.666667e+00 1.515599e+01
    endloop
  endfacet
  facet normal -1.305262e-01 0.000000e+00 -9.914449e-01
    outer loop
      vertex   -1.221018e+01 -3.666667e+00 1.515599e+01
      vertex   -1.255959e+01 2.666667e+00 1.520199e+01
      vertex   -1.221018e+01 2.666667e+00 1.515599e+01
    endloop
  endfacet
  facet normal -3.826834e-01 0.000000e+00 -9.238795e-01
    outer loop
      vertex   -1.221018e+01 -3.666667e+00 1.515599e+01
      vertex   -1.221018e+01 2.666667e+00 1.515599e+01
      vertex   -1.188459e+01 -3.666667e+00 1.502112e+01
    endloop
  endfacet
  facet normal -3.826834e-01 0.000000e+00 -9.238795e-01
    outer loop
      vertex   -1.188459e+01 -3.666667e+00 1.502112e+01
      vertex   -1.221018e+01 2.666667e+00 1.515599e+01
      vertex   -1.188459e+01 2.666667e+00 1.502112e+01
    endloop
  endfacet
  facet normal -6.087614e-01 0.000000e+00 -7.933533e-01
    outer loop
      vertex   -1.188459e+01 -3.666667e+00 1.502112e+01
      vertex   -1.188459e+01 2.666667e+00 1.502112e+01
      vertex   -1.160499e+01 -3.666667e+00 1.480658e+01
    endloop
  endfacet
  facet normal -6.087614e-01 0.000000e+00 -7.933533e-01
    outer loop
      vertex   -1.160499e+01 -3.666667e+00 1.480658e+01
      vertex   -1.188459e+01 2.666667e+00 1.502112e+01
      vertex   -1.160499e+01 2.666667e+00 1.480658e+01
    endloop
  endfacet
  facet normal -7.933533e-01 0.000000e+00 -6.087614e-01
    outer loop
      vertex   -1.160499e+01 -3.666667e+00 1.480658e+01
      vertex   -1.160499e+01 2.666667e+00 1.480658e+01
      vertex   -1.139045e+01 -3.666667e+00 1.452699e+01
    endloop
  endfacet
  facet normal -7.933533e-01 0.000000e+00 -6.087614e-01
    outer loop
      vertex   -1.139045e+01 -3.666667e+00 1.452699e+01
      vertex   -1.160499e+01 2.666667e+00 1.480658e+01
      vertex   -1.139045e+01 2.666667e+00 1.452699e+01
    endloop
  endfacet
  facet normal -9.238795e-01 0.000000e+00 -3.826834e-01
    outer loop
      vertex   -1.139045e+01 -3.666667e+00 1.452699e+01
      vertex   -1.139045e+01 2.666667e+00 1.452699e+01
      vertex   -1.125559e+01 -3.666667e+00 1.420139e+01
    endloop
  endfacet
  facet normal -9.238795e-01 0.000000e+00 -3.826834e-01
    outer loop
      vertex   -1.125559e+01 -3.666667e+00 1.420139e+01
      vertex   -1.139045e+01 2.666667e+00 1.452699e+01
      vertex   -1.125559e+01 2.666667e+00 1.420139e+01
    endloop
  endfacet
  facet normal -9.914449e-01 0.000000e+00 -1.305262e-01
    outer loop
      vertex   -1.125559e+01 -3.666667e+00 1.420139e+01
      vertex   -1.125559e+01 2.666667e+00 1.420139e+01
      vertex   -1.120959e+01 -3.666667e+00 1.385199e+01
    endloop
  endfacet
  facet normal -9.914449e-01 0.000000e+00 -1.305262e-01
    outer loop
      vertex   -1.120959e+01 -3.666667e+00 1.385199e+01
      vertex   -1.125559e+01 2.666667e+00 1.420139e+01
      vertex   -1.120959e+01 2.666667e+00 1.385199e+01
    endloop
  endfacet
  facet normal -9.914449e-01 0.000000e+00 1.305262e-01
    outer loop
      vertex   -1.120959e+01 -3.666667e+00 1.385199e+01
      vertex   -1.120959e+01 2.666667e+00 1.385199e+01
      vertex   -1.125559e+01 -3.666667e+00 1.350258e+01
    endloop
  endfacet
  facet normal -9.914449e-01 0.000000e+00 1.305262e-01
    outer loop
      vertex   -1.125559e+01 -3.666667e+00 1.350258e+01
      vertex   -1.120959e+01 2.666667e+00 1.385199e+01
      vertex   -1.125559e+01 2.666667e+00 1.350258e+01
    endloop
  endfacet
  facet normal -9.238795e-01 0.000000e+00 3.826834e-01
    outer loop
      vertex   -1.125559e+01 -3.666667e+00 1.350258e+01
      vertex   -1.125559e+01 2.666667e+00 1.350258e+01
      vertex   -1.139045e+01 -3.666667e+00 1.317699e+01
    endloop
  endfacet
  facet normal -9.238795e-01 0.000000e+00 3.826834e-01
    outer loop
      vertex   -1.139045e+01 -3.666667e+00 1.317699e+01
      vertex   -1.125559e+01 2.666667e+00 1.350258e+01
      vertex   -1.139045e+01 2.666667e+00 1.317699e+01
    endloop
  endfacet
  facet normal -7.933533e-01 0.000000e+00 6.087614e-01
    outer loop
      vertex   -1.139045e+01 -3.666667e+00 1.317699e+01
      vertex   -1.139045e+01 2.666667e+00 1.317699e+01
      vertex   -1.160499e+01 -3.666667e+00 1.289739e+01
    endloop
  endfacet
  facet normal -7.933533e-01 0.000000e+00 6.087614e-01
    outer loop
      vertex   -1.160499e+01 -3.666667e+00 1.289739e+01
      vertex   -1.139045e+01 2.666667e+00 1.317699e+01
      vertex   -1.160499e+01 2.666667e+00 1.289739e+01
    endloop
  endfacet
  facet normal -6.087614e-01 0.000000e+00 7.933533e-01
    outer loop
      vertex   -1.160499e+01 -3.666667e+00 1.289739e+01
      vertex   -1.160499e+01 2.666667e+00 1.289739e+01
      vertex   -1.188459e+01 -3.666667e+00 1.268285e+01
    endloop
  endfacet
  facet normal -6.087614e-01 0.000000e+00 7.933533e-01
    outer loop
      vertex   -1.188459e+01 -3.666667e+00 1.268285e+01
      vertex   -1.160499e+01 2.666667e+00 1.289739e+01
      vertex   -1.188459e+01 2.666667e+00 1.268285e+01
    endloop
  endfacet
  facet normal -3.826834e-01 0.000000e+00 9.238795e-01
    outer loop
      vertex   -1.188459e+01 -3.666667e+00 1.268285e+01
      vertex   -1.188459e+01 2.666667e+00 1.268285e+01
      vertex   -1.221018e+01 -3.666667e+00 1.254799e+01
    endloop
  endfacet
  facet normal -3.826834e-01 0.000000e+00 9.238795e-01
    outer loop
      vertex   -1.221018e+01 -3.666667e+00 1.254799e+01
      vertex   -1.188459e+01 2.666667e+00 1.268285e+01
      vertex   -1.221018e+01 2.666667e+00 1.254799e+01
    endloop
  endfacet
  facet normal -1.305262e-01 0.000000e+00 9.914449e-01
    outer loop
      vertex   -1.221018e+01 -3.666667e+00 1.254799e+01
      vertex   -1.221018e+01 2.666667e+00 1.254799e+01
      vertex   -1.255959e+01 -3.666667e+00 1.250199e+01
    endloop
  endfacet
  facet normal -1.305262e-01 0.000000e+00 9.914449e-01
    outer loop
      vertex   -1.255959e+01 -3.666667e+00 1.250199e+01
      vertex   -1.221018e+01 2.666667e+00 1.254799e+01
      vertex   -1.255959e+01 2.666667e+00 1.250199e+01
    endloop
  endfacet
  facet normal 1.305262e-01 -0.000000e+00 9.914449e-01
    outer loop
      vertex   -1.255959e+01 -3.666667e+00 1.250199e+01
      vertex   -1.255959e+01 2.666667e+00 1.250199e+01
      vertex   -1.290899e+01 -3.666667e+00 1.254799e+01
    endloop
  endfacet
  facet normal 1.305262e-01 -0.000000e+00 9.914449e-01
    outer loop
      vertex   -1.290899e+01 -3.666667e+00 1.254799e+01
      vertex   -1.255959e+01 2.666667e+00 1.250199e+01
      vertex   -1.290899e+01 2.666667e+00 1.254799e+01
    endloop
  endfacet
  facet normal 3.826834e-01 -0.000000e+00 9.238795e-01
    outer loop
      vertex   -1.290899e+01 -3.666667e+00 1.254799e+01
      vertex   -1.290899e+01 2.666667e+00 1.254799e+01
      vertex   -1.323459e+01 -3.666667e+00 1.268285e+01
    endloop
  endfacet
  facet normal 3.826834e-01 -0.000000e+00 9.238795e-01
    outer loop
      vertex   -1.323459e+01 -3.666667e+00 1.268285e+01
      vertex   -1.290899e+01 2.666667e+00 1.254799e+01
      vertex   -1.323459e+01 2.666667e+00 1.268285e+01
    endloop
  endfacet
  facet normal 6.087614e-01 -0.000000e+00 7.933533e-01
    outer loop
      vertex   -1.323459e+01 -3.666667e+00 1.268285e+01
      vertex   -1.323459e+01 2.666667e+00 1.268285e+01
      vertex   -1.351418e+01 -3.666667e+00 1.289739e+01
    endloop
  endfacet
  facet normal 6.087614e-01 -0.000000e+00 7.933533e-01
    outer loop
      vertex   -1.351418e+01 -3.666667e+00 1.289739e+01
      vertex   -1.323459e+01 2.666667e+00 1.268285e+01
      vertex   -1.351418e+01 2.666667e+00 1.289739e+01
    endloop
  endfacet
  facet normal 7.933533e-01 -0.000000e+00 6.087614e-01
    outer loop
      vertex   -1.351418e+01 -3.666667e+00 1.289739e+01
      vertex   -1.351418e+01 2.666667e+00 1.289739e+01
      vertex   -1.372872e+01 -3.666667e+00 1.317699e+01
    endloop
  endfacet
  facet normal 7.933533e-01 -0.000000e+00 6.087614e-01
    outer loop
      vertex   -1.372872e+01 -3.666667e+00 1.317699e+01
      vertex   -1.351418e+01 2.666667e+00 1.289739e+01
      vertex   -1.372872e+01 2.666667e+00 1.317699e+01
    endloop
  endfacet
  facet normal 9.238795e-01 -0.000000e+00 3.826834e-01
    outer loop
      vertex   -1.372872e+01 -3.666667e+00 1.317699e+01
      vertex   -1.372872e+01 2.666667e+00 1.317699e+01
      vertex   -1.386359e+01 -3.666667e+00 1.350258e+01
    endloop
  endfacet
  facet normal 9.238795e-01 -0.000000e+00 3.826834e-01
    outer loop
      vertex   -1.386359e+01 -3.666667e+00 1.350258e+01
      vertex   -1.372872e+01 2.666667e+00 1.317699e+01
      vertex   -1.386359e+01 2.666667e+00 1.350258e+01
    endloop
  endfacet
  facet normal 9.914449e-01 -0.000000e+00 1.305262e-01
    outer loop
      vertex   -1.386359e+01 -3.666667e+00 1.350258e+01
      vertex   -1.386359e+01 2.666667e+00 1.350258e+01
      vertex   -1.390959e+01 -3.666667e+00 1.385199e+01
    endloop
  endfacet
  facet normal 9.914449e-01 -0.000000e+00 1.305262e-01
    outer loop
      vertex   -1.390959e+01 -3.666667e+00 1.385199e+01
      vertex   -1.386359e+01 2.666667e+00 1.350258e+01
      vertex   -1.390959e+01 2.666667e+00 1.385199e+01
    endloop
  endfacet
  facet normal 0.000000e+00 -1.000000e+00 0.000000e+00
    outer loop
      vertex   -1.386359e+01 9.000000e+00 1.350258e+01
      vertex   -1.125559e+01 9.000000e+00 1.350258e+01
      vertex   -1.390959e+01 9.000000e+00 1.385199e+01
    endloop
  endfacet
  facet normal 0.000000e+00 -1.000000e+00 0.000000e+00
    outer loop
      vertex   -1.390959e+01 9.000000e+00 1.385199e+01
      vertex   -1.125559e+01 9.000000e+00 1.350258e+01
      vertex   -1.120959e+01 9.000000e+00 1.385199e+01
    endloop
  endfacet
  facet normal 0.000000e+00 -1.000000e+00 0.000000e+00
    outer loop
      vertex   -1.390959e+01 9.000000e+00 1.385199e+01
      vertex   -1.120959e+01 9.000000e+00 1.385199e+01
      vertex   -1.386359e+01 9.000000e+00 1.420139e+01
    endloop
  endfacet
  facet normal 0.000000e+00 -1.000000e+00 0.000000e+00
    outer loop
      vertex   -1.386359e+01 9.000000e+00 1.420139e+01
      vertex   -1.120959e+01 9.000000e+00 1.385199e+01
      vertex   -1.125559e+01 9.000000e+00 1.420139e+01
    endloop
  endfacet
  facet normal 0.000000e+00 -1.000000e+00 0.000000e+00
    outer loop
      vertex   -1.386359e+01 9.000000e+00 1.420139e+01
      vertex   -1.125559e+01 9.000000e+00 1.420139e+01
      vertex   -1.372872e+01 9.000000e+00 1.452699e+01
    endloop
  endfacet
  facet normal 0.000000e+00 -1.000000e+00 0.000000e+00
    outer loop
      vertex   -1.372872e+01 9.000000e+00 1.452699e+01
      vertex   -1.125559e+01 9.000000e+00 1.420139e+01
      vertex   -1.139045e+01 9.000000e+00 1.452699e+01
    endloop
  endfacet
  facet normal 0.000000e+00 -1.000000e+00 0.000000e+00
    outer loop
      vertex   -1.372872e+01 9.000000e+00 1.452699e+01
      vertex   -1.139045e+01 9.000000e+00 1.452699e+01
      vertex   -1.351418e+01 9.000000e+00 1.480658e+01
    endloop
  endfacet
  facet normal 0.000000e+00 -1.000000e+00 0.000000e+00
    outer loop
      vertex   -1.351418e+01 9.000000e+00 1.480658e+01
      vertex   -1.139045e+01 9.000000e+00 1.452699e+01
      vertex   -1.160499e+01 9.000000e+00 1.480658e+01
    endloop
  endfacet
  facet normal 0.000000e+00 -1.000000e+00 0.000000e+00
    outer loop
      vertex   -1.351418e+01 9.000000e+00 1.480658e+01
      vertex   -1.160499e+01 9.000000e+00 1.480658e+01
      vertex   -1.323459e+01 9.000000e+00 1.502112e+01
    endloop
  endfacet
  facet normal 0.000000e+00 -1.000000e+00 0.000000e+00
    outer loop
      vertex   -1.323459e+01 9.000000e+00 1.502112e+01
      vertex   -1.160499e+01 9.000000e+00 1.480658e+01
      vertex   -1.188459e+01 9.000000e+00 1.502112e+01
    endloop
  endfacet
  facet normal 0.000000e+00 -1.000000e+00 0.000000e+00
    outer loop
      vertex   -1.323459e+01 9.000000e+00 1.502112e+01
      vertex   -1.188459e+01 9.000000e+00 1.502112e+01
      vertex   -1.290899e+01 9.000000e+00 1.515599e+01
    endloop
  endfacet
  facet normal 0.000000e+00 -1.000000e+00 0.000000e+00
    outer loop
      vertex   -1.290899e+01 9.000000e+00 1.515599e+01
      vertex   -1.188459e+01 9.000000e+00 1.502112e+01
      vertex   -1.221018e+01 9.000000e+00 1.515599e+01
    endloop
  endfacet
  facet normal 0.000000e+00 -1.000000e+00 0.000000e+00
    outer loop
      vertex   -1.290899e+01 9.000000e+00 1.515599e+01
      vertex   -1.221018e+01 9.000000e+00 1.515599e+01
      vertex   -1.255959e+01 9.000000e+00 1.520199e+01
    endloop
  endfacet
  facet normal 0.000000e+00 -1.000000e+00 0.000000e+00
    outer loop
      vertex   -1.125559e+01 9.000000e+00 1.350258e+01
      vertex   -1.386359e+01 9.000000e+00 1.350258e+01
      vertex   -1.139045e+01 9.000000e+00 1.317699e+01
    endloop
  endfacet
  facet normal -0.000000e+00 -1.000000e+00 0.000000e+00
    outer loop
      vertex   -1.139045e+01 9.000000e+00 1.317699e+01
      vertex   -1.386359e+01 9.000000e+00 1.350258e+01
      vertex   -1.372872e+01 9.000000e+00 1.317699e+01
    endloop
  endfacet
  facet normal 0.000000e+00 -1.000000e+00 0.000000e+00
    outer loop
      vertex   -1.139045e+01 9.000000e+00 1.317699e+01
      vertex   -1.372872e+01 9.000000e+00 1.317699e+01
      vertex   -1.160499e+01 9.000000e+00 1.289739e+01
    endloop
  endfacet
  facet normal 0.000000e+00 -1.000000e+00 0.000000e+00
    outer loop
      vertex   -1.160499e+01 9.000000e+00 1.289739e+01
      vertex   -1.372872e+01 9.000000e+00 1.317699e+01
      vertex   -1.351418e+01 9.000000e+00 1.289739e+01
    endloop
  endfacet
  facet normal -0.000000e+00 -1.000000e+00 0.000000e+00
    outer loop
      vertex   -1.160499e+01 9.000000e+00 1.289739e+01
      vertex   -1.351418e+01 9.000000e+00 1.289739e+01
      vertex   -1.188459e+01 9.000000e+00 1.268285e+01
    endloop
  endfacet
  facet normal -0.000000e+00 -1.000000e+00 0.000000e+00
    outer loop
      vertex   -1.188459e+01 9.000000e+00 1.268285e+01
      vertex   -1.351418e+01 9.000000e+00 1.289739e+01
      vertex   -1.323459e+01 9.000000e+00 1.268285e+01
    endloop
  endfacet
  facet normal 0.000000e+00 -1.000000e+00 0.000000e+00
    outer loop
      vertex   -1.188459e+01 9.000000e+00 1.268285e+01
      vertex   -1.323459e+01 9.000000e+00 1.268285e+01
      vertex   -1.221018e+01 9.000000e+00 1.254799e+01
    endloop
  endfacet
  facet normal 0.000000e+00 -1.000000e+00 0.000000e+00
    outer loop
      vertex   -1.221018e+01 9.000000e+00 1.254799e+01
      vertex   -1.323459e+01 9.000000e+00 1.268285e+01
      vertex   -1.290899e+01 9.000000e+00 1.254799e+01
    endloop
  endfacet
  facet normal -0.000000e+00 -1.000000e+00 0.000000e+00
    outer loop
      vertex   -1.221018e+01 9.000000e+00 1.254799e+01
      vertex   -1.290899e+01 9.000000e+00 1.254799e+01
      vertex   -1.255959e+01 9.000000e+00 1.250199e+01
    endloop
  endfacet
  facet normal 1.263579e-17 -6.886811e-02 -9.976258e-01
    outer loop
      vertex   -3.118488e+01 -1.501202e+00 -6.367865e+01
      vertex   -3.119787e+01 -1.265313e+00 -6.369494e+01
      vertex   -2.876449e+01 -1.501202e+00 -6.367865e+01
    endloop
  endfacet
  facet normal -6.018327e-03 -1.305238e-01 -9.914269e-01
    outer loop
      vertex   -2.876449e+01 -1.501202e+00 -6.367865e+01
      vertex   -3.119787e+01 -1.265313e+00 -6.369494e+01
      vertex   -2.876449e+01 -1.048269e+00 -6.373828e+01
    endloop
  endfacet
  facet normal 4.948964e-04 -2.011757e-01 -9.795550e-01
    outer loop
      vertex   -2.876449e+01 -1.048269e+00 -6.373828e+01
      vertex   -3.119787e+01 -1.265313e+00 -6.369494e+01
      vertex   -3.123989e+01 -1.030005e+00 -6.374328e+01
    endloop
  endfacet
  facet normal -5.544766e-04 -3.333342e-01 -9.428086e-01
    outer loop
      vertex   -2.876449e+01 -1.048269e+00 -6.373828e+01
      vertex   -3.123989e+01 -1.030005e+00 -6.374328e+01
      vertex   -3.131539e+01 -8.125875e-01 -6.382011e+01
    endloop
  endfacet
  facet normal -5.721016e-03 -3.826772e-01 -9.238644e-01
    outer loop
      vertex   -2.876449e+01 -1.048269e+00 -6.373828e+01
      vertex   -3.131539e+01 -8.125875e-01 -6.382011e+01
      vertex   -2.876449e+01 -6.262025e-01 -6.391311e+01
    endloop
  endfacet
  facet normal -1.038877e-05 -4.463590e-01 -8.948540e-01
    outer loop
      vertex   -2.876449e+01 -6.262025e-01 -6.391311e+01
      vertex   -3.131539e+01 -8.125875e-01 -6.382011e+01
      vertex   -3.142514e+01 -6.268044e-01 -6.391278e+01
    endloop
  endfacet
  facet normal 1.946197e-05 -5.466668e-01 -8.373502e-01
    outer loop
      vertex   -2.876449e+01 -6.262025e-01 -6.391311e+01
      vertex   -3.142514e+01 -6.268044e-01 -6.391278e+01
      vertex   -3.158371e+01 -4.691453e-01 -6.401571e+01
    endloop
  endfacet
  facet normal -5.040916e-03 -6.087537e-01 -7.933433e-01
    outer loop
      vertex   -2.876449e+01 -6.262025e-01 -6.391311e+01
      vertex   -3.158371e+01 -4.691453e-01 -6.401571e+01
      vertex   -2.876449e+01 -2.637656e-01 -6.419121e+01
    endloop
  endfacet
  facet normal -3.188164e-03 -6.239973e-01 -7.814200e-01
    outer loop
      vertex   -2.876449e+01 -2.637656e-01 -6.419121e+01
      vertex   -3.158371e+01 -4.691453e-01 -6.401571e+01
      vertex   -3.177462e+01 -3.581502e-01 -6.410356e+01
    endloop
  endfacet
  facet normal -4.210212e-04 -6.732441e-01 -7.394202e-01
    outer loop
      vertex   -2.876449e+01 -2.637656e-01 -6.419121e+01
      vertex   -3.177462e+01 -3.581502e-01 -6.410356e+01
      vertex   -3.200202e+01 -2.903009e-01 -6.416521e+01
    endloop
  endfacet
  facet normal -1.932346e-05 -6.987153e-01 -7.153998e-01
    outer loop
      vertex   -3.200202e+01 -2.903009e-01 -6.416521e+01
      vertex   -3.223992e+01 -2.685962e-01 -6.418640e+01
      vertex   -2.876449e+01 -2.637656e-01 -6.419121e+01
    endloop
  endfacet
  facet normal 4.477231e-17 -7.057280e-01 -7.084829e-01
    outer loop
      vertex   -2.876449e+01 -2.637656e-01 -6.419121e+01
      vertex   -3.223992e+01 -2.685962e-01 -6.418640e+01
      vertex   -3.576449e+01 -2.637656e-01 -6.419121e+01
    endloop
  endfacet
  facet normal 5.033138e-17 -7.933533e-01 -6.087614e-01
    outer loop
      vertex   -2.876449e+01 -2.637656e-01 -6.419121e+01
      vertex   -3.576449e+01 -2.637656e-01 -6.419121e+01
      vertex   -2.876449e+01 1.434197e-02 -6.455365e+01
    endloop
  endfacet
  facet normal 4.718567e-17 -7.933533e-01 -6.087614e-01
    outer loop
      vertex   -2.876449e+01 1.434197e-02 -6.455365e+01
      vertex   -3.576449e+01 -2.637656e-01 -6.419121e+01
      vertex   -3.576449e+01 1.434197e-02 -6.455365e+01
    endloop
  endfacet
  facet normal 5.494887e-17 -9.238795e-01 -3.826834e-01
    outer loop
      vertex   -2.876449e+01 1.434197e-02 -6.455365e+01
      vertex   -3.576449e+01 1.434197e-02 -6.455365e+01
      vertex   -2.876449e+01 1.891677e-01 -6.497572e+01
    endloop
  endfacet
  facet normal 3.663258e-17 -9.238795e-01 -3.826834e-01
    outer loop
      vertex   -2.876449e+01 1.891677e-01 -6.497572e+01
      vertex   -3.576449e+01 1.434197e-02 -6.455365e+01
      vertex   -3.576449e+01 1.891677e-01 -6.497572e+01
    endloop
  endfacet
  facet normal 3.931160e-17 -9.914449e-01 -1.305262e-01
    outer loop
      vertex   -2.876449e+01 1.891677e-01 -6.497572e+01
      vertex   -3.576449e+01 1.891677e-01 -6.497572e+01
      vertex   -2.876449e+01 2.487975e-01 -6.542865e+01
    endloop
  endfacet
  facet normal -0.000000e+00 -9.914449e-01 -1.305262e-01
    outer loop
      vertex   -2.876449e+01 2.487975e-01 -6.542865e+01
      vertex   -3.576449e+01 1.891677e-01 -6.497572e+01
      vertex   -3.576449e+01 2.487975e-01 -6.542865e+01
    endloop
  endfacet
  facet normal 1.905816e-05 -6.987139e-01 -7.154013e-01
    outer loop
      vertex   -3.223992e+01 -2.685962e-01 -6.418640e+01
      vertex   -3.247782e+01 -2.903009e-01 -6.416521e+01
      vertex   -3.576449e+01 -2.637656e-01 -6.419121e+01
    endloop
  endfacet
  facet normal 4.148999e-04 -6.732328e-01 -7.394304e-01
    outer loop
      vertex   -3.576449e+01 -2.637656e-01 -6.419121e+01
      vertex   -3.247782e+01 -2.903009e-01 -6.416521e+01
      vertex   -3.270522e+01 -3.581502e-01 -6.410356e+01
    endloop
  endfacet
  facet normal 3.139714e-03 -6.239463e-01 -7.814609e-01
    outer loop
      vertex   -3.576449e+01 -2.637656e-01 -6.419121e+01
      vertex   -3.270522e+01 -3.581502e-01 -6.410356e+01
      vertex   -3.289614e+01 -4.691453e-01 -6.401571e+01
    endloop
  endfacet
  facet normal 4.954587e-03 -6.087540e-01 -7.933436e-01
    outer loop
      vertex   -3.576449e+01 -2.637656e-01 -6.419121e+01
      vertex   -3.289614e+01 -4.691453e-01 -6.401571e+01
      vertex   -3.576449e+01 -6.262025e-01 -6.391311e+01
    endloop
  endfacet
  facet normal -1.910923e-05 -5.466670e-01 -8.373501e-01
    outer loop
      vertex   -3.576449e+01 -6.262025e-01 -6.391311e+01
      vertex   -3.289614e+01 -4.691453e-01 -6.401571e+01
      vertex   -3.305471e+01 -6.268044e-01 -6.391278e+01
    endloop
  endfacet
  facet normal 1.020046e-05 -4.463589e-01 -8.948540e-01
    outer loop
      vertex   -3.576449e+01 -6.262025e-01 -6.391311e+01
      vertex   -3.305471e+01 -6.268044e-01 -6.391278e+01
      vertex   -3.316445e+01 -8.125875e-01 -6.382011e+01
    endloop
  endfacet
  facet normal 5.612928e-03 -3.826774e-01 -9.238650e-01
    outer loop
      vertex   -3.576449e+01 -6.262025e-01 -6.391311e+01
      vertex   -3.316445e+01 -8.125875e-01 -6.382011e+01
      vertex   -3.576449e+01 -1.048269e+00 -6.373828e+01
    endloop
  endfacet
  facet normal 5.436607e-04 -3.333308e-01 -9.428098e-01
    outer loop
      vertex   -3.576449e+01 -1.048269e+00 -6.373828e+01
      vertex   -3.316445e+01 -8.125875e-01 -6.382011e+01
      vertex   -3.323996e+01 -1.030005e+00 -6.374328e+01
    endloop
  endfacet
  facet normal -4.852538e-04 -2.011774e-01 -9.795547e-01
    outer loop
      vertex   -3.576449e+01 -1.048269e+00 -6.373828e+01
      vertex   -3.323996e+01 -1.030005e+00 -6.374328e+01
      vertex   -3.328198e+01 -1.265313e+00 -6.369494e+01
    endloop
  endfacet
  facet normal -1.238443e-17 -6.886811e-02 -9.976258e-01
    outer loop
      vertex   -3.329497e+01 -1.501202e+00 -6.367865e+01
      vertex   -3.576449e+01 -1.501202e+00 -6.367865e+01
      vertex   -3.328198e+01 -1.265313e+00 -6.369494e+01
    endloop
  endfacet
  facet normal 5.899240e-03 -1.305239e-01 -9.914276e-01
    outer loop
      vertex   -3.328198e+01 -1.265313e+00 -6.369494e+01
      vertex   -3.576449e+01 -1.501202e+00 -6.367865e+01
      vertex   -3.576449e+01 -1.048269e+00 -6.373828e+01
    endloop
  endfacet
  facet normal -0.000000e+00 -0.000000e+00 -1.000000e+00
    outer loop
      vertex   -3.329497e+01 -1.501202e+00 -6.367865e+01
      vertex   -3.329497e+01 -2.211202e+00 -6.367865e+01
      vertex   -3.576449e+01 -1.501202e+00 -6.367865e+01
    endloop
  endfacet
  facet normal 0.000000e+00 0.000000e+00 -1.000000e+00
    outer loop
      vertex   -3.576449e+01 -1.501202e+00 -6.367865e+01
      vertex   -3.329497e+01 -2.211202e+00 -6.367865e+01
      vertex   -3.576449e+01 -2.211202e+00 -6.367865e+01
    endloop
  endfacet
  facet normal -9.965781e-01 0.000000e+00 8.265681e-02
    outer loop
      vertex   5.350000e+01 1.510000e+00 -5.420788e+01
      vertex   5.350000e+01 1.000000e+01 -5.420788e+01
      vertex   5.343168e+01 1.510000e+00 -5.503162e+01
    endloop
  endfacet
  facet normal -9.965781e-01 0.000000e+00 8.265681e-02
    outer loop
      vertex   5.343168e+01 1.510000e+00 -5.503162e+01
      vertex   5.350000e+01 1.000000e+01 -5.420788e+01
      vertex   5.343168e+01 1.000000e+01 -5.503162e+01
    endloop
  endfacet
  facet normal -9.693430e-01 0.000000e+00 2.457115e-01
    outer loop
      vertex   5.343168e+01 1.510000e+00 -5.503162e+01
      vertex   5.343168e+01 1.000000e+01 -5.503162e+01
      vertex   5.322858e+01 1.510000e+00 -5.583285e+01
    endloop
  endfacet
  facet normal -9.693430e-01 0.000000e+00 2.457115e-01
    outer loop
      vertex   5.322858e+01 1.510000e+00 -5.583285e+01
      vertex   5.343168e+01 1.000000e+01 -5.503162e+01
      vertex   5.322858e+01 1.000000e+01 -5.583285e+01
    endloop
  endfacet
  facet normal -9.156171e-01 0.000000e+00 4.020513e-01
    outer loop
      vertex   5.322858e+01 1.510000e+00 -5.583285e+01
      vertex   5.322858e+01 1.000000e+01 -5.583285e+01
      vertex   5.289626e+01 1.510000e+00 -5.658967e+01
    endloop
  endfacet
  facet normal -9.156171e-01 0.000000e+00 4.020513e-01
    outer loop
      vertex   5.289626e+01 1.510000e+00 -5.658967e+01
      vertex   5.322858e+01 1.000000e+01 -5.583285e+01
      vertex   5.289626e+01 1.000000e+01 -5.658967e+01
    endloop
  endfacet
  facet normal -8.368688e-01 0.000000e+00 5.474036e-01
    outer loop
      vertex   5.289626e+01 1.510000e+00 -5.658967e+01
      vertex   5.289626e+01 1.000000e+01 -5.658967e+01
      vertex   5.244379e+01 1.510000e+00 -5.728140e+01
    endloop
  endfacet
  facet normal -8.368688e-01 0.000000e+00 5.474036e-01
    outer loop
      vertex   5.244379e+01 1.510000e+00 -5.728140e+01
      vertex   5.289626e+01 1.000000e+01 -5.658967e+01
      vertex   5.244379e+01 1.000000e+01 -5.728140e+01
    endloop
  endfacet
  facet normal -0.000000e+00 -1.000000e+00 0.000000e+00
    outer loop
      vertex   5.289626e+01 1.000000e+01 -5.658967e+01
      vertex   5.350000e+01 1.000000e+01 -5.420788e+01
      vertex   5.244379e+01 1.000000e+01 -5.728140e+01
    endloop
  endfacet
  facet normal -0.000000e+00 -1.000000e+00 0.000000e+00
    outer loop
      vertex   5.244379e+01 1.000000e+01 -5.728140e+01
      vertex   5.350000e+01 1.000000e+01 -5.420788e+01
      vertex   -1.444082e-01 1.000000e+01 -5.808977e+01
    endloop
  endfacet
  facet normal 0.000000e+00 -1.000000e+00 0.000000e+00
    outer loop
      vertex   5.244379e+01 1.000000e+01 -5.728140e+01
      vertex   -1.444082e-01 1.000000e+01 -5.808977e+01
      vertex   2.983573e-01 1.000000e+01 -5.927687e+01
    endloop
  endfacet
  facet normal 0.000000e+00 -1.000000e+00 0.000000e+00
    outer loop
      vertex   5.289626e+01 1.000000e+01 -5.658967e+01
      vertex   5.322858e+01 1.000000e+01 -5.583285e+01
      vertex   5.350000e+01 1.000000e+01 -5.420788e+01
    endloop
  endfacet
  facet normal 0.000000e+00 -1.000000e+00 0.000000e+00
    outer loop
      vertex   5.350000e+01 1.000000e+01 -5.420788e+01
      vertex   5.322858e+01 1.000000e+01 -5.583285e+01
      vertex   5.343168e+01 1.000000e+01 -5.503162e+01
    endloop
  endfacet
  facet normal -0.000000e+00 -1.000000e+00 0.000000e+00
    outer loop
      vertex   5.350000e+01 1.000000e+01 7.000000e+00
      vertex   5.100000e+01 1.000000e+01 9.500000e+00
      vertex   5.350000e+01 1.000000e+01 -5.420788e+01
    endloop
  endfacet
  facet normal 0.000000e+00 -1.000000e+00 0.000000e+00
    outer loop
      vertex   5.350000e+01 1.000000e+01 -5.420788e+01
      vertex   5.100000e+01 1.000000e+01 9.500000e+00
      vertex   -9.593898e+00 1.000000e+01 -1.668445e+01
    endloop
  endfacet
  facet normal -0.000000e+00 -1.000000e+00 0.000000e+00
    outer loop
      vertex   5.350000e+01 1.000000e+01 -5.420788e+01
      vertex   -9.593898e+00 1.000000e+01 -1.668445e+01
      vertex   -1.510884e+00 1.000000e+01 -5.596349e+01
    endloop
  endfacet
  facet normal 0.000000e+00 -1.000000e+00 0.000000e+00
    outer loop
      vertex   -1.510884e+00 1.000000e+01 -5.596349e+01
      vertex   -9.593898e+00 1.000000e+01 -1.668445e+01
      vertex   -9.873829e+00 1.000000e+01 -1.802594e+01
    endloop
  endfacet
  facet normal 0.000000e+00 -1.000000e+00 0.000000e+00
    outer loop
      vertex   -1.510884e+00 1.000000e+01 -5.596349e+01
      vertex   -9.873829e+00 1.000000e+01 -1.802594e+01
      vertex   -2.406777e+00 1.000000e+01 -5.506760e+01
    endloop
  endfacet
  facet normal 0.000000e+00 -1.000000e+00 0.000000e+00
    outer loop
      vertex   -2.406777e+00 1.000000e+01 -5.506760e+01
      vertex   -9.873829e+00 1.000000e+01 -1.802594e+01
      vertex   -1.033454e+01 1.000000e+01 -1.931656e+01
    endloop
  endfacet
  facet normal 0.000000e+00 -1.000000e+00 0.000000e+00
    outer loop
      vertex   -2.406777e+00 1.000000e+01 -5.506760e+01
      vertex   -1.033454e+01 1.000000e+01 -1.931656e+01
      vertex   -3.421050e+00 1.000000e+01 -5.430832e+01
    endloop
  endfacet
  facet normal 0.000000e+00 -1.000000e+00 0.000000e+00
    outer loop
      vertex   -3.421050e+00 1.000000e+01 -5.430832e+01
      vertex   -1.033454e+01 1.000000e+01 -1.931656e+01
      vertex   -1.096737e+01 1.000000e+01 -2.053208e+01
    endloop
  endfacet
  facet normal 0.000000e+00 -1.000000e+00 0.000000e+00
    outer loop
      vertex   -3.421050e+00 1.000000e+01 -5.430832e+01
      vertex   -1.096737e+01 1.000000e+01 -2.053208e+01
      vertex   -4.533055e+00 1.000000e+01 -5.370112e+01
    endloop
  endfacet
  facet normal 0.000000e+00 -1.000000e+00 0.000000e+00
    outer loop
      vertex   -4.533055e+00 1.000000e+01 -5.370112e+01
      vertex   -1.096737e+01 1.000000e+01 -2.053208e+01
      vertex   -1.176044e+01 1.000000e+01 -2.164967e+01
    endloop
  endfacet
  facet normal 0.000000e+00 -1.000000e+00 0.000000e+00
    outer loop
      vertex   -4.533055e+00 1.000000e+01 -5.370112e+01
      vertex   -1.176044e+01 1.000000e+01 -2.164967e+01
      vertex   -5.720155e+00 1.000000e+01 -5.325835e+01
    endloop
  endfacet
  facet normal 0.000000e+00 -1.000000e+00 0.000000e+00
    outer loop
      vertex   -5.720155e+00 1.000000e+01 -5.325835e+01
      vertex   -1.176044e+01 1.000000e+01 -2.164967e+01
      vertex   -1.269885e+01 1.000000e+01 -2.264834e+01
    endloop
  endfacet
  facet normal 0.000000e+00 -1.000000e+00 0.000000e+00
    outer loop
      vertex   -5.720155e+00 1.000000e+01 -5.325835e+01
      vertex   -1.269885e+01 1.000000e+01 -2.264834e+01
      vertex   -6.958185e+00 1.000000e+01 -5.298904e+01
    endloop
  endfacet
  facet normal 0.000000e+00 -1.000000e+00 0.000000e+00
    outer loop
      vertex   -6.958185e+00 1.000000e+01 -5.298904e+01
      vertex   -1.269885e+01 1.000000e+01 -2.264834e+01
      vertex   -8.221940e+00 1.000000e+01 -5.289865e+01
    endloop
  endfacet
  facet normal 0.000000e+00 -1.000000e+00 0.000000e+00
    outer loop
      vertex   -8.221940e+00 1.000000e+01 -5.289865e+01
      vertex   -1.269885e+01 1.000000e+01 -2.264834e+01
      vertex   -1.855421e+01 1.000000e+01 -2.808045e+01
    endloop
  endfacet
  facet normal 0.000000e+00 -1.000000e+00 0.000000e+00
    outer loop
      vertex   -8.221940e+00 1.000000e+01 -5.289865e+01
      vertex   -1.855421e+01 1.000000e+01 -2.808045e+01
      vertex   -2.149192e+01 1.000000e+01 -3.314115e+01
    endloop
  endfacet
  facet normal 0.000000e+00 -1.000000e+00 0.000000e+00
    outer loop
      vertex   -2.149192e+01 1.000000e+01 -3.314115e+01
      vertex   -1.855421e+01 1.000000e+01 -2.808045e+01
      vertex   -1.937495e+01 1.000000e+01 -2.893796e+01
    endloop
  endfacet
  facet normal 0.000000e+00 -1.000000e+00 0.000000e+00
    outer loop
      vertex   -2.149192e+01 1.000000e+01 -3.314115e+01
      vertex   -1.937495e+01 1.000000e+01 -2.893796e+01
      vertex   -2.008830e+01 1.000000e+01 -2.988668e+01
    endloop
  endfacet
  facet normal -0.000000e+00 -1.000000e+00 -0.000000e+00
    outer loop
      vertex   5.341481e+01 1.000000e+01 7.647048e+00
      vertex   5.316506e+01 1.000000e+01 8.250000e+00
      vertex   5.350000e+01 1.000000e+01 7.000000e+00
    endloop
  endfacet
  facet normal 0.000000e+00 -1.000000e+00 0.000000e+00
    outer loop
      vertex   5.350000e+01 1.000000e+01 7.000000e+00
      vertex   5.316506e+01 1.000000e+01 8.250000e+00
      vertex   5.276777e+01 1.000000e+01 8.767767e+00
    endloop
  endfacet
  facet normal 0.000000e+00 -1.000000e+00 0.000000e+00
    outer loop
      vertex   5.350000e+01 1.000000e+01 7.000000e+00
      vertex   5.276777e+01 1.000000e+01 8.767767e+00
      vertex   5.225000e+01 1.000000e+01 9.165064e+00
    endloop
  endfacet
  facet normal -0.000000e+00 -1.000000e+00 -0.000000e+00
    outer loop
      vertex   5.225000e+01 1.000000e+01 9.165064e+00
      vertex   5.164705e+01 1.000000e+01 9.414815e+00
      vertex   5.350000e+01 1.000000e+01 7.000000e+00
    endloop
  endfacet
  facet normal 0.000000e+00 -1.000000e+00 0.000000e+00
    outer loop
      vertex   5.350000e+01 1.000000e+01 7.000000e+00
      vertex   5.164705e+01 1.000000e+01 9.414815e+00
      vertex   5.100000e+01 1.000000e+01 9.500000e+00
    endloop
  endfacet
  facet normal 0.000000e+00 -1.000000e+00 0.000000e+00
    outer loop
      vertex   -9.593898e+00 1.000000e+01 -1.668445e+01
      vertex   5.100000e+01 1.000000e+01 9.500000e+00
      vertex   -9.500000e+00 1.000000e+01 -1.531728e+01
    endloop
  endfacet
  facet normal 0.000000e+00 -1.000000e+00 0.000000e+00
    outer loop
      vertex   -9.500000e+00 1.000000e+01 -1.531728e+01
      vertex   5.100000e+01 1.000000e+01 9.500000e+00
      vertex   -7.000000e+00 1.000000e+01 9.500000e+00
    endloop
  endfacet
  facet normal 0.000000e+00 -1.000000e+00 0.000000e+00
    outer loop
      vertex   -9.500000e+00 1.000000e+01 -1.531728e+01
      vertex   -7.000000e+00 1.000000e+01 9.500000e+00
      vertex   -9.500000e+00 1.000000e+01 7.000000e+00
    endloop
  endfacet
  facet normal 0.000000e+00 -1.000000e+00 0.000000e+00
    outer loop
      vertex   -9.500000e+00 1.000000e+01 7.000000e+00
      vertex   -7.000000e+00 1.000000e+01 9.500000e+00
      vertex   -7.647048e+00 1.000000e+01 9.414815e+00
    endloop
  endfacet
  facet normal 0.000000e+00 -1.000000e+00 0.000000e+00
    outer loop
      vertex   -9.500000e+00 1.000000e+01 7.000000e+00
      vertex   -7.647048e+00 1.000000e+01 9.414815e+00
      vertex   -8.250000e+00 1.000000e+01 9.165064e+00
    endloop
  endfacet
  facet normal 0.000000e+00 -1.000000e+00 0.000000e+00
    outer loop
      vertex   -8.250000e+00 1.000000e+01 9.165064e+00
      vertex   -8.767767e+00 1.000000e+01 8.767767e+00
      vertex   -9.500000e+00 1.000000e+01 7.000000e+00
    endloop
  endfacet
  facet normal 0.000000e+00 -1.000000e+00 0.000000e+00
    outer loop
      vertex   -9.500000e+00 1.000000e+01 7.000000e+00
      vertex   -8.767767e+00 1.000000e+01 8.767767e+00
      vertex   -9.165064e+00 1.000000e+01 8.250000e+00
    endloop
  endfacet
  facet normal 0.000000e+00 -1.000000e+00 0.000000e+00
    outer loop
      vertex   -9.500000e+00 1.000000e+01 7.000000e+00
      vertex   -9.165064e+00 1.000000e+01 8.250000e+00
      vertex   -9.414815e+00 1.000000e+01 7.647048e+00
    endloop
  endfacet
  facet normal 0.000000e+00 -1.000000e+00 0.000000e+00
    outer loop
      vertex   -2.008830e+01 1.000000e+01 -2.988668e+01
      vertex   -2.068422e+01 1.000000e+01 -3.091325e+01
      vertex   -2.149192e+01 1.000000e+01 -3.314115e+01
    endloop
  endfacet
  facet normal 0.000000e+00 -1.000000e+00 0.000000e+00
    outer loop
      vertex   -2.149192e+01 1.000000e+01 -3.314115e+01
      vertex   -2.068422e+01 1.000000e+01 -3.091325e+01
      vertex   -2.115430e+01 1.000000e+01 -3.200319e+01
    endloop
  endfacet
  facet normal 0.000000e+00 -1.000000e+00 0.000000e+00
    outer loop
      vertex   -2.610327e+01 1.000000e+01 -5.292184e+01
      vertex   -2.588970e+01 1.000000e+01 -5.290896e+01
      vertex   -2.149192e+01 1.000000e+01 -3.314115e+01
    endloop
  endfacet
  facet normal 0.000000e+00 -1.000000e+00 0.000000e+00
    outer loop
      vertex   -2.149192e+01 1.000000e+01 -3.314115e+01
      vertex   -2.588970e+01 1.000000e+01 -5.290896e+01
      vertex   -2.567588e+01 1.000000e+01 -5.290123e+01
    endloop
  endfacet
  facet normal 0.000000e+00 -1.000000e+00 0.000000e+00
    outer loop
      vertex   -2.149192e+01 1.000000e+01 -3.314115e+01
      vertex   -2.567588e+01 1.000000e+01 -5.290123e+01
      vertex   -2.546194e+01 1.000000e+01 -5.289865e+01
    endloop
  endfacet
  facet normal 0.000000e+00 -1.000000e+00 0.000000e+00
    outer loop
      vertex   -2.546194e+01 1.000000e+01 -5.289865e+01
      vertex   -8.221940e+00 1.000000e+01 -5.289865e+01
      vertex   -2.149192e+01 1.000000e+01 -3.314115e+01
    endloop
  endfacet
  facet normal 0.000000e+00 -1.000000e+00 0.000000e+00
    outer loop
      vertex   -1.510884e+00 1.000000e+01 -5.596349e+01
      vertex   -7.516090e-01 1.000000e+01 -5.697776e+01
      vertex   5.350000e+01 1.000000e+01 -5.420788e+01
    endloop
  endfacet
  facet normal 0.000000e+00 -1.000000e+00 0.000000e+00
    outer loop
      vertex   5.350000e+01 1.000000e+01 -5.420788e+01
      vertex   -7.516090e-01 1.000000e+01 -5.697776e+01
      vertex   -1.444082e-01 1.000000e+01 -5.808977e+01
    endloop
  endfacet
  facet normal 0.000000e+00 -1.000000e+00 0.000000e+00
    outer loop
      vertex   2.983573e-01 1.000000e+01 -5.927687e+01
      vertex   5.676741e-01 1.000000e+01 -6.051490e+01
      vertex   5.244379e+01 1.000000e+01 -5.728140e+01
    endloop
  endfacet
  facet normal 0.000000e+00 -1.000000e+00 0.000000e+00
    outer loop
      vertex   5.244379e+01 1.000000e+01 -5.728140e+01
      vertex   5.676741e-01 1.000000e+01 -6.051490e+01
      vertex   2.915968e+01 1.000000e+01 -8.715848e+01
    endloop
  endfacet
  facet normal 0.000000e+00 -1.000000e+00 0.000000e+00
    outer loop
      vertex   2.915968e+01 1.000000e+01 -8.715848e+01
      vertex   5.676741e-01 1.000000e+01 -6.051490e+01
      vertex   6.580597e-01 1.000000e+01 -6.177865e+01
    endloop
  endfacet
  facet normal 0.000000e+00 -1.000000e+00 0.000000e+00
    outer loop
      vertex   2.915968e+01 1.000000e+01 -8.715848e+01
      vertex   6.580597e-01 1.000000e+01 -6.177865e+01
      vertex   6.580597e-01 1.000000e+01 -7.551865e+01
    endloop
  endfacet
  facet normal 0.000000e+00 -1.000000e+00 -0.000000e+00
    outer loop
      vertex   6.580597e-01 1.000000e+01 -7.551865e+01
      vertex   5.676741e-01 1.000000e+01 -7.678241e+01
      vertex   2.915968e+01 1.000000e+01 -8.715848e+01
    endloop
  endfacet
  facet normal 0.000000e+00 -1.000000e+00 0.000000e+00
    outer loop
      vertex   2.915968e+01 1.000000e+01 -8.715848e+01
      vertex   5.676741e-01 1.000000e+01 -7.678241e+01
      vertex   2.983573e-01 1.000000e+01 -7.802044e+01
    endloop
  endfacet
  facet normal 0.000000e+00 -1.000000e+00 0.000000e+00
    outer loop
      vertex   2.915968e+01 1.000000e+01 -8.715848e+01
      vertex   2.983573e-01 1.000000e+01 -7.802044e+01
      vertex   -1.444082e-01 1.000000e+01 -7.920754e+01
    endloop
  endfacet
  facet normal 0.000000e+00 -1.000000e+00 -0.000000e+00
    outer loop
      vertex   -1.444082e-01 1.000000e+01 -7.920754e+01
      vertex   -7.516090e-01 1.000000e+01 -8.031954e+01
      vertex   2.915968e+01 1.000000e+01 -8.715848e+01
    endloop
  endfacet
  facet normal 0.000000e+00 -1.000000e+00 0.000000e+00
    outer loop
      vertex   2.915968e+01 1.000000e+01 -8.715848e+01
      vertex   -7.516090e-01 1.000000e+01 -8.031954e+01
      vertex   -1.510884e+00 1.000000e+01 -8.133382e+01
    endloop
  endfacet
  facet normal 0.000000e+00 -1.000000e+00 0.000000e+00
    outer loop
      vertex   2.915968e+01 1.000000e+01 -8.715848e+01
      vertex   -1.510884e+00 1.000000e+01 -8.133382e+01
      vertex   -2.406777e+00 1.000000e+01 -8.222971e+01
    endloop
  endfacet
  facet normal 0.000000e+00 -1.000000e+00 -0.000000e+00
    outer loop
      vertex   -2.406777e+00 1.000000e+01 -8.222971e+01
      vertex   -3.421050e+00 1.000000e+01 -8.298898e+01
      vertex   2.915968e+01 1.000000e+01 -8.715848e+01
    endloop
  endfacet
  facet normal 0.000000e+00 -1.000000e+00 0.000000e+00
    outer loop
      vertex   2.915968e+01 1.000000e+01 -8.715848e+01
      vertex   -3.421050e+00 1.000000e+01 -8.298898e+01
      vertex   -4.533055e+00 1.000000e+01 -8.359618e+01
    endloop
  endfacet
  facet normal 0.000000e+00 -1.000000e+00 0.000000e+00
    outer loop
      vertex   2.915968e+01 1.000000e+01 -8.715848e+01
      vertex   -4.533055e+00 1.000000e+01 -8.359618e+01
      vertex   -5.720155e+00 1.000000e+01 -8.403895e+01
    endloop
  endfacet
  facet normal 0.000000e+00 -1.000000e+00 -0.000000e+00
    outer loop
      vertex   -5.720155e+00 1.000000e+01 -8.403895e+01
      vertex   -6.958185e+00 1.000000e+01 -8.430827e+01
      vertex   2.915968e+01 1.000000e+01 -8.715848e+01
    endloop
  endfacet
  facet normal 0.000000e+00 -1.000000e+00 0.000000e+00
    outer loop
      vertex   2.915968e+01 1.000000e+01 -8.715848e+01
      vertex   -6.958185e+00 1.000000e+01 -8.430827e+01
      vertex   -8.221940e+00 1.000000e+01 -8.439865e+01
    endloop
  endfacet
  facet normal 0.000000e+00 -1.000000e+00 0.000000e+00
    outer loop
      vertex   2.915968e+01 1.000000e+01 -8.715848e+01
      vertex   -8.221940e+00 1.000000e+01 -8.439865e+01
      vertex   -2.851449e+01 1.000000e+01 -8.715848e+01
    endloop
  endfacet
  facet normal 0.000000e+00 -1.000000e+00 0.000000e+00
    outer loop
      vertex   -2.851449e+01 1.000000e+01 -8.715848e+01
      vertex   -8.221940e+00 1.000000e+01 -8.439865e+01
      vertex   -2.546194e+01 1.000000e+01 -8.439865e+01
    endloop
  endfacet
  facet normal 0.000000e+00 -1.000000e+00 0.000000e+00
    outer loop
      vertex   -2.851449e+01 1.000000e+01 -8.715848e+01
      vertex   -2.546194e+01 1.000000e+01 -8.439865e+01
      vertex   -2.649827e+01 1.000000e+01 -8.433797e+01
    endloop
  endfacet
  facet normal -0.000000e+00 -1.000000e+00 0.000000e+00
    outer loop
      vertex   -2.649827e+01 1.000000e+01 -8.433797e+01
      vertex   -2.752045e+01 1.000000e+01 -8.415676e+01
      vertex   -2.851449e+01 1.000000e+01 -8.715848e+01
    endloop
  endfacet
  facet normal 0.000000e+00 -1.000000e+00 0.000000e+00
    outer loop
      vertex   -2.851449e+01 1.000000e+01 -8.715848e+01
      vertex   -2.752045e+01 1.000000e+01 -8.415676e+01
      vertex   -2.851449e+01 1.000000e+01 -8.385750e+01
    endloop
  endfacet
  facet normal -1.000000e+00 0.000000e+00 1.160868e-16
    outer loop
      vertex   5.350000e+01 1.510000e+00 -5.420788e+01
      vertex   5.350000e+01 1.510000e+00 7.000000e+00
      vertex   5.350000e+01 1.000000e+01 -5.420788e+01
    endloop
  endfacet
  facet normal -1.000000e+00 0.000000e+00 1.160868e-16
    outer loop
      vertex   5.350000e+01 1.000000e+01 -5.420788e+01
      vertex   5.350000e+01 1.510000e+00 7.000000e+00
      vertex   5.350000e+01 1.000000e+01 7.000000e+00
    endloop
  endfacet
  facet normal 9.586952e-01 1.631253e-16 -2.844355e-01
    outer loop
      vertex   -2.149192e+01 1.510000e+00 -3.314115e+01
      vertex   -2.149192e+01 1.000000e+01 -3.314115e+01
      vertex   -2.115430e+01 1.510000e+00 -3.200319e+01
    endloop
  endfacet
  facet normal 9.586952e-01 4.011743e-16 -2.844355e-01
    outer loop
      vertex   -2.115430e+01 1.510000e+00 -3.200319e+01
      vertex   -2.149192e+01 1.000000e+01 -3.314115e+01
      vertex   -2.115430e+01 1.000000e+01 -3.200319e+01
    endloop
  endfacet
  facet normal 9.182387e-01 3.842449e-16 -3.960273e-01
    outer loop
      vertex   -2.115430e+01 1.510000e+00 -3.200319e+01
      vertex   -2.115430e+01 1.000000e+01 -3.200319e+01
      vertex   -2.068422e+01 1.510000e+00 -3.091325e+01
    endloop
  endfacet
  facet normal 9.182387e-01 3.842449e-16 -3.960273e-01
    outer loop
      vertex   -2.068422e+01 1.510000e+00 -3.091325e+01
      vertex   -2.115430e+01 1.000000e+01 -3.200319e+01
      vertex   -2.068422e+01 1.000000e+01 -3.091325e+01
    endloop
  endfacet
  facet normal 8.648448e-01 3.619018e-16 -5.020393e-01
    outer loop
      vertex   -2.068422e+01 1.510000e+00 -3.091325e+01
      vertex   -2.068422e+01 1.000000e+01 -3.091325e+01
      vertex   -2.008830e+01 1.510000e+00 -2.988668e+01
    endloop
  endfacet
  facet normal 8.648448e-01 1.518191e-16 -5.020393e-01
    outer loop
      vertex   -2.008830e+01 1.510000e+00 -2.988668e+01
      vertex   -2.068422e+01 1.000000e+01 -3.091325e+01
      vertex   -2.008830e+01 1.000000e+01 -2.988668e+01
    endloop
  endfacet
  facet normal 7.992657e-01 8.297526e-17 -6.009778e-01
    outer loop
      vertex   -2.008830e+01 1.510000e+00 -2.988668e+01
      vertex   -2.008830e+01 1.000000e+01 -2.988668e+01
      vertex   -1.937495e+01 1.510000e+00 -2.893796e+01
    endloop
  endfacet
  facet normal 7.992657e-01 -1.685091e-16 -6.009778e-01
    outer loop
      vertex   -1.937495e+01 1.510000e+00 -2.893796e+01
      vertex   -2.008830e+01 1.000000e+01 -2.988668e+01
      vertex   -1.937495e+01 1.000000e+01 -2.893796e+01
    endloop
  endfacet
  facet normal 7.224254e-01 -2.763804e-16 -6.914489e-01
    outer loop
      vertex   -1.937495e+01 1.510000e+00 -2.893796e+01
      vertex   -1.937495e+01 1.000000e+01 -2.893796e+01
      vertex   -1.855421e+01 1.510000e+00 -2.808045e+01
    endloop
  endfacet
  facet normal 7.224254e-01 6.046102e-16 -6.914489e-01
    outer loop
      vertex   -1.855421e+01 1.510000e+00 -2.808045e+01
      vertex   -1.937495e+01 1.000000e+01 -2.893796e+01
      vertex   -1.855421e+01 1.000000e+01 -2.808045e+01
    endloop
  endfacet
  facet normal 9.738864e-01 2.175208e-16 -2.270360e-01
    outer loop
      vertex   -2.149192e+01 1.510000e+00 -3.314115e+01
      vertex   -2.734969e+01 6.022053e+00 -5.826844e+01
      vertex   -2.149192e+01 1.000000e+01 -3.314115e+01
    endloop
  endfacet
  facet normal 9.738864e-01 1.388156e-15 -2.270360e-01
    outer loop
      vertex   -2.149192e+01 1.000000e+01 -3.314115e+01
      vertex   -2.734969e+01 6.022053e+00 -5.826844e+01
      vertex   -2.731083e+01 6.516070e+00 -5.810175e+01
    endloop
  endfacet
  facet normal 9.738864e-01 1.862261e-14 -2.270360e-01
    outer loop
      vertex   -2.149192e+01 1.000000e+01 -3.314115e+01
      vertex   -2.731083e+01 6.516070e+00 -5.810175e+01
      vertex   -2.726205e+01 6.965905e+00 -5.789248e+01
    endloop
  endfacet
  facet normal 9.738864e-01 -8.759709e-17 -2.270360e-01
    outer loop
      vertex   -1.279229e+01 1.510000e+00 4.176539e+00
      vertex   -1.279229e+01 -1.000000e+01 4.176539e+00
      vertex   -2.149192e+01 1.510000e+00 -3.314115e+01
    endloop
  endfacet
  facet normal 9.738864e-01 -9.434427e-17 -2.270360e-01
    outer loop
      vertex   -2.149192e+01 1.510000e+00 -3.314115e+01
      vertex   -1.279229e+01 -1.000000e+01 4.176539e+00
      vertex   -2.851449e+01 -1.000000e+01 -6.326490e+01
    endloop
  endfacet
  facet normal 9.738864e-01 -2.715773e-16 -2.270360e-01
    outer loop
      vertex   -2.149192e+01 1.510000e+00 -3.314115e+01
      vertex   -2.851449e+01 -1.000000e+01 -6.326490e+01
      vertex   -2.738200e+01 6.940000e-01 -5.840704e+01
    endloop
  endfacet
  facet normal 9.738864e-01 -3.394804e-18 -2.270360e-01
    outer loop
      vertex   -2.738200e+01 6.940000e-01 -5.840704e+01
      vertex   -2.851449e+01 -1.000000e+01 -6.326490e+01
      vertex   -2.851449e+01 6.940000e-01 -6.326490e+01
    endloop
  endfacet
  facet normal 9.738864e-01 8.035159e-16 -2.270360e-01
    outer loop
      vertex   -2.738200e+01 6.940000e-01 -5.840704e+01
      vertex   -2.738200e+01 5.000000e+00 -5.840704e+01
      vertex   -2.149192e+01 1.510000e+00 -3.314115e+01
    endloop
  endfacet
  facet normal 9.738864e-01 -2.869254e-15 -2.270360e-01
    outer loop
      vertex   -2.149192e+01 1.510000e+00 -3.314115e+01
      vertex   -2.738200e+01 5.000000e+00 -5.840704e+01
      vertex   -2.737399e+01 5.505432e+00 -5.837266e+01
    endloop
  endfacet
  facet normal 9.738864e-01 -6.643363e-15 -2.270360e-01
    outer loop
      vertex   -2.149192e+01 1.510000e+00 -3.314115e+01
      vertex   -2.737399e+01 5.505432e+00 -5.837266e+01
      vertex   -2.734969e+01 6.022053e+00 -5.826844e+01
    endloop
  endfacet
  facet normal 9.738864e-01 -1.976108e-14 -2.270360e-01
    outer loop
      vertex   -2.726205e+01 6.965905e+00 -5.789248e+01
      vertex   -2.720087e+01 7.408029e+00 -5.763005e+01
      vertex   -2.149192e+01 1.000000e+01 -3.314115e+01
    endloop
  endfacet
  facet normal 9.738864e-01 7.102676e-16 -2.270360e-01
    outer loop
      vertex   -2.149192e+01 1.000000e+01 -3.314115e+01
      vertex   -2.720087e+01 7.408029e+00 -5.763005e+01
      vertex   -2.712857e+01 7.832834e+00 -5.731991e+01
    endloop
  endfacet
  facet normal 9.738864e-01 1.401559e-15 -2.270360e-01
    outer loop
      vertex   -2.149192e+01 1.000000e+01 -3.314115e+01
      vertex   -2.712857e+01 7.832834e+00 -5.731991e+01
      vertex   -2.610327e+01 1.000000e+01 -5.292184e+01
    endloop
  endfacet
  facet normal 9.738864e-01 -1.544546e-14 -2.270360e-01
    outer loop
      vertex   -2.610327e+01 1.000000e+01 -5.292184e+01
      vertex   -2.712857e+01 7.832834e+00 -5.731991e+01
      vertex   -2.704889e+01 8.221054e+00 -5.697812e+01
    endloop
  endfacet
  facet normal 9.738864e-01 8.303207e-15 -2.270360e-01
    outer loop
      vertex   -2.610327e+01 1.000000e+01 -5.292184e+01
      vertex   -2.704889e+01 8.221054e+00 -5.697812e+01
      vertex   -2.696611e+01 8.561314e+00 -5.662303e+01
    endloop
  endfacet
  facet normal 9.738864e-01 2.139583e-14 -2.270360e-01
    outer loop
      vertex   -2.696611e+01 8.561314e+00 -5.662303e+01
      vertex   -2.677347e+01 9.171824e+00 -5.579672e+01
      vertex   -2.610327e+01 1.000000e+01 -5.292184e+01
    endloop
  endfacet
  facet normal 9.738864e-01 -1.089415e-14 -2.270360e-01
    outer loop
      vertex   -2.610327e+01 1.000000e+01 -5.292184e+01
      vertex   -2.677347e+01 9.171824e+00 -5.579672e+01
      vertex   -2.666818e+01 9.421263e+00 -5.534505e+01
    endloop
  endfacet
  facet normal 9.738864e-01 -4.014803e-14 -2.270360e-01
    outer loop
      vertex   -2.610327e+01 1.000000e+01 -5.292184e+01
      vertex   -2.666818e+01 9.421263e+00 -5.534505e+01
      vertex   -2.656341e+01 9.621037e+00 -5.489565e+01
    endloop
  endfacet
  facet normal 9.738864e-01 1.068366e-13 -2.270360e-01
    outer loop
      vertex   -2.656341e+01 9.621037e+00 -5.489565e+01
      vertex   -2.645372e+01 9.781766e+00 -5.442510e+01
      vertex   -2.610327e+01 1.000000e+01 -5.292184e+01
    endloop
  endfacet
  facet normal 9.738864e-01 -1.228935e-13 -2.270360e-01
    outer loop
      vertex   -2.610327e+01 1.000000e+01 -5.292184e+01
      vertex   -2.645372e+01 9.781766e+00 -5.442510e+01
      vertex   -2.633679e+01 9.903750e+00 -5.392354e+01
    endloop
  endfacet
  facet normal 9.738864e-01 -8.537930e-15 -2.270360e-01
    outer loop
      vertex   -2.610327e+01 1.000000e+01 -5.292184e+01
      vertex   -2.633679e+01 9.903750e+00 -5.392354e+01
      vertex   -2.621802e+01 9.976395e+00 -5.341407e+01
    endloop
  endfacet
  facet normal 9.976498e-01 0.000000e+00 -6.851937e-02
    outer loop
      vertex   -9.500000e+00 1.000000e+01 -1.531728e+01
      vertex   -9.500000e+00 1.510000e+00 -1.531728e+01
      vertex   -9.593898e+00 1.000000e+01 -1.668445e+01
    endloop
  endfacet
  facet normal 9.976498e-01 -4.461477e-16 -6.851937e-02
    outer loop
      vertex   -9.593898e+00 1.000000e+01 -1.668445e+01
      vertex   -9.500000e+00 1.510000e+00 -1.531728e+01
      vertex   -9.593898e+00 1.510000e+00 -1.668445e+01
    endloop
  endfacet
  facet normal 9.789143e-01 -4.951142e-16 -2.042713e-01
    outer loop
      vertex   -9.593898e+00 1.000000e+01 -1.668445e+01
      vertex   -9.593898e+00 1.510000e+00 -1.668445e+01
      vertex   -9.873829e+00 1.000000e+01 -1.802594e+01
    endloop
  endfacet
  facet normal 9.789143e-01 3.385936e-17 -2.042713e-01
    outer loop
      vertex   -9.873829e+00 1.000000e+01 -1.802594e+01
      vertex   -9.593898e+00 1.510000e+00 -1.668445e+01
      vertex   -9.873829e+00 1.510000e+00 -1.802594e+01
    endloop
  endfacet
  facet normal 9.417952e-01 -8.430968e-17 -3.361872e-01
    outer loop
      vertex   -9.873829e+00 1.000000e+01 -1.802594e+01
      vertex   -9.873829e+00 1.510000e+00 -1.802594e+01
      vertex   -1.033454e+01 1.000000e+01 -1.931656e+01
    endloop
  endfacet
  facet normal 9.417952e-01 -1.406804e-16 -3.361872e-01
    outer loop
      vertex   -1.033454e+01 1.000000e+01 -1.931656e+01
      vertex   -9.873829e+00 1.510000e+00 -1.802594e+01
      vertex   -1.033454e+01 1.510000e+00 -1.931656e+01
    endloop
  endfacet
  facet normal 8.869895e-01 -1.932398e-16 -4.617895e-01
    outer loop
      vertex   -1.033454e+01 1.000000e+01 -1.931656e+01
      vertex   -1.033454e+01 1.510000e+00 -1.931656e+01
      vertex   -1.096737e+01 1.000000e+01 -2.053208e+01
    endloop
  endfacet
  facet normal 8.869895e-01 1.855842e-16 -4.617895e-01
    outer loop
      vertex   -1.096737e+01 1.000000e+01 -2.053208e+01
      vertex   -1.033454e+01 1.510000e+00 -1.931656e+01
      vertex   -1.096737e+01 1.510000e+00 -2.053208e+01
    endloop
  endfacet
  facet normal 8.155265e-01 1.706321e-16 -5.787197e-01
    outer loop
      vertex   -1.096737e+01 1.000000e+01 -2.053208e+01
      vertex   -1.096737e+01 1.510000e+00 -2.053208e+01
      vertex   -1.176044e+01 1.000000e+01 -2.164967e+01
    endloop
  endfacet
  facet normal 8.155265e-01 0.000000e+00 -5.787197e-01
    outer loop
      vertex   -1.176044e+01 1.000000e+01 -2.164967e+01
      vertex   -1.096737e+01 1.510000e+00 -2.053208e+01
      vertex   -1.176044e+01 1.510000e+00 -2.164967e+01
    endloop
  endfacet
  facet normal 7.287483e-01 0.000000e+00 -6.847817e-01
    outer loop
      vertex   -1.176044e+01 1.000000e+01 -2.164967e+01
      vertex   -1.176044e+01 1.510000e+00 -2.164967e+01
      vertex   -1.269885e+01 1.000000e+01 -2.264834e+01
    endloop
  endfacet
  facet normal 7.287483e-01 7.439793e-16 -6.847817e-01
    outer loop
      vertex   -1.269885e+01 1.000000e+01 -2.264834e+01
      vertex   -1.176044e+01 1.510000e+00 -2.164967e+01
      vertex   -1.269885e+01 1.510000e+00 -2.264834e+01
    endloop
  endfacet
  facet normal 1.000000e+00 0.000000e+00 -7.959558e-17
    outer loop
      vertex   -9.500000e+00 1.000000e+01 -1.531728e+01
      vertex   -9.500000e+00 1.000000e+01 7.000000e+00
      vertex   -9.500000e+00 1.510000e+00 -1.531728e+01
    endloop
  endfacet
  facet normal 1.000000e+00 -2.092293e-16 0.000000e+00
    outer loop
      vertex   -9.500000e+00 1.510000e+00 -1.531728e+01
      vertex   -9.500000e+00 1.000000e+01 7.000000e+00
      vertex   -9.500000e+00 1.510000e+00 7.000000e+00
    endloop
  endfacet
  facet normal 6.801148e-01 5.691998e-16 -7.331057e-01
    outer loop
      vertex   -1.855421e+01 1.000000e+01 -2.808045e+01
      vertex   -1.269885e+01 1.000000e+01 -2.264834e+01
      vertex   -1.855421e+01 1.510000e+00 -2.808045e+01
    endloop
  endfacet
  facet normal 6.801148e-01 7.195088e-16 -7.331057e-01
    outer loop
      vertex   -1.855421e+01 1.510000e+00 -2.808045e+01
      vertex   -1.269885e+01 1.000000e+01 -2.264834e+01
      vertex   -1.269885e+01 1.510000e+00 -2.264834e+01
    endloop
  endfacet
  facet normal 1.305262e-01 -2.074393e-16 -9.914449e-01
    outer loop
      vertex   -7.000000e+00 1.000000e+01 9.500000e+00
      vertex   -7.000000e+00 1.510000e+00 9.500000e+00
      vertex   -7.647048e+00 1.000000e+01 9.414815e+00
    endloop
  endfacet
  facet normal 1.305262e-01 -2.730991e-17 -9.914449e-01
    outer loop
      vertex   -7.647048e+00 1.000000e+01 9.414815e+00
      vertex   -7.000000e+00 1.510000e+00 9.500000e+00
      vertex   -7.647048e+00 1.510000e+00 9.414815e+00
    endloop
  endfacet
  facet normal 3.826834e-01 -8.006859e-17 -9.238795e-01
    outer loop
      vertex   -7.647048e+00 1.000000e+01 9.414815e+00
      vertex   -7.647048e+00 1.510000e+00 9.414815e+00
      vertex   -8.250000e+00 1.000000e+01 9.165064e+00
    endloop
  endfacet
  facet normal 3.826834e-01 0.000000e+00 -9.238795e-01
    outer loop
      vertex   -8.250000e+00 1.000000e+01 9.165064e+00
      vertex   -7.647048e+00 1.510000e+00 9.414815e+00
      vertex   -8.250000e+00 1.510000e+00 9.165064e+00
    endloop
  endfacet
  facet normal 6.087614e-01 0.000000e+00 -7.933533e-01
    outer loop
      vertex   -8.250000e+00 1.000000e+01 9.165064e+00
      vertex   -8.250000e+00 1.510000e+00 9.165064e+00
      vertex   -8.767767e+00 1.000000e+01 8.767767e+00
    endloop
  endfacet
  facet normal 6.087614e-01 1.659928e-16 -7.933533e-01
    outer loop
      vertex   -8.767767e+00 1.000000e+01 8.767767e+00
      vertex   -8.250000e+00 1.510000e+00 9.165064e+00
      vertex   -8.767767e+00 1.510000e+00 8.767767e+00
    endloop
  endfacet
  facet normal 7.933533e-01 1.273707e-16 -6.087614e-01
    outer loop
      vertex   -8.767767e+00 1.000000e+01 8.767767e+00
      vertex   -8.767767e+00 1.510000e+00 8.767767e+00
      vertex   -9.165064e+00 1.000000e+01 8.250000e+00
    endloop
  endfacet
  facet normal 7.933533e-01 2.547415e-16 -6.087614e-01
    outer loop
      vertex   -9.165064e+00 1.000000e+01 8.250000e+00
      vertex   -8.767767e+00 1.510000e+00 8.767767e+00
      vertex   -9.165064e+00 1.510000e+00 8.250000e+00
    endloop
  endfacet
  facet normal 9.238795e-01 1.601372e-16 -3.826834e-01
    outer loop
      vertex   -9.165064e+00 1.000000e+01 8.250000e+00
      vertex   -9.165064e+00 1.510000e+00 8.250000e+00
      vertex   -9.414815e+00 1.000000e+01 7.647048e+00
    endloop
  endfacet
  facet normal 9.238795e-01 1.201029e-16 -3.826834e-01
    outer loop
      vertex   -9.414815e+00 1.000000e+01 7.647048e+00
      vertex   -9.165064e+00 1.510000e+00 8.250000e+00
      vertex   -9.414815e+00 1.510000e+00 7.647048e+00
    endloop
  endfacet
  facet normal 9.914449e-01 4.096486e-17 -1.305262e-01
    outer loop
      vertex   -9.414815e+00 1.000000e+01 7.647048e+00
      vertex   -9.414815e+00 1.510000e+00 7.647048e+00
      vertex   -9.500000e+00 1.000000e+01 7.000000e+00
    endloop
  endfacet
  facet normal 9.914449e-01 -1.528195e-16 -1.305262e-01
    outer loop
      vertex   -9.500000e+00 1.000000e+01 7.000000e+00
      vertex   -9.414815e+00 1.510000e+00 7.647048e+00
      vertex   -9.500000e+00 1.510000e+00 7.000000e+00
    endloop
  endfacet
  facet normal -0.000000e+00 -2.092293e-16 -1.000000e+00
    outer loop
      vertex   5.100000e+01 1.510000e+00 9.500000e+00
      vertex   -7.000000e+00 1.510000e+00 9.500000e+00
      vertex   5.100000e+01 1.000000e+01 9.500000e+00
    endloop
  endfacet
  facet normal -0.000000e+00 -2.092293e-16 -1.000000e+00
    outer loop
      vertex   5.100000e+01 1.000000e+01 9.500000e+00
      vertex   -7.000000e+00 1.510000e+00 9.500000e+00
      vertex   -7.000000e+00 1.000000e+01 9.500000e+00
    endloop
  endfacet
  facet normal -9.914449e-01 -0.000000e+00 -1.305262e-01
    outer loop
      vertex   5.350000e+01 1.000000e+01 7.000000e+00
      vertex   5.350000e+01 1.510000e+00 7.000000e+00
      vertex   5.341481e+01 1.000000e+01 7.647048e+00
    endloop
  endfacet
  facet normal -9.914449e-01 -0.000000e+00 -1.305262e-01
    outer loop
      vertex   5.341481e+01 1.000000e+01 7.647048e+00
      vertex   5.350000e+01 1.510000e+00 7.000000e+00
      vertex   5.341481e+01 1.510000e+00 7.647048e+00
    endloop
  endfacet
  facet normal -9.238795e-01 -0.000000e+00 -3.826834e-01
    outer loop
      vertex   5.341481e+01 1.000000e+01 7.647048e+00
      vertex   5.341481e+01 1.510000e+00 7.647048e+00
      vertex   5.316506e+01 1.000000e+01 8.250000e+00
    endloop
  endfacet
  facet normal -9.238795e-01 -0.000000e+00 -3.826834e-01
    outer loop
      vertex   5.316506e+01 1.000000e+01 8.250000e+00
      vertex   5.341481e+01 1.510000e+00 7.647048e+00
      vertex   5.316506e+01 1.510000e+00 8.250000e+00
    endloop
  endfacet
  facet normal -7.933533e-01 -0.000000e+00 -6.087614e-01
    outer loop
      vertex   5.316506e+01 1.000000e+01 8.250000e+00
      vertex   5.316506e+01 1.510000e+00 8.250000e+00
      vertex   5.276777e+01 1.000000e+01 8.767767e+00
    endloop
  endfacet
  facet normal -7.933533e-01 -0.000000e+00 -6.087614e-01
    outer loop
      vertex   5.276777e+01 1.000000e+01 8.767767e+00
      vertex   5.316506e+01 1.510000e+00 8.250000e+00
      vertex   5.276777e+01 1.510000e+00 8.767767e+00
    endloop
  endfacet
  facet normal -6.087614e-01 -0.000000e+00 -7.933533e-01
    outer loop
      vertex   5.276777e+01 1.000000e+01 8.767767e+00
      vertex   5.276777e+01 1.510000e+00 8.767767e+00
      vertex   5.225000e+01 1.000000e+01 9.165064e+00
    endloop
  endfacet
  facet normal -6.087614e-01 -0.000000e+00 -7.933533e-01
    outer loop
      vertex   5.225000e+01 1.000000e+01 9.165064e+00
      vertex   5.276777e+01 1.510000e+00 8.767767e+00
      vertex   5.225000e+01 1.510000e+00 9.165064e+00
    endloop
  endfacet
  facet normal -3.826834e-01 -0.000000e+00 -9.238795e-01
    outer loop
      vertex   5.225000e+01 1.000000e+01 9.165064e+00
      vertex   5.225000e+01 1.510000e+00 9.165064e+00
      vertex   5.164705e+01 1.000000e+01 9.414815e+00
    endloop
  endfacet
  facet normal -3.826834e-01 -0.000000e+00 -9.238795e-01
    outer loop
      vertex   5.164705e+01 1.000000e+01 9.414815e+00
      vertex   5.225000e+01 1.510000e+00 9.165064e+00
      vertex   5.164705e+01 1.510000e+00 9.414815e+00
    endloop
  endfacet
  facet normal -1.305262e-01 -0.000000e+00 -9.914449e-01
    outer loop
      vertex   5.164705e+01 1.000000e+01 9.414815e+00
      vertex   5.164705e+01 1.510000e+00 9.414815e+00
      vertex   5.100000e+01 1.000000e+01 9.500000e+00
    endloop
  endfacet
  facet normal -1.305262e-01 -2.074393e-16 -9.914449e-01
    outer loop
      vertex   5.100000e+01 1.000000e+01 9.500000e+00
      vertex   5.164705e+01 1.510000e+00 9.414815e+00
      vertex   5.100000e+01 1.510000e+00 9.500000e+00
    endloop
  endfacet
  facet normal -4.772303e-01 -7.292283e-01 -4.903849e-01
    outer loop
      vertex   -2.826449e+01 9.440000e-01 -7.782574e+01
      vertex   -2.801449e+01 1.194000e+00 -7.844079e+01
      vertex   -2.769199e+01 9.440000e-01 -7.838288e+01
    endloop
  endfacet
  facet normal -4.270383e-01 -6.870628e-01 -5.878631e-01
    outer loop
      vertex   -2.769199e+01 9.440000e-01 -7.838288e+01
      vertex   -2.801449e+01 1.194000e+00 -7.844079e+01
      vertex   -2.745177e+01 1.194000e+00 -7.884956e+01
    endloop
  endfacet
  facet normal -3.546426e-01 -7.359129e-01 -5.767676e-01
    outer loop
      vertex   -2.769199e+01 9.440000e-01 -7.838288e+01
      vertex   -2.745177e+01 1.194000e+00 -7.884956e+01
      vertex   -2.701149e+01 9.440000e-01 -7.880130e+01
    endloop
  endfacet
  facet normal -3.164242e-01 -6.841229e-01 -6.571542e-01
    outer loop
      vertex   -2.701149e+01 9.440000e-01 -7.880130e+01
      vertex   -2.745177e+01 1.194000e+00 -7.884956e+01
      vertex   -2.682511e+01 1.194000e+00 -7.915130e+01
    endloop
  endfacet
  facet normal -2.204357e-01 -7.343834e-01 -6.419417e-01
    outer loop
      vertex   -2.701149e+01 9.440000e-01 -7.880130e+01
      vertex   -2.682511e+01 1.194000e+00 -7.915130e+01
      vertex   -2.625594e+01 9.440000e-01 -7.906075e+01
    endloop
  endfacet
  facet normal -1.923943e-01 -6.905620e-01 -6.972149e-01
    outer loop
      vertex   -2.625594e+01 9.440000e-01 -7.906075e+01
      vertex   -2.682511e+01 1.194000e+00 -7.915130e+01
      vertex   -2.615466e+01 1.194000e+00 -7.933631e+01
    endloop
  endfacet
  facet normal -7.584867e-02 -7.244595e-01 -6.851317e-01
    outer loop
      vertex   -2.625594e+01 9.440000e-01 -7.906075e+01
      vertex   -2.615466e+01 1.194000e+00 -7.933631e+01
      vertex   -2.546194e+01 9.440000e-01 -7.914865e+01
    endloop
  endfacet
  facet normal -6.350447e-02 -7.056795e-01 -7.056795e-01
    outer loop
      vertex   -2.546194e+01 9.440000e-01 -7.914865e+01
      vertex   -2.615466e+01 1.194000e+00 -7.933631e+01
      vertex   -2.546194e+01 1.194000e+00 -7.939865e+01
    endloop
  endfacet
  facet normal -5.828649e-16 -7.071068e-01 -7.071068e-01
    outer loop
      vertex   -8.221940e+00 9.440000e-01 -7.914865e+01
      vertex   -2.546194e+01 9.440000e-01 -7.914865e+01
      vertex   -8.221940e+00 1.194000e+00 -7.939865e+01
    endloop
  endfacet
  facet normal -6.284013e-16 -7.071068e-01 -7.071068e-01
    outer loop
      vertex   -8.221940e+00 1.194000e+00 -7.939865e+01
      vertex   -2.546194e+01 9.440000e-01 -7.914865e+01
      vertex   -2.546194e+01 1.194000e+00 -7.939865e+01
    endloop
  endfacet
  facet normal 7.053982e-01 -7.053982e-01 -6.947565e-02
    outer loop
      vertex   -4.341940e+00 1.194000e+00 -7.551865e+01
      vertex   -4.591940e+00 9.440000e-01 -7.551865e+01
      vertex   -4.416493e+00 1.194000e+00 -7.627560e+01
    endloop
  endfacet
  facet normal 6.899971e-01 -7.196248e-01 -7.774400e-02
    outer loop
      vertex   -4.416493e+00 1.194000e+00 -7.627560e+01
      vertex   -4.591940e+00 9.440000e-01 -7.551865e+01
      vertex   -4.682952e+00 9.440000e-01 -7.632640e+01
    endloop
  endfacet
  facet normal 6.899959e-01 -6.928895e-01 -2.093080e-01
    outer loop
      vertex   -4.416493e+00 1.194000e+00 -7.627560e+01
      vertex   -4.682952e+00 9.440000e-01 -7.632640e+01
      vertex   -4.637288e+00 1.194000e+00 -7.700346e+01
    endloop
  endfacet
  facet normal 6.454910e-01 -7.296064e-01 -2.258671e-01
    outer loop
      vertex   -4.637288e+00 1.194000e+00 -7.700346e+01
      vertex   -4.682952e+00 9.440000e-01 -7.632640e+01
      vertex   -4.951423e+00 9.440000e-01 -7.709365e+01
    endloop
  endfacet
  facet normal 6.431962e-01 -6.841807e-01 -3.437955e-01
    outer loop
      vertex   -4.637288e+00 1.194000e+00 -7.700346e+01
      vertex   -4.951423e+00 9.440000e-01 -7.709365e+01
      vertex   -4.995838e+00 1.194000e+00 -7.767426e+01
    endloop
  endfacet
  facet normal 5.737840e-01 -7.353831e-01 -3.605324e-01
    outer loop
      vertex   -4.995838e+00 1.194000e+00 -7.767426e+01
      vertex   -4.951423e+00 9.440000e-01 -7.709365e+01
      vertex   -5.383892e+00 9.440000e-01 -7.778192e+01
    endloop
  endfacet
  facet normal 5.669872e-01 -6.797117e-01 -4.653144e-01
    outer loop
      vertex   -4.995838e+00 1.194000e+00 -7.767426e+01
      vertex   -5.383892e+00 9.440000e-01 -7.778192e+01
      vertex   -5.478366e+00 1.194000e+00 -7.826223e+01
    endloop
  endfacet
  facet normal 4.777167e-01 -7.372743e-01 -4.777167e-01
    outer loop
      vertex   -5.478366e+00 1.194000e+00 -7.826223e+01
      vertex   -5.383892e+00 9.440000e-01 -7.778192e+01
      vertex   -5.958672e+00 9.440000e-01 -7.835670e+01
    endloop
  endfacet
  facet normal 4.653144e-01 -6.797117e-01 -5.669872e-01
    outer loop
      vertex   -5.478366e+00 1.194000e+00 -7.826223e+01
      vertex   -5.958672e+00 9.440000e-01 -7.835670e+01
      vertex   -6.066328e+00 1.194000e+00 -7.874475e+01
    endloop
  endfacet
  facet normal 3.605324e-01 -7.353831e-01 -5.737840e-01
    outer loop
      vertex   -6.066328e+00 1.194000e+00 -7.874475e+01
      vertex   -5.958672e+00 9.440000e-01 -7.835670e+01
      vertex   -6.646942e+00 9.440000e-01 -7.878917e+01
    endloop
  endfacet
  facet normal 3.437955e-01 -6.841807e-01 -6.431962e-01
    outer loop
      vertex   -6.066328e+00 1.194000e+00 -7.874475e+01
      vertex   -6.646942e+00 9.440000e-01 -7.878917e+01
      vertex   -6.737129e+00 1.194000e+00 -7.910330e+01
    endloop
  endfacet
  facet normal 2.258671e-01 -7.296064e-01 -6.454910e-01
    outer loop
      vertex   -6.737129e+00 1.194000e+00 -7.910330e+01
      vertex   -6.646942e+00 9.440000e-01 -7.878917e+01
      vertex   -7.414189e+00 9.440000e-01 -7.905764e+01
    endloop
  endfacet
  facet normal 2.093080e-01 -6.928895e-01 -6.899959e-01
    outer loop
      vertex   -6.737129e+00 1.194000e+00 -7.910330e+01
      vertex   -7.414189e+00 9.440000e-01 -7.905764e+01
      vertex   -7.464990e+00 1.194000e+00 -7.932410e+01
    endloop
  endfacet
  facet normal 7.774400e-02 -7.196248e-01 -6.899971e-01
    outer loop
      vertex   -7.464990e+00 1.194000e+00 -7.932410e+01
      vertex   -7.414189e+00 9.440000e-01 -7.905764e+01
      vertex   -8.221940e+00 9.440000e-01 -7.914865e+01
    endloop
  endfacet
  facet normal 6.947565e-02 -7.053982e-01 -7.053982e-01
    outer loop
      vertex   -7.464990e+00 1.194000e+00 -7.932410e+01
      vertex   -8.221940e+00 9.440000e-01 -7.914865e+01
      vertex   -8.221940e+00 1.194000e+00 -7.939865e+01
    endloop
  endfacet
  facet normal 7.071068e-01 -7.071068e-01 1.828346e-16
    outer loop
      vertex   -4.591940e+00 9.440000e-01 -6.177865e+01
      vertex   -4.591940e+00 9.440000e-01 -7.551865e+01
      vertex   -4.341940e+00 1.194000e+00 -6.177865e+01
    endloop
  endfacet
  facet normal 7.071068e-01 -7.071068e-01 1.371260e-16
    outer loop
      vertex   -4.341940e+00 1.194000e+00 -6.177865e+01
      vertex   -4.591940e+00 9.440000e-01 -7.551865e+01
      vertex   -4.341940e+00 1.194000e+00 -7.551865e+01
    endloop
  endfacet
  facet normal 6.947565e-02 -7.053982e-01 7.053982e-01
    outer loop
      vertex   -8.221940e+00 1.194000e+00 -5.789865e+01
      vertex   -8.221940e+00 9.440000e-01 -5.814865e+01
      vertex   -7.464990e+00 1.194000e+00 -5.797320e+01
    endloop
  endfacet
  facet normal 7.774400e-02 -7.196248e-01 6.899971e-01
    outer loop
      vertex   -7.464990e+00 1.194000e+00 -5.797320e+01
      vertex   -8.221940e+00 9.440000e-01 -5.814865e+01
      vertex   -7.414189e+00 9.440000e-01 -5.823966e+01
    endloop
  endfacet
  facet normal 2.093080e-01 -6.928895e-01 6.899959e-01
    outer loop
      vertex   -7.464990e+00 1.194000e+00 -5.797320e+01
      vertex   -7.414189e+00 9.440000e-01 -5.823966e+01
      vertex   -6.737129e+00 1.194000e+00 -5.819400e+01
    endloop
  endfacet
  facet normal 2.258671e-01 -7.296064e-01 6.454910e-01
    outer loop
      vertex   -6.737129e+00 1.194000e+00 -5.819400e+01
      vertex   -7.414189e+00 9.440000e-01 -5.823966e+01
      vertex   -6.646942e+00 9.440000e-01 -5.850813e+01
    endloop
  endfacet
  facet normal 3.437955e-01 -6.841807e-01 6.431962e-01
    outer loop
      vertex   -6.737129e+00 1.194000e+00 -5.819400e+01
      vertex   -6.646942e+00 9.440000e-01 -5.850813e+01
      vertex   -6.066328e+00 1.194000e+00 -5.855255e+01
    endloop
  endfacet
  facet normal 3.605324e-01 -7.353831e-01 5.737840e-01
    outer loop
      vertex   -6.066328e+00 1.194000e+00 -5.855255e+01
      vertex   -6.646942e+00 9.440000e-01 -5.850813e+01
      vertex   -5.958672e+00 9.440000e-01 -5.894060e+01
    endloop
  endfacet
  facet normal 4.653144e-01 -6.797117e-01 5.669872e-01
    outer loop
      vertex   -6.066328e+00 1.194000e+00 -5.855255e+01
      vertex   -5.958672e+00 9.440000e-01 -5.894060e+01
      vertex   -5.478366e+00 1.194000e+00 -5.903508e+01
    endloop
  endfacet
  facet normal 4.777167e-01 -7.372743e-01 4.777167e-01
    outer loop
      vertex   -5.478366e+00 1.194000e+00 -5.903508e+01
      vertex   -5.958672e+00 9.440000e-01 -5.894060e+01
      vertex   -5.383892e+00 9.440000e-01 -5.951538e+01
    endloop
  endfacet
  facet normal 5.669872e-01 -6.797117e-01 4.653144e-01
    outer loop
      vertex   -5.478366e+00 1.194000e+00 -5.903508e+01
      vertex   -5.383892e+00 9.440000e-01 -5.951538e+01
      vertex   -4.995838e+00 1.194000e+00 -5.962304e+01
    endloop
  endfacet
  facet normal 5.737840e-01 -7.353831e-01 3.605324e-01
    outer loop
      vertex   -4.995838e+00 1.194000e+00 -5.962304e+01
      vertex   -5.383892e+00 9.440000e-01 -5.951538e+01
      vertex   -4.951423e+00 9.440000e-01 -6.020365e+01
    endloop
  endfacet
  facet normal 6.431962e-01 -6.841807e-01 3.437955e-01
    outer loop
      vertex   -4.995838e+00 1.194000e+00 -5.962304e+01
      vertex   -4.951423e+00 9.440000e-01 -6.020365e+01
      vertex   -4.637288e+00 1.194000e+00 -6.029384e+01
    endloop
  endfacet
  facet normal 6.454910e-01 -7.296064e-01 2.258671e-01
    outer loop
      vertex   -4.637288e+00 1.194000e+00 -6.029384e+01
      vertex   -4.951423e+00 9.440000e-01 -6.020365e+01
      vertex   -4.682952e+00 9.440000e-01 -6.097090e+01
    endloop
  endfacet
  facet normal 6.899959e-01 -6.928895e-01 2.093080e-01
    outer loop
      vertex   -4.637288e+00 1.194000e+00 -6.029384e+01
      vertex   -4.682952e+00 9.440000e-01 -6.097090e+01
      vertex   -4.416493e+00 1.194000e+00 -6.102170e+01
    endloop
  endfacet
  facet normal 6.899971e-01 -7.196248e-01 7.774400e-02
    outer loop
      vertex   -4.416493e+00 1.194000e+00 -6.102170e+01
      vertex   -4.682952e+00 9.440000e-01 -6.097090e+01
      vertex   -4.591940e+00 9.440000e-01 -6.177865e+01
    endloop
  endfacet
  facet normal 7.053982e-01 -7.053982e-01 6.947565e-02
    outer loop
      vertex   -4.416493e+00 1.194000e+00 -6.102170e+01
      vertex   -4.591940e+00 9.440000e-01 -6.177865e+01
      vertex   -4.341940e+00 1.194000e+00 -6.177865e+01
    endloop
  endfacet
  facet normal 1.053528e-12 -7.071068e-01 7.071068e-01
    outer loop
      vertex   -2.546194e+01 9.440000e-01 -5.814865e+01
      vertex   -8.221940e+00 9.440000e-01 -5.814865e+01
      vertex   -2.546194e+01 1.194000e+00 -5.789865e+01
    endloop
  endfacet
  facet normal 1.053865e-12 -7.071068e-01 7.071068e-01
    outer loop
      vertex   -2.546194e+01 1.194000e+00 -5.789865e+01
      vertex   -8.221940e+00 9.440000e-01 -5.814865e+01
      vertex   -8.221940e+00 1.194000e+00 -5.789865e+01
    endloop
  endfacet
  facet normal -2.760315e-01 -7.162230e-01 6.409612e-01
    outer loop
      vertex   -2.716383e+01 9.440000e-01 -5.857234e+01
      vertex   -2.662213e+01 9.440000e-01 -5.833905e+01
      vertex   -2.680609e+01 1.194000e+00 -5.813892e+01
    endloop
  endfacet
  facet normal -2.075368e-01 -6.998527e-01 6.834725e-01
    outer loop
      vertex   -2.680609e+01 1.194000e+00 -5.813892e+01
      vertex   -2.662213e+01 9.440000e-01 -5.833905e+01
      vertex   -2.636855e+01 1.194000e+00 -5.800606e+01
    endloop
  endfacet
  facet normal -1.668136e-01 -7.233097e-01 6.700718e-01
    outer loop
      vertex   -2.636855e+01 1.194000e+00 -5.800606e+01
      vertex   -2.662213e+01 9.440000e-01 -5.833905e+01
      vertex   -2.604979e+01 9.440000e-01 -5.819657e+01
    endloop
  endfacet
  facet normal -1.260193e-01 -6.979165e-01 7.050048e-01
    outer loop
      vertex   -2.636855e+01 1.194000e+00 -5.800606e+01
      vertex   -2.604979e+01 9.440000e-01 -5.819657e+01
      vertex   -2.591841e+01 1.194000e+00 -5.792560e+01
    endloop
  endfacet
  facet normal -5.637559e-02 -7.200345e-01 6.916445e-01
    outer loop
      vertex   -2.591841e+01 1.194000e+00 -5.792560e+01
      vertex   -2.604979e+01 9.440000e-01 -5.819657e+01
      vertex   -2.546194e+01 9.440000e-01 -5.814865e+01
    endloop
  endfacet
  facet normal -4.170344e-02 -7.064916e-01 7.064916e-01
    outer loop
      vertex   -2.591841e+01 1.194000e+00 -5.792560e+01
      vertex   -2.546194e+01 9.440000e-01 -5.814865e+01
      vertex   -2.546194e+01 1.194000e+00 -5.789865e+01
    endloop
  endfacet
  facet normal -4.220625e-01 -3.482274e-16 9.065668e-01
    outer loop
      vertex   -2.738200e+01 6.940000e-01 -5.840704e+01
      vertex   -2.680609e+01 1.194000e+00 -5.813892e+01
      vertex   -2.738200e+01 5.000000e+00 -5.840704e+01
    endloop
  endfacet
  facet normal -4.181392e-01 7.215731e-04 9.083827e-01
    outer loop
      vertex   -2.738200e+01 5.000000e+00 -5.840704e+01
      vertex   -2.680609e+01 1.194000e+00 -5.813892e+01
      vertex   -2.677457e+01 5.000000e+00 -5.812743e+01
    endloop
  endfacet
  facet normal -2.905509e-01 -4.813481e-04 9.568594e-01
    outer loop
      vertex   -2.677457e+01 5.000000e+00 -5.812743e+01
      vertex   -2.680609e+01 1.194000e+00 -5.813892e+01
      vertex   -2.636855e+01 1.194000e+00 -5.800606e+01
    endloop
  endfacet
  facet normal -2.559555e-01 3.522516e-03 9.666822e-01
    outer loop
      vertex   -2.677457e+01 5.000000e+00 -5.812743e+01
      vertex   -2.636855e+01 1.194000e+00 -5.800606e+01
      vertex   -2.612815e+01 5.000000e+00 -5.795627e+01
    endloop
  endfacet
  facet normal -1.759603e-01 -1.761923e-03 9.843957e-01
    outer loop
      vertex   -2.612815e+01 5.000000e+00 -5.795627e+01
      vertex   -2.636855e+01 1.194000e+00 -5.800606e+01
      vertex   -2.591841e+01 1.194000e+00 -5.792560e+01
    endloop
  endfacet
  facet normal -8.617174e-02 3.281756e-03 9.962749e-01
    outer loop
      vertex   -2.612815e+01 5.000000e+00 -5.795627e+01
      vertex   -2.591841e+01 1.194000e+00 -5.792560e+01
      vertex   -2.546194e+01 5.000000e+00 -5.789865e+01
    endloop
  endfacet
  facet normal -5.892635e-02 0.000000e+00 9.982623e-01
    outer loop
      vertex   -2.546194e+01 5.000000e+00 -5.789865e+01
      vertex   -2.591841e+01 1.194000e+00 -5.792560e+01
      vertex   -2.546194e+01 1.194000e+00 -5.789865e+01
    endloop
  endfacet
  facet normal 1.490326e-12 -0.000000e+00 1.000000e+00
    outer loop
      vertex   -2.546194e+01 1.194000e+00 -5.789865e+01
      vertex   -8.221940e+00 1.194000e+00 -5.789865e+01
      vertex   -2.546194e+01 5.000000e+00 -5.789865e+01
    endloop
  endfacet
  facet normal 1.490326e-12 -2.339095e-28 1.000000e+00
    outer loop
      vertex   -2.546194e+01 5.000000e+00 -5.789865e+01
      vertex   -8.221940e+00 1.194000e+00 -5.789865e+01
      vertex   -8.221940e+00 5.000000e+00 -5.789865e+01
    endloop
  endfacet
  facet normal 9.801714e-02 0.000000e+00 9.951847e-01
    outer loop
      vertex   -8.221940e+00 5.000000e+00 -5.789865e+01
      vertex   -8.221940e+00 1.194000e+00 -5.789865e+01
      vertex   -7.464990e+00 5.000000e+00 -5.797320e+01
    endloop
  endfacet
  facet normal 9.801714e-02 0.000000e+00 9.951847e-01
    outer loop
      vertex   -7.464990e+00 5.000000e+00 -5.797320e+01
      vertex   -8.221940e+00 1.194000e+00 -5.789865e+01
      vertex   -7.464990e+00 1.194000e+00 -5.797320e+01
    endloop
  endfacet
  facet normal 2.902847e-01 0.000000e+00 9.569403e-01
    outer loop
      vertex   -7.464990e+00 5.000000e+00 -5.797320e+01
      vertex   -7.464990e+00 1.194000e+00 -5.797320e+01
      vertex   -6.737129e+00 1.194000e+00 -5.819400e+01
    endloop
  endfacet
  facet normal 2.902847e-01 -1.791147e-15 9.569403e-01
    outer loop
      vertex   -7.464990e+00 5.000000e+00 -5.797320e+01
      vertex   -6.737129e+00 1.194000e+00 -5.819400e+01
      vertex   -6.737129e+00 5.000000e+00 -5.819400e+01
    endloop
  endfacet
  facet normal 4.713967e-01 -1.646460e-15 8.819213e-01
    outer loop
      vertex   -6.737129e+00 5.000000e+00 -5.819400e+01
      vertex   -6.737129e+00 1.194000e+00 -5.819400e+01
      vertex   -6.066328e+00 1.194000e+00 -5.855255e+01
    endloop
  endfacet
  facet normal 4.713967e-01 3.291093e-15 8.819213e-01
    outer loop
      vertex   -6.737129e+00 5.000000e+00 -5.819400e+01
      vertex   -6.066328e+00 1.194000e+00 -5.855255e+01
      vertex   -6.066328e+00 5.000000e+00 -5.855255e+01
    endloop
  endfacet
  facet normal 6.343933e-01 2.886269e-15 7.730105e-01
    outer loop
      vertex   -6.066328e+00 5.000000e+00 -5.855255e+01
      vertex   -6.066328e+00 1.194000e+00 -5.855255e+01
      vertex   -5.478366e+00 1.194000e+00 -5.903508e+01
    endloop
  endfacet
  facet normal 6.343933e-01 -6.690537e-18 7.730105e-01
    outer loop
      vertex   -6.066328e+00 5.000000e+00 -5.855255e+01
      vertex   -5.478366e+00 1.194000e+00 -5.903508e+01
      vertex   -5.478366e+00 5.000000e+00 -5.903508e+01
    endloop
  endfacet
  facet normal 7.730105e-01 0.000000e+00 6.343933e-01
    outer loop
      vertex   -5.478366e+00 5.000000e+00 -5.903508e+01
      vertex   -5.478366e+00 1.194000e+00 -5.903508e+01
      vertex   -4.995838e+00 1.194000e+00 -5.962304e+01
    endloop
  endfacet
  facet normal 7.730105e-01 -8.272798e-18 6.343933e-01
    outer loop
      vertex   -5.478366e+00 5.000000e+00 -5.903508e+01
      vertex   -4.995838e+00 1.194000e+00 -5.962304e+01
      vertex   -4.995838e+00 5.000000e+00 -5.962304e+01
    endloop
  endfacet
  facet normal 8.819213e-01 0.000000e+00 4.713967e-01
    outer loop
      vertex   -4.995838e+00 5.000000e+00 -5.962304e+01
      vertex   -4.995838e+00 1.194000e+00 -5.962304e+01
      vertex   -4.637288e+00 1.194000e+00 -6.029384e+01
    endloop
  endfacet
  facet normal 8.819213e-01 1.657060e-18 4.713967e-01
    outer loop
      vertex   -4.995838e+00 5.000000e+00 -5.962304e+01
      vertex   -4.637288e+00 1.194000e+00 -6.029384e+01
      vertex   -4.637288e+00 5.000000e+00 -6.029384e+01
    endloop
  endfacet
  facet normal 9.569403e-01 0.000000e+00 2.902847e-01
    outer loop
      vertex   -4.637288e+00 5.000000e+00 -6.029384e+01
      vertex   -4.637288e+00 1.194000e+00 -6.029384e+01
      vertex   -4.416493e+00 1.194000e+00 -6.102170e+01
    endloop
  endfacet
  facet normal 9.569403e-01 -3.195357e-16 2.902847e-01
    outer loop
      vertex   -4.637288e+00 5.000000e+00 -6.029384e+01
      vertex   -4.416493e+00 1.194000e+00 -6.102170e+01
      vertex   -4.416493e+00 5.000000e+00 -6.102170e+01
    endloop
  endfacet
  facet normal 9.951847e-01 4.925064e-17 9.801714e-02
    outer loop
      vertex   -4.416493e+00 5.000000e+00 -6.102170e+01
      vertex   -4.416493e+00 1.194000e+00 -6.102170e+01
      vertex   -4.341940e+00 5.000000e+00 -6.177865e+01
    endloop
  endfacet
  facet normal 9.951847e-01 0.000000e+00 9.801714e-02
    outer loop
      vertex   -4.341940e+00 5.000000e+00 -6.177865e+01
      vertex   -4.416493e+00 1.194000e+00 -6.102170e+01
      vertex   -4.341940e+00 1.194000e+00 -6.177865e+01
    endloop
  endfacet
  facet normal 1.000000e+00 -0.000000e+00 1.939254e-16
    outer loop
      vertex   -4.341940e+00 1.194000e+00 -6.177865e+01
      vertex   -4.341940e+00 1.194000e+00 -7.551865e+01
      vertex   -4.341940e+00 5.000000e+00 -6.177865e+01
    endloop
  endfacet
  facet normal 1.000000e+00 0.000000e+00 1.939254e-16
    outer loop
      vertex   -4.341940e+00 5.000000e+00 -6.177865e+01
      vertex   -4.341940e+00 1.194000e+00 -7.551865e+01
      vertex   -4.341940e+00 5.000000e+00 -7.551865e+01
    endloop
  endfacet
  facet normal 9.951847e-01 0.000000e+00 -9.801714e-02
    outer loop
      vertex   -4.341940e+00 5.000000e+00 -7.551865e+01
      vertex   -4.341940e+00 1.194000e+00 -7.551865e+01
      vertex   -4.416493e+00 5.000000e+00 -7.627560e+01
    endloop
  endfacet
  facet normal 9.951847e-01 -2.322390e-16 -9.801714e-02
    outer loop
      vertex   -4.416493e+00 5.000000e+00 -7.627560e+01
      vertex   -4.341940e+00 1.194000e+00 -7.551865e+01
      vertex   -4.416493e+00 1.194000e+00 -7.627560e+01
    endloop
  endfacet
  facet normal 9.569403e-01 -2.233142e-16 -2.902847e-01
    outer loop
      vertex   -4.416493e+00 5.000000e+00 -7.627560e+01
      vertex   -4.416493e+00 1.194000e+00 -7.627560e+01
      vertex   -4.637288e+00 1.194000e+00 -7.700346e+01
    endloop
  endfacet
  facet normal 9.569403e-01 -4.408017e-18 -2.902847e-01
    outer loop
      vertex   -4.416493e+00 5.000000e+00 -7.627560e+01
      vertex   -4.637288e+00 1.194000e+00 -7.700346e+01
      vertex   -4.637288e+00 5.000000e+00 -7.700346e+01
    endloop
  endfacet
  facet normal 8.819213e-01 0.000000e+00 -4.713967e-01
    outer loop
      vertex   -4.637288e+00 5.000000e+00 -7.700346e+01
      vertex   -4.637288e+00 1.194000e+00 -7.700346e+01
      vertex   -4.995838e+00 1.194000e+00 -7.767426e+01
    endloop
  endfacet
  facet normal 8.819213e-01 -2.090182e-16 -4.713967e-01
    outer loop
      vertex   -4.637288e+00 5.000000e+00 -7.700346e+01
      vertex   -4.995838e+00 1.194000e+00 -7.767426e+01
      vertex   -4.995838e+00 5.000000e+00 -7.767426e+01
    endloop
  endfacet
  facet normal 7.730105e-01 -1.803918e-16 -6.343933e-01
    outer loop
      vertex   -4.995838e+00 5.000000e+00 -7.767426e+01
      vertex   -4.995838e+00 1.194000e+00 -7.767426e+01
      vertex   -5.478366e+00 1.194000e+00 -7.826223e+01
    endloop
  endfacet
  facet normal 7.730105e-01 8.170413e-18 -6.343933e-01
    outer loop
      vertex   -4.995838e+00 5.000000e+00 -7.767426e+01
      vertex   -5.478366e+00 1.194000e+00 -7.826223e+01
      vertex   -5.478366e+00 5.000000e+00 -7.826223e+01
    endloop
  endfacet
  facet normal 6.343933e-01 0.000000e+00 -7.730105e-01
    outer loop
      vertex   -5.478366e+00 5.000000e+00 -7.826223e+01
      vertex   -5.478366e+00 1.194000e+00 -7.826223e+01
      vertex   -6.066328e+00 1.194000e+00 -7.874475e+01
    endloop
  endfacet
  facet normal 6.343933e-01 2.925022e-16 -7.730105e-01
    outer loop
      vertex   -5.478366e+00 5.000000e+00 -7.826223e+01
      vertex   -6.066328e+00 1.194000e+00 -7.874475e+01
      vertex   -6.066328e+00 5.000000e+00 -7.874475e+01
    endloop
  endfacet
  facet normal 4.713967e-01 2.200128e-16 -8.819213e-01
    outer loop
      vertex   -6.066328e+00 5.000000e+00 -7.874475e+01
      vertex   -6.066328e+00 1.194000e+00 -7.874475e+01
      vertex   -6.737129e+00 1.194000e+00 -7.910330e+01
    endloop
  endfacet
  facet normal 4.713967e-01 -2.597770e-18 -8.819213e-01
    outer loop
      vertex   -6.066328e+00 5.000000e+00 -7.874475e+01
      vertex   -6.737129e+00 1.194000e+00 -7.910330e+01
      vertex   -6.737129e+00 5.000000e+00 -7.910330e+01
    endloop
  endfacet
  facet normal 2.902847e-01 0.000000e+00 -9.569403e-01
    outer loop
      vertex   -6.737129e+00 5.000000e+00 -7.910330e+01
      vertex   -6.737129e+00 1.194000e+00 -7.910330e+01
      vertex   -7.464990e+00 1.194000e+00 -7.932410e+01
    endloop
  endfacet
  facet normal 2.902847e-01 -2.397341e-18 -9.569403e-01
    outer loop
      vertex   -6.737129e+00 5.000000e+00 -7.910330e+01
      vertex   -7.464990e+00 1.194000e+00 -7.932410e+01
      vertex   -7.464990e+00 5.000000e+00 -7.932410e+01
    endloop
  endfacet
  facet normal 9.801714e-02 0.000000e+00 -9.951847e-01
    outer loop
      vertex   -7.464990e+00 5.000000e+00 -7.932410e+01
      vertex   -7.464990e+00 1.194000e+00 -7.932410e+01
      vertex   -8.221940e+00 5.000000e+00 -7.939865e+01
    endloop
  endfacet
  facet normal 9.801714e-02 0.000000e+00 -9.951847e-01
    outer loop
      vertex   -8.221940e+00 5.000000e+00 -7.939865e+01
      vertex   -7.464990e+00 1.194000e+00 -7.932410e+01
      vertex   -8.221940e+00 1.194000e+00 -7.939865e+01
    endloop
  endfacet
  facet normal -8.242955e-16 0.000000e+00 -1.000000e+00
    outer loop
      vertex   -8.221940e+00 1.194000e+00 -7.939865e+01
      vertex   -2.546194e+01 1.194000e+00 -7.939865e+01
      vertex   -8.221940e+00 5.000000e+00 -7.939865e+01
    endloop
  endfacet
  facet normal -8.242955e-16 0.000000e+00 -1.000000e+00
    outer loop
      vertex   -8.221940e+00 5.000000e+00 -7.939865e+01
      vertex   -2.546194e+01 1.194000e+00 -7.939865e+01
      vertex   -2.546194e+01 5.000000e+00 -7.939865e+01
    endloop
  endfacet
  facet normal -8.962834e-02 0.000000e+00 -9.959753e-01
    outer loop
      vertex   -2.546194e+01 1.194000e+00 -7.939865e+01
      vertex   -2.615466e+01 1.194000e+00 -7.933631e+01
      vertex   -2.546194e+01 5.000000e+00 -7.939865e+01
    endloop
  endfacet
  facet normal -9.042703e-02 1.465489e-04 -9.959031e-01
    outer loop
      vertex   -2.546194e+01 5.000000e+00 -7.939865e+01
      vertex   -2.615466e+01 1.194000e+00 -7.933631e+01
      vertex   -2.616078e+01 5.000000e+00 -7.933520e+01
    endloop
  endfacet
  facet normal -2.660050e-01 -1.452429e-04 -9.639716e-01
    outer loop
      vertex   -2.616078e+01 5.000000e+00 -7.933520e+01
      vertex   -2.615466e+01 1.194000e+00 -7.933631e+01
      vertex   -2.682511e+01 1.194000e+00 -7.915130e+01
    endloop
  endfacet
  facet normal -2.683234e-01 2.904857e-04 -9.633289e-01
    outer loop
      vertex   -2.616078e+01 5.000000e+00 -7.933520e+01
      vertex   -2.682511e+01 1.194000e+00 -7.915130e+01
      vertex   -2.683676e+01 5.000000e+00 -7.914691e+01
    endloop
  endfacet
  facet normal -4.338341e-01 -2.878735e-04 -9.009927e-01
    outer loop
      vertex   -2.683676e+01 5.000000e+00 -7.914691e+01
      vertex   -2.682511e+01 1.194000e+00 -7.915130e+01
      vertex   -2.745177e+01 1.194000e+00 -7.884956e+01
    endloop
  endfacet
  facet normal -4.374433e-01 4.318100e-04 -8.992459e-01
    outer loop
      vertex   -2.683676e+01 5.000000e+00 -7.914691e+01
      vertex   -2.745177e+01 1.194000e+00 -7.884956e+01
      vertex   -2.746777e+01 5.000000e+00 -7.883995e+01
    endloop
  endfacet
  facet normal -5.877228e-01 -4.278914e-04 -8.090622e-01
    outer loop
      vertex   -2.746777e+01 5.000000e+00 -7.883995e+01
      vertex   -2.745177e+01 1.194000e+00 -7.884956e+01
      vertex   -2.801449e+01 1.194000e+00 -7.844079e+01
    endloop
  endfacet
  facet normal -5.922553e-01 5.705214e-04 -8.057502e-01
    outer loop
      vertex   -2.746777e+01 5.000000e+00 -7.883995e+01
      vertex   -2.801449e+01 1.194000e+00 -7.844079e+01
      vertex   -2.803318e+01 5.000000e+00 -7.842436e+01
    endloop
  endfacet
  facet normal -7.252127e-01 -5.887788e-04 -6.885246e-01
    outer loop
      vertex   -2.803318e+01 5.000000e+00 -7.842436e+01
      vertex   -2.801449e+01 1.194000e+00 -7.844079e+01
      vertex   -2.851449e+01 6.940000e-01 -7.791372e+01
    endloop
  endfacet
  facet normal -7.276958e-01 2.115119e-18 -6.859000e-01
    outer loop
      vertex   -2.803318e+01 5.000000e+00 -7.842436e+01
      vertex   -2.851449e+01 6.940000e-01 -7.791372e+01
      vertex   -2.851449e+01 5.000000e+00 -7.791372e+01
    endloop
  endfacet
  facet normal 6.886417e-01 -7.071068e-01 -1.605387e-01
    outer loop
      vertex   -2.826449e+01 9.440000e-01 -6.329366e+01
      vertex   -2.716383e+01 9.440000e-01 -5.857234e+01
      vertex   -2.851449e+01 6.940000e-01 -6.326490e+01
    endloop
  endfacet
  facet normal 6.886417e-01 -7.071068e-01 -1.605387e-01
    outer loop
      vertex   -2.851449e+01 6.940000e-01 -6.326490e+01
      vertex   -2.716383e+01 9.440000e-01 -5.857234e+01
      vertex   -2.738200e+01 6.940000e-01 -5.840704e+01
    endloop
  endfacet
  facet normal 6.886417e-01 -7.071068e-01 -1.605387e-01
    outer loop
      vertex   -2.738200e+01 6.940000e-01 -5.840704e+01
      vertex   -2.716383e+01 9.440000e-01 -5.857234e+01
      vertex   -2.680609e+01 1.194000e+00 -5.813892e+01
    endloop
  endfacet
  facet normal 7.071068e-01 -7.071068e-01 0.000000e+00
    outer loop
      vertex   -2.826449e+01 9.440000e-01 -6.329366e+01
      vertex   -2.851449e+01 6.940000e-01 -6.326490e+01
      vertex   -2.826449e+01 9.440000e-01 -7.782574e+01
    endloop
  endfacet
  facet normal 7.071068e-01 -7.071068e-01 -1.714915e-16
    outer loop
      vertex   -2.826449e+01 9.440000e-01 -7.782574e+01
      vertex   -2.851449e+01 6.940000e-01 -6.326490e+01
      vertex   -2.851449e+01 6.940000e-01 -7.791372e+01
    endloop
  endfacet
  facet normal 7.071068e-01 -7.071068e-01 -6.253180e-15
    outer loop
      vertex   -2.826449e+01 9.440000e-01 -7.782574e+01
      vertex   -2.851449e+01 6.940000e-01 -7.791372e+01
      vertex   -2.801449e+01 1.194000e+00 -7.844079e+01
    endloop
  endfacet
  facet normal 3.383537e-15 0.000000e+00 -1.000000e+00
    outer loop
      vertex   -6.341940e+00 1.194000e+00 -7.439865e+01
      vertex   -2.734194e+01 1.194000e+00 -7.439865e+01
      vertex   -6.341940e+00 1.000000e+01 -7.439865e+01
    endloop
  endfacet
  facet normal 3.383537e-15 5.460249e-31 -1.000000e+00
    outer loop
      vertex   -6.341940e+00 1.000000e+01 -7.439865e+01
      vertex   -2.734194e+01 1.194000e+00 -7.439865e+01
      vertex   -2.734194e+01 1.000000e+01 -7.439865e+01
    endloop
  endfacet
  facet normal 0.000000e+00 0.000000e+00 1.000000e+00
    outer loop
      vertex   -2.734194e+01 1.194000e+00 -6.289865e+01
      vertex   -6.341940e+00 1.194000e+00 -6.289865e+01
      vertex   -2.734194e+01 1.000000e+01 -6.289865e+01
    endloop
  endfacet
  facet normal -0.000000e+00 0.000000e+00 1.000000e+00
    outer loop
      vertex   -2.734194e+01 1.000000e+01 -6.289865e+01
      vertex   -6.341940e+00 1.194000e+00 -6.289865e+01
      vertex   -6.341940e+00 1.000000e+01 -6.289865e+01
    endloop
  endfacet
  facet normal -9.914449e-01 0.000000e+00 -1.305262e-01
    outer loop
      vertex   -3.601449e+01 -2.211202e+00 -6.342865e+01
      vertex   -3.601449e+01 -1.501202e+00 -6.342865e+01
      vertex   -3.600597e+01 -2.211202e+00 -6.349336e+01
    endloop
  endfacet
  facet normal -9.914449e-01 9.922027e-15 -1.305262e-01
    outer loop
      vertex   -3.600597e+01 -2.211202e+00 -6.349336e+01
      vertex   -3.601449e+01 -1.501202e+00 -6.342865e+01
      vertex   -3.600597e+01 -1.501202e+00 -6.349336e+01
    endloop
  endfacet
  facet normal -9.238795e-01 9.245858e-15 -3.826834e-01
    outer loop
      vertex   -3.600597e+01 -2.211202e+00 -6.349336e+01
      vertex   -3.600597e+01 -1.501202e+00 -6.349336e+01
      vertex   -3.598099e+01 -2.211202e+00 -6.355365e+01
    endloop
  endfacet
  facet normal -9.238795e-01 9.245858e-15 -3.826834e-01
    outer loop
      vertex   -3.598099e+01 -2.211202e+00 -6.355365e+01
      vertex   -3.600597e+01 -1.501202e+00 -6.349336e+01
      vertex   -3.598099e+01 -1.501202e+00 -6.355365e+01
    endloop
  endfacet
  facet normal -7.933533e-01 7.939598e-15 -6.087614e-01
    outer loop
      vertex   -3.598099e+01 -2.211202e+00 -6.355365e+01
      vertex   -3.598099e+01 -1.501202e+00 -6.355365e+01
      vertex   -3.594126e+01 -2.211202e+00 -6.360543e+01
    endloop
  endfacet
  facet normal -7.933533e-01 7.939598e-15 -6.087614e-01
    outer loop
      vertex   -3.594126e+01 -2.211202e+00 -6.360543e+01
      vertex   -3.598099e+01 -1.501202e+00 -6.355365e+01
      vertex   -3.594126e+01 -1.501202e+00 -6.360543e+01
    endloop
  endfacet
  facet normal -6.087614e-01 6.092268e-15 -7.933533e-01
    outer loop
      vertex   -3.594126e+01 -2.211202e+00 -6.360543e+01
      vertex   -3.594126e+01 -1.501202e+00 -6.360543e+01
      vertex   -3.588949e+01 -2.211202e+00 -6.364516e+01
    endloop
  endfacet
  facet normal -6.087614e-01 0.000000e+00 -7.933533e-01
    outer loop
      vertex   -3.588949e+01 -2.211202e+00 -6.364516e+01
      vertex   -3.594126e+01 -1.501202e+00 -6.360543e+01
      vertex   -3.588949e+01 -1.501202e+00 -6.364516e+01
    endloop
  endfacet
  facet normal -3.826834e-01 0.000000e+00 -9.238795e-01
    outer loop
      vertex   -3.588949e+01 -2.211202e+00 -6.364516e+01
      vertex   -3.588949e+01 -1.501202e+00 -6.364516e+01
      vertex   -3.582919e+01 -2.211202e+00 -6.367013e+01
    endloop
  endfacet
  facet normal -3.826834e-01 0.000000e+00 -9.238795e-01
    outer loop
      vertex   -3.582919e+01 -2.211202e+00 -6.367013e+01
      vertex   -3.588949e+01 -1.501202e+00 -6.364516e+01
      vertex   -3.582919e+01 -1.501202e+00 -6.367013e+01
    endloop
  endfacet
  facet normal -1.305262e-01 0.000000e+00 -9.914449e-01
    outer loop
      vertex   -3.582919e+01 -2.211202e+00 -6.367013e+01
      vertex   -3.582919e+01 -1.501202e+00 -6.367013e+01
      vertex   -3.576449e+01 -2.211202e+00 -6.367865e+01
    endloop
  endfacet
  facet normal -1.305262e-01 0.000000e+00 -9.914449e-01
    outer loop
      vertex   -3.576449e+01 -2.211202e+00 -6.367865e+01
      vertex   -3.582919e+01 -1.501202e+00 -6.367013e+01
      vertex   -3.576449e+01 -1.501202e+00 -6.367865e+01
    endloop
  endfacet
  facet normal -1.294283e-01 9.831056e-01 -1.294283e-01
    outer loop
      vertex   -3.576449e+01 -3.961202e+00 -6.542865e+01
      vertex   -3.582919e+01 -3.969721e+00 -6.542865e+01
      vertex   -3.576449e+01 -3.901573e+00 -6.497572e+01
    endloop
  endfacet
  facet normal -1.294283e-01 9.831056e-01 -1.294283e-01
    outer loop
      vertex   -3.576449e+01 -3.901573e+00 -6.497572e+01
      vertex   -3.582919e+01 -3.969721e+00 -6.542865e+01
      vertex   -3.582919e+01 -3.909801e+00 -6.497351e+01
    endloop
  endfacet
  facet normal -1.294283e-01 9.161086e-01 -3.794646e-01
    outer loop
      vertex   -3.576449e+01 -3.901573e+00 -6.497572e+01
      vertex   -3.582919e+01 -3.909801e+00 -6.497351e+01
      vertex   -3.576449e+01 -3.726747e+00 -6.455365e+01
    endloop
  endfacet
  facet normal -1.294283e-01 9.161086e-01 -3.794646e-01
    outer loop
      vertex   -3.576449e+01 -3.726747e+00 -6.455365e+01
      vertex   -3.582919e+01 -3.909801e+00 -6.497351e+01
      vertex   -3.582919e+01 -3.734124e+00 -6.454939e+01
    endloop
  endfacet
  facet normal -1.294283e-01 7.866803e-01 -6.036410e-01
    outer loop
      vertex   -3.576449e+01 -3.726747e+00 -6.455365e+01
      vertex   -3.582919e+01 -3.734124e+00 -6.454939e+01
      vertex   -3.576449e+01 -3.448639e+00 -6.419121e+01
    endloop
  endfacet
  facet normal -1.294283e-01 7.866803e-01 -6.036410e-01
    outer loop
      vertex   -3.576449e+01 -3.448639e+00 -6.419121e+01
      vertex   -3.582919e+01 -3.734124e+00 -6.454939e+01
      vertex   -3.582919e+01 -3.454663e+00 -6.418519e+01
    endloop
  endfacet
  facet normal -1.294283e-01 6.036410e-01 -7.866803e-01
    outer loop
      vertex   -3.576449e+01 -3.448639e+00 -6.419121e+01
      vertex   -3.582919e+01 -3.454663e+00 -6.418519e+01
      vertex   -3.576449e+01 -3.086202e+00 -6.391311e+01
    endloop
  endfacet
  facet normal -1.294283e-01 6.036410e-01 -7.866803e-01
    outer loop
      vertex   -3.576449e+01 -3.086202e+00 -6.391311e+01
      vertex   -3.582919e+01 -3.454663e+00 -6.418519e+01
      vertex   -3.582919e+01 -3.090462e+00 -6.390573e+01
    endloop
  endfacet
  facet normal -1.294283e-01 3.794646e-01 -9.161086e-01
    outer loop
      vertex   -3.576449e+01 -3.086202e+00 -6.391311e+01
      vertex   -3.582919e+01 -3.090462e+00 -6.390573e+01
      vertex   -3.576449e+01 -2.664136e+00 -6.373828e+01
    endloop
  endfacet
  facet normal -1.294283e-01 3.794646e-01 -9.161086e-01
    outer loop
      vertex   -3.576449e+01 -2.664136e+00 -6.373828e+01
      vertex   -3.582919e+01 -3.090462e+00 -6.390573e+01
      vertex   -3.582919e+01 -2.666341e+00 -6.373005e+01
    endloop
  endfacet
  facet normal -1.294283e-01 1.294283e-01 -9.831056e-01
    outer loop
      vertex   -3.576449e+01 -2.664136e+00 -6.373828e+01
      vertex   -3.582919e+01 -2.666341e+00 -6.373005e+01
      vertex   -3.576449e+01 -2.211202e+00 -6.367865e+01
    endloop
  endfacet
  facet normal -1.294283e-01 1.294283e-01 -9.831056e-01
    outer loop
      vertex   -3.576449e+01 -2.211202e+00 -6.367865e+01
      vertex   -3.582919e+01 -2.666341e+00 -6.373005e+01
      vertex   -3.582919e+01 -2.211202e+00 -6.367013e+01
    endloop
  endfacet
  facet normal -3.798837e-01 1.207412e-01 -9.171204e-01
    outer loop
      vertex   -3.582919e+01 -2.211202e+00 -6.367013e+01
      vertex   -3.582919e+01 -2.666341e+00 -6.373005e+01
      vertex   -3.588949e+01 -2.672805e+00 -6.370593e+01
    endloop
  endfacet
  facet normal -3.798837e-01 1.207412e-01 -9.171204e-01
    outer loop
      vertex   -3.582919e+01 -2.211202e+00 -6.367013e+01
      vertex   -3.588949e+01 -2.672805e+00 -6.370593e+01
      vertex   -3.588949e+01 -2.211202e+00 -6.364516e+01
    endloop
  endfacet
  facet normal -6.054678e-01 1.038819e-01 -7.890610e-01
    outer loop
      vertex   -3.588949e+01 -2.211202e+00 -6.364516e+01
      vertex   -3.588949e+01 -2.672805e+00 -6.370593e+01
      vertex   -3.594126e+01 -2.683087e+00 -6.366755e+01
    endloop
  endfacet
  facet normal -6.054678e-01 1.038819e-01 -7.890610e-01
    outer loop
      vertex   -3.588949e+01 -2.211202e+00 -6.364516e+01
      vertex   -3.594126e+01 -2.683087e+00 -6.366755e+01
      vertex   -3.594126e+01 -2.211202e+00 -6.360543e+01
    endloop
  endfacet
  facet normal -7.908176e-01 7.988880e-02 -6.068157e-01
    outer loop
      vertex   -3.594126e+01 -2.211202e+00 -6.360543e+01
      vertex   -3.594126e+01 -2.683087e+00 -6.366755e+01
      vertex   -3.598099e+01 -2.696488e+00 -6.361754e+01
    endloop
  endfacet
  facet normal -7.908176e-01 7.988880e-02 -6.068157e-01
    outer loop
      vertex   -3.594126e+01 -2.211202e+00 -6.360543e+01
      vertex   -3.598099e+01 -2.696488e+00 -6.361754e+01
      vertex   -3.598099e+01 -2.211202e+00 -6.355365e+01
    endloop
  endfacet
  facet normal -9.227092e-01 5.031741e-02 -3.821987e-01
    outer loop
      vertex   -3.598099e+01 -2.211202e+00 -6.355365e+01
      vertex   -3.598099e+01 -2.696488e+00 -6.361754e+01
      vertex   -3.600597e+01 -2.712094e+00 -6.355930e+01
    endloop
  endfacet
  facet normal -9.227092e-01 5.031741e-02 -3.821987e-01
    outer loop
      vertex   -3.598099e+01 -2.211202e+00 -6.355365e+01
      vertex   -3.600597e+01 -2.712094e+00 -6.355930e+01
      vertex   -3.600597e+01 -2.211202e+00 -6.349336e+01
    endloop
  endfacet
  facet normal -9.912985e-01 1.718156e-02 -1.305069e-01
    outer loop
      vertex   -3.600597e+01 -2.211202e+00 -6.349336e+01
      vertex   -3.600597e+01 -2.712094e+00 -6.355930e+01
      vertex   -3.601449e+01 -2.728841e+00 -6.349680e+01
    endloop
  endfacet
  facet normal -9.912985e-01 1.718156e-02 -1.305069e-01
    outer loop
      vertex   -3.600597e+01 -2.211202e+00 -6.349336e+01
      vertex   -3.601449e+01 -2.728841e+00 -6.349680e+01
      vertex   -3.601449e+01 -2.211202e+00 -6.342865e+01
    endloop
  endfacet
  facet normal -3.798837e-01 9.171204e-01 -1.207412e-01
    outer loop
      vertex   -3.582919e+01 -3.969721e+00 -6.542865e+01
      vertex   -3.588949e+01 -3.994696e+00 -6.542865e+01
      vertex   -3.582919e+01 -3.909801e+00 -6.497351e+01
    endloop
  endfacet
  facet normal -3.798837e-01 9.171204e-01 -1.207412e-01
    outer loop
      vertex   -3.582919e+01 -3.909801e+00 -6.497351e+01
      vertex   -3.588949e+01 -3.994696e+00 -6.542865e+01
      vertex   -3.588949e+01 -3.933925e+00 -6.496705e+01
    endloop
  endfacet
  facet normal -3.798837e-01 8.546202e-01 -3.539953e-01
    outer loop
      vertex   -3.582919e+01 -3.909801e+00 -6.497351e+01
      vertex   -3.588949e+01 -3.933925e+00 -6.496705e+01
      vertex   -3.582919e+01 -3.734124e+00 -6.454939e+01
    endloop
  endfacet
  facet normal -3.798837e-01 8.546202e-01 -3.539953e-01
    outer loop
      vertex   -3.582919e+01 -3.734124e+00 -6.454939e+01
      vertex   -3.588949e+01 -3.933925e+00 -6.496705e+01
      vertex   -3.588949e+01 -3.755753e+00 -6.453690e+01
    endloop
  endfacet
  facet normal -3.798837e-01 7.338790e-01 -5.631252e-01
    outer loop
      vertex   -3.582919e+01 -3.734124e+00 -6.454939e+01
      vertex   -3.588949e+01 -3.755753e+00 -6.453690e+01
      vertex   -3.582919e+01 -3.454663e+00 -6.418519e+01
    endloop
  endfacet
  facet normal -3.798837e-01 7.338790e-01 -5.631252e-01
    outer loop
      vertex   -3.582919e+01 -3.454663e+00 -6.418519e+01
      vertex   -3.588949e+01 -3.755753e+00 -6.453690e+01
      vertex   -3.588949e+01 -3.472323e+00 -6.416753e+01
    endloop
  endfacet
  facet normal -3.798837e-01 5.631252e-01 -7.338790e-01
    outer loop
      vertex   -3.582919e+01 -3.454663e+00 -6.418519e+01
      vertex   -3.588949e+01 -3.472323e+00 -6.416753e+01
      vertex   -3.582919e+01 -3.090462e+00 -6.390573e+01
    endloop
  endfacet
  facet normal -3.798837e-01 5.631252e-01 -7.338790e-01
    outer loop
      vertex   -3.582919e+01 -3.090462e+00 -6.390573e+01
      vertex   -3.588949e+01 -3.472323e+00 -6.416753e+01
      vertex   -3.588949e+01 -3.102949e+00 -6.388410e+01
    endloop
  endfacet
  facet normal -3.798837e-01 3.539953e-01 -8.546202e-01
    outer loop
      vertex   -3.582919e+01 -3.090462e+00 -6.390573e+01
      vertex   -3.588949e+01 -3.102949e+00 -6.388410e+01
      vertex   -3.582919e+01 -2.666341e+00 -6.373005e+01
    endloop
  endfacet
  facet normal -3.798837e-01 3.539953e-01 -8.546202e-01
    outer loop
      vertex   -3.582919e+01 -2.666341e+00 -6.373005e+01
      vertex   -3.588949e+01 -3.102949e+00 -6.388410e+01
      vertex   -3.588949e+01 -2.672805e+00 -6.370593e+01
    endloop
  endfacet
  facet normal -6.054678e-01 7.890610e-01 -1.038819e-01
    outer loop
      vertex   -3.588949e+01 -3.994696e+00 -6.542865e+01
      vertex   -3.594126e+01 -4.034426e+00 -6.542865e+01
      vertex   -3.588949e+01 -3.933925e+00 -6.496705e+01
    endloop
  endfacet
  facet normal -6.054678e-01 7.890610e-01 -1.038819e-01
    outer loop
      vertex   -3.588949e+01 -3.933925e+00 -6.496705e+01
      vertex   -3.594126e+01 -4.034426e+00 -6.542865e+01
      vertex   -3.594126e+01 -3.972301e+00 -6.495677e+01
    endloop
  endfacet
  facet normal -6.054678e-01 7.352878e-01 -3.045662e-01
    outer loop
      vertex   -3.588949e+01 -3.933925e+00 -6.496705e+01
      vertex   -3.594126e+01 -3.972301e+00 -6.495677e+01
      vertex   -3.588949e+01 -3.755753e+00 -6.453690e+01
    endloop
  endfacet
  facet normal -6.054678e-01 7.352878e-01 -3.045662e-01
    outer loop
      vertex   -3.588949e+01 -3.755753e+00 -6.453690e+01
      vertex   -3.594126e+01 -3.972301e+00 -6.495677e+01
      vertex   -3.594126e+01 -3.790160e+00 -6.451704e+01
    endloop
  endfacet
  facet normal -6.054678e-01 6.314060e-01 -4.844948e-01
    outer loop
      vertex   -3.588949e+01 -3.755753e+00 -6.453690e+01
      vertex   -3.594126e+01 -3.790160e+00 -6.451704e+01
      vertex   -3.588949e+01 -3.472323e+00 -6.416753e+01
    endloop
  endfacet
  facet normal -6.054678e-01 6.314060e-01 -4.844948e-01
    outer loop
      vertex   -3.588949e+01 -3.472323e+00 -6.416753e+01
      vertex   -3.594126e+01 -3.790160e+00 -6.451704e+01
      vertex   -3.594126e+01 -3.500416e+00 -6.413944e+01
    endloop
  endfacet
  facet normal -6.054678e-01 4.844948e-01 -6.314060e-01
    outer loop
      vertex   -3.588949e+01 -3.472323e+00 -6.416753e+01
      vertex   -3.594126e+01 -3.500416e+00 -6.413944e+01
      vertex   -3.588949e+01 -3.102949e+00 -6.388410e+01
    endloop
  endfacet
  facet normal -6.054678e-01 4.844948e-01 -6.314060e-01
    outer loop
      vertex   -3.588949e+01 -3.102949e+00 -6.388410e+01
      vertex   -3.594126e+01 -3.500416e+00 -6.413944e+01
      vertex   -3.594126e+01 -3.122814e+00 -6.384969e+01
    endloop
  endfacet
  facet normal -6.054678e-01 3.045662e-01 -7.352878e-01
    outer loop
      vertex   -3.588949e+01 -3.102949e+00 -6.388410e+01
      vertex   -3.594126e+01 -3.122814e+00 -6.384969e+01
      vertex   -3.588949e+01 -2.672805e+00 -6.370593e+01
    endloop
  endfacet
  facet normal -6.054678e-01 3.045662e-01 -7.352878e-01
    outer loop
      vertex   -3.588949e+01 -2.672805e+00 -6.370593e+01
      vertex   -3.594126e+01 -3.122814e+00 -6.384969e+01
      vertex   -3.594126e+01 -2.683087e+00 -6.366755e+01
    endloop
  endfacet
  facet normal -7.908176e-01 6.068157e-01 -7.988880e-02
    outer loop
      vertex   -3.594126e+01 -4.034426e+00 -6.542865e+01
      vertex   -3.598099e+01 -4.086202e+00 -6.542865e+01
      vertex   -3.594126e+01 -3.972301e+00 -6.495677e+01
    endloop
  endfacet
  facet normal -7.908176e-01 6.068157e-01 -7.988880e-02
    outer loop
      vertex   -3.594126e+01 -3.972301e+00 -6.495677e+01
      vertex   -3.598099e+01 -4.086202e+00 -6.542865e+01
      vertex   -3.598099e+01 -4.022313e+00 -6.494337e+01
    endloop
  endfacet
  facet normal -7.908176e-01 5.654622e-01 -2.342221e-01
    outer loop
      vertex   -3.594126e+01 -3.972301e+00 -6.495677e+01
      vertex   -3.598099e+01 -4.022313e+00 -6.494337e+01
      vertex   -3.594126e+01 -3.790160e+00 -6.451704e+01
    endloop
  endfacet
  facet normal -7.908176e-01 5.654622e-01 -2.342221e-01
    outer loop
      vertex   -3.594126e+01 -3.790160e+00 -6.451704e+01
      vertex   -3.598099e+01 -4.022313e+00 -6.494337e+01
      vertex   -3.598099e+01 -3.835000e+00 -6.449115e+01
    endloop
  endfacet
  facet normal -7.908176e-01 4.855734e-01 -3.725936e-01
    outer loop
      vertex   -3.594126e+01 -3.790160e+00 -6.451704e+01
      vertex   -3.598099e+01 -3.835000e+00 -6.449115e+01
      vertex   -3.594126e+01 -3.500416e+00 -6.413944e+01
    endloop
  endfacet
  facet normal -7.908176e-01 4.855734e-01 -3.725936e-01
    outer loop
      vertex   -3.594126e+01 -3.500416e+00 -6.413944e+01
      vertex   -3.598099e+01 -3.835000e+00 -6.449115e+01
      vertex   -3.598099e+01 -3.537028e+00 -6.410283e+01
    endloop
  endfacet
  facet normal -7.908176e-01 3.725936e-01 -4.855734e-01
    outer loop
      vertex   -3.594126e+01 -3.500416e+00 -6.413944e+01
      vertex   -3.598099e+01 -3.537028e+00 -6.410283e+01
      vertex   -3.594126e+01 -3.122814e+00 -6.384969e+01
    endloop
  endfacet
  facet normal -7.908176e-01 3.725936e-01 -4.855734e-01
    outer loop
      vertex   -3.594126e+01 -3.122814e+00 -6.384969e+01
      vertex   -3.598099e+01 -3.537028e+00 -6.410283e+01
      vertex   -3.598099e+01 -3.148702e+00 -6.380485e+01
    endloop
  endfacet
  facet normal -7.908176e-01 2.342221e-01 -5.654622e-01
    outer loop
      vertex   -3.594126e+01 -3.122814e+00 -6.384969e+01
      vertex   -3.598099e+01 -3.148702e+00 -6.380485e+01
      vertex   -3.594126e+01 -2.683087e+00 -6.366755e+01
    endloop
  endfacet
  facet normal -7.908176e-01 2.342221e-01 -5.654622e-01
    outer loop
      vertex   -3.594126e+01 -2.683087e+00 -6.366755e+01
      vertex   -3.598099e+01 -3.148702e+00 -6.380485e+01
      vertex   -3.598099e+01 -2.696488e+00 -6.361754e+01
    endloop
  endfacet
  facet normal -9.227092e-01 3.821987e-01 -5.031741e-02
    outer loop
      vertex   -3.598099e+01 -4.086202e+00 -6.542865e+01
      vertex   -3.600597e+01 -4.146498e+00 -6.542865e+01
      vertex   -3.598099e+01 -4.022313e+00 -6.494337e+01
    endloop
  endfacet
  facet normal -9.227092e-01 3.821987e-01 -5.031741e-02
    outer loop
      vertex   -3.598099e+01 -4.022313e+00 -6.494337e+01
      vertex   -3.600597e+01 -4.146498e+00 -6.542865e+01
      vertex   -3.600597e+01 -4.080554e+00 -6.492776e+01
    endloop
  endfacet
  facet normal -9.227092e-01 3.561525e-01 -1.475232e-01
    outer loop
      vertex   -3.598099e+01 -4.022313e+00 -6.494337e+01
      vertex   -3.600597e+01 -4.080554e+00 -6.492776e+01
      vertex   -3.598099e+01 -3.835000e+00 -6.449115e+01
    endloop
  endfacet
  facet normal -9.227092e-01 3.561525e-01 -1.475232e-01
    outer loop
      vertex   -3.598099e+01 -3.835000e+00 -6.449115e+01
      vertex   -3.600597e+01 -4.080554e+00 -6.492776e+01
      vertex   -3.600597e+01 -3.887217e+00 -6.446100e+01
    endloop
  endfacet
  facet normal -9.227092e-01 3.058351e-01 -2.346755e-01
    outer loop
      vertex   -3.598099e+01 -3.835000e+00 -6.449115e+01
      vertex   -3.600597e+01 -3.887217e+00 -6.446100e+01
      vertex   -3.598099e+01 -3.537028e+00 -6.410283e+01
    endloop
  endfacet
  facet normal -9.227092e-01 3.058351e-01 -2.346755e-01
    outer loop
      vertex   -3.598099e+01 -3.537028e+00 -6.410283e+01
      vertex   -3.600597e+01 -3.887217e+00 -6.446100e+01
      vertex   -3.600597e+01 -3.579663e+00 -6.406019e+01
    endloop
  endfacet
  facet normal -9.227092e-01 2.346755e-01 -3.058351e-01
    outer loop
      vertex   -3.598099e+01 -3.537028e+00 -6.410283e+01
      vertex   -3.600597e+01 -3.579663e+00 -6.406019e+01
      vertex   -3.598099e+01 -3.148702e+00 -6.380485e+01
    endloop
  endfacet
  facet normal -9.227092e-01 2.346755e-01 -3.058351e-01
    outer loop
      vertex   -3.598099e+01 -3.148702e+00 -6.380485e+01
      vertex   -3.600597e+01 -3.579663e+00 -6.406019e+01
      vertex   -3.600597e+01 -3.178850e+00 -6.375264e+01
    endloop
  endfacet
  facet normal -9.227092e-01 1.475232e-01 -3.561525e-01
    outer loop
      vertex   -3.598099e+01 -3.148702e+00 -6.380485e+01
      vertex   -3.600597e+01 -3.178850e+00 -6.375264e+01
      vertex   -3.598099e+01 -2.696488e+00 -6.361754e+01
    endloop
  endfacet
  facet normal -9.227092e-01 1.475232e-01 -3.561525e-01
    outer loop
      vertex   -3.598099e+01 -2.696488e+00 -6.361754e+01
      vertex   -3.600597e+01 -3.178850e+00 -6.375264e+01
      vertex   -3.600597e+01 -2.712094e+00 -6.355930e+01
    endloop
  endfacet
  facet normal -9.912985e-01 1.305069e-01 -1.718156e-02
    outer loop
      vertex   -3.600597e+01 -4.146498e+00 -6.542865e+01
      vertex   -3.601449e+01 -4.211202e+00 -6.542865e+01
      vertex   -3.600597e+01 -4.080554e+00 -6.492776e+01
    endloop
  endfacet
  facet normal -9.912985e-01 1.305069e-01 -1.718156e-02
    outer loop
      vertex   -3.600597e+01 -4.080554e+00 -6.492776e+01
      vertex   -3.601449e+01 -4.211202e+00 -6.542865e+01
      vertex   -3.601449e+01 -4.143054e+00 -6.491101e+01
    endloop
  endfacet
  facet normal -9.912985e-01 1.216131e-01 -5.037379e-02
    outer loop
      vertex   -3.600597e+01 -4.080554e+00 -6.492776e+01
      vertex   -3.601449e+01 -4.143054e+00 -6.491101e+01
      vertex   -3.600597e+01 -3.887217e+00 -6.446100e+01
    endloop
  endfacet
  facet normal -9.912985e-01 1.216131e-01 -5.037379e-02
    outer loop
      vertex   -3.600597e+01 -3.887217e+00 -6.446100e+01
      vertex   -3.601449e+01 -4.143054e+00 -6.491101e+01
      vertex   -3.601449e+01 -3.943253e+00 -6.442865e+01
    endloop
  endfacet
  facet normal -9.912985e-01 1.044315e-01 -8.013313e-02
    outer loop
      vertex   -3.600597e+01 -3.887217e+00 -6.446100e+01
      vertex   -3.601449e+01 -3.943253e+00 -6.442865e+01
      vertex   -3.600597e+01 -3.579663e+00 -6.406019e+01
    endloop
  endfacet
  facet normal -9.912985e-01 1.044315e-01 -8.013313e-02
    outer loop
      vertex   -3.600597e+01 -3.579663e+00 -6.406019e+01
      vertex   -3.601449e+01 -3.943253e+00 -6.442865e+01
      vertex   -3.601449e+01 -3.625416e+00 -6.401444e+01
    endloop
  endfacet
  facet normal -9.912985e-01 8.013313e-02 -1.044315e-01
    outer loop
      vertex   -3.600597e+01 -3.579663e+00 -6.406019e+01
      vertex   -3.601449e+01 -3.625416e+00 -6.401444e+01
      vertex   -3.600597e+01 -3.178850e+00 -6.375264e+01
    endloop
  endfacet
  facet normal -9.912985e-01 8.013313e-02 -1.044315e-01
    outer loop
      vertex   -3.600597e+01 -3.178850e+00 -6.375264e+01
      vertex   -3.601449e+01 -3.625416e+00 -6.401444e+01
      vertex   -3.601449e+01 -3.211202e+00 -6.369660e+01
    endloop
  endfacet
  facet normal -9.912985e-01 5.037379e-02 -1.216131e-01
    outer loop
      vertex   -3.600597e+01 -3.178850e+00 -6.375264e+01
      vertex   -3.601449e+01 -3.211202e+00 -6.369660e+01
      vertex   -3.600597e+01 -2.712094e+00 -6.355930e+01
    endloop
  endfacet
  facet normal -9.912985e-01 5.037379e-02 -1.216131e-01
    outer loop
      vertex   -3.600597e+01 -2.712094e+00 -6.355930e+01
      vertex   -3.601449e+01 -3.211202e+00 -6.369660e+01
      vertex   -3.601449e+01 -2.728841e+00 -6.349680e+01
    endloop
  endfacet
  facet normal -1.305262e-01 9.914449e-01 1.435728e-14
    outer loop
      vertex   -3.582919e+01 -3.969721e+00 -7.186865e+01
      vertex   -3.582919e+01 -3.969721e+00 -7.058065e+01
      vertex   -3.576449e+01 -3.961202e+00 -7.186865e+01
    endloop
  endfacet
  facet normal -1.305262e-01 9.914449e-01 3.779596e-16
    outer loop
      vertex   -3.576449e+01 -3.961202e+00 -7.186865e+01
      vertex   -3.582919e+01 -3.969721e+00 -7.058065e+01
      vertex   -3.582919e+01 -3.969721e+00 -6.929265e+01
    endloop
  endfacet
  facet normal -1.305262e-01 9.914449e-01 -3.054839e-19
    outer loop
      vertex   -3.576449e+01 -3.961202e+00 -7.186865e+01
      vertex   -3.582919e+01 -3.969721e+00 -6.929265e+01
      vertex   -3.582919e+01 -3.969721e+00 -6.800465e+01
    endloop
  endfacet
  facet normal -3.826834e-01 9.238795e-01 0.000000e+00
    outer loop
      vertex   -3.582919e+01 -3.969721e+00 -6.800465e+01
      vertex   -3.582919e+01 -3.969721e+00 -6.929265e+01
      vertex   -3.588949e+01 -3.994696e+00 -6.800465e+01
    endloop
  endfacet
  facet normal -3.826834e-01 9.238795e-01 -1.274024e-15
    outer loop
      vertex   -3.582919e+01 -3.969721e+00 -6.800465e+01
      vertex   -3.588949e+01 -3.994696e+00 -6.800465e+01
      vertex   -3.588949e+01 -3.994696e+00 -6.671665e+01
    endloop
  endfacet
  facet normal -6.087614e-01 7.933533e-01 -1.094160e-15
    outer loop
      vertex   -3.588949e+01 -3.994696e+00 -6.671665e+01
      vertex   -3.588949e+01 -3.994696e+00 -6.800465e+01
      vertex   -3.594126e+01 -4.034426e+00 -6.671665e+01
    endloop
  endfacet
  facet normal -6.087614e-01 7.933533e-01 -1.101596e-14
    outer loop
      vertex   -3.588949e+01 -3.994696e+00 -6.671665e+01
      vertex   -3.594126e+01 -4.034426e+00 -6.671665e+01
      vertex   -3.594126e+01 -4.034426e+00 -6.542865e+01
    endloop
  endfacet
  facet normal -7.933533e-01 6.087614e-01 -1.025369e-14
    outer loop
      vertex   -3.594126e+01 -4.034426e+00 -6.542865e+01
      vertex   -3.594126e+01 -4.034426e+00 -6.671665e+01
      vertex   -3.598099e+01 -4.086202e+00 -6.542865e+01
    endloop
  endfacet
  facet normal -7.933533e-01 6.087614e-01 -3.778105e-15
    outer loop
      vertex   -3.598099e+01 -4.086202e+00 -6.542865e+01
      vertex   -3.594126e+01 -4.034426e+00 -6.671665e+01
      vertex   -3.598099e+01 -4.086202e+00 -6.671665e+01
    endloop
  endfacet
  facet normal -9.238795e-01 3.826834e-01 -2.375016e-15
    outer loop
      vertex   -3.598099e+01 -4.086202e+00 -6.542865e+01
      vertex   -3.598099e+01 -4.086202e+00 -6.671665e+01
      vertex   -3.600597e+01 -4.146498e+00 -6.542865e+01
    endloop
  endfacet
  facet normal -9.238795e-01 3.826834e-01 -1.319453e-15
    outer loop
      vertex   -3.600597e+01 -4.146498e+00 -6.542865e+01
      vertex   -3.598099e+01 -4.086202e+00 -6.671665e+01
      vertex   -3.600597e+01 -4.146498e+00 -6.671665e+01
    endloop
  endfacet
  facet normal -9.914449e-01 1.305262e-01 -4.500409e-16
    outer loop
      vertex   -3.600597e+01 -4.146498e+00 -6.542865e+01
      vertex   -3.600597e+01 -4.146498e+00 -6.671665e+01
      vertex   -3.601449e+01 -4.211202e+00 -6.542865e+01
    endloop
  endfacet
  facet normal -9.914449e-01 1.305262e-01 -4.501504e-16
    outer loop
      vertex   -3.601449e+01 -4.211202e+00 -6.542865e+01
      vertex   -3.600597e+01 -4.146498e+00 -6.671665e+01
      vertex   -3.600597e+01 -4.146498e+00 -6.800465e+01
    endloop
  endfacet
  facet normal -9.914449e-01 1.305262e-01 -4.500466e-16
    outer loop
      vertex   -3.601449e+01 -4.211202e+00 -6.542865e+01
      vertex   -3.600597e+01 -4.146498e+00 -6.800465e+01
      vertex   -3.600597e+01 -4.146498e+00 -6.929265e+01
    endloop
  endfacet
  facet normal -9.238795e-01 3.826834e-01 -1.319453e-15
    outer loop
      vertex   -3.600597e+01 -4.146498e+00 -6.929265e+01
      vertex   -3.600597e+01 -4.146498e+00 -6.800465e+01
      vertex   -3.598099e+01 -4.086202e+00 -6.929265e+01
    endloop
  endfacet
  facet normal -9.238795e-01 3.826834e-01 -7.910876e-16
    outer loop
      vertex   -3.600597e+01 -4.146498e+00 -6.929265e+01
      vertex   -3.598099e+01 -4.086202e+00 -6.929265e+01
      vertex   -3.598099e+01 -4.086202e+00 -7.058065e+01
    endloop
  endfacet
  facet normal -7.933533e-01 6.087614e-01 -1.259368e-15
    outer loop
      vertex   -3.598099e+01 -4.086202e+00 -7.058065e+01
      vertex   -3.598099e+01 -4.086202e+00 -6.929265e+01
      vertex   -3.594126e+01 -4.034426e+00 -7.058065e+01
    endloop
  endfacet
  facet normal -7.933533e-01 6.087614e-01 1.378983e-14
    outer loop
      vertex   -3.598099e+01 -4.086202e+00 -7.058065e+01
      vertex   -3.594126e+01 -4.034426e+00 -7.058065e+01
      vertex   -3.594126e+01 -4.034426e+00 -7.186865e+01
    endloop
  endfacet
  facet normal -6.087614e-01 7.933533e-01 1.328159e-14
    outer loop
      vertex   -3.594126e+01 -4.034426e+00 -7.186865e+01
      vertex   -3.594126e+01 -4.034426e+00 -7.058065e+01
      vertex   -3.588949e+01 -3.994696e+00 -7.186865e+01
    endloop
  endfacet
  facet normal -6.087614e-01 7.933533e-01 1.683761e-14
    outer loop
      vertex   -3.588949e+01 -3.994696e+00 -7.186865e+01
      vertex   -3.594126e+01 -4.034426e+00 -7.058065e+01
      vertex   -3.588949e+01 -3.994696e+00 -7.058065e+01
    endloop
  endfacet
  facet normal -3.826834e-01 9.238795e-01 1.600839e-14
    outer loop
      vertex   -3.588949e+01 -3.994696e+00 -7.186865e+01
      vertex   -3.588949e+01 -3.994696e+00 -7.058065e+01
      vertex   -3.582919e+01 -3.969721e+00 -7.186865e+01
    endloop
  endfacet
  facet normal -3.826834e-01 9.238795e-01 1.337886e-14
    outer loop
      vertex   -3.582919e+01 -3.969721e+00 -7.186865e+01
      vertex   -3.588949e+01 -3.994696e+00 -7.058065e+01
      vertex   -3.582919e+01 -3.969721e+00 -7.058065e+01
    endloop
  endfacet
  facet normal -7.933533e-01 6.087614e-01 1.606666e-14
    outer loop
      vertex   -3.594126e+01 -4.034426e+00 -7.186865e+01
      vertex   -3.598099e+01 -4.086202e+00 -7.186865e+01
      vertex   -3.598099e+01 -4.086202e+00 -7.058065e+01
    endloop
  endfacet
  facet normal -9.238795e-01 3.826834e-01 1.713736e-14
    outer loop
      vertex   -3.598099e+01 -4.086202e+00 -7.058065e+01
      vertex   -3.598099e+01 -4.086202e+00 -7.186865e+01
      vertex   -3.600597e+01 -4.146498e+00 -7.058065e+01
    endloop
  endfacet
  facet normal -9.238795e-01 3.826834e-01 -1.056789e-15
    outer loop
      vertex   -3.598099e+01 -4.086202e+00 -7.058065e+01
      vertex   -3.600597e+01 -4.146498e+00 -7.058065e+01
      vertex   -3.600597e+01 -4.146498e+00 -6.929265e+01
    endloop
  endfacet
  facet normal -9.914449e-01 1.305262e-01 -3.600328e-16
    outer loop
      vertex   -3.600597e+01 -4.146498e+00 -6.929265e+01
      vertex   -3.600597e+01 -4.146498e+00 -7.058065e+01
      vertex   -3.601449e+01 -4.211202e+00 -7.186865e+01
    endloop
  endfacet
  facet normal -9.914449e-01 1.305262e-01 -4.320677e-16
    outer loop
      vertex   -3.600597e+01 -4.146498e+00 -6.929265e+01
      vertex   -3.601449e+01 -4.211202e+00 -7.186865e+01
      vertex   -3.601449e+01 -4.211202e+00 -6.542865e+01
    endloop
  endfacet
  facet normal -9.238795e-01 3.826834e-01 2.091397e-14
    outer loop
      vertex   -3.598099e+01 -4.086202e+00 -7.186865e+01
      vertex   -3.600597e+01 -4.146498e+00 -7.186865e+01
      vertex   -3.600597e+01 -4.146498e+00 -7.058065e+01
    endloop
  endfacet
  facet normal -9.914449e-01 1.305262e-01 2.205778e-14
    outer loop
      vertex   -3.600597e+01 -4.146498e+00 -7.058065e+01
      vertex   -3.600597e+01 -4.146498e+00 -7.186865e+01
      vertex   -3.601449e+01 -4.211202e+00 -7.186865e+01
    endloop
  endfacet
  facet normal -6.087614e-01 7.933533e-01 -1.347692e-14
    outer loop
      vertex   -3.594126e+01 -4.034426e+00 -6.542865e+01
      vertex   -3.588949e+01 -3.994696e+00 -6.542865e+01
      vertex   -3.588949e+01 -3.994696e+00 -6.671665e+01
    endloop
  endfacet
  facet normal -3.826834e-01 9.238795e-01 -1.389726e-14
    outer loop
      vertex   -3.588949e+01 -3.994696e+00 -6.671665e+01
      vertex   -3.588949e+01 -3.994696e+00 -6.542865e+01
      vertex   -3.582919e+01 -3.969721e+00 -6.671665e+01
    endloop
  endfacet
  facet normal -3.826834e-01 9.238795e-01 -3.195624e-16
    outer loop
      vertex   -3.588949e+01 -3.994696e+00 -6.671665e+01
      vertex   -3.582919e+01 -3.969721e+00 -6.671665e+01
      vertex   -3.582919e+01 -3.969721e+00 -6.800465e+01
    endloop
  endfacet
  facet normal -1.305262e-01 9.914449e-01 -3.418400e-16
    outer loop
      vertex   -3.582919e+01 -3.969721e+00 -6.800465e+01
      vertex   -3.582919e+01 -3.969721e+00 -6.671665e+01
      vertex   -3.576449e+01 -3.961202e+00 -6.542865e+01
    endloop
  endfacet
  facet normal -1.305262e-01 9.914449e-01 -1.367813e-16
    outer loop
      vertex   -3.582919e+01 -3.969721e+00 -6.800465e+01
      vertex   -3.576449e+01 -3.961202e+00 -6.542865e+01
      vertex   -3.576449e+01 -3.961202e+00 -7.186865e+01
    endloop
  endfacet
  facet normal -3.826834e-01 9.238795e-01 -1.612608e-14
    outer loop
      vertex   -3.588949e+01 -3.994696e+00 -6.542865e+01
      vertex   -3.582919e+01 -3.969721e+00 -6.542865e+01
      vertex   -3.582919e+01 -3.969721e+00 -6.671665e+01
    endloop
  endfacet
  facet normal -1.305262e-01 9.914449e-01 -1.576103e-14
    outer loop
      vertex   -3.582919e+01 -3.969721e+00 -6.671665e+01
      vertex   -3.582919e+01 -3.969721e+00 -6.542865e+01
      vertex   -3.576449e+01 -3.961202e+00 -6.542865e+01
    endloop
  endfacet
  facet normal -3.826834e-01 9.238795e-01 1.792581e-15
    outer loop
      vertex   -3.582919e+01 -3.969721e+00 -6.929265e+01
      vertex   -3.582919e+01 -3.969721e+00 -7.058065e+01
      vertex   -3.588949e+01 -3.994696e+00 -6.929265e+01
    endloop
  endfacet
  facet normal -3.826834e-01 9.238795e-01 -3.185442e-16
    outer loop
      vertex   -3.588949e+01 -3.994696e+00 -6.929265e+01
      vertex   -3.582919e+01 -3.969721e+00 -7.058065e+01
      vertex   -3.588949e+01 -3.994696e+00 -7.058065e+01
    endloop
  endfacet
  facet normal -6.087614e-01 7.933533e-01 -2.735401e-16
    outer loop
      vertex   -3.588949e+01 -3.994696e+00 -6.929265e+01
      vertex   -3.588949e+01 -3.994696e+00 -7.058065e+01
      vertex   -3.594126e+01 -4.034426e+00 -6.929265e+01
    endloop
  endfacet
  facet normal -6.087614e-01 7.933533e-01 -1.094160e-15
    outer loop
      vertex   -3.594126e+01 -4.034426e+00 -6.929265e+01
      vertex   -3.588949e+01 -3.994696e+00 -7.058065e+01
      vertex   -3.594126e+01 -4.034426e+00 -7.058065e+01
    endloop
  endfacet
  facet normal -7.933533e-01 6.087614e-01 -8.395788e-16
    outer loop
      vertex   -3.594126e+01 -4.034426e+00 -6.929265e+01
      vertex   -3.594126e+01 -4.034426e+00 -7.058065e+01
      vertex   -3.598099e+01 -4.086202e+00 -6.929265e+01
    endloop
  endfacet
  facet normal -3.826834e-01 9.238795e-01 -6.370148e-16
    outer loop
      vertex   -3.582919e+01 -3.969721e+00 -6.929265e+01
      vertex   -3.588949e+01 -3.994696e+00 -6.929265e+01
      vertex   -3.588949e+01 -3.994696e+00 -6.800465e+01
    endloop
  endfacet
  facet normal -6.087614e-01 7.933533e-01 -5.470802e-16
    outer loop
      vertex   -3.588949e+01 -3.994696e+00 -6.800465e+01
      vertex   -3.588949e+01 -3.994696e+00 -6.929265e+01
      vertex   -3.594126e+01 -4.034426e+00 -6.800465e+01
    endloop
  endfacet
  facet normal -6.087614e-01 7.933533e-01 1.719115e-15
    outer loop
      vertex   -3.588949e+01 -3.994696e+00 -6.800465e+01
      vertex   -3.594126e+01 -4.034426e+00 -6.800465e+01
      vertex   -3.594126e+01 -4.034426e+00 -6.671665e+01
    endloop
  endfacet
  facet normal -7.933533e-01 6.087614e-01 3.117273e-15
    outer loop
      vertex   -3.594126e+01 -4.034426e+00 -6.671665e+01
      vertex   -3.594126e+01 -4.034426e+00 -6.800465e+01
      vertex   -3.598099e+01 -4.086202e+00 -6.671665e+01
    endloop
  endfacet
  facet normal -6.087614e-01 7.933533e-01 -1.094160e-15
    outer loop
      vertex   -3.594126e+01 -4.034426e+00 -6.800465e+01
      vertex   -3.588949e+01 -3.994696e+00 -6.929265e+01
      vertex   -3.594126e+01 -4.034426e+00 -6.929265e+01
    endloop
  endfacet
  facet normal -7.933533e-01 6.087614e-01 -8.395788e-16
    outer loop
      vertex   -3.594126e+01 -4.034426e+00 -6.800465e+01
      vertex   -3.594126e+01 -4.034426e+00 -6.929265e+01
      vertex   -3.598099e+01 -4.086202e+00 -6.800465e+01
    endloop
  endfacet
  facet normal -7.933533e-01 6.087614e-01 -1.679158e-15
    outer loop
      vertex   -3.598099e+01 -4.086202e+00 -6.800465e+01
      vertex   -3.594126e+01 -4.034426e+00 -6.929265e+01
      vertex   -3.598099e+01 -4.086202e+00 -6.929265e+01
    endloop
  endfacet
  facet normal -9.238795e-01 3.826834e-01 -1.055563e-15
    outer loop
      vertex   -3.598099e+01 -4.086202e+00 -6.800465e+01
      vertex   -3.598099e+01 -4.086202e+00 -6.929265e+01
      vertex   -3.600597e+01 -4.146498e+00 -6.800465e+01
    endloop
  endfacet
  facet normal -9.238795e-01 3.826834e-01 -7.908144e-16
    outer loop
      vertex   -3.600597e+01 -4.146498e+00 -6.671665e+01
      vertex   -3.598099e+01 -4.086202e+00 -6.671665e+01
      vertex   -3.598099e+01 -4.086202e+00 -6.800465e+01
    endloop
  endfacet
  facet normal -7.933533e-01 6.087614e-01 -1.259368e-15
    outer loop
      vertex   -3.598099e+01 -4.086202e+00 -6.800465e+01
      vertex   -3.598099e+01 -4.086202e+00 -6.671665e+01
      vertex   -3.594126e+01 -4.034426e+00 -6.800465e+01
    endloop
  endfacet
  facet normal -9.238795e-01 3.826834e-01 -1.319453e-15
    outer loop
      vertex   -3.600597e+01 -4.146498e+00 -6.671665e+01
      vertex   -3.598099e+01 -4.086202e+00 -6.800465e+01
      vertex   -3.600597e+01 -4.146498e+00 -6.800465e+01
    endloop
  endfacet
  facet normal -1.294283e-01 1.294283e-01 9.831056e-01
    outer loop
      vertex   -3.576449e+01 -2.211202e+00 -7.361865e+01
      vertex   -3.582919e+01 -2.211202e+00 -7.362717e+01
      vertex   -3.576449e+01 -2.664136e+00 -7.355902e+01
    endloop
  endfacet
  facet normal -1.294283e-01 1.294283e-01 9.831056e-01
    outer loop
      vertex   -3.576449e+01 -2.664136e+00 -7.355902e+01
      vertex   -3.582919e+01 -2.211202e+00 -7.362717e+01
      vertex   -3.582919e+01 -2.666341e+00 -7.356725e+01
    endloop
  endfacet
  facet normal -1.294283e-01 3.794646e-01 9.161086e-01
    outer loop
      vertex   -3.576449e+01 -2.664136e+00 -7.355902e+01
      vertex   -3.582919e+01 -2.666341e+00 -7.356725e+01
      vertex   -3.576449e+01 -3.086202e+00 -7.338420e+01
    endloop
  endfacet
  facet normal -1.294283e-01 3.794646e-01 9.161086e-01
    outer loop
      vertex   -3.576449e+01 -3.086202e+00 -7.338420e+01
      vertex   -3.582919e+01 -2.666341e+00 -7.356725e+01
      vertex   -3.582919e+01 -3.090462e+00 -7.339157e+01
    endloop
  endfacet
  facet normal -1.294283e-01 6.036410e-01 7.866803e-01
    outer loop
      vertex   -3.576449e+01 -3.086202e+00 -7.338420e+01
      vertex   -3.582919e+01 -3.090462e+00 -7.339157e+01
      vertex   -3.576449e+01 -3.448639e+00 -7.310609e+01
    endloop
  endfacet
  facet normal -1.294283e-01 6.036410e-01 7.866803e-01
    outer loop
      vertex   -3.576449e+01 -3.448639e+00 -7.310609e+01
      vertex   -3.582919e+01 -3.090462e+00 -7.339157e+01
      vertex   -3.582919e+01 -3.454663e+00 -7.311211e+01
    endloop
  endfacet
  facet normal -1.294283e-01 7.866803e-01 6.036410e-01
    outer loop
      vertex   -3.576449e+01 -3.448639e+00 -7.310609e+01
      vertex   -3.582919e+01 -3.454663e+00 -7.311211e+01
      vertex   -3.576449e+01 -3.726747e+00 -7.274365e+01
    endloop
  endfacet
  facet normal -1.294283e-01 7.866803e-01 6.036410e-01
    outer loop
      vertex   -3.576449e+01 -3.726747e+00 -7.274365e+01
      vertex   -3.582919e+01 -3.454663e+00 -7.311211e+01
      vertex   -3.582919e+01 -3.734124e+00 -7.274791e+01
    endloop
  endfacet
  facet normal -1.294283e-01 9.161086e-01 3.794646e-01
    outer loop
      vertex   -3.576449e+01 -3.726747e+00 -7.274365e+01
      vertex   -3.582919e+01 -3.734124e+00 -7.274791e+01
      vertex   -3.576449e+01 -3.901573e+00 -7.232159e+01
    endloop
  endfacet
  facet normal -1.294283e-01 9.161086e-01 3.794646e-01
    outer loop
      vertex   -3.576449e+01 -3.901573e+00 -7.232159e+01
      vertex   -3.582919e+01 -3.734124e+00 -7.274791e+01
      vertex   -3.582919e+01 -3.909801e+00 -7.232379e+01
    endloop
  endfacet
  facet normal -1.294283e-01 9.831056e-01 1.294283e-01
    outer loop
      vertex   -3.576449e+01 -3.901573e+00 -7.232159e+01
      vertex   -3.582919e+01 -3.909801e+00 -7.232379e+01
      vertex   -3.576449e+01 -3.961202e+00 -7.186865e+01
    endloop
  endfacet
  facet normal -1.294283e-01 9.831056e-01 1.294283e-01
    outer loop
      vertex   -3.576449e+01 -3.961202e+00 -7.186865e+01
      vertex   -3.582919e+01 -3.909801e+00 -7.232379e+01
      vertex   -3.582919e+01 -3.969721e+00 -7.186865e+01
    endloop
  endfacet
  facet normal -3.798837e-01 9.171204e-01 1.207412e-01
    outer loop
      vertex   -3.582919e+01 -3.969721e+00 -7.186865e+01
      vertex   -3.582919e+01 -3.909801e+00 -7.232379e+01
      vertex   -3.588949e+01 -3.933925e+00 -7.233025e+01
    endloop
  endfacet
  facet normal -3.798837e-01 9.171204e-01 1.207412e-01
    outer loop
      vertex   -3.582919e+01 -3.969721e+00 -7.186865e+01
      vertex   -3.588949e+01 -3.933925e+00 -7.233025e+01
      vertex   -3.588949e+01 -3.994696e+00 -7.186865e+01
    endloop
  endfacet
  facet normal -6.054678e-01 7.890610e-01 1.038819e-01
    outer loop
      vertex   -3.588949e+01 -3.994696e+00 -7.186865e+01
      vertex   -3.588949e+01 -3.933925e+00 -7.233025e+01
      vertex   -3.594126e+01 -3.972301e+00 -7.234054e+01
    endloop
  endfacet
  facet normal -6.054678e-01 7.890610e-01 1.038819e-01
    outer loop
      vertex   -3.588949e+01 -3.994696e+00 -7.186865e+01
      vertex   -3.594126e+01 -3.972301e+00 -7.234054e+01
      vertex   -3.594126e+01 -4.034426e+00 -7.186865e+01
    endloop
  endfacet
  facet normal -7.908176e-01 6.068157e-01 7.988880e-02
    outer loop
      vertex   -3.594126e+01 -4.034426e+00 -7.186865e+01
      vertex   -3.594126e+01 -3.972301e+00 -7.234054e+01
      vertex   -3.598099e+01 -4.022313e+00 -7.235394e+01
    endloop
  endfacet
  facet normal -7.908176e-01 6.068157e-01 7.988880e-02
    outer loop
      vertex   -3.594126e+01 -4.034426e+00 -7.186865e+01
      vertex   -3.598099e+01 -4.022313e+00 -7.235394e+01
      vertex   -3.598099e+01 -4.086202e+00 -7.186865e+01
    endloop
  endfacet
  facet normal -9.227092e-01 3.821987e-01 5.031741e-02
    outer loop
      vertex   -3.598099e+01 -4.086202e+00 -7.186865e+01
      vertex   -3.598099e+01 -4.022313e+00 -7.235394e+01
      vertex   -3.600597e+01 -4.080554e+00 -7.236954e+01
    endloop
  endfacet
  facet normal -9.227092e-01 3.821987e-01 5.031741e-02
    outer loop
      vertex   -3.598099e+01 -4.086202e+00 -7.186865e+01
      vertex   -3.600597e+01 -4.080554e+00 -7.236954e+01
      vertex   -3.600597e+01 -4.146498e+00 -7.186865e+01
    endloop
  endfacet
  facet normal -9.912985e-01 1.305069e-01 1.718156e-02
    outer loop
      vertex   -3.600597e+01 -4.146498e+00 -7.186865e+01
      vertex   -3.600597e+01 -4.080554e+00 -7.236954e+01
      vertex   -3.601449e+01 -4.143054e+00 -7.238629e+01
    endloop
  endfacet
  facet normal -9.912985e-01 1.305069e-01 1.718156e-02
    outer loop
      vertex   -3.600597e+01 -4.146498e+00 -7.186865e+01
      vertex   -3.601449e+01 -4.143054e+00 -7.238629e+01
      vertex   -3.601449e+01 -4.211202e+00 -7.186865e+01
    endloop
  endfacet
  facet normal -3.798837e-01 1.207412e-01 9.171204e-01
    outer loop
      vertex   -3.582919e+01 -2.211202e+00 -7.362717e+01
      vertex   -3.588949e+01 -2.211202e+00 -7.365215e+01
      vertex   -3.582919e+01 -2.666341e+00 -7.356725e+01
    endloop
  endfacet
  facet normal -3.798837e-01 1.207412e-01 9.171204e-01
    outer loop
      vertex   -3.582919e+01 -2.666341e+00 -7.356725e+01
      vertex   -3.588949e+01 -2.211202e+00 -7.365215e+01
      vertex   -3.588949e+01 -2.672805e+00 -7.359137e+01
    endloop
  endfacet
  facet normal -3.798837e-01 3.539953e-01 8.546202e-01
    outer loop
      vertex   -3.582919e+01 -2.666341e+00 -7.356725e+01
      vertex   -3.588949e+01 -2.672805e+00 -7.359137e+01
      vertex   -3.582919e+01 -3.090462e+00 -7.339157e+01
    endloop
  endfacet
  facet normal -3.798837e-01 3.539953e-01 8.546202e-01
    outer loop
      vertex   -3.582919e+01 -3.090462e+00 -7.339157e+01
      vertex   -3.588949e+01 -2.672805e+00 -7.359137e+01
      vertex   -3.588949e+01 -3.102949e+00 -7.341320e+01
    endloop
  endfacet
  facet normal -3.798837e-01 5.631252e-01 7.338790e-01
    outer loop
      vertex   -3.582919e+01 -3.090462e+00 -7.339157e+01
      vertex   -3.588949e+01 -3.102949e+00 -7.341320e+01
      vertex   -3.582919e+01 -3.454663e+00 -7.311211e+01
    endloop
  endfacet
  facet normal -3.798837e-01 5.631252e-01 7.338790e-01
    outer loop
      vertex   -3.582919e+01 -3.454663e+00 -7.311211e+01
      vertex   -3.588949e+01 -3.102949e+00 -7.341320e+01
      vertex   -3.588949e+01 -3.472323e+00 -7.312977e+01
    endloop
  endfacet
  facet normal -3.798837e-01 7.338790e-01 5.631252e-01
    outer loop
      vertex   -3.582919e+01 -3.454663e+00 -7.311211e+01
      vertex   -3.588949e+01 -3.472323e+00 -7.312977e+01
      vertex   -3.582919e+01 -3.734124e+00 -7.274791e+01
    endloop
  endfacet
  facet normal -3.798837e-01 7.338790e-01 5.631252e-01
    outer loop
      vertex   -3.582919e+01 -3.734124e+00 -7.274791e+01
      vertex   -3.588949e+01 -3.472323e+00 -7.312977e+01
      vertex   -3.588949e+01 -3.755753e+00 -7.276040e+01
    endloop
  endfacet
  facet normal -3.798837e-01 8.546202e-01 3.539953e-01
    outer loop
      vertex   -3.582919e+01 -3.734124e+00 -7.274791e+01
      vertex   -3.588949e+01 -3.755753e+00 -7.276040e+01
      vertex   -3.582919e+01 -3.909801e+00 -7.232379e+01
    endloop
  endfacet
  facet normal -3.798837e-01 8.546202e-01 3.539953e-01
    outer loop
      vertex   -3.582919e+01 -3.909801e+00 -7.232379e+01
      vertex   -3.588949e+01 -3.755753e+00 -7.276040e+01
      vertex   -3.588949e+01 -3.933925e+00 -7.233025e+01
    endloop
  endfacet
  facet normal -6.054678e-01 1.038819e-01 7.890610e-01
    outer loop
      vertex   -3.588949e+01 -2.211202e+00 -7.365215e+01
      vertex   -3.594126e+01 -2.211202e+00 -7.369187e+01
      vertex   -3.588949e+01 -2.672805e+00 -7.359137e+01
    endloop
  endfacet
  facet normal -6.054678e-01 1.038819e-01 7.890610e-01
    outer loop
      vertex   -3.588949e+01 -2.672805e+00 -7.359137e+01
      vertex   -3.594126e+01 -2.211202e+00 -7.369187e+01
      vertex   -3.594126e+01 -2.683087e+00 -7.362975e+01
    endloop
  endfacet
  facet normal -6.054678e-01 3.045662e-01 7.352878e-01
    outer loop
      vertex   -3.588949e+01 -2.672805e+00 -7.359137e+01
      vertex   -3.594126e+01 -2.683087e+00 -7.362975e+01
      vertex   -3.588949e+01 -3.102949e+00 -7.341320e+01
    endloop
  endfacet
  facet normal -6.054678e-01 3.045662e-01 7.352878e-01
    outer loop
      vertex   -3.588949e+01 -3.102949e+00 -7.341320e+01
      vertex   -3.594126e+01 -2.683087e+00 -7.362975e+01
      vertex   -3.594126e+01 -3.122814e+00 -7.344761e+01
    endloop
  endfacet
  facet normal -6.054678e-01 4.844948e-01 6.314060e-01
    outer loop
      vertex   -3.588949e+01 -3.102949e+00 -7.341320e+01
      vertex   -3.594126e+01 -3.122814e+00 -7.344761e+01
      vertex   -3.588949e+01 -3.472323e+00 -7.312977e+01
    endloop
  endfacet
  facet normal -6.054678e-01 4.844948e-01 6.314060e-01
    outer loop
      vertex   -3.588949e+01 -3.472323e+00 -7.312977e+01
      vertex   -3.594126e+01 -3.122814e+00 -7.344761e+01
      vertex   -3.594126e+01 -3.500416e+00 -7.315787e+01
    endloop
  endfacet
  facet normal -6.054678e-01 6.314060e-01 4.844948e-01
    outer loop
      vertex   -3.588949e+01 -3.472323e+00 -7.312977e+01
      vertex   -3.594126e+01 -3.500416e+00 -7.315787e+01
      vertex   -3.588949e+01 -3.755753e+00 -7.276040e+01
    endloop
  endfacet
  facet normal -6.054678e-01 6.314060e-01 4.844948e-01
    outer loop
      vertex   -3.588949e+01 -3.755753e+00 -7.276040e+01
      vertex   -3.594126e+01 -3.500416e+00 -7.315787e+01
      vertex   -3.594126e+01 -3.790160e+00 -7.278026e+01
    endloop
  endfacet
  facet normal -6.054678e-01 7.352878e-01 3.045662e-01
    outer loop
      vertex   -3.588949e+01 -3.755753e+00 -7.276040e+01
      vertex   -3.594126e+01 -3.790160e+00 -7.278026e+01
      vertex   -3.588949e+01 -3.933925e+00 -7.233025e+01
    endloop
  endfacet
  facet normal -6.054678e-01 7.352878e-01 3.045662e-01
    outer loop
      vertex   -3.588949e+01 -3.933925e+00 -7.233025e+01
      vertex   -3.594126e+01 -3.790160e+00 -7.278026e+01
      vertex   -3.594126e+01 -3.972301e+00 -7.234054e+01
    endloop
  endfacet
  facet normal -7.908176e-01 7.988880e-02 6.068157e-01
    outer loop
      vertex   -3.594126e+01 -2.211202e+00 -7.369187e+01
      vertex   -3.598099e+01 -2.211202e+00 -7.374365e+01
      vertex   -3.594126e+01 -2.683087e+00 -7.362975e+01
    endloop
  endfacet
  facet normal -7.908176e-01 7.988880e-02 6.068157e-01
    outer loop
      vertex   -3.594126e+01 -2.683087e+00 -7.362975e+01
      vertex   -3.598099e+01 -2.211202e+00 -7.374365e+01
      vertex   -3.598099e+01 -2.696488e+00 -7.367976e+01
    endloop
  endfacet
  facet normal -7.908176e-01 2.342221e-01 5.654622e-01
    outer loop
      vertex   -3.594126e+01 -2.683087e+00 -7.362975e+01
      vertex   -3.598099e+01 -2.696488e+00 -7.367976e+01
      vertex   -3.594126e+01 -3.122814e+00 -7.344761e+01
    endloop
  endfacet
  facet normal -7.908176e-01 2.342221e-01 5.654622e-01
    outer loop
      vertex   -3.594126e+01 -3.122814e+00 -7.344761e+01
      vertex   -3.598099e+01 -2.696488e+00 -7.367976e+01
      vertex   -3.598099e+01 -3.148702e+00 -7.349245e+01
    endloop
  endfacet
  facet normal -7.908176e-01 3.725936e-01 4.855734e-01
    outer loop
      vertex   -3.594126e+01 -3.122814e+00 -7.344761e+01
      vertex   -3.598099e+01 -3.148702e+00 -7.349245e+01
      vertex   -3.594126e+01 -3.500416e+00 -7.315787e+01
    endloop
  endfacet
  facet normal -7.908176e-01 3.725936e-01 4.855734e-01
    outer loop
      vertex   -3.594126e+01 -3.500416e+00 -7.315787e+01
      vertex   -3.598099e+01 -3.148702e+00 -7.349245e+01
      vertex   -3.598099e+01 -3.537028e+00 -7.319448e+01
    endloop
  endfacet
  facet normal -7.908176e-01 4.855734e-01 3.725936e-01
    outer loop
      vertex   -3.594126e+01 -3.500416e+00 -7.315787e+01
      vertex   -3.598099e+01 -3.537028e+00 -7.319448e+01
      vertex   -3.594126e+01 -3.790160e+00 -7.278026e+01
    endloop
  endfacet
  facet normal -7.908176e-01 4.855734e-01 3.725936e-01
    outer loop
      vertex   -3.594126e+01 -3.790160e+00 -7.278026e+01
      vertex   -3.598099e+01 -3.537028e+00 -7.319448e+01
      vertex   -3.598099e+01 -3.835000e+00 -7.280615e+01
    endloop
  endfacet
  facet normal -7.908176e-01 5.654622e-01 2.342221e-01
    outer loop
      vertex   -3.594126e+01 -3.790160e+00 -7.278026e+01
      vertex   -3.598099e+01 -3.835000e+00 -7.280615e+01
      vertex   -3.594126e+01 -3.972301e+00 -7.234054e+01
    endloop
  endfacet
  facet normal -7.908176e-01 5.654622e-01 2.342221e-01
    outer loop
      vertex   -3.594126e+01 -3.972301e+00 -7.234054e+01
      vertex   -3.598099e+01 -3.835000e+00 -7.280615e+01
      vertex   -3.598099e+01 -4.022313e+00 -7.235394e+01
    endloop
  endfacet
  facet normal -9.227092e-01 5.031741e-02 3.821987e-01
    outer loop
      vertex   -3.598099e+01 -2.211202e+00 -7.374365e+01
      vertex   -3.600597e+01 -2.211202e+00 -7.380395e+01
      vertex   -3.598099e+01 -2.696488e+00 -7.367976e+01
    endloop
  endfacet
  facet normal -9.227092e-01 5.031741e-02 3.821987e-01
    outer loop
      vertex   -3.598099e+01 -2.696488e+00 -7.367976e+01
      vertex   -3.600597e+01 -2.211202e+00 -7.380395e+01
      vertex   -3.600597e+01 -2.712094e+00 -7.373800e+01
    endloop
  endfacet
  facet normal -9.227092e-01 1.475232e-01 3.561525e-01
    outer loop
      vertex   -3.598099e+01 -2.696488e+00 -7.367976e+01
      vertex   -3.600597e+01 -2.712094e+00 -7.373800e+01
      vertex   -3.598099e+01 -3.148702e+00 -7.349245e+01
    endloop
  endfacet
  facet normal -9.227092e-01 1.475232e-01 3.561525e-01
    outer loop
      vertex   -3.598099e+01 -3.148702e+00 -7.349245e+01
      vertex   -3.600597e+01 -2.712094e+00 -7.373800e+01
      vertex   -3.600597e+01 -3.178850e+00 -7.354467e+01
    endloop
  endfacet
  facet normal -9.227092e-01 2.346755e-01 3.058351e-01
    outer loop
      vertex   -3.598099e+01 -3.148702e+00 -7.349245e+01
      vertex   -3.600597e+01 -3.178850e+00 -7.354467e+01
      vertex   -3.598099e+01 -3.537028e+00 -7.319448e+01
    endloop
  endfacet
  facet normal -9.227092e-01 2.346755e-01 3.058351e-01
    outer loop
      vertex   -3.598099e+01 -3.537028e+00 -7.319448e+01
      vertex   -3.600597e+01 -3.178850e+00 -7.354467e+01
      vertex   -3.600597e+01 -3.579663e+00 -7.323711e+01
    endloop
  endfacet
  facet normal -9.227092e-01 3.058351e-01 2.346755e-01
    outer loop
      vertex   -3.598099e+01 -3.537028e+00 -7.319448e+01
      vertex   -3.600597e+01 -3.579663e+00 -7.323711e+01
      vertex   -3.598099e+01 -3.835000e+00 -7.280615e+01
    endloop
  endfacet
  facet normal -9.227092e-01 3.058351e-01 2.346755e-01
    outer loop
      vertex   -3.598099e+01 -3.835000e+00 -7.280615e+01
      vertex   -3.600597e+01 -3.579663e+00 -7.323711e+01
      vertex   -3.600597e+01 -3.887217e+00 -7.283630e+01
    endloop
  endfacet
  facet normal -9.227092e-01 3.561525e-01 1.475232e-01
    outer loop
      vertex   -3.598099e+01 -3.835000e+00 -7.280615e+01
      vertex   -3.600597e+01 -3.887217e+00 -7.283630e+01
      vertex   -3.598099e+01 -4.022313e+00 -7.235394e+01
    endloop
  endfacet
  facet normal -9.227092e-01 3.561525e-01 1.475232e-01
    outer loop
      vertex   -3.598099e+01 -4.022313e+00 -7.235394e+01
      vertex   -3.600597e+01 -3.887217e+00 -7.283630e+01
      vertex   -3.600597e+01 -4.080554e+00 -7.236954e+01
    endloop
  endfacet
  facet normal -9.912985e-01 1.718156e-02 1.305069e-01
    outer loop
      vertex   -3.600597e+01 -2.211202e+00 -7.380395e+01
      vertex   -3.601449e+01 -2.211202e+00 -7.386865e+01
      vertex   -3.600597e+01 -2.712094e+00 -7.373800e+01
    endloop
  endfacet
  facet normal -9.912985e-01 1.718156e-02 1.305069e-01
    outer loop
      vertex   -3.600597e+01 -2.712094e+00 -7.373800e+01
      vertex   -3.601449e+01 -2.211202e+00 -7.386865e+01
      vertex   -3.601449e+01 -2.728841e+00 -7.380050e+01
    endloop
  endfacet
  facet normal -9.912985e-01 5.037379e-02 1.216131e-01
    outer loop
      vertex   -3.600597e+01 -2.712094e+00 -7.373800e+01
      vertex   -3.601449e+01 -2.728841e+00 -7.380050e+01
      vertex   -3.600597e+01 -3.178850e+00 -7.354467e+01
    endloop
  endfacet
  facet normal -9.912985e-01 5.037379e-02 1.216131e-01
    outer loop
      vertex   -3.600597e+01 -3.178850e+00 -7.354467e+01
      vertex   -3.601449e+01 -2.728841e+00 -7.380050e+01
      vertex   -3.601449e+01 -3.211202e+00 -7.360070e+01
    endloop
  endfacet
  facet normal -9.912985e-01 8.013313e-02 1.044315e-01
    outer loop
      vertex   -3.600597e+01 -3.178850e+00 -7.354467e+01
      vertex   -3.601449e+01 -3.211202e+00 -7.360070e+01
      vertex   -3.600597e+01 -3.579663e+00 -7.323711e+01
    endloop
  endfacet
  facet normal -9.912985e-01 8.013313e-02 1.044315e-01
    outer loop
      vertex   -3.600597e+01 -3.579663e+00 -7.323711e+01
      vertex   -3.601449e+01 -3.211202e+00 -7.360070e+01
      vertex   -3.601449e+01 -3.625416e+00 -7.328287e+01
    endloop
  endfacet
  facet normal -9.912985e-01 1.044315e-01 8.013313e-02
    outer loop
      vertex   -3.600597e+01 -3.579663e+00 -7.323711e+01
      vertex   -3.601449e+01 -3.625416e+00 -7.328287e+01
      vertex   -3.600597e+01 -3.887217e+00 -7.283630e+01
    endloop
  endfacet
  facet normal -9.912985e-01 1.044315e-01 8.013313e-02
    outer loop
      vertex   -3.600597e+01 -3.887217e+00 -7.283630e+01
      vertex   -3.601449e+01 -3.625416e+00 -7.328287e+01
      vertex   -3.601449e+01 -3.943253e+00 -7.286865e+01
    endloop
  endfacet
  facet normal -9.912985e-01 1.216131e-01 5.037379e-02
    outer loop
      vertex   -3.600597e+01 -3.887217e+00 -7.283630e+01
      vertex   -3.601449e+01 -3.943253e+00 -7.286865e+01
      vertex   -3.600597e+01 -4.080554e+00 -7.236954e+01
    endloop
  endfacet
  facet normal -9.912985e-01 1.216131e-01 5.037379e-02
    outer loop
      vertex   -3.600597e+01 -4.080554e+00 -7.236954e+01
      vertex   -3.601449e+01 -3.943253e+00 -7.286865e+01
      vertex   -3.601449e+01 -4.143054e+00 -7.238629e+01
    endloop
  endfacet
  facet normal -1.305262e-01 3.968811e-14 9.914449e-01
    outer loop
      vertex   -3.576449e+01 -2.211202e+00 -7.361865e+01
      vertex   -3.576449e+01 -1.501202e+00 -7.361865e+01
      vertex   -3.582919e+01 -2.211202e+00 -7.362717e+01
    endloop
  endfacet
  facet normal -1.305262e-01 2.115031e-14 9.914449e-01
    outer loop
      vertex   -3.582919e+01 -2.211202e+00 -7.362717e+01
      vertex   -3.576449e+01 -1.501202e+00 -7.361865e+01
      vertex   -3.582919e+01 -1.501202e+00 -7.362717e+01
    endloop
  endfacet
  facet normal -3.826834e-01 2.232147e-14 9.238795e-01
    outer loop
      vertex   -3.582919e+01 -2.211202e+00 -7.362717e+01
      vertex   -3.582919e+01 -1.501202e+00 -7.362717e+01
      vertex   -3.588949e+01 -2.211202e+00 -7.365215e+01
    endloop
  endfacet
  facet normal -3.826834e-01 2.232147e-14 9.238795e-01
    outer loop
      vertex   -3.588949e+01 -2.211202e+00 -7.365215e+01
      vertex   -3.582919e+01 -1.501202e+00 -7.362717e+01
      vertex   -3.588949e+01 -1.501202e+00 -7.365215e+01
    endloop
  endfacet
  facet normal -6.087614e-01 2.197146e-14 7.933533e-01
    outer loop
      vertex   -3.588949e+01 -2.211202e+00 -7.365215e+01
      vertex   -3.588949e+01 -1.501202e+00 -7.365215e+01
      vertex   -3.594126e+01 -2.211202e+00 -7.369187e+01
    endloop
  endfacet
  facet normal -6.087614e-01 1.827680e-14 7.933533e-01
    outer loop
      vertex   -3.594126e+01 -2.211202e+00 -7.369187e+01
      vertex   -3.588949e+01 -1.501202e+00 -7.365215e+01
      vertex   -3.594126e+01 -1.501202e+00 -7.369187e+01
    endloop
  endfacet
  facet normal -7.933533e-01 2.381879e-14 6.087614e-01
    outer loop
      vertex   -3.594126e+01 -2.211202e+00 -7.369187e+01
      vertex   -3.594126e+01 -1.501202e+00 -7.369187e+01
      vertex   -3.598099e+01 -2.211202e+00 -7.374365e+01
    endloop
  endfacet
  facet normal -7.933533e-01 4.394293e-14 6.087614e-01
    outer loop
      vertex   -3.598099e+01 -2.211202e+00 -7.374365e+01
      vertex   -3.594126e+01 -1.501202e+00 -7.369187e+01
      vertex   -3.598099e+01 -1.501202e+00 -7.374365e+01
    endloop
  endfacet
  facet normal -9.238795e-01 4.464295e-14 3.826834e-01
    outer loop
      vertex   -3.598099e+01 -2.211202e+00 -7.374365e+01
      vertex   -3.598099e+01 -1.501202e+00 -7.374365e+01
      vertex   -3.600597e+01 -2.211202e+00 -7.380395e+01
    endloop
  endfacet
  facet normal -9.238795e-01 2.773757e-14 3.826834e-01
    outer loop
      vertex   -3.600597e+01 -2.211202e+00 -7.380395e+01
      vertex   -3.598099e+01 -1.501202e+00 -7.374365e+01
      vertex   -3.600597e+01 -1.501202e+00 -7.380395e+01
    endloop
  endfacet
  facet normal -9.914449e-01 2.976608e-14 1.305262e-01
    outer loop
      vertex   -3.600597e+01 -2.211202e+00 -7.380395e+01
      vertex   -3.600597e+01 -1.501202e+00 -7.380395e+01
      vertex   -3.601449e+01 -2.211202e+00 -7.386865e+01
    endloop
  endfacet
  facet normal -9.914449e-01 -2.612519e-15 1.305262e-01
    outer loop
      vertex   -3.601449e+01 -2.211202e+00 -7.386865e+01
      vertex   -3.600597e+01 -1.501202e+00 -7.380395e+01
      vertex   -3.601449e+01 -1.501202e+00 -7.386865e+01
    endloop
  endfacet
  facet normal -1.294283e-01 -9.831056e-01 1.294283e-01
    outer loop
      vertex   -3.576449e+01 2.487975e-01 -7.186865e+01
      vertex   -3.582919e+01 2.573161e-01 -7.186865e+01
      vertex   -3.576449e+01 1.891677e-01 -7.232159e+01
    endloop
  endfacet
  facet normal -1.294283e-01 -9.831056e-01 1.294283e-01
    outer loop
      vertex   -3.576449e+01 1.891677e-01 -7.232159e+01
      vertex   -3.582919e+01 2.573161e-01 -7.186865e+01
      vertex   -3.582919e+01 1.973960e-01 -7.232379e+01
    endloop
  endfacet
  facet normal -1.294283e-01 -9.161086e-01 3.794646e-01
    outer loop
      vertex   -3.576449e+01 1.891677e-01 -7.232159e+01
      vertex   -3.582919e+01 1.973960e-01 -7.232379e+01
      vertex   -3.576449e+01 1.434197e-02 -7.274365e+01
    endloop
  endfacet
  facet normal -1.294283e-01 -9.161086e-01 3.794646e-01
    outer loop
      vertex   -3.576449e+01 1.434197e-02 -7.274365e+01
      vertex   -3.582919e+01 1.973960e-01 -7.232379e+01
      vertex   -3.582919e+01 2.171925e-02 -7.274791e+01
    endloop
  endfacet
  facet normal -1.294283e-01 -7.866803e-01 6.036410e-01
    outer loop
      vertex   -3.576449e+01 1.434197e-02 -7.274365e+01
      vertex   -3.582919e+01 2.171925e-02 -7.274791e+01
      vertex   -3.576449e+01 -2.637656e-01 -7.310609e+01
    endloop
  endfacet
  facet normal -1.294283e-01 -7.866803e-01 6.036410e-01
    outer loop
      vertex   -3.576449e+01 -2.637656e-01 -7.310609e+01
      vertex   -3.582919e+01 2.171925e-02 -7.274791e+01
      vertex   -3.582919e+01 -2.577421e-01 -7.311211e+01
    endloop
  endfacet
  facet normal -1.294283e-01 -6.036410e-01 7.866803e-01
    outer loop
      vertex   -3.576449e+01 -2.637656e-01 -7.310609e+01
      vertex   -3.582919e+01 -2.577421e-01 -7.311211e+01
      vertex   -3.576449e+01 -6.262025e-01 -7.338420e+01
    endloop
  endfacet
  facet normal -1.294283e-01 -6.036410e-01 7.866803e-01
    outer loop
      vertex   -3.576449e+01 -6.262025e-01 -7.338420e+01
      vertex   -3.582919e+01 -2.577421e-01 -7.311211e+01
      vertex   -3.582919e+01 -6.219432e-01 -7.339157e+01
    endloop
  endfacet
  facet normal -1.294283e-01 -3.794646e-01 9.161086e-01
    outer loop
      vertex   -3.576449e+01 -6.262025e-01 -7.338420e+01
      vertex   -3.582919e+01 -6.219432e-01 -7.339157e+01
      vertex   -3.576449e+01 -1.048269e+00 -7.355902e+01
    endloop
  endfacet
  facet normal -1.294283e-01 -3.794646e-01 9.161086e-01
    outer loop
      vertex   -3.576449e+01 -1.048269e+00 -7.355902e+01
      vertex   -3.582919e+01 -6.219432e-01 -7.339157e+01
      vertex   -3.582919e+01 -1.046064e+00 -7.356725e+01
    endloop
  endfacet
  facet normal -1.294283e-01 -1.294283e-01 9.831056e-01
    outer loop
      vertex   -3.576449e+01 -1.048269e+00 -7.355902e+01
      vertex   -3.582919e+01 -1.046064e+00 -7.356725e+01
      vertex   -3.576449e+01 -1.501202e+00 -7.361865e+01
    endloop
  endfacet
  facet normal -1.294283e-01 -1.294283e-01 9.831056e-01
    outer loop
      vertex   -3.576449e+01 -1.501202e+00 -7.361865e+01
      vertex   -3.582919e+01 -1.046064e+00 -7.356725e+01
      vertex   -3.582919e+01 -1.501202e+00 -7.362717e+01
    endloop
  endfacet
  facet normal -3.798837e-01 -1.207412e-01 9.171204e-01
    outer loop
      vertex   -3.582919e+01 -1.501202e+00 -7.362717e+01
      vertex   -3.582919e+01 -1.046064e+00 -7.356725e+01
      vertex   -3.588949e+01 -1.039600e+00 -7.359137e+01
    endloop
  endfacet
  facet normal -3.798837e-01 -1.207412e-01 9.171204e-01
    outer loop
      vertex   -3.582919e+01 -1.501202e+00 -7.362717e+01
      vertex   -3.588949e+01 -1.039600e+00 -7.359137e+01
      vertex   -3.588949e+01 -1.501202e+00 -7.365215e+01
    endloop
  endfacet
  facet normal -6.054678e-01 -1.038819e-01 7.890610e-01
    outer loop
      vertex   -3.588949e+01 -1.501202e+00 -7.365215e+01
      vertex   -3.588949e+01 -1.039600e+00 -7.359137e+01
      vertex   -3.594126e+01 -1.029318e+00 -7.362975e+01
    endloop
  endfacet
  facet normal -6.054678e-01 -1.038819e-01 7.890610e-01
    outer loop
      vertex   -3.588949e+01 -1.501202e+00 -7.365215e+01
      vertex   -3.594126e+01 -1.029318e+00 -7.362975e+01
      vertex   -3.594126e+01 -1.501202e+00 -7.369187e+01
    endloop
  endfacet
  facet normal -7.908176e-01 -7.988880e-02 6.068157e-01
    outer loop
      vertex   -3.594126e+01 -1.501202e+00 -7.369187e+01
      vertex   -3.594126e+01 -1.029318e+00 -7.362975e+01
      vertex   -3.598099e+01 -1.015917e+00 -7.367976e+01
    endloop
  endfacet
  facet normal -7.908176e-01 -7.988880e-02 6.068157e-01
    outer loop
      vertex   -3.594126e+01 -1.501202e+00 -7.369187e+01
      vertex   -3.598099e+01 -1.015917e+00 -7.367976e+01
      vertex   -3.598099e+01 -1.501202e+00 -7.374365e+01
    endloop
  endfacet
  facet normal -9.227092e-01 -5.031741e-02 3.821987e-01
    outer loop
      vertex   -3.598099e+01 -1.501202e+00 -7.374365e+01
      vertex   -3.598099e+01 -1.015917e+00 -7.367976e+01
      vertex   -3.600597e+01 -1.000311e+00 -7.373800e+01
    endloop
  endfacet
  facet normal -9.227092e-01 -5.031741e-02 3.821987e-01
    outer loop
      vertex   -3.598099e+01 -1.501202e+00 -7.374365e+01
      vertex   -3.600597e+01 -1.000311e+00 -7.373800e+01
      vertex   -3.600597e+01 -1.501202e+00 -7.380395e+01
    endloop
  endfacet
  facet normal -9.912985e-01 -1.718156e-02 1.305069e-01
    outer loop
      vertex   -3.600597e+01 -1.501202e+00 -7.380395e+01
      vertex   -3.600597e+01 -1.000311e+00 -7.373800e+01
      vertex   -3.601449e+01 -9.835644e-01 -7.380050e+01
    endloop
  endfacet
  facet normal -9.912985e-01 -1.718156e-02 1.305069e-01
    outer loop
      vertex   -3.600597e+01 -1.501202e+00 -7.380395e+01
      vertex   -3.601449e+01 -9.835644e-01 -7.380050e+01
      vertex   -3.601449e+01 -1.501202e+00 -7.386865e+01
    endloop
  endfacet
  facet normal -3.798837e-01 -9.171204e-01 1.207412e-01
    outer loop
      vertex   -3.582919e+01 2.573161e-01 -7.186865e+01
      vertex   -3.588949e+01 2.822912e-01 -7.186865e+01
      vertex   -3.582919e+01 1.973960e-01 -7.232379e+01
    endloop
  endfacet
  facet normal -3.798837e-01 -9.171204e-01 1.207412e-01
    outer loop
      vertex   -3.582919e+01 1.973960e-01 -7.232379e+01
      vertex   -3.588949e+01 2.822912e-01 -7.186865e+01
      vertex   -3.588949e+01 2.215201e-01 -7.233025e+01
    endloop
  endfacet
  facet normal -3.798837e-01 -8.546202e-01 3.539953e-01
    outer loop
      vertex   -3.582919e+01 1.973960e-01 -7.232379e+01
      vertex   -3.588949e+01 2.215201e-01 -7.233025e+01
      vertex   -3.582919e+01 2.171925e-02 -7.274791e+01
    endloop
  endfacet
  facet normal -3.798837e-01 -8.546202e-01 3.539953e-01
    outer loop
      vertex   -3.582919e+01 2.171925e-02 -7.274791e+01
      vertex   -3.588949e+01 2.215201e-01 -7.233025e+01
      vertex   -3.588949e+01 4.334832e-02 -7.276040e+01
    endloop
  endfacet
  facet normal -3.798837e-01 -7.338790e-01 5.631252e-01
    outer loop
      vertex   -3.582919e+01 2.171925e-02 -7.274791e+01
      vertex   -3.588949e+01 4.334832e-02 -7.276040e+01
      vertex   -3.582919e+01 -2.577421e-01 -7.311211e+01
    endloop
  endfacet
  facet normal -3.798837e-01 -7.338790e-01 5.631252e-01
    outer loop
      vertex   -3.582919e+01 -2.577421e-01 -7.311211e+01
      vertex   -3.588949e+01 4.334832e-02 -7.276040e+01
      vertex   -3.588949e+01 -2.400820e-01 -7.312977e+01
    endloop
  endfacet
  facet normal -3.798837e-01 -5.631252e-01 7.338790e-01
    outer loop
      vertex   -3.582919e+01 -2.577421e-01 -7.311211e+01
      vertex   -3.588949e+01 -2.400820e-01 -7.312977e+01
      vertex   -3.582919e+01 -6.219432e-01 -7.339157e+01
    endloop
  endfacet
  facet normal -3.798837e-01 -5.631252e-01 7.338790e-01
    outer loop
      vertex   -3.582919e+01 -6.219432e-01 -7.339157e+01
      vertex   -3.588949e+01 -2.400820e-01 -7.312977e+01
      vertex   -3.588949e+01 -6.094557e-01 -7.341320e+01
    endloop
  endfacet
  facet normal -3.798837e-01 -3.539953e-01 8.546202e-01
    outer loop
      vertex   -3.582919e+01 -6.219432e-01 -7.339157e+01
      vertex   -3.588949e+01 -6.094557e-01 -7.341320e+01
      vertex   -3.582919e+01 -1.046064e+00 -7.356725e+01
    endloop
  endfacet
  facet normal -3.798837e-01 -3.539953e-01 8.546202e-01
    outer loop
      vertex   -3.582919e+01 -1.046064e+00 -7.356725e+01
      vertex   -3.588949e+01 -6.094557e-01 -7.341320e+01
      vertex   -3.588949e+01 -1.039600e+00 -7.359137e+01
    endloop
  endfacet
  facet normal -6.054678e-01 -7.890610e-01 1.038819e-01
    outer loop
      vertex   -3.588949e+01 2.822912e-01 -7.186865e+01
      vertex   -3.594126e+01 3.220208e-01 -7.186865e+01
      vertex   -3.588949e+01 2.215201e-01 -7.233025e+01
    endloop
  endfacet
  facet normal -6.054678e-01 -7.890610e-01 1.038819e-01
    outer loop
      vertex   -3.588949e+01 2.215201e-01 -7.233025e+01
      vertex   -3.594126e+01 3.220208e-01 -7.186865e+01
      vertex   -3.594126e+01 2.598960e-01 -7.234054e+01
    endloop
  endfacet
  facet normal -6.054678e-01 -7.352878e-01 3.045662e-01
    outer loop
      vertex   -3.588949e+01 2.215201e-01 -7.233025e+01
      vertex   -3.594126e+01 2.598960e-01 -7.234054e+01
      vertex   -3.588949e+01 4.334832e-02 -7.276040e+01
    endloop
  endfacet
  facet normal -6.054678e-01 -7.352878e-01 3.045662e-01
    outer loop
      vertex   -3.588949e+01 4.334832e-02 -7.276040e+01
      vertex   -3.594126e+01 2.598960e-01 -7.234054e+01
      vertex   -3.594126e+01 7.775522e-02 -7.278026e+01
    endloop
  endfacet
  facet normal -6.054678e-01 -6.314060e-01 4.844948e-01
    outer loop
      vertex   -3.588949e+01 4.334832e-02 -7.276040e+01
      vertex   -3.594126e+01 7.775522e-02 -7.278026e+01
      vertex   -3.588949e+01 -2.400820e-01 -7.312977e+01
    endloop
  endfacet
  facet normal -6.054678e-01 -6.314060e-01 4.844948e-01
    outer loop
      vertex   -3.588949e+01 -2.400820e-01 -7.312977e+01
      vertex   -3.594126e+01 7.775522e-02 -7.278026e+01
      vertex   -3.594126e+01 -2.119889e-01 -7.315787e+01
    endloop
  endfacet
  facet normal -6.054678e-01 -4.844948e-01 6.314060e-01
    outer loop
      vertex   -3.588949e+01 -2.400820e-01 -7.312977e+01
      vertex   -3.594126e+01 -2.119889e-01 -7.315787e+01
      vertex   -3.588949e+01 -6.094557e-01 -7.341320e+01
    endloop
  endfacet
  facet normal -6.054678e-01 -4.844948e-01 6.314060e-01
    outer loop
      vertex   -3.588949e+01 -6.094557e-01 -7.341320e+01
      vertex   -3.594126e+01 -2.119889e-01 -7.315787e+01
      vertex   -3.594126e+01 -5.895908e-01 -7.344761e+01
    endloop
  endfacet
  facet normal -6.054678e-01 -3.045662e-01 7.352878e-01
    outer loop
      vertex   -3.588949e+01 -6.094557e-01 -7.341320e+01
      vertex   -3.594126e+01 -5.895908e-01 -7.344761e+01
      vertex   -3.588949e+01 -1.039600e+00 -7.359137e+01
    endloop
  endfacet
  facet normal -6.054678e-01 -3.045662e-01 7.352878e-01
    outer loop
      vertex   -3.588949e+01 -1.039600e+00 -7.359137e+01
      vertex   -3.594126e+01 -5.895908e-01 -7.344761e+01
      vertex   -3.594126e+01 -1.029318e+00 -7.362975e+01
    endloop
  endfacet
  facet normal -7.908176e-01 -6.068157e-01 7.988880e-02
    outer loop
      vertex   -3.594126e+01 3.220208e-01 -7.186865e+01
      vertex   -3.598099e+01 3.737975e-01 -7.186865e+01
      vertex   -3.594126e+01 2.598960e-01 -7.234054e+01
    endloop
  endfacet
  facet normal -7.908176e-01 -6.068157e-01 7.988880e-02
    outer loop
      vertex   -3.594126e+01 2.598960e-01 -7.234054e+01
      vertex   -3.598099e+01 3.737975e-01 -7.186865e+01
      vertex   -3.598099e+01 3.099084e-01 -7.235394e+01
    endloop
  endfacet
  facet normal -7.908176e-01 -5.654622e-01 2.342221e-01
    outer loop
      vertex   -3.594126e+01 2.598960e-01 -7.234054e+01
      vertex   -3.598099e+01 3.099084e-01 -7.235394e+01
      vertex   -3.594126e+01 7.775522e-02 -7.278026e+01
    endloop
  endfacet
  facet normal -7.908176e-01 -5.654622e-01 2.342221e-01
    outer loop
      vertex   -3.594126e+01 7.775522e-02 -7.278026e+01
      vertex   -3.598099e+01 3.099084e-01 -7.235394e+01
      vertex   -3.598099e+01 1.225951e-01 -7.280615e+01
    endloop
  endfacet
  facet normal -7.908176e-01 -4.855734e-01 3.725936e-01
    outer loop
      vertex   -3.594126e+01 7.775522e-02 -7.278026e+01
      vertex   -3.598099e+01 1.225951e-01 -7.280615e+01
      vertex   -3.594126e+01 -2.119889e-01 -7.315787e+01
    endloop
  endfacet
  facet normal -7.908176e-01 -4.855734e-01 3.725936e-01
    outer loop
      vertex   -3.594126e+01 -2.119889e-01 -7.315787e+01
      vertex   -3.598099e+01 1.225951e-01 -7.280615e+01
      vertex   -3.598099e+01 -1.753773e-01 -7.319448e+01
    endloop
  endfacet
  facet normal -7.908176e-01 -3.725936e-01 4.855734e-01
    outer loop
      vertex   -3.594126e+01 -2.119889e-01 -7.315787e+01
      vertex   -3.598099e+01 -1.753773e-01 -7.319448e+01
      vertex   -3.594126e+01 -5.895908e-01 -7.344761e+01
    endloop
  endfacet
  facet normal -7.908176e-01 -3.725936e-01 4.855734e-01
    outer loop
      vertex   -3.594126e+01 -5.895908e-01 -7.344761e+01
      vertex   -3.598099e+01 -1.753773e-01 -7.319448e+01
      vertex   -3.598099e+01 -5.637025e-01 -7.349245e+01
    endloop
  endfacet
  facet normal -7.908176e-01 -2.342221e-01 5.654622e-01
    outer loop
      vertex   -3.594126e+01 -5.895908e-01 -7.344761e+01
      vertex   -3.598099e+01 -5.637025e-01 -7.349245e+01
      vertex   -3.594126e+01 -1.029318e+00 -7.362975e+01
    endloop
  endfacet
  facet normal -7.908176e-01 -2.342221e-01 5.654622e-01
    outer loop
      vertex   -3.594126e+01 -1.029318e+00 -7.362975e+01
      vertex   -3.598099e+01 -5.637025e-01 -7.349245e+01
      vertex   -3.598099e+01 -1.015917e+00 -7.367976e+01
    endloop
  endfacet
  facet normal -9.227092e-01 -3.821987e-01 5.031741e-02
    outer loop
      vertex   -3.598099e+01 3.737975e-01 -7.186865e+01
      vertex   -3.600597e+01 4.340928e-01 -7.186865e+01
      vertex   -3.598099e+01 3.099084e-01 -7.235394e+01
    endloop
  endfacet
  facet normal -9.227092e-01 -3.821987e-01 5.031741e-02
    outer loop
      vertex   -3.598099e+01 3.099084e-01 -7.235394e+01
      vertex   -3.600597e+01 4.340928e-01 -7.186865e+01
      vertex   -3.600597e+01 3.681492e-01 -7.236954e+01
    endloop
  endfacet
  facet normal -9.227092e-01 -3.561525e-01 1.475232e-01
    outer loop
      vertex   -3.598099e+01 3.099084e-01 -7.235394e+01
      vertex   -3.600597e+01 3.681492e-01 -7.236954e+01
      vertex   -3.598099e+01 1.225951e-01 -7.280615e+01
    endloop
  endfacet
  facet normal -9.227092e-01 -3.561525e-01 1.475232e-01
    outer loop
      vertex   -3.598099e+01 1.225951e-01 -7.280615e+01
      vertex   -3.600597e+01 3.681492e-01 -7.236954e+01
      vertex   -3.600597e+01 1.748124e-01 -7.283630e+01
    endloop
  endfacet
  facet normal -9.227092e-01 -3.058351e-01 2.346755e-01
    outer loop
      vertex   -3.598099e+01 1.225951e-01 -7.280615e+01
      vertex   -3.600597e+01 1.748124e-01 -7.283630e+01
      vertex   -3.598099e+01 -1.753773e-01 -7.319448e+01
    endloop
  endfacet
  facet normal -9.227092e-01 -3.058351e-01 2.346755e-01
    outer loop
      vertex   -3.598099e+01 -1.753773e-01 -7.319448e+01
      vertex   -3.600597e+01 1.748124e-01 -7.283630e+01
      vertex   -3.600597e+01 -1.327421e-01 -7.323711e+01
    endloop
  endfacet
  facet normal -9.227092e-01 -2.346755e-01 3.058351e-01
    outer loop
      vertex   -3.598099e+01 -1.753773e-01 -7.319448e+01
      vertex   -3.600597e+01 -1.327421e-01 -7.323711e+01
      vertex   -3.598099e+01 -5.637025e-01 -7.349245e+01
    endloop
  endfacet
  facet normal -9.227092e-01 -2.346755e-01 3.058351e-01
    outer loop
      vertex   -3.598099e+01 -5.637025e-01 -7.349245e+01
      vertex   -3.600597e+01 -1.327421e-01 -7.323711e+01
      vertex   -3.600597e+01 -5.335549e-01 -7.354467e+01
    endloop
  endfacet
  facet normal -9.227092e-01 -1.475232e-01 3.561525e-01
    outer loop
      vertex   -3.598099e+01 -5.637025e-01 -7.349245e+01
      vertex   -3.600597e+01 -5.335549e-01 -7.354467e+01
      vertex   -3.598099e+01 -1.015917e+00 -7.367976e+01
    endloop
  endfacet
  facet normal -9.227092e-01 -1.475232e-01 3.561525e-01
    outer loop
      vertex   -3.598099e+01 -1.015917e+00 -7.367976e+01
      vertex   -3.600597e+01 -5.335549e-01 -7.354467e+01
      vertex   -3.600597e+01 -1.000311e+00 -7.373800e+01
    endloop
  endfacet
  facet normal -9.912985e-01 -1.305069e-01 1.718156e-02
    outer loop
      vertex   -3.600597e+01 4.340928e-01 -7.186865e+01
      vertex   -3.601449e+01 4.987975e-01 -7.186865e+01
      vertex   -3.600597e+01 3.681492e-01 -7.236954e+01
    endloop
  endfacet
  facet normal -9.912985e-01 -1.305069e-01 1.718156e-02
    outer loop
      vertex   -3.600597e+01 3.681492e-01 -7.236954e+01
      vertex   -3.601449e+01 4.987975e-01 -7.186865e+01
      vertex   -3.601449e+01 4.306492e-01 -7.238629e+01
    endloop
  endfacet
  facet normal -9.912985e-01 -1.216131e-01 5.037379e-02
    outer loop
      vertex   -3.600597e+01 3.681492e-01 -7.236954e+01
      vertex   -3.601449e+01 4.306492e-01 -7.238629e+01
      vertex   -3.600597e+01 1.748124e-01 -7.283630e+01
    endloop
  endfacet
  facet normal -9.912985e-01 -1.216131e-01 5.037379e-02
    outer loop
      vertex   -3.600597e+01 1.748124e-01 -7.283630e+01
      vertex   -3.601449e+01 4.306492e-01 -7.238629e+01
      vertex   -3.601449e+01 2.308483e-01 -7.286865e+01
    endloop
  endfacet
  facet normal -9.912985e-01 -1.044315e-01 8.013313e-02
    outer loop
      vertex   -3.600597e+01 1.748124e-01 -7.283630e+01
      vertex   -3.601449e+01 2.308483e-01 -7.286865e+01
      vertex   -3.600597e+01 -1.327421e-01 -7.323711e+01
    endloop
  endfacet
  facet normal -9.912985e-01 -1.044315e-01 8.013313e-02
    outer loop
      vertex   -3.600597e+01 -1.327421e-01 -7.323711e+01
      vertex   -3.601449e+01 2.308483e-01 -7.286865e+01
      vertex   -3.601449e+01 -8.698892e-02 -7.328287e+01
    endloop
  endfacet
  facet normal -9.912985e-01 -8.013313e-02 1.044315e-01
    outer loop
      vertex   -3.600597e+01 -1.327421e-01 -7.323711e+01
      vertex   -3.601449e+01 -8.698892e-02 -7.328287e+01
      vertex   -3.600597e+01 -5.335549e-01 -7.354467e+01
    endloop
  endfacet
  facet normal -9.912985e-01 -8.013313e-02 1.044315e-01
    outer loop
      vertex   -3.600597e+01 -5.335549e-01 -7.354467e+01
      vertex   -3.601449e+01 -8.698892e-02 -7.328287e+01
      vertex   -3.601449e+01 -5.012025e-01 -7.360070e+01
    endloop
  endfacet
  facet normal -9.912985e-01 -5.037379e-02 1.216131e-01
    outer loop
      vertex   -3.600597e+01 -5.335549e-01 -7.354467e+01
      vertex   -3.601449e+01 -5.012025e-01 -7.360070e+01
      vertex   -3.600597e+01 -1.000311e+00 -7.373800e+01
    endloop
  endfacet
  facet normal -9.912985e-01 -5.037379e-02 1.216131e-01
    outer loop
      vertex   -3.600597e+01 -1.000311e+00 -7.373800e+01
      vertex   -3.601449e+01 -5.012025e-01 -7.360070e+01
      vertex   -3.601449e+01 -9.835644e-01 -7.380050e+01
    endloop
  endfacet
  facet normal -1.305262e-01 -9.914449e-01 6.751341e-15
    outer loop
      vertex   -3.582919e+01 2.573161e-01 -6.542865e+01
      vertex   -3.582919e+01 2.573161e-01 -6.671665e+01
      vertex   -3.576449e+01 2.487975e-01 -6.542865e+01
    endloop
  endfacet
  facet normal -1.305262e-01 -9.914449e-01 1.361850e-14
    outer loop
      vertex   -3.576449e+01 2.487975e-01 -6.542865e+01
      vertex   -3.582919e+01 2.573161e-01 -6.671665e+01
      vertex   -3.582919e+01 2.573161e-01 -6.800465e+01
    endloop
  endfacet
  facet normal -1.305262e-01 -9.914449e-01 1.281226e-14
    outer loop
      vertex   -3.576449e+01 2.487975e-01 -6.542865e+01
      vertex   -3.582919e+01 2.573161e-01 -6.800465e+01
      vertex   -3.582919e+01 2.573161e-01 -6.929265e+01
    endloop
  endfacet
  facet normal -3.826834e-01 -9.238795e-01 1.337963e-14
    outer loop
      vertex   -3.582919e+01 2.573161e-01 -6.929265e+01
      vertex   -3.582919e+01 2.573161e-01 -6.800465e+01
      vertex   -3.588949e+01 2.822912e-01 -6.929265e+01
    endloop
  endfacet
  facet normal -3.826834e-01 -9.238795e-01 1.306108e-14
    outer loop
      vertex   -3.582919e+01 2.573161e-01 -6.929265e+01
      vertex   -3.588949e+01 2.822912e-01 -6.929265e+01
      vertex   -3.588949e+01 2.822912e-01 -7.058065e+01
    endloop
  endfacet
  facet normal -6.087614e-01 -7.933533e-01 1.430737e-14
    outer loop
      vertex   -3.588949e+01 2.822912e-01 -7.058065e+01
      vertex   -3.588949e+01 2.822912e-01 -6.929265e+01
      vertex   -3.594126e+01 3.220208e-01 -7.058065e+01
    endloop
  endfacet
  facet normal -6.087614e-01 -7.933533e-01 -2.450315e-14
    outer loop
      vertex   -3.588949e+01 2.822912e-01 -7.058065e+01
      vertex   -3.594126e+01 3.220208e-01 -7.058065e+01
      vertex   -3.594126e+01 3.220208e-01 -7.186865e+01
    endloop
  endfacet
  facet normal -7.933533e-01 -6.087614e-01 -2.420187e-14
    outer loop
      vertex   -3.594126e+01 3.220208e-01 -7.186865e+01
      vertex   -3.594126e+01 3.220208e-01 -7.058065e+01
      vertex   -3.598099e+01 3.737975e-01 -7.186865e+01
    endloop
  endfacet
  facet normal -7.933533e-01 -6.087614e-01 -1.227393e-14
    outer loop
      vertex   -3.598099e+01 3.737975e-01 -7.186865e+01
      vertex   -3.594126e+01 3.220208e-01 -7.058065e+01
      vertex   -3.598099e+01 3.737975e-01 -7.058065e+01
    endloop
  endfacet
  facet normal -9.238795e-01 -3.826834e-01 -1.006115e-14
    outer loop
      vertex   -3.598099e+01 3.737975e-01 -7.186865e+01
      vertex   -3.598099e+01 3.737975e-01 -7.058065e+01
      vertex   -3.600597e+01 4.340928e-01 -7.186865e+01
    endloop
  endfacet
  facet normal -9.238795e-01 -3.826834e-01 -4.916059e-17
    outer loop
      vertex   -3.600597e+01 4.340928e-01 -7.186865e+01
      vertex   -3.598099e+01 3.737975e-01 -7.058065e+01
      vertex   -3.600597e+01 4.340928e-01 -7.058065e+01
    endloop
  endfacet
  facet normal -9.914449e-01 -1.305262e-01 3.714281e-15
    outer loop
      vertex   -3.600597e+01 4.340928e-01 -7.186865e+01
      vertex   -3.600597e+01 4.340928e-01 -7.058065e+01
      vertex   -3.601449e+01 4.987975e-01 -7.186865e+01
    endloop
  endfacet
  facet normal -9.914449e-01 -1.305262e-01 8.048004e-16
    outer loop
      vertex   -3.601449e+01 4.987975e-01 -7.186865e+01
      vertex   -3.600597e+01 4.340928e-01 -7.058065e+01
      vertex   -3.600597e+01 4.340928e-01 -6.929265e+01
    endloop
  endfacet
  facet normal -9.914449e-01 -1.305262e-01 7.987798e-16
    outer loop
      vertex   -3.601449e+01 4.987975e-01 -7.186865e+01
      vertex   -3.600597e+01 4.340928e-01 -6.929265e+01
      vertex   -3.600597e+01 4.340928e-01 -6.800465e+01
    endloop
  endfacet
  facet normal -9.238795e-01 -3.826834e-01 2.342030e-15
    outer loop
      vertex   -3.600597e+01 4.340928e-01 -6.800465e+01
      vertex   -3.600597e+01 4.340928e-01 -6.929265e+01
      vertex   -3.598099e+01 3.737975e-01 -6.800465e+01
    endloop
  endfacet
  facet normal -9.238795e-01 -3.826834e-01 1.248686e-14
    outer loop
      vertex   -3.600597e+01 4.340928e-01 -6.800465e+01
      vertex   -3.598099e+01 3.737975e-01 -6.800465e+01
      vertex   -3.598099e+01 3.737975e-01 -6.671665e+01
    endloop
  endfacet
  facet normal -7.933533e-01 -6.087614e-01 1.240020e-14
    outer loop
      vertex   -3.598099e+01 3.737975e-01 -6.671665e+01
      vertex   -3.598099e+01 3.737975e-01 -6.800465e+01
      vertex   -3.594126e+01 3.220208e-01 -6.671665e+01
    endloop
  endfacet
  facet normal -7.933533e-01 -6.087614e-01 9.698218e-16
    outer loop
      vertex   -3.598099e+01 3.737975e-01 -6.671665e+01
      vertex   -3.594126e+01 3.220208e-01 -6.671665e+01
      vertex   -3.594126e+01 3.220208e-01 -6.542865e+01
    endloop
  endfacet
  facet normal -6.087614e-01 -7.933533e-01 1.265123e-15
    outer loop
      vertex   -3.594126e+01 3.220208e-01 -6.542865e+01
      vertex   -3.594126e+01 3.220208e-01 -6.671665e+01
      vertex   -3.588949e+01 2.822912e-01 -6.542865e+01
    endloop
  endfacet
  facet normal -6.087614e-01 -7.933533e-01 3.556021e-15
    outer loop
      vertex   -3.588949e+01 2.822912e-01 -6.542865e+01
      vertex   -3.594126e+01 3.220208e-01 -6.671665e+01
      vertex   -3.588949e+01 2.822912e-01 -6.671665e+01
    endloop
  endfacet
  facet normal -3.826834e-01 -9.238795e-01 4.141075e-15
    outer loop
      vertex   -3.588949e+01 2.822912e-01 -6.542865e+01
      vertex   -3.588949e+01 2.822912e-01 -6.671665e+01
      vertex   -3.582919e+01 2.573161e-01 -6.542865e+01
    endloop
  endfacet
  facet normal -3.826834e-01 -9.238795e-01 6.291248e-15
    outer loop
      vertex   -3.582919e+01 2.573161e-01 -6.542865e+01
      vertex   -3.588949e+01 2.822912e-01 -6.671665e+01
      vertex   -3.582919e+01 2.573161e-01 -6.671665e+01
    endloop
  endfacet
  facet normal -7.933533e-01 -6.087614e-01 -3.148319e-16
    outer loop
      vertex   -3.594126e+01 3.220208e-01 -6.542865e+01
      vertex   -3.598099e+01 3.737975e-01 -6.542865e+01
      vertex   -3.598099e+01 3.737975e-01 -6.671665e+01
    endloop
  endfacet
  facet normal -9.238795e-01 -3.826834e-01 -1.979180e-16
    outer loop
      vertex   -3.598099e+01 3.737975e-01 -6.671665e+01
      vertex   -3.598099e+01 3.737975e-01 -6.542865e+01
      vertex   -3.600597e+01 4.340928e-01 -6.671665e+01
    endloop
  endfacet
  facet normal -9.238795e-01 -3.826834e-01 7.454646e-15
    outer loop
      vertex   -3.598099e+01 3.737975e-01 -6.671665e+01
      vertex   -3.600597e+01 4.340928e-01 -6.671665e+01
      vertex   -3.600597e+01 4.340928e-01 -6.800465e+01
    endloop
  endfacet
  facet normal -9.914449e-01 -1.305262e-01 6.273889e-15
    outer loop
      vertex   -3.600597e+01 4.340928e-01 -6.800465e+01
      vertex   -3.600597e+01 4.340928e-01 -6.671665e+01
      vertex   -3.601449e+01 4.987975e-01 -6.542865e+01
    endloop
  endfacet
  facet normal -9.914449e-01 -1.305262e-01 3.490207e-17
    outer loop
      vertex   -3.600597e+01 4.340928e-01 -6.800465e+01
      vertex   -3.601449e+01 4.987975e-01 -6.542865e+01
      vertex   -3.601449e+01 4.987975e-01 -7.186865e+01
    endloop
  endfacet
  facet normal -9.238795e-01 -3.826834e-01 -5.855622e-15
    outer loop
      vertex   -3.598099e+01 3.737975e-01 -6.542865e+01
      vertex   -3.600597e+01 4.340928e-01 -6.542865e+01
      vertex   -3.600597e+01 4.340928e-01 -6.671665e+01
    endloop
  endfacet
  facet normal -9.914449e-01 -1.305262e-01 -5.728214e-15
    outer loop
      vertex   -3.600597e+01 4.340928e-01 -6.671665e+01
      vertex   -3.600597e+01 4.340928e-01 -6.542865e+01
      vertex   -3.601449e+01 4.987975e-01 -6.542865e+01
    endloop
  endfacet
  facet normal -6.087614e-01 -7.933533e-01 -3.775140e-14
    outer loop
      vertex   -3.594126e+01 3.220208e-01 -7.186865e+01
      vertex   -3.588949e+01 2.822912e-01 -7.186865e+01
      vertex   -3.588949e+01 2.822912e-01 -7.058065e+01
    endloop
  endfacet
  facet normal -3.826834e-01 -9.238795e-01 -3.496408e-14
    outer loop
      vertex   -3.588949e+01 2.822912e-01 -7.058065e+01
      vertex   -3.588949e+01 2.822912e-01 -7.186865e+01
      vertex   -3.582919e+01 2.573161e-01 -7.058065e+01
    endloop
  endfacet
  facet normal -3.826834e-01 -9.238795e-01 1.557106e-14
    outer loop
      vertex   -3.588949e+01 2.822912e-01 -7.058065e+01
      vertex   -3.582919e+01 2.573161e-01 -7.058065e+01
      vertex   -3.582919e+01 2.573161e-01 -6.929265e+01
    endloop
  endfacet
  facet normal -1.305262e-01 -9.914449e-01 1.361818e-14
    outer loop
      vertex   -3.582919e+01 2.573161e-01 -6.929265e+01
      vertex   -3.582919e+01 2.573161e-01 -7.058065e+01
      vertex   -3.576449e+01 2.487975e-01 -7.186865e+01
    endloop
  endfacet
  facet normal -1.305262e-01 -9.914449e-01 1.516860e-15
    outer loop
      vertex   -3.582919e+01 2.573161e-01 -6.929265e+01
      vertex   -3.576449e+01 2.487975e-01 -7.186865e+01
      vertex   -3.576449e+01 2.487975e-01 -6.542865e+01
    endloop
  endfacet
  facet normal -3.826834e-01 -9.238795e-01 -4.396194e-14
    outer loop
      vertex   -3.588949e+01 2.822912e-01 -7.186865e+01
      vertex   -3.582919e+01 2.573161e-01 -7.186865e+01
      vertex   -3.582919e+01 2.573161e-01 -7.058065e+01
    endloop
  endfacet
  facet normal -1.305262e-01 -9.914449e-01 -3.945080e-14
    outer loop
      vertex   -3.582919e+01 2.573161e-01 -7.058065e+01
      vertex   -3.582919e+01 2.573161e-01 -7.186865e+01
      vertex   -3.576449e+01 2.487975e-01 -7.186865e+01
    endloop
  endfacet
  facet normal -3.826834e-01 -9.238795e-01 1.557039e-14
    outer loop
      vertex   -3.582919e+01 2.573161e-01 -6.800465e+01
      vertex   -3.582919e+01 2.573161e-01 -6.671665e+01
      vertex   -3.588949e+01 2.822912e-01 -6.800465e+01
    endloop
  endfacet
  facet normal -3.826834e-01 -9.238795e-01 1.306185e-14
    outer loop
      vertex   -3.588949e+01 2.822912e-01 -6.800465e+01
      vertex   -3.582919e+01 2.573161e-01 -6.671665e+01
      vertex   -3.588949e+01 2.822912e-01 -6.671665e+01
    endloop
  endfacet
  facet normal -6.087614e-01 -7.933533e-01 1.430737e-14
    outer loop
      vertex   -3.588949e+01 2.822912e-01 -6.800465e+01
      vertex   -3.588949e+01 2.822912e-01 -6.671665e+01
      vertex   -3.594126e+01 3.220208e-01 -6.800465e+01
    endloop
  endfacet
  facet normal -6.087614e-01 -7.933533e-01 9.273620e-15
    outer loop
      vertex   -3.594126e+01 3.220208e-01 -6.800465e+01
      vertex   -3.588949e+01 2.822912e-01 -6.671665e+01
      vertex   -3.594126e+01 3.220208e-01 -6.671665e+01
    endloop
  endfacet
  facet normal -7.933533e-01 -6.087614e-01 8.915615e-15
    outer loop
      vertex   -3.594126e+01 3.220208e-01 -6.800465e+01
      vertex   -3.594126e+01 3.220208e-01 -6.671665e+01
      vertex   -3.598099e+01 3.737975e-01 -6.800465e+01
    endloop
  endfacet
  facet normal -3.826834e-01 -9.238795e-01 1.306097e-14
    outer loop
      vertex   -3.582919e+01 2.573161e-01 -6.800465e+01
      vertex   -3.588949e+01 2.822912e-01 -6.800465e+01
      vertex   -3.588949e+01 2.822912e-01 -6.929265e+01
    endloop
  endfacet
  facet normal -6.087614e-01 -7.933533e-01 1.430737e-14
    outer loop
      vertex   -3.588949e+01 2.822912e-01 -6.929265e+01
      vertex   -3.588949e+01 2.822912e-01 -6.800465e+01
      vertex   -3.594126e+01 3.220208e-01 -6.929265e+01
    endloop
  endfacet
  facet normal -6.087614e-01 -7.933533e-01 9.239005e-15
    outer loop
      vertex   -3.588949e+01 2.822912e-01 -6.929265e+01
      vertex   -3.594126e+01 3.220208e-01 -6.929265e+01
      vertex   -3.594126e+01 3.220208e-01 -7.058065e+01
    endloop
  endfacet
  facet normal -7.933533e-01 -6.087614e-01 8.889378e-15
    outer loop
      vertex   -3.594126e+01 3.220208e-01 -7.058065e+01
      vertex   -3.594126e+01 3.220208e-01 -6.929265e+01
      vertex   -3.598099e+01 3.737975e-01 -7.058065e+01
    endloop
  endfacet
  facet normal -6.087614e-01 -7.933533e-01 9.342005e-15
    outer loop
      vertex   -3.594126e+01 3.220208e-01 -6.929265e+01
      vertex   -3.588949e+01 2.822912e-01 -6.800465e+01
      vertex   -3.594126e+01 3.220208e-01 -6.800465e+01
    endloop
  endfacet
  facet normal -7.933533e-01 -6.087614e-01 8.968088e-15
    outer loop
      vertex   -3.594126e+01 3.220208e-01 -6.929265e+01
      vertex   -3.594126e+01 3.220208e-01 -6.800465e+01
      vertex   -3.598099e+01 3.737975e-01 -6.929265e+01
    endloop
  endfacet
  facet normal -7.933533e-01 -6.087614e-01 3.620684e-15
    outer loop
      vertex   -3.598099e+01 3.737975e-01 -6.929265e+01
      vertex   -3.594126e+01 3.220208e-01 -6.800465e+01
      vertex   -3.598099e+01 3.737975e-01 -6.800465e+01
    endloop
  endfacet
  facet normal -9.238795e-01 -3.826834e-01 2.276057e-15
    outer loop
      vertex   -3.598099e+01 3.737975e-01 -6.929265e+01
      vertex   -3.598099e+01 3.737975e-01 -6.800465e+01
      vertex   -3.600597e+01 4.340928e-01 -6.929265e+01
    endloop
  endfacet
  facet normal -9.238795e-01 -3.826834e-01 7.404750e-15
    outer loop
      vertex   -3.600597e+01 4.340928e-01 -7.058065e+01
      vertex   -3.598099e+01 3.737975e-01 -7.058065e+01
      vertex   -3.598099e+01 3.737975e-01 -6.929265e+01
    endloop
  endfacet
  facet normal -7.933533e-01 -6.087614e-01 8.049799e-15
    outer loop
      vertex   -3.598099e+01 3.737975e-01 -6.929265e+01
      vertex   -3.598099e+01 3.737975e-01 -7.058065e+01
      vertex   -3.594126e+01 3.220208e-01 -6.929265e+01
    endloop
  endfacet
  facet normal -9.238795e-01 -3.826834e-01 2.358523e-15
    outer loop
      vertex   -3.600597e+01 4.340928e-01 -7.058065e+01
      vertex   -3.598099e+01 3.737975e-01 -6.929265e+01
      vertex   -3.600597e+01 4.340928e-01 -6.929265e+01
    endloop
  endfacet
  facet normal -1.294283e-01 -1.294283e-01 -9.831056e-01
    outer loop
      vertex   -3.576449e+01 -1.501202e+00 -6.367865e+01
      vertex   -3.582919e+01 -1.501202e+00 -6.367013e+01
      vertex   -3.576449e+01 -1.048269e+00 -6.373828e+01
    endloop
  endfacet
  facet normal -1.294283e-01 -1.294283e-01 -9.831056e-01
    outer loop
      vertex   -3.576449e+01 -1.048269e+00 -6.373828e+01
      vertex   -3.582919e+01 -1.501202e+00 -6.367013e+01
      vertex   -3.582919e+01 -1.046064e+00 -6.373005e+01
    endloop
  endfacet
  facet normal -1.294283e-01 -3.794646e-01 -9.161086e-01
    outer loop
      vertex   -3.576449e+01 -1.048269e+00 -6.373828e+01
      vertex   -3.582919e+01 -1.046064e+00 -6.373005e+01
      vertex   -3.576449e+01 -6.262025e-01 -6.391311e+01
    endloop
  endfacet
  facet normal -1.294283e-01 -3.794646e-01 -9.161086e-01
    outer loop
      vertex   -3.576449e+01 -6.262025e-01 -6.391311e+01
      vertex   -3.582919e+01 -1.046064e+00 -6.373005e+01
      vertex   -3.582919e+01 -6.219432e-01 -6.390573e+01
    endloop
  endfacet
  facet normal -1.294283e-01 -6.036410e-01 -7.866803e-01
    outer loop
      vertex   -3.576449e+01 -6.262025e-01 -6.391311e+01
      vertex   -3.582919e+01 -6.219432e-01 -6.390573e+01
      vertex   -3.576449e+01 -2.637656e-01 -6.419121e+01
    endloop
  endfacet
  facet normal -1.294283e-01 -6.036410e-01 -7.866803e-01
    outer loop
      vertex   -3.576449e+01 -2.637656e-01 -6.419121e+01
      vertex   -3.582919e+01 -6.219432e-01 -6.390573e+01
      vertex   -3.582919e+01 -2.577421e-01 -6.418519e+01
    endloop
  endfacet
  facet normal -1.294283e-01 -7.866803e-01 -6.036410e-01
    outer loop
      vertex   -3.576449e+01 -2.637656e-01 -6.419121e+01
      vertex   -3.582919e+01 -2.577421e-01 -6.418519e+01
      vertex   -3.576449e+01 1.434197e-02 -6.455365e+01
    endloop
  endfacet
  facet normal -1.294283e-01 -7.866803e-01 -6.036410e-01
    outer loop
      vertex   -3.576449e+01 1.434197e-02 -6.455365e+01
      vertex   -3.582919e+01 -2.577421e-01 -6.418519e+01
      vertex   -3.582919e+01 2.171925e-02 -6.454939e+01
    endloop
  endfacet
  facet normal -1.294283e-01 -9.161086e-01 -3.794646e-01
    outer loop
      vertex   -3.576449e+01 1.434197e-02 -6.455365e+01
      vertex   -3.582919e+01 2.171925e-02 -6.454939e+01
      vertex   -3.576449e+01 1.891677e-01 -6.497572e+01
    endloop
  endfacet
  facet normal -1.294283e-01 -9.161086e-01 -3.794646e-01
    outer loop
      vertex   -3.576449e+01 1.891677e-01 -6.497572e+01
      vertex   -3.582919e+01 2.171925e-02 -6.454939e+01
      vertex   -3.582919e+01 1.973960e-01 -6.497351e+01
    endloop
  endfacet
  facet normal -1.294283e-01 -9.831056e-01 -1.294283e-01
    outer loop
      vertex   -3.576449e+01 1.891677e-01 -6.497572e+01
      vertex   -3.582919e+01 1.973960e-01 -6.497351e+01
      vertex   -3.576449e+01 2.487975e-01 -6.542865e+01
    endloop
  endfacet
  facet normal -1.294283e-01 -9.831056e-01 -1.294283e-01
    outer loop
      vertex   -3.576449e+01 2.487975e-01 -6.542865e+01
      vertex   -3.582919e+01 1.973960e-01 -6.497351e+01
      vertex   -3.582919e+01 2.573161e-01 -6.542865e+01
    endloop
  endfacet
  facet normal -3.798837e-01 -9.171204e-01 -1.207412e-01
    outer loop
      vertex   -3.582919e+01 2.573161e-01 -6.542865e+01
      vertex   -3.582919e+01 1.973960e-01 -6.497351e+01
      vertex   -3.588949e+01 2.215201e-01 -6.496705e+01
    endloop
  endfacet
  facet normal -3.798837e-01 -9.171204e-01 -1.207412e-01
    outer loop
      vertex   -3.582919e+01 2.573161e-01 -6.542865e+01
      vertex   -3.588949e+01 2.215201e-01 -6.496705e+01
      vertex   -3.588949e+01 2.822912e-01 -6.542865e+01
    endloop
  endfacet
  facet normal -6.054678e-01 -7.890610e-01 -1.038819e-01
    outer loop
      vertex   -3.588949e+01 2.822912e-01 -6.542865e+01
      vertex   -3.588949e+01 2.215201e-01 -6.496705e+01
      vertex   -3.594126e+01 2.598960e-01 -6.495677e+01
    endloop
  endfacet
  facet normal -6.054678e-01 -7.890610e-01 -1.038819e-01
    outer loop
      vertex   -3.588949e+01 2.822912e-01 -6.542865e+01
      vertex   -3.594126e+01 2.598960e-01 -6.495677e+01
      vertex   -3.594126e+01 3.220208e-01 -6.542865e+01
    endloop
  endfacet
  facet normal -7.908176e-01 -6.068157e-01 -7.988880e-02
    outer loop
      vertex   -3.594126e+01 3.220208e-01 -6.542865e+01
      vertex   -3.594126e+01 2.598960e-01 -6.495677e+01
      vertex   -3.598099e+01 3.099084e-01 -6.494337e+01
    endloop
  endfacet
  facet normal -7.908176e-01 -6.068157e-01 -7.988880e-02
    outer loop
      vertex   -3.594126e+01 3.220208e-01 -6.542865e+01
      vertex   -3.598099e+01 3.099084e-01 -6.494337e+01
      vertex   -3.598099e+01 3.737975e-01 -6.542865e+01
    endloop
  endfacet
  facet normal -9.227092e-01 -3.821987e-01 -5.031741e-02
    outer loop
      vertex   -3.598099e+01 3.737975e-01 -6.542865e+01
      vertex   -3.598099e+01 3.099084e-01 -6.494337e+01
      vertex   -3.600597e+01 3.681492e-01 -6.492776e+01
    endloop
  endfacet
  facet normal -9.227092e-01 -3.821987e-01 -5.031741e-02
    outer loop
      vertex   -3.598099e+01 3.737975e-01 -6.542865e+01
      vertex   -3.600597e+01 3.681492e-01 -6.492776e+01
      vertex   -3.600597e+01 4.340928e-01 -6.542865e+01
    endloop
  endfacet
  facet normal -9.912985e-01 -1.305069e-01 -1.718156e-02
    outer loop
      vertex   -3.600597e+01 4.340928e-01 -6.542865e+01
      vertex   -3.600597e+01 3.681492e-01 -6.492776e+01
      vertex   -3.601449e+01 4.306492e-01 -6.491101e+01
    endloop
  endfacet
  facet normal -9.912985e-01 -1.305069e-01 -1.718156e-02
    outer loop
      vertex   -3.600597e+01 4.340928e-01 -6.542865e+01
      vertex   -3.601449e+01 4.306492e-01 -6.491101e+01
      vertex   -3.601449e+01 4.987975e-01 -6.542865e+01
    endloop
  endfacet
  facet normal -3.798837e-01 -1.207412e-01 -9.171204e-01
    outer loop
      vertex   -3.582919e+01 -1.501202e+00 -6.367013e+01
      vertex   -3.588949e+01 -1.501202e+00 -6.364516e+01
      vertex   -3.582919e+01 -1.046064e+00 -6.373005e+01
    endloop
  endfacet
  facet normal -3.798837e-01 -1.207412e-01 -9.171204e-01
    outer loop
      vertex   -3.582919e+01 -1.046064e+00 -6.373005e+01
      vertex   -3.588949e+01 -1.501202e+00 -6.364516e+01
      vertex   -3.588949e+01 -1.039600e+00 -6.370593e+01
    endloop
  endfacet
  facet normal -3.798837e-01 -3.539953e-01 -8.546202e-01
    outer loop
      vertex   -3.582919e+01 -1.046064e+00 -6.373005e+01
      vertex   -3.588949e+01 -1.039600e+00 -6.370593e+01
      vertex   -3.582919e+01 -6.219432e-01 -6.390573e+01
    endloop
  endfacet
  facet normal -3.798837e-01 -3.539953e-01 -8.546202e-01
    outer loop
      vertex   -3.582919e+01 -6.219432e-01 -6.390573e+01
      vertex   -3.588949e+01 -1.039600e+00 -6.370593e+01
      vertex   -3.588949e+01 -6.094557e-01 -6.388410e+01
    endloop
  endfacet
  facet normal -3.798837e-01 -5.631252e-01 -7.338790e-01
    outer loop
      vertex   -3.582919e+01 -6.219432e-01 -6.390573e+01
      vertex   -3.588949e+01 -6.094557e-01 -6.388410e+01
      vertex   -3.582919e+01 -2.577421e-01 -6.418519e+01
    endloop
  endfacet
  facet normal -3.798837e-01 -5.631252e-01 -7.338790e-01
    outer loop
      vertex   -3.582919e+01 -2.577421e-01 -6.418519e+01
      vertex   -3.588949e+01 -6.094557e-01 -6.388410e+01
      vertex   -3.588949e+01 -2.400820e-01 -6.416753e+01
    endloop
  endfacet
  facet normal -3.798837e-01 -7.338790e-01 -5.631252e-01
    outer loop
      vertex   -3.582919e+01 -2.577421e-01 -6.418519e+01
      vertex   -3.588949e+01 -2.400820e-01 -6.416753e+01
      vertex   -3.582919e+01 2.171925e-02 -6.454939e+01
    endloop
  endfacet
  facet normal -3.798837e-01 -7.338790e-01 -5.631252e-01
    outer loop
      vertex   -3.582919e+01 2.171925e-02 -6.454939e+01
      vertex   -3.588949e+01 -2.400820e-01 -6.416753e+01
      vertex   -3.588949e+01 4.334832e-02 -6.453690e+01
    endloop
  endfacet
  facet normal -3.798837e-01 -8.546202e-01 -3.539953e-01
    outer loop
      vertex   -3.582919e+01 2.171925e-02 -6.454939e+01
      vertex   -3.588949e+01 4.334832e-02 -6.453690e+01
      vertex   -3.582919e+01 1.973960e-01 -6.497351e+01
    endloop
  endfacet
  facet normal -3.798837e-01 -8.546202e-01 -3.539953e-01
    outer loop
      vertex   -3.582919e+01 1.973960e-01 -6.497351e+01
      vertex   -3.588949e+01 4.334832e-02 -6.453690e+01
      vertex   -3.588949e+01 2.215201e-01 -6.496705e+01
    endloop
  endfacet
  facet normal -6.054678e-01 -1.038819e-01 -7.890610e-01
    outer loop
      vertex   -3.588949e+01 -1.501202e+00 -6.364516e+01
      vertex   -3.594126e+01 -1.501202e+00 -6.360543e+01
      vertex   -3.588949e+01 -1.039600e+00 -6.370593e+01
    endloop
  endfacet
  facet normal -6.054678e-01 -1.038819e-01 -7.890610e-01
    outer loop
      vertex   -3.588949e+01 -1.039600e+00 -6.370593e+01
      vertex   -3.594126e+01 -1.501202e+00 -6.360543e+01
      vertex   -3.594126e+01 -1.029318e+00 -6.366755e+01
    endloop
  endfacet
  facet normal -6.054678e-01 -3.045662e-01 -7.352878e-01
    outer loop
      vertex   -3.588949e+01 -1.039600e+00 -6.370593e+01
      vertex   -3.594126e+01 -1.029318e+00 -6.366755e+01
      vertex   -3.588949e+01 -6.094557e-01 -6.388410e+01
    endloop
  endfacet
  facet normal -6.054678e-01 -3.045662e-01 -7.352878e-01
    outer loop
      vertex   -3.588949e+01 -6.094557e-01 -6.388410e+01
      vertex   -3.594126e+01 -1.029318e+00 -6.366755e+01
      vertex   -3.594126e+01 -5.895908e-01 -6.384969e+01
    endloop
  endfacet
  facet normal -6.054678e-01 -4.844948e-01 -6.314060e-01
    outer loop
      vertex   -3.588949e+01 -6.094557e-01 -6.388410e+01
      vertex   -3.594126e+01 -5.895908e-01 -6.384969e+01
      vertex   -3.588949e+01 -2.400820e-01 -6.416753e+01
    endloop
  endfacet
  facet normal -6.054678e-01 -4.844948e-01 -6.314060e-01
    outer loop
      vertex   -3.588949e+01 -2.400820e-01 -6.416753e+01
      vertex   -3.594126e+01 -5.895908e-01 -6.384969e+01
      vertex   -3.594126e+01 -2.119889e-01 -6.413944e+01
    endloop
  endfacet
  facet normal -6.054678e-01 -6.314060e-01 -4.844948e-01
    outer loop
      vertex   -3.588949e+01 -2.400820e-01 -6.416753e+01
      vertex   -3.594126e+01 -2.119889e-01 -6.413944e+01
      vertex   -3.588949e+01 4.334832e-02 -6.453690e+01
    endloop
  endfacet
  facet normal -6.054678e-01 -6.314060e-01 -4.844948e-01
    outer loop
      vertex   -3.588949e+01 4.334832e-02 -6.453690e+01
      vertex   -3.594126e+01 -2.119889e-01 -6.413944e+01
      vertex   -3.594126e+01 7.775522e-02 -6.451704e+01
    endloop
  endfacet
  facet normal -6.054678e-01 -7.352878e-01 -3.045662e-01
    outer loop
      vertex   -3.588949e+01 4.334832e-02 -6.453690e+01
      vertex   -3.594126e+01 7.775522e-02 -6.451704e+01
      vertex   -3.588949e+01 2.215201e-01 -6.496705e+01
    endloop
  endfacet
  facet normal -6.054678e-01 -7.352878e-01 -3.045662e-01
    outer loop
      vertex   -3.588949e+01 2.215201e-01 -6.496705e+01
      vertex   -3.594126e+01 7.775522e-02 -6.451704e+01
      vertex   -3.594126e+01 2.598960e-01 -6.495677e+01
    endloop
  endfacet
  facet normal -7.908176e-01 -7.988880e-02 -6.068157e-01
    outer loop
      vertex   -3.594126e+01 -1.501202e+00 -6.360543e+01
      vertex   -3.598099e+01 -1.501202e+00 -6.355365e+01
      vertex   -3.594126e+01 -1.029318e+00 -6.366755e+01
    endloop
  endfacet
  facet normal -7.908176e-01 -7.988880e-02 -6.068157e-01
    outer loop
      vertex   -3.594126e+01 -1.029318e+00 -6.366755e+01
      vertex   -3.598099e+01 -1.501202e+00 -6.355365e+01
      vertex   -3.598099e+01 -1.015917e+00 -6.361754e+01
    endloop
  endfacet
  facet normal -7.908176e-01 -2.342221e-01 -5.654622e-01
    outer loop
      vertex   -3.594126e+01 -1.029318e+00 -6.366755e+01
      vertex   -3.598099e+01 -1.015917e+00 -6.361754e+01
      vertex   -3.594126e+01 -5.895908e-01 -6.384969e+01
    endloop
  endfacet
  facet normal -7.908176e-01 -2.342221e-01 -5.654622e-01
    outer loop
      vertex   -3.594126e+01 -5.895908e-01 -6.384969e+01
      vertex   -3.598099e+01 -1.015917e+00 -6.361754e+01
      vertex   -3.598099e+01 -5.637025e-01 -6.380485e+01
    endloop
  endfacet
  facet normal -7.908176e-01 -3.725936e-01 -4.855734e-01
    outer loop
      vertex   -3.594126e+01 -5.895908e-01 -6.384969e+01
      vertex   -3.598099e+01 -5.637025e-01 -6.380485e+01
      vertex   -3.594126e+01 -2.119889e-01 -6.413944e+01
    endloop
  endfacet
  facet normal -7.908176e-01 -3.725936e-01 -4.855734e-01
    outer loop
      vertex   -3.594126e+01 -2.119889e-01 -6.413944e+01
      vertex   -3.598099e+01 -5.637025e-01 -6.380485e+01
      vertex   -3.598099e+01 -1.753773e-01 -6.410283e+01
    endloop
  endfacet
  facet normal -7.908176e-01 -4.855734e-01 -3.725936e-01
    outer loop
      vertex   -3.594126e+01 -2.119889e-01 -6.413944e+01
      vertex   -3.598099e+01 -1.753773e-01 -6.410283e+01
      vertex   -3.594126e+01 7.775522e-02 -6.451704e+01
    endloop
  endfacet
  facet normal -7.908176e-01 -4.855734e-01 -3.725936e-01
    outer loop
      vertex   -3.594126e+01 7.775522e-02 -6.451704e+01
      vertex   -3.598099e+01 -1.753773e-01 -6.410283e+01
      vertex   -3.598099e+01 1.225951e-01 -6.449115e+01
    endloop
  endfacet
  facet normal -7.908176e-01 -5.654622e-01 -2.342221e-01
    outer loop
      vertex   -3.594126e+01 7.775522e-02 -6.451704e+01
      vertex   -3.598099e+01 1.225951e-01 -6.449115e+01
      vertex   -3.594126e+01 2.598960e-01 -6.495677e+01
    endloop
  endfacet
  facet normal -7.908176e-01 -5.654622e-01 -2.342221e-01
    outer loop
      vertex   -3.594126e+01 2.598960e-01 -6.495677e+01
      vertex   -3.598099e+01 1.225951e-01 -6.449115e+01
      vertex   -3.598099e+01 3.099084e-01 -6.494337e+01
    endloop
  endfacet
  facet normal -9.227092e-01 -5.031741e-02 -3.821987e-01
    outer loop
      vertex   -3.598099e+01 -1.501202e+00 -6.355365e+01
      vertex   -3.600597e+01 -1.501202e+00 -6.349336e+01
      vertex   -3.598099e+01 -1.015917e+00 -6.361754e+01
    endloop
  endfacet
  facet normal -9.227092e-01 -5.031741e-02 -3.821987e-01
    outer loop
      vertex   -3.598099e+01 -1.015917e+00 -6.361754e+01
      vertex   -3.600597e+01 -1.501202e+00 -6.349336e+01
      vertex   -3.600597e+01 -1.000311e+00 -6.355930e+01
    endloop
  endfacet
  facet normal -9.227092e-01 -1.475232e-01 -3.561525e-01
    outer loop
      vertex   -3.598099e+01 -1.015917e+00 -6.361754e+01
      vertex   -3.600597e+01 -1.000311e+00 -6.355930e+01
      vertex   -3.598099e+01 -5.637025e-01 -6.380485e+01
    endloop
  endfacet
  facet normal -9.227092e-01 -1.475232e-01 -3.561525e-01
    outer loop
      vertex   -3.598099e+01 -5.637025e-01 -6.380485e+01
      vertex   -3.600597e+01 -1.000311e+00 -6.355930e+01
      vertex   -3.600597e+01 -5.335549e-01 -6.375264e+01
    endloop
  endfacet
  facet normal -9.227092e-01 -2.346755e-01 -3.058351e-01
    outer loop
      vertex   -3.598099e+01 -5.637025e-01 -6.380485e+01
      vertex   -3.600597e+01 -5.335549e-01 -6.375264e+01
      vertex   -3.598099e+01 -1.753773e-01 -6.410283e+01
    endloop
  endfacet
  facet normal -9.227092e-01 -2.346755e-01 -3.058351e-01
    outer loop
      vertex   -3.598099e+01 -1.753773e-01 -6.410283e+01
      vertex   -3.600597e+01 -5.335549e-01 -6.375264e+01
      vertex   -3.600597e+01 -1.327421e-01 -6.406019e+01
    endloop
  endfacet
  facet normal -9.227092e-01 -3.058351e-01 -2.346755e-01
    outer loop
      vertex   -3.598099e+01 -1.753773e-01 -6.410283e+01
      vertex   -3.600597e+01 -1.327421e-01 -6.406019e+01
      vertex   -3.598099e+01 1.225951e-01 -6.449115e+01
    endloop
  endfacet
  facet normal -9.227092e-01 -3.058351e-01 -2.346755e-01
    outer loop
      vertex   -3.598099e+01 1.225951e-01 -6.449115e+01
      vertex   -3.600597e+01 -1.327421e-01 -6.406019e+01
      vertex   -3.600597e+01 1.748124e-01 -6.446100e+01
    endloop
  endfacet
  facet normal -9.227092e-01 -3.561525e-01 -1.475232e-01
    outer loop
      vertex   -3.598099e+01 1.225951e-01 -6.449115e+01
      vertex   -3.600597e+01 1.748124e-01 -6.446100e+01
      vertex   -3.598099e+01 3.099084e-01 -6.494337e+01
    endloop
  endfacet
  facet normal -9.227092e-01 -3.561525e-01 -1.475232e-01
    outer loop
      vertex   -3.598099e+01 3.099084e-01 -6.494337e+01
      vertex   -3.600597e+01 1.748124e-01 -6.446100e+01
      vertex   -3.600597e+01 3.681492e-01 -6.492776e+01
    endloop
  endfacet
  facet normal -9.912985e-01 -1.718156e-02 -1.305069e-01
    outer loop
      vertex   -3.600597e+01 -1.501202e+00 -6.349336e+01
      vertex   -3.601449e+01 -1.501202e+00 -6.342865e+01
      vertex   -3.600597e+01 -1.000311e+00 -6.355930e+01
    endloop
  endfacet
  facet normal -9.912985e-01 -1.718156e-02 -1.305069e-01
    outer loop
      vertex   -3.600597e+01 -1.000311e+00 -6.355930e+01
      vertex   -3.601449e+01 -1.501202e+00 -6.342865e+01
      vertex   -3.601449e+01 -9.835644e-01 -6.349680e+01
    endloop
  endfacet
  facet normal -9.912985e-01 -5.037379e-02 -1.216131e-01
    outer loop
      vertex   -3.600597e+01 -1.000311e+00 -6.355930e+01
      vertex   -3.601449e+01 -9.835644e-01 -6.349680e+01
      vertex   -3.600597e+01 -5.335549e-01 -6.375264e+01
    endloop
  endfacet
  facet normal -9.912985e-01 -5.037379e-02 -1.216131e-01
    outer loop
      vertex   -3.600597e+01 -5.335549e-01 -6.375264e+01
      vertex   -3.601449e+01 -9.835644e-01 -6.349680e+01
      vertex   -3.601449e+01 -5.012025e-01 -6.369660e+01
    endloop
  endfacet
  facet normal -9.912985e-01 -8.013313e-02 -1.044315e-01
    outer loop
      vertex   -3.600597e+01 -5.335549e-01 -6.375264e+01
      vertex   -3.601449e+01 -5.012025e-01 -6.369660e+01
      vertex   -3.600597e+01 -1.327421e-01 -6.406019e+01
    endloop
  endfacet
  facet normal -9.912985e-01 -8.013313e-02 -1.044315e-01
    outer loop
      vertex   -3.600597e+01 -1.327421e-01 -6.406019e+01
      vertex   -3.601449e+01 -5.012025e-01 -6.369660e+01
      vertex   -3.601449e+01 -8.698892e-02 -6.401444e+01
    endloop
  endfacet
  facet normal -9.912985e-01 -1.044315e-01 -8.013313e-02
    outer loop
      vertex   -3.600597e+01 -1.327421e-01 -6.406019e+01
      vertex   -3.601449e+01 -8.698892e-02 -6.401444e+01
      vertex   -3.600597e+01 1.748124e-01 -6.446100e+01
    endloop
  endfacet
  facet normal -9.912985e-01 -1.044315e-01 -8.013313e-02
    outer loop
      vertex   -3.600597e+01 1.748124e-01 -6.446100e+01
      vertex   -3.601449e+01 -8.698892e-02 -6.401444e+01
      vertex   -3.601449e+01 2.308483e-01 -6.442865e+01
    endloop
  endfacet
  facet normal -9.912985e-01 -1.216131e-01 -5.037379e-02
    outer loop
      vertex   -3.600597e+01 1.748124e-01 -6.446100e+01
      vertex   -3.601449e+01 2.308483e-01 -6.442865e+01
      vertex   -3.600597e+01 3.681492e-01 -6.492776e+01
    endloop
  endfacet
  facet normal -9.912985e-01 -1.216131e-01 -5.037379e-02
    outer loop
      vertex   -3.600597e+01 3.681492e-01 -6.492776e+01
      vertex   -3.601449e+01 2.308483e-01 -6.442865e+01
      vertex   -3.601449e+01 4.306492e-01 -6.491101e+01
    endloop
  endfacet
  facet normal 0.000000e+00 1.305262e-01 9.914449e-01
    outer loop
      vertex   -2.876449e+01 -2.211202e+00 -7.361865e+01
      vertex   -3.576449e+01 -2.211202e+00 -7.361865e+01
      vertex   -2.876449e+01 -2.664136e+00 -7.355902e+01
    endloop
  endfacet
  facet normal -8.280753e-18 1.305262e-01 9.914449e-01
    outer loop
      vertex   -2.876449e+01 -2.664136e+00 -7.355902e+01
      vertex   -3.576449e+01 -2.211202e+00 -7.361865e+01
      vertex   -3.576449e+01 -2.664136e+00 -7.355902e+01
    endloop
  endfacet
  facet normal -2.427794e-17 3.826834e-01 9.238795e-01
    outer loop
      vertex   -2.876449e+01 -2.664136e+00 -7.355902e+01
      vertex   -3.576449e+01 -2.664136e+00 -7.355902e+01
      vertex   -2.876449e+01 -3.086202e+00 -7.338420e+01
    endloop
  endfacet
  facet normal 0.000000e+00 3.826834e-01 9.238795e-01
    outer loop
      vertex   -2.876449e+01 -3.086202e+00 -7.338420e+01
      vertex   -3.576449e+01 -2.664136e+00 -7.355902e+01
      vertex   -3.576449e+01 -3.086202e+00 -7.338420e+01
    endloop
  endfacet
  facet normal 0.000000e+00 6.087614e-01 7.933533e-01
    outer loop
      vertex   -2.876449e+01 -3.086202e+00 -7.338420e+01
      vertex   -3.576449e+01 -3.086202e+00 -7.338420e+01
      vertex   -2.876449e+01 -3.448639e+00 -7.310609e+01
    endloop
  endfacet
  facet normal 0.000000e+00 6.087614e-01 7.933533e-01
    outer loop
      vertex   -2.876449e+01 -3.448639e+00 -7.310609e+01
      vertex   -3.576449e+01 -3.086202e+00 -7.338420e+01
      vertex   -3.576449e+01 -3.448639e+00 -7.310609e+01
    endloop
  endfacet
  facet normal 0.000000e+00 7.933533e-01 6.087614e-01
    outer loop
      vertex   -2.876449e+01 -3.448639e+00 -7.310609e+01
      vertex   -3.576449e+01 -3.448639e+00 -7.310609e+01
      vertex   -2.876449e+01 -3.726747e+00 -7.274365e+01
    endloop
  endfacet
  facet normal 1.235860e-15 7.933533e-01 6.087614e-01
    outer loop
      vertex   -2.876449e+01 -3.726747e+00 -7.274365e+01
      vertex   -3.576449e+01 -3.448639e+00 -7.310609e+01
      vertex   -3.576449e+01 -3.726747e+00 -7.274365e+01
    endloop
  endfacet
  facet normal 7.768941e-16 9.238795e-01 3.826834e-01
    outer loop
      vertex   -2.876449e+01 -3.726747e+00 -7.274365e+01
      vertex   -3.576449e+01 -3.726747e+00 -7.274365e+01
      vertex   -2.876449e+01 -3.901573e+00 -7.232159e+01
    endloop
  endfacet
  facet normal 7.182820e-16 9.238795e-01 3.826834e-01
    outer loop
      vertex   -2.876449e+01 -3.901573e+00 -7.232159e+01
      vertex   -3.576449e+01 -3.726747e+00 -7.274365e+01
      vertex   -3.576449e+01 -3.901573e+00 -7.232159e+01
    endloop
  endfacet
  facet normal 2.020855e-16 9.914449e-01 1.305262e-01
    outer loop
      vertex   -2.876449e+01 -3.901573e+00 -7.232159e+01
      vertex   -3.576449e+01 -3.901573e+00 -7.232159e+01
      vertex   -2.876449e+01 -3.961202e+00 -7.186865e+01
    endloop
  endfacet
  facet normal 0.000000e+00 9.914449e-01 1.305262e-01
    outer loop
      vertex   -2.876449e+01 -3.961202e+00 -7.186865e+01
      vertex   -3.576449e+01 -3.901573e+00 -7.232159e+01
      vertex   -3.576449e+01 -3.961202e+00 -7.186865e+01
    endloop
  endfacet
  facet normal 0.000000e+00 1.000000e+00 -1.379159e-16
    outer loop
      vertex   -3.576449e+01 -3.961202e+00 -7.186865e+01
      vertex   -3.576449e+01 -3.961202e+00 -6.542865e+01
      vertex   -2.876449e+01 -3.961202e+00 -7.186865e+01
    endloop
  endfacet
  facet normal 0.000000e+00 1.000000e+00 -1.379159e-16
    outer loop
      vertex   -2.876449e+01 -3.961202e+00 -7.186865e+01
      vertex   -3.576449e+01 -3.961202e+00 -6.542865e+01
      vertex   -2.876449e+01 -3.961202e+00 -6.542865e+01
    endloop
  endfacet
  facet normal -1.238443e-17 6.886811e-02 -9.976258e-01
    outer loop
      vertex   -3.329497e+01 -2.211202e+00 -6.367865e+01
      vertex   -3.328198e+01 -2.447092e+00 -6.369494e+01
      vertex   -3.576449e+01 -2.211202e+00 -6.367865e+01
    endloop
  endfacet
  facet normal 5.899240e-03 1.305239e-01 -9.914276e-01
    outer loop
      vertex   -3.576449e+01 -2.211202e+00 -6.367865e+01
      vertex   -3.328198e+01 -2.447092e+00 -6.369494e+01
      vertex   -3.576449e+01 -2.664136e+00 -6.373828e+01
    endloop
  endfacet
  facet normal -4.852538e-04 2.011774e-01 -9.795547e-01
    outer loop
      vertex   -3.576449e+01 -2.664136e+00 -6.373828e+01
      vertex   -3.328198e+01 -2.447092e+00 -6.369494e+01
      vertex   -3.323996e+01 -2.682400e+00 -6.374328e+01
    endloop
  endfacet
  facet normal 5.436607e-04 3.333308e-01 -9.428098e-01
    outer loop
      vertex   -3.576449e+01 -2.664136e+00 -6.373828e+01
      vertex   -3.323996e+01 -2.682400e+00 -6.374328e+01
      vertex   -3.316445e+01 -2.899818e+00 -6.382011e+01
    endloop
  endfacet
  facet normal 5.612928e-03 3.826774e-01 -9.238650e-01
    outer loop
      vertex   -3.576449e+01 -2.664136e+00 -6.373828e+01
      vertex   -3.316445e+01 -2.899818e+00 -6.382011e+01
      vertex   -3.576449e+01 -3.086202e+00 -6.391311e+01
    endloop
  endfacet
  facet normal 1.020046e-05 4.463589e-01 -8.948540e-01
    outer loop
      vertex   -3.576449e+01 -3.086202e+00 -6.391311e+01
      vertex   -3.316445e+01 -2.899818e+00 -6.382011e+01
      vertex   -3.305471e+01 -3.085601e+00 -6.391278e+01
    endloop
  endfacet
  facet normal -1.910923e-05 5.466670e-01 -8.373501e-01
    outer loop
      vertex   -3.576449e+01 -3.086202e+00 -6.391311e+01
      vertex   -3.305471e+01 -3.085601e+00 -6.391278e+01
      vertex   -3.289614e+01 -3.243260e+00 -6.401571e+01
    endloop
  endfacet
  facet normal 4.954587e-03 6.087540e-01 -7.933436e-01
    outer loop
      vertex   -3.576449e+01 -3.086202e+00 -6.391311e+01
      vertex   -3.289614e+01 -3.243260e+00 -6.401571e+01
      vertex   -3.576449e+01 -3.448639e+00 -6.419121e+01
    endloop
  endfacet
  facet normal 3.139714e-03 6.239463e-01 -7.814609e-01
    outer loop
      vertex   -3.576449e+01 -3.448639e+00 -6.419121e+01
      vertex   -3.289614e+01 -3.243260e+00 -6.401571e+01
      vertex   -3.270522e+01 -3.354255e+00 -6.410356e+01
    endloop
  endfacet
  facet normal 4.148999e-04 6.732328e-01 -7.394304e-01
    outer loop
      vertex   -3.576449e+01 -3.448639e+00 -6.419121e+01
      vertex   -3.270522e+01 -3.354255e+00 -6.410356e+01
      vertex   -3.247782e+01 -3.422104e+00 -6.416521e+01
    endloop
  endfacet
  facet normal 1.905816e-05 6.987139e-01 -7.154013e-01
    outer loop
      vertex   -3.247782e+01 -3.422104e+00 -6.416521e+01
      vertex   -3.223992e+01 -3.443809e+00 -6.418640e+01
      vertex   -3.576449e+01 -3.448639e+00 -6.419121e+01
    endloop
  endfacet
  facet normal 0.000000e+00 7.057280e-01 -7.084829e-01
    outer loop
      vertex   -3.576449e+01 -3.448639e+00 -6.419121e+01
      vertex   -3.223992e+01 -3.443809e+00 -6.418640e+01
      vertex   -2.876449e+01 -3.448639e+00 -6.419121e+01
    endloop
  endfacet
  facet normal 0.000000e+00 7.933533e-01 -6.087614e-01
    outer loop
      vertex   -3.576449e+01 -3.448639e+00 -6.419121e+01
      vertex   -2.876449e+01 -3.448639e+00 -6.419121e+01
      vertex   -3.576449e+01 -3.726747e+00 -6.455365e+01
    endloop
  endfacet
  facet normal 0.000000e+00 7.933533e-01 -6.087614e-01
    outer loop
      vertex   -3.576449e+01 -3.726747e+00 -6.455365e+01
      vertex   -2.876449e+01 -3.448639e+00 -6.419121e+01
      vertex   -2.876449e+01 -3.726747e+00 -6.455365e+01
    endloop
  endfacet
  facet normal 0.000000e+00 9.238795e-01 -3.826834e-01
    outer loop
      vertex   -3.576449e+01 -3.726747e+00 -6.455365e+01
      vertex   -2.876449e+01 -3.726747e+00 -6.455365e+01
      vertex   -3.576449e+01 -3.901573e+00 -6.497572e+01
    endloop
  endfacet
  facet normal 0.000000e+00 9.238795e-01 -3.826834e-01
    outer loop
      vertex   -3.576449e+01 -3.901573e+00 -6.497572e+01
      vertex   -2.876449e+01 -3.726747e+00 -6.455365e+01
      vertex   -2.876449e+01 -3.901573e+00 -6.497572e+01
    endloop
  endfacet
  facet normal 0.000000e+00 9.914449e-01 -1.305262e-01
    outer loop
      vertex   -3.576449e+01 -3.901573e+00 -6.497572e+01
      vertex   -2.876449e+01 -3.901573e+00 -6.497572e+01
      vertex   -3.576449e+01 -3.961202e+00 -6.542865e+01
    endloop
  endfacet
  facet normal 0.000000e+00 9.914449e-01 -1.305262e-01
    outer loop
      vertex   -3.576449e+01 -3.961202e+00 -6.542865e+01
      vertex   -2.876449e+01 -3.901573e+00 -6.497572e+01
      vertex   -2.876449e+01 -3.961202e+00 -6.542865e+01
    endloop
  endfacet
  facet normal -1.932346e-05 6.987153e-01 -7.153998e-01
    outer loop
      vertex   -3.223992e+01 -3.443809e+00 -6.418640e+01
      vertex   -3.200202e+01 -3.422104e+00 -6.416521e+01
      vertex   -2.876449e+01 -3.448639e+00 -6.419121e+01
    endloop
  endfacet
  facet normal -4.210212e-04 6.732441e-01 -7.394202e-01
    outer loop
      vertex   -2.876449e+01 -3.448639e+00 -6.419121e+01
      vertex   -3.200202e+01 -3.422104e+00 -6.416521e+01
      vertex   -3.177462e+01 -3.354255e+00 -6.410356e+01
    endloop
  endfacet
  facet normal -3.188164e-03 6.239973e-01 -7.814200e-01
    outer loop
      vertex   -2.876449e+01 -3.448639e+00 -6.419121e+01
      vertex   -3.177462e+01 -3.354255e+00 -6.410356e+01
      vertex   -3.158371e+01 -3.243260e+00 -6.401571e+01
    endloop
  endfacet
  facet normal -5.040916e-03 6.087537e-01 -7.933433e-01
    outer loop
      vertex   -2.876449e+01 -3.448639e+00 -6.419121e+01
      vertex   -3.158371e+01 -3.243260e+00 -6.401571e+01
      vertex   -2.876449e+01 -3.086202e+00 -6.391311e+01
    endloop
  endfacet
  facet normal 1.946197e-05 5.466668e-01 -8.373502e-01
    outer loop
      vertex   -2.876449e+01 -3.086202e+00 -6.391311e+01
      vertex   -3.158371e+01 -3.243260e+00 -6.401571e+01
      vertex   -3.142514e+01 -3.085601e+00 -6.391278e+01
    endloop
  endfacet
  facet normal -1.038877e-05 4.463590e-01 -8.948540e-01
    outer loop
      vertex   -2.876449e+01 -3.086202e+00 -6.391311e+01
      vertex   -3.142514e+01 -3.085601e+00 -6.391278e+01
      vertex   -3.131539e+01 -2.899818e+00 -6.382011e+01
    endloop
  endfacet
  facet normal -5.721016e-03 3.826772e-01 -9.238644e-01
    outer loop
      vertex   -2.876449e+01 -3.086202e+00 -6.391311e+01
      vertex   -3.131539e+01 -2.899818e+00 -6.382011e+01
      vertex   -2.876449e+01 -2.664136e+00 -6.373828e+01
    endloop
  endfacet
  facet normal -5.544766e-04 3.333342e-01 -9.428086e-01
    outer loop
      vertex   -2.876449e+01 -2.664136e+00 -6.373828e+01
      vertex   -3.131539e+01 -2.899818e+00 -6.382011e+01
      vertex   -3.123989e+01 -2.682400e+00 -6.374328e+01
    endloop
  endfacet
  facet normal 4.948964e-04 2.011757e-01 -9.795550e-01
    outer loop
      vertex   -2.876449e+01 -2.664136e+00 -6.373828e+01
      vertex   -3.123989e+01 -2.682400e+00 -6.374328e+01
      vertex   -3.119787e+01 -2.447092e+00 -6.369494e+01
    endloop
  endfacet
  facet normal 1.263579e-17 6.886811e-02 -9.976258e-01
    outer loop
      vertex   -3.118488e+01 -2.211202e+00 -6.367865e+01
      vertex   -2.876449e+01 -2.211202e+00 -6.367865e+01
      vertex   -3.119787e+01 -2.447092e+00 -6.369494e+01
    endloop
  endfacet
  facet normal -6.018327e-03 1.305238e-01 -9.914269e-01
    outer loop
      vertex   -3.119787e+01 -2.447092e+00 -6.369494e+01
      vertex   -2.876449e+01 -2.211202e+00 -6.367865e+01
      vertex   -2.876449e+01 -2.664136e+00 -6.373828e+01
    endloop
  endfacet
  facet normal 0.000000e+00 0.000000e+00 -1.000000e+00
    outer loop
      vertex   -3.118488e+01 -2.211202e+00 -6.367865e+01
      vertex   -3.118488e+01 -1.501202e+00 -6.367865e+01
      vertex   -2.876449e+01 -2.211202e+00 -6.367865e+01
    endloop
  endfacet
  facet normal 0.000000e+00 0.000000e+00 -1.000000e+00
    outer loop
      vertex   -2.876449e+01 -2.211202e+00 -6.367865e+01
      vertex   -3.118488e+01 -1.501202e+00 -6.367865e+01
      vertex   -2.876449e+01 -1.501202e+00 -6.367865e+01
    endloop
  endfacet
  facet normal -1.000000e+00 5.669143e-16 -5.947562e-16
    outer loop
      vertex   -3.601449e+01 1.000000e+01 -8.715848e+01
      vertex   -3.601449e+01 4.306492e-01 -7.238629e+01
      vertex   -3.601449e+01 1.000000e+01 -6.326490e+01
    endloop
  endfacet
  facet normal -1.000000e+00 0.000000e+00 0.000000e+00
    outer loop
      vertex   -3.601449e+01 1.000000e+01 -6.326490e+01
      vertex   -3.601449e+01 4.306492e-01 -7.238629e+01
      vertex   -3.601449e+01 4.987975e-01 -7.186865e+01
    endloop
  endfacet
  facet normal -1.000000e+00 0.000000e+00 0.000000e+00
    outer loop
      vertex   -3.601449e+01 1.000000e+01 -6.326490e+01
      vertex   -3.601449e+01 4.987975e-01 -7.186865e+01
      vertex   -3.601449e+01 4.987975e-01 -6.542865e+01
    endloop
  endfacet
  facet normal -1.000000e+00 7.105427e-16 -4.796057e-16
    outer loop
      vertex   -3.601449e+01 -1.000000e+01 -8.715848e+01
      vertex   -3.601449e+01 -9.835644e-01 -7.380050e+01
      vertex   -3.601449e+01 1.000000e+01 -8.715848e+01
    endloop
  endfacet
  facet normal -1.000000e+00 3.287071e-16 -7.935690e-16
    outer loop
      vertex   -3.601449e+01 1.000000e+01 -8.715848e+01
      vertex   -3.601449e+01 -9.835644e-01 -7.380050e+01
      vertex   -3.601449e+01 -5.012025e-01 -7.360070e+01
    endloop
  endfacet
  facet normal -1.000000e+00 5.044669e-16 -6.574340e-16
    outer loop
      vertex   -3.601449e+01 1.000000e+01 -8.715848e+01
      vertex   -3.601449e+01 -5.012025e-01 -7.360070e+01
      vertex   -3.601449e+01 -8.698892e-02 -7.328287e+01
    endloop
  endfacet
  facet normal -1.000000e+00 0.000000e+00 0.000000e+00
    outer loop
      vertex   -3.601449e+01 -1.000000e+01 -6.326490e+01
      vertex   -3.601449e+01 -4.143054e+00 -7.238629e+01
      vertex   -3.601449e+01 -1.000000e+01 -8.715848e+01
    endloop
  endfacet
  facet normal -1.000000e+00 0.000000e+00 0.000000e+00
    outer loop
      vertex   -3.601449e+01 -1.000000e+01 -8.715848e+01
      vertex   -3.601449e+01 -4.143054e+00 -7.238629e+01
      vertex   -3.601449e+01 -3.943253e+00 -7.286865e+01
    endloop
  endfacet
  facet normal -1.000000e+00 0.000000e+00 0.000000e+00
    outer loop
      vertex   -3.601449e+01 -1.000000e+01 -8.715848e+01
      vertex   -3.601449e+01 -3.943253e+00 -7.286865e+01
      vertex   -3.601449e+01 -3.625416e+00 -7.328287e+01
    endloop
  endfacet
  facet normal -1.000000e+00 -0.000000e+00 0.000000e+00
    outer loop
      vertex   -3.601449e+01 1.000000e+01 -6.326490e+01
      vertex   -3.601449e+01 -1.501202e+00 -6.342865e+01
      vertex   -3.601449e+01 -1.000000e+01 -6.326490e+01
    endloop
  endfacet
  facet normal -1.000000e+00 0.000000e+00 0.000000e+00
    outer loop
      vertex   -3.601449e+01 -1.000000e+01 -6.326490e+01
      vertex   -3.601449e+01 -1.501202e+00 -6.342865e+01
      vertex   -3.601449e+01 -2.211202e+00 -6.342865e+01
    endloop
  endfacet
  facet normal -1.000000e+00 0.000000e+00 0.000000e+00
    outer loop
      vertex   -3.601449e+01 -1.000000e+01 -6.326490e+01
      vertex   -3.601449e+01 -2.211202e+00 -6.342865e+01
      vertex   -3.601449e+01 -2.728841e+00 -6.349680e+01
    endloop
  endfacet
  facet normal -1.000000e+00 -0.000000e+00 0.000000e+00
    outer loop
      vertex   -3.601449e+01 -2.728841e+00 -6.349680e+01
      vertex   -3.601449e+01 -3.211202e+00 -6.369660e+01
      vertex   -3.601449e+01 -1.000000e+01 -6.326490e+01
    endloop
  endfacet
  facet normal -1.000000e+00 0.000000e+00 0.000000e+00
    outer loop
      vertex   -3.601449e+01 -1.000000e+01 -6.326490e+01
      vertex   -3.601449e+01 -3.211202e+00 -6.369660e+01
      vertex   -3.601449e+01 -3.625416e+00 -6.401444e+01
    endloop
  endfacet
  facet normal -1.000000e+00 0.000000e+00 0.000000e+00
    outer loop
      vertex   -3.601449e+01 -1.000000e+01 -6.326490e+01
      vertex   -3.601449e+01 -3.625416e+00 -6.401444e+01
      vertex   -3.601449e+01 -3.943253e+00 -6.442865e+01
    endloop
  endfacet
  facet normal -1.000000e+00 -0.000000e+00 0.000000e+00
    outer loop
      vertex   -3.601449e+01 -3.943253e+00 -6.442865e+01
      vertex   -3.601449e+01 -4.143054e+00 -6.491101e+01
      vertex   -3.601449e+01 -1.000000e+01 -6.326490e+01
    endloop
  endfacet
  facet normal -1.000000e+00 0.000000e+00 0.000000e+00
    outer loop
      vertex   -3.601449e+01 -1.000000e+01 -6.326490e+01
      vertex   -3.601449e+01 -4.143054e+00 -6.491101e+01
      vertex   -3.601449e+01 -4.211202e+00 -6.542865e+01
    endloop
  endfacet
  facet normal -1.000000e+00 0.000000e+00 0.000000e+00
    outer loop
      vertex   -3.601449e+01 -1.000000e+01 -6.326490e+01
      vertex   -3.601449e+01 -4.211202e+00 -6.542865e+01
      vertex   -3.601449e+01 -4.211202e+00 -7.186865e+01
    endloop
  endfacet
  facet normal -1.000000e+00 -0.000000e+00 -0.000000e+00
    outer loop
      vertex   -3.601449e+01 -4.211202e+00 -7.186865e+01
      vertex   -3.601449e+01 -4.143054e+00 -7.238629e+01
      vertex   -3.601449e+01 -1.000000e+01 -6.326490e+01
    endloop
  endfacet
  facet normal -1.000000e+00 0.000000e+00 -0.000000e+00
    outer loop
      vertex   -3.601449e+01 -3.625416e+00 -7.328287e+01
      vertex   -3.601449e+01 -3.211202e+00 -7.360070e+01
      vertex   -3.601449e+01 -1.000000e+01 -8.715848e+01
    endloop
  endfacet
  facet normal -1.000000e+00 0.000000e+00 0.000000e+00
    outer loop
      vertex   -3.601449e+01 -1.000000e+01 -8.715848e+01
      vertex   -3.601449e+01 -3.211202e+00 -7.360070e+01
      vertex   -3.601449e+01 -2.728841e+00 -7.380050e+01
    endloop
  endfacet
  facet normal -1.000000e+00 0.000000e+00 0.000000e+00
    outer loop
      vertex   -3.601449e+01 -1.000000e+01 -8.715848e+01
      vertex   -3.601449e+01 -2.728841e+00 -7.380050e+01
      vertex   -3.601449e+01 -2.211202e+00 -7.386865e+01
    endloop
  endfacet
  facet normal -1.000000e+00 0.000000e+00 -0.000000e+00
    outer loop
      vertex   -3.601449e+01 -2.211202e+00 -7.386865e+01
      vertex   -3.601449e+01 -1.501202e+00 -7.386865e+01
      vertex   -3.601449e+01 -1.000000e+01 -8.715848e+01
    endloop
  endfacet
  facet normal -1.000000e+00 0.000000e+00 0.000000e+00
    outer loop
      vertex   -3.601449e+01 -1.000000e+01 -8.715848e+01
      vertex   -3.601449e+01 -1.501202e+00 -7.386865e+01
      vertex   -3.601449e+01 -9.835644e-01 -7.380050e+01
    endloop
  endfacet
  facet normal -1.000000e+00 6.853848e-16 -5.259143e-16
    outer loop
      vertex   -3.601449e+01 -8.698892e-02 -7.328287e+01
      vertex   -3.601449e+01 2.308483e-01 -7.286865e+01
      vertex   -3.601449e+01 1.000000e+01 -8.715848e+01
    endloop
  endfacet
  facet normal -1.000000e+00 9.058312e-16 -3.752076e-16
    outer loop
      vertex   -3.601449e+01 1.000000e+01 -8.715848e+01
      vertex   -3.601449e+01 2.308483e-01 -7.286865e+01
      vertex   -3.601449e+01 4.306492e-01 -7.238629e+01
    endloop
  endfacet
  facet normal -1.000000e+00 0.000000e+00 0.000000e+00
    outer loop
      vertex   -3.601449e+01 4.987975e-01 -6.542865e+01
      vertex   -3.601449e+01 4.306492e-01 -6.491101e+01
      vertex   -3.601449e+01 1.000000e+01 -6.326490e+01
    endloop
  endfacet
  facet normal -1.000000e+00 0.000000e+00 0.000000e+00
    outer loop
      vertex   -3.601449e+01 1.000000e+01 -6.326490e+01
      vertex   -3.601449e+01 4.306492e-01 -6.491101e+01
      vertex   -3.601449e+01 2.308483e-01 -6.442865e+01
    endloop
  endfacet
  facet normal -1.000000e+00 0.000000e+00 0.000000e+00
    outer loop
      vertex   -3.601449e+01 1.000000e+01 -6.326490e+01
      vertex   -3.601449e+01 2.308483e-01 -6.442865e+01
      vertex   -3.601449e+01 -8.698892e-02 -6.401444e+01
    endloop
  endfacet
  facet normal -1.000000e+00 0.000000e+00 0.000000e+00
    outer loop
      vertex   -3.601449e+01 -8.698892e-02 -6.401444e+01
      vertex   -3.601449e+01 -5.012025e-01 -6.369660e+01
      vertex   -3.601449e+01 1.000000e+01 -6.326490e+01
    endloop
  endfacet
  facet normal -1.000000e+00 0.000000e+00 0.000000e+00
    outer loop
      vertex   -3.601449e+01 1.000000e+01 -6.326490e+01
      vertex   -3.601449e+01 -5.012025e-01 -6.369660e+01
      vertex   -3.601449e+01 -9.835644e-01 -6.349680e+01
    endloop
  endfacet
  facet normal -1.000000e+00 0.000000e+00 0.000000e+00
    outer loop
      vertex   -3.601449e+01 1.000000e+01 -6.326490e+01
      vertex   -3.601449e+01 -9.835644e-01 -6.349680e+01
      vertex   -3.601449e+01 -1.501202e+00 -6.342865e+01
    endloop
  endfacet
  facet normal 9.914449e-01 -0.000000e+00 1.305262e-01
    outer loop
      vertex   -2.851449e+01 -2.211202e+00 -7.386865e+01
      vertex   -2.851449e+01 -1.501202e+00 -7.386865e+01
      vertex   -2.852300e+01 -2.211202e+00 -7.380395e+01
    endloop
  endfacet
  facet normal 9.914449e-01 4.961014e-15 1.305262e-01
    outer loop
      vertex   -2.852300e+01 -2.211202e+00 -7.380395e+01
      vertex   -2.851449e+01 -1.501202e+00 -7.386865e+01
      vertex   -2.852300e+01 -1.501202e+00 -7.380395e+01
    endloop
  endfacet
  facet normal 9.238795e-01 4.622929e-15 3.826834e-01
    outer loop
      vertex   -2.852300e+01 -2.211202e+00 -7.380395e+01
      vertex   -2.852300e+01 -1.501202e+00 -7.380395e+01
      vertex   -2.854798e+01 -2.211202e+00 -7.374365e+01
    endloop
  endfacet
  facet normal 9.238795e-01 4.622929e-15 3.826834e-01
    outer loop
      vertex   -2.854798e+01 -2.211202e+00 -7.374365e+01
      vertex   -2.852300e+01 -1.501202e+00 -7.380395e+01
      vertex   -2.854798e+01 -1.501202e+00 -7.374365e+01
    endloop
  endfacet
  facet normal 7.933533e-01 3.969799e-15 6.087614e-01
    outer loop
      vertex   -2.854798e+01 -2.211202e+00 -7.374365e+01
      vertex   -2.854798e+01 -1.501202e+00 -7.374365e+01
      vertex   -2.858771e+01 -2.211202e+00 -7.369187e+01
    endloop
  endfacet
  facet normal 7.933533e-01 3.969799e-15 6.087614e-01
    outer loop
      vertex   -2.858771e+01 -2.211202e+00 -7.369187e+01
      vertex   -2.854798e+01 -1.501202e+00 -7.374365e+01
      vertex   -2.858771e+01 -1.501202e+00 -7.369187e+01
    endloop
  endfacet
  facet normal 6.087614e-01 3.046134e-15 7.933533e-01
    outer loop
      vertex   -2.858771e+01 -2.211202e+00 -7.369187e+01
      vertex   -2.858771e+01 -1.501202e+00 -7.369187e+01
      vertex   -2.863949e+01 -2.211202e+00 -7.365215e+01
    endloop
  endfacet
  facet normal 6.087614e-01 -0.000000e+00 7.933533e-01
    outer loop
      vertex   -2.863949e+01 -2.211202e+00 -7.365215e+01
      vertex   -2.858771e+01 -1.501202e+00 -7.369187e+01
      vertex   -2.863949e+01 -1.501202e+00 -7.365215e+01
    endloop
  endfacet
  facet normal 3.826834e-01 -0.000000e+00 9.238795e-01
    outer loop
      vertex   -2.863949e+01 -2.211202e+00 -7.365215e+01
      vertex   -2.863949e+01 -1.501202e+00 -7.365215e+01
      vertex   -2.869978e+01 -2.211202e+00 -7.362717e+01
    endloop
  endfacet
  facet normal 3.826834e-01 -0.000000e+00 9.238795e-01
    outer loop
      vertex   -2.869978e+01 -2.211202e+00 -7.362717e+01
      vertex   -2.863949e+01 -1.501202e+00 -7.365215e+01
      vertex   -2.869978e+01 -1.501202e+00 -7.362717e+01
    endloop
  endfacet
  facet normal 1.305262e-01 -0.000000e+00 9.914449e-01
    outer loop
      vertex   -2.869978e+01 -2.211202e+00 -7.362717e+01
      vertex   -2.869978e+01 -1.501202e+00 -7.362717e+01
      vertex   -2.876449e+01 -2.211202e+00 -7.361865e+01
    endloop
  endfacet
  facet normal 1.305262e-01 3.968811e-14 9.914449e-01
    outer loop
      vertex   -2.876449e+01 -2.211202e+00 -7.361865e+01
      vertex   -2.869978e+01 -1.501202e+00 -7.362717e+01
      vertex   -2.876449e+01 -1.501202e+00 -7.361865e+01
    endloop
  endfacet
  facet normal 1.294283e-01 9.831056e-01 1.294283e-01
    outer loop
      vertex   -2.876449e+01 -3.961202e+00 -7.186865e+01
      vertex   -2.869978e+01 -3.969721e+00 -7.186865e+01
      vertex   -2.876449e+01 -3.901573e+00 -7.232159e+01
    endloop
  endfacet
  facet normal 1.294283e-01 9.831056e-01 1.294283e-01
    outer loop
      vertex   -2.876449e+01 -3.901573e+00 -7.232159e+01
      vertex   -2.869978e+01 -3.969721e+00 -7.186865e+01
      vertex   -2.869978e+01 -3.909801e+00 -7.232379e+01
    endloop
  endfacet
  facet normal 1.294283e-01 9.161086e-01 3.794646e-01
    outer loop
      vertex   -2.876449e+01 -3.901573e+00 -7.232159e+01
      vertex   -2.869978e+01 -3.909801e+00 -7.232379e+01
      vertex   -2.876449e+01 -3.726747e+00 -7.274365e+01
    endloop
  endfacet
  facet normal 1.294283e-01 9.161086e-01 3.794646e-01
    outer loop
      vertex   -2.876449e+01 -3.726747e+00 -7.274365e+01
      vertex   -2.869978e+01 -3.909801e+00 -7.232379e+01
      vertex   -2.869978e+01 -3.734124e+00 -7.274791e+01
    endloop
  endfacet
  facet normal 1.294283e-01 7.866803e-01 6.036410e-01
    outer loop
      vertex   -2.876449e+01 -3.726747e+00 -7.274365e+01
      vertex   -2.869978e+01 -3.734124e+00 -7.274791e+01
      vertex   -2.876449e+01 -3.448639e+00 -7.310609e+01
    endloop
  endfacet
  facet normal 1.294283e-01 7.866803e-01 6.036410e-01
    outer loop
      vertex   -2.876449e+01 -3.448639e+00 -7.310609e+01
      vertex   -2.869978e+01 -3.734124e+00 -7.274791e+01
      vertex   -2.869978e+01 -3.454663e+00 -7.311211e+01
    endloop
  endfacet
  facet normal 1.294283e-01 6.036410e-01 7.866803e-01
    outer loop
      vertex   -2.876449e+01 -3.448639e+00 -7.310609e+01
      vertex   -2.869978e+01 -3.454663e+00 -7.311211e+01
      vertex   -2.876449e+01 -3.086202e+00 -7.338420e+01
    endloop
  endfacet
  facet normal 1.294283e-01 6.036410e-01 7.866803e-01
    outer loop
      vertex   -2.876449e+01 -3.086202e+00 -7.338420e+01
      vertex   -2.869978e+01 -3.454663e+00 -7.311211e+01
      vertex   -2.869978e+01 -3.090462e+00 -7.339157e+01
    endloop
  endfacet
  facet normal 1.294283e-01 3.794646e-01 9.161086e-01
    outer loop
      vertex   -2.876449e+01 -3.086202e+00 -7.338420e+01
      vertex   -2.869978e+01 -3.090462e+00 -7.339157e+01
      vertex   -2.876449e+01 -2.664136e+00 -7.355902e+01
    endloop
  endfacet
  facet normal 1.294283e-01 3.794646e-01 9.161086e-01
    outer loop
      vertex   -2.876449e+01 -2.664136e+00 -7.355902e+01
      vertex   -2.869978e+01 -3.090462e+00 -7.339157e+01
      vertex   -2.869978e+01 -2.666341e+00 -7.356725e+01
    endloop
  endfacet
  facet normal 1.294283e-01 1.294283e-01 9.831056e-01
    outer loop
      vertex   -2.876449e+01 -2.664136e+00 -7.355902e+01
      vertex   -2.869978e+01 -2.666341e+00 -7.356725e+01
      vertex   -2.876449e+01 -2.211202e+00 -7.361865e+01
    endloop
  endfacet
  facet normal 1.294283e-01 1.294283e-01 9.831056e-01
    outer loop
      vertex   -2.876449e+01 -2.211202e+00 -7.361865e+01
      vertex   -2.869978e+01 -2.666341e+00 -7.356725e+01
      vertex   -2.869978e+01 -2.211202e+00 -7.362717e+01
    endloop
  endfacet
  facet normal 3.798837e-01 1.207412e-01 9.171204e-01
    outer loop
      vertex   -2.869978e+01 -2.211202e+00 -7.362717e+01
      vertex   -2.869978e+01 -2.666341e+00 -7.356725e+01
      vertex   -2.863949e+01 -2.672805e+00 -7.359137e+01
    endloop
  endfacet
  facet normal 3.798837e-01 1.207412e-01 9.171204e-01
    outer loop
      vertex   -2.869978e+01 -2.211202e+00 -7.362717e+01
      vertex   -2.863949e+01 -2.672805e+00 -7.359137e+01
      vertex   -2.863949e+01 -2.211202e+00 -7.365215e+01
    endloop
  endfacet
  facet normal 6.054678e-01 1.038819e-01 7.890610e-01
    outer loop
      vertex   -2.863949e+01 -2.211202e+00 -7.365215e+01
      vertex   -2.863949e+01 -2.672805e+00 -7.359137e+01
      vertex   -2.858771e+01 -2.683087e+00 -7.362975e+01
    endloop
  endfacet
  facet normal 6.054678e-01 1.038819e-01 7.890610e-01
    outer loop
      vertex   -2.863949e+01 -2.211202e+00 -7.365215e+01
      vertex   -2.858771e+01 -2.683087e+00 -7.362975e+01
      vertex   -2.858771e+01 -2.211202e+00 -7.369187e+01
    endloop
  endfacet
  facet normal 7.908176e-01 7.988880e-02 6.068157e-01
    outer loop
      vertex   -2.858771e+01 -2.211202e+00 -7.369187e+01
      vertex   -2.858771e+01 -2.683087e+00 -7.362975e+01
      vertex   -2.854798e+01 -2.696488e+00 -7.367976e+01
    endloop
  endfacet
  facet normal 7.908176e-01 7.988880e-02 6.068157e-01
    outer loop
      vertex   -2.858771e+01 -2.211202e+00 -7.369187e+01
      vertex   -2.854798e+01 -2.696488e+00 -7.367976e+01
      vertex   -2.854798e+01 -2.211202e+00 -7.374365e+01
    endloop
  endfacet
  facet normal 9.227092e-01 5.031741e-02 3.821987e-01
    outer loop
      vertex   -2.854798e+01 -2.211202e+00 -7.374365e+01
      vertex   -2.854798e+01 -2.696488e+00 -7.367976e+01
      vertex   -2.852300e+01 -2.712094e+00 -7.373800e+01
    endloop
  endfacet
  facet normal 9.227092e-01 5.031741e-02 3.821987e-01
    outer loop
      vertex   -2.854798e+01 -2.211202e+00 -7.374365e+01
      vertex   -2.852300e+01 -2.712094e+00 -7.373800e+01
      vertex   -2.852300e+01 -2.211202e+00 -7.380395e+01
    endloop
  endfacet
  facet normal 9.912985e-01 1.718156e-02 1.305069e-01
    outer loop
      vertex   -2.852300e+01 -2.211202e+00 -7.380395e+01
      vertex   -2.852300e+01 -2.712094e+00 -7.373800e+01
      vertex   -2.851449e+01 -2.728841e+00 -7.380050e+01
    endloop
  endfacet
  facet normal 9.912985e-01 1.718156e-02 1.305069e-01
    outer loop
      vertex   -2.852300e+01 -2.211202e+00 -7.380395e+01
      vertex   -2.851449e+01 -2.728841e+00 -7.380050e+01
      vertex   -2.851449e+01 -2.211202e+00 -7.386865e+01
    endloop
  endfacet
  facet normal 3.798837e-01 9.171204e-01 1.207412e-01
    outer loop
      vertex   -2.869978e+01 -3.969721e+00 -7.186865e+01
      vertex   -2.863949e+01 -3.994696e+00 -7.186865e+01
      vertex   -2.869978e+01 -3.909801e+00 -7.232379e+01
    endloop
  endfacet
  facet normal 3.798837e-01 9.171204e-01 1.207412e-01
    outer loop
      vertex   -2.869978e+01 -3.909801e+00 -7.232379e+01
      vertex   -2.863949e+01 -3.994696e+00 -7.186865e+01
      vertex   -2.863949e+01 -3.933925e+00 -7.233025e+01
    endloop
  endfacet
  facet normal 3.798837e-01 8.546202e-01 3.539953e-01
    outer loop
      vertex   -2.869978e+01 -3.909801e+00 -7.232379e+01
      vertex   -2.863949e+01 -3.933925e+00 -7.233025e+01
      vertex   -2.869978e+01 -3.734124e+00 -7.274791e+01
    endloop
  endfacet
  facet normal 3.798837e-01 8.546202e-01 3.539953e-01
    outer loop
      vertex   -2.869978e+01 -3.734124e+00 -7.274791e+01
      vertex   -2.863949e+01 -3.933925e+00 -7.233025e+01
      vertex   -2.863949e+01 -3.755753e+00 -7.276040e+01
    endloop
  endfacet
  facet normal 3.798837e-01 7.338790e-01 5.631252e-01
    outer loop
      vertex   -2.869978e+01 -3.734124e+00 -7.274791e+01
      vertex   -2.863949e+01 -3.755753e+00 -7.276040e+01
      vertex   -2.869978e+01 -3.454663e+00 -7.311211e+01
    endloop
  endfacet
  facet normal 3.798837e-01 7.338790e-01 5.631252e-01
    outer loop
      vertex   -2.869978e+01 -3.454663e+00 -7.311211e+01
      vertex   -2.863949e+01 -3.755753e+00 -7.276040e+01
      vertex   -2.863949e+01 -3.472323e+00 -7.312977e+01
    endloop
  endfacet
  facet normal 3.798837e-01 5.631252e-01 7.338790e-01
    outer loop
      vertex   -2.869978e+01 -3.454663e+00 -7.311211e+01
      vertex   -2.863949e+01 -3.472323e+00 -7.312977e+01
      vertex   -2.869978e+01 -3.090462e+00 -7.339157e+01
    endloop
  endfacet
  facet normal 3.798837e-01 5.631252e-01 7.338790e-01
    outer loop
      vertex   -2.869978e+01 -3.090462e+00 -7.339157e+01
      vertex   -2.863949e+01 -3.472323e+00 -7.312977e+01
      vertex   -2.863949e+01 -3.102949e+00 -7.341320e+01
    endloop
  endfacet
  facet normal 3.798837e-01 3.539953e-01 8.546202e-01
    outer loop
      vertex   -2.869978e+01 -3.090462e+00 -7.339157e+01
      vertex   -2.863949e+01 -3.102949e+00 -7.341320e+01
      vertex   -2.869978e+01 -2.666341e+00 -7.356725e+01
    endloop
  endfacet
  facet normal 3.798837e-01 3.539953e-01 8.546202e-01
    outer loop
      vertex   -2.869978e+01 -2.666341e+00 -7.356725e+01
      vertex   -2.863949e+01 -3.102949e+00 -7.341320e+01
      vertex   -2.863949e+01 -2.672805e+00 -7.359137e+01
    endloop
  endfacet
  facet normal 6.054678e-01 7.890610e-01 1.038819e-01
    outer loop
      vertex   -2.863949e+01 -3.994696e+00 -7.186865e+01
      vertex   -2.858771e+01 -4.034426e+00 -7.186865e+01
      vertex   -2.863949e+01 -3.933925e+00 -7.233025e+01
    endloop
  endfacet
  facet normal 6.054678e-01 7.890610e-01 1.038819e-01
    outer loop
      vertex   -2.863949e+01 -3.933925e+00 -7.233025e+01
      vertex   -2.858771e+01 -4.034426e+00 -7.186865e+01
      vertex   -2.858771e+01 -3.972301e+00 -7.234054e+01
    endloop
  endfacet
  facet normal 6.054678e-01 7.352878e-01 3.045662e-01
    outer loop
      vertex   -2.863949e+01 -3.933925e+00 -7.233025e+01
      vertex   -2.858771e+01 -3.972301e+00 -7.234054e+01
      vertex   -2.863949e+01 -3.755753e+00 -7.276040e+01
    endloop
  endfacet
  facet normal 6.054678e-01 7.352878e-01 3.045662e-01
    outer loop
      vertex   -2.863949e+01 -3.755753e+00 -7.276040e+01
      vertex   -2.858771e+01 -3.972301e+00 -7.234054e+01
      vertex   -2.858771e+01 -3.790160e+00 -7.278026e+01
    endloop
  endfacet
  facet normal 6.054678e-01 6.314060e-01 4.844948e-01
    outer loop
      vertex   -2.863949e+01 -3.755753e+00 -7.276040e+01
      vertex   -2.858771e+01 -3.790160e+00 -7.278026e+01
      vertex   -2.863949e+01 -3.472323e+00 -7.312977e+01
    endloop
  endfacet
  facet normal 6.054678e-01 6.314060e-01 4.844948e-01
    outer loop
      vertex   -2.863949e+01 -3.472323e+00 -7.312977e+01
      vertex   -2.858771e+01 -3.790160e+00 -7.278026e+01
      vertex   -2.858771e+01 -3.500416e+00 -7.315787e+01
    endloop
  endfacet
  facet normal 6.054678e-01 4.844948e-01 6.314060e-01
    outer loop
      vertex   -2.863949e+01 -3.472323e+00 -7.312977e+01
      vertex   -2.858771e+01 -3.500416e+00 -7.315787e+01
      vertex   -2.863949e+01 -3.102949e+00 -7.341320e+01
    endloop
  endfacet
  facet normal 6.054678e-01 4.844948e-01 6.314060e-01
    outer loop
      vertex   -2.863949e+01 -3.102949e+00 -7.341320e+01
      vertex   -2.858771e+01 -3.500416e+00 -7.315787e+01
      vertex   -2.858771e+01 -3.122814e+00 -7.344761e+01
    endloop
  endfacet
  facet normal 6.054678e-01 3.045662e-01 7.352878e-01
    outer loop
      vertex   -2.863949e+01 -3.102949e+00 -7.341320e+01
      vertex   -2.858771e+01 -3.122814e+00 -7.344761e+01
      vertex   -2.863949e+01 -2.672805e+00 -7.359137e+01
    endloop
  endfacet
  facet normal 6.054678e-01 3.045662e-01 7.352878e-01
    outer loop
      vertex   -2.863949e+01 -2.672805e+00 -7.359137e+01
      vertex   -2.858771e+01 -3.122814e+00 -7.344761e+01
      vertex   -2.858771e+01 -2.683087e+00 -7.362975e+01
    endloop
  endfacet
  facet normal 7.908176e-01 6.068157e-01 7.988880e-02
    outer loop
      vertex   -2.858771e+01 -4.034426e+00 -7.186865e+01
      vertex   -2.854798e+01 -4.086202e+00 -7.186865e+01
      vertex   -2.858771e+01 -3.972301e+00 -7.234054e+01
    endloop
  endfacet
  facet normal 7.908176e-01 6.068157e-01 7.988880e-02
    outer loop
      vertex   -2.858771e+01 -3.972301e+00 -7.234054e+01
      vertex   -2.854798e+01 -4.086202e+00 -7.186865e+01
      vertex   -2.854798e+01 -4.022313e+00 -7.235394e+01
    endloop
  endfacet
  facet normal 7.908176e-01 5.654622e-01 2.342221e-01
    outer loop
      vertex   -2.858771e+01 -3.972301e+00 -7.234054e+01
      vertex   -2.854798e+01 -4.022313e+00 -7.235394e+01
      vertex   -2.858771e+01 -3.790160e+00 -7.278026e+01
    endloop
  endfacet
  facet normal 7.908176e-01 5.654622e-01 2.342221e-01
    outer loop
      vertex   -2.858771e+01 -3.790160e+00 -7.278026e+01
      vertex   -2.854798e+01 -4.022313e+00 -7.235394e+01
      vertex   -2.854798e+01 -3.835000e+00 -7.280615e+01
    endloop
  endfacet
  facet normal 7.908176e-01 4.855734e-01 3.725936e-01
    outer loop
      vertex   -2.858771e+01 -3.790160e+00 -7.278026e+01
      vertex   -2.854798e+01 -3.835000e+00 -7.280615e+01
      vertex   -2.858771e+01 -3.500416e+00 -7.315787e+01
    endloop
  endfacet
  facet normal 7.908176e-01 4.855734e-01 3.725936e-01
    outer loop
      vertex   -2.858771e+01 -3.500416e+00 -7.315787e+01
      vertex   -2.854798e+01 -3.835000e+00 -7.280615e+01
      vertex   -2.854798e+01 -3.537028e+00 -7.319448e+01
    endloop
  endfacet
  facet normal 7.908176e-01 3.725936e-01 4.855734e-01
    outer loop
      vertex   -2.858771e+01 -3.500416e+00 -7.315787e+01
      vertex   -2.854798e+01 -3.537028e+00 -7.319448e+01
      vertex   -2.858771e+01 -3.122814e+00 -7.344761e+01
    endloop
  endfacet
  facet normal 7.908176e-01 3.725936e-01 4.855734e-01
    outer loop
      vertex   -2.858771e+01 -3.122814e+00 -7.344761e+01
      vertex   -2.854798e+01 -3.537028e+00 -7.319448e+01
      vertex   -2.854798e+01 -3.148702e+00 -7.349245e+01
    endloop
  endfacet
  facet normal 7.908176e-01 2.342221e-01 5.654622e-01
    outer loop
      vertex   -2.858771e+01 -3.122814e+00 -7.344761e+01
      vertex   -2.854798e+01 -3.148702e+00 -7.349245e+01
      vertex   -2.858771e+01 -2.683087e+00 -7.362975e+01
    endloop
  endfacet
  facet normal 7.908176e-01 2.342221e-01 5.654622e-01
    outer loop
      vertex   -2.858771e+01 -2.683087e+00 -7.362975e+01
      vertex   -2.854798e+01 -3.148702e+00 -7.349245e+01
      vertex   -2.854798e+01 -2.696488e+00 -7.367976e+01
    endloop
  endfacet
  facet normal 9.227092e-01 3.821987e-01 5.031741e-02
    outer loop
      vertex   -2.854798e+01 -4.086202e+00 -7.186865e+01
      vertex   -2.852300e+01 -4.146498e+00 -7.186865e+01
      vertex   -2.854798e+01 -4.022313e+00 -7.235394e+01
    endloop
  endfacet
  facet normal 9.227092e-01 3.821987e-01 5.031741e-02
    outer loop
      vertex   -2.854798e+01 -4.022313e+00 -7.235394e+01
      vertex   -2.852300e+01 -4.146498e+00 -7.186865e+01
      vertex   -2.852300e+01 -4.080554e+00 -7.236954e+01
    endloop
  endfacet
  facet normal 9.227092e-01 3.561525e-01 1.475232e-01
    outer loop
      vertex   -2.854798e+01 -4.022313e+00 -7.235394e+01
      vertex   -2.852300e+01 -4.080554e+00 -7.236954e+01
      vertex   -2.854798e+01 -3.835000e+00 -7.280615e+01
    endloop
  endfacet
  facet normal 9.227092e-01 3.561525e-01 1.475232e-01
    outer loop
      vertex   -2.854798e+01 -3.835000e+00 -7.280615e+01
      vertex   -2.852300e+01 -4.080554e+00 -7.236954e+01
      vertex   -2.852300e+01 -3.887217e+00 -7.283630e+01
    endloop
  endfacet
  facet normal 9.227092e-01 3.058351e-01 2.346755e-01
    outer loop
      vertex   -2.854798e+01 -3.835000e+00 -7.280615e+01
      vertex   -2.852300e+01 -3.887217e+00 -7.283630e+01
      vertex   -2.854798e+01 -3.537028e+00 -7.319448e+01
    endloop
  endfacet
  facet normal 9.227092e-01 3.058351e-01 2.346755e-01
    outer loop
      vertex   -2.854798e+01 -3.537028e+00 -7.319448e+01
      vertex   -2.852300e+01 -3.887217e+00 -7.283630e+01
      vertex   -2.852300e+01 -3.579663e+00 -7.323711e+01
    endloop
  endfacet
  facet normal 9.227092e-01 2.346755e-01 3.058351e-01
    outer loop
      vertex   -2.854798e+01 -3.537028e+00 -7.319448e+01
      vertex   -2.852300e+01 -3.579663e+00 -7.323711e+01
      vertex   -2.854798e+01 -3.148702e+00 -7.349245e+01
    endloop
  endfacet
  facet normal 9.227092e-01 2.346755e-01 3.058351e-01
    outer loop
      vertex   -2.854798e+01 -3.148702e+00 -7.349245e+01
      vertex   -2.852300e+01 -3.579663e+00 -7.323711e+01
      vertex   -2.852300e+01 -3.178850e+00 -7.354467e+01
    endloop
  endfacet
  facet normal 9.227092e-01 1.475232e-01 3.561525e-01
    outer loop
      vertex   -2.854798e+01 -3.148702e+00 -7.349245e+01
      vertex   -2.852300e+01 -3.178850e+00 -7.354467e+01
      vertex   -2.854798e+01 -2.696488e+00 -7.367976e+01
    endloop
  endfacet
  facet normal 9.227092e-01 1.475232e-01 3.561525e-01
    outer loop
      vertex   -2.854798e+01 -2.696488e+00 -7.367976e+01
      vertex   -2.852300e+01 -3.178850e+00 -7.354467e+01
      vertex   -2.852300e+01 -2.712094e+00 -7.373800e+01
    endloop
  endfacet
  facet normal 9.912985e-01 1.305069e-01 1.718156e-02
    outer loop
      vertex   -2.852300e+01 -4.146498e+00 -7.186865e+01
      vertex   -2.851449e+01 -4.211202e+00 -7.186865e+01
      vertex   -2.852300e+01 -4.080554e+00 -7.236954e+01
    endloop
  endfacet
  facet normal 9.912985e-01 1.305069e-01 1.718156e-02
    outer loop
      vertex   -2.852300e+01 -4.080554e+00 -7.236954e+01
      vertex   -2.851449e+01 -4.211202e+00 -7.186865e+01
      vertex   -2.851449e+01 -4.143054e+00 -7.238629e+01
    endloop
  endfacet
  facet normal 9.912985e-01 1.216131e-01 5.037379e-02
    outer loop
      vertex   -2.852300e+01 -4.080554e+00 -7.236954e+01
      vertex   -2.851449e+01 -4.143054e+00 -7.238629e+01
      vertex   -2.852300e+01 -3.887217e+00 -7.283630e+01
    endloop
  endfacet
  facet normal 9.912985e-01 1.216131e-01 5.037379e-02
    outer loop
      vertex   -2.852300e+01 -3.887217e+00 -7.283630e+01
      vertex   -2.851449e+01 -4.143054e+00 -7.238629e+01
      vertex   -2.851449e+01 -3.943253e+00 -7.286865e+01
    endloop
  endfacet
  facet normal 9.912985e-01 1.044315e-01 8.013313e-02
    outer loop
      vertex   -2.852300e+01 -3.887217e+00 -7.283630e+01
      vertex   -2.851449e+01 -3.943253e+00 -7.286865e+01
      vertex   -2.852300e+01 -3.579663e+00 -7.323711e+01
    endloop
  endfacet
  facet normal 9.912985e-01 1.044315e-01 8.013313e-02
    outer loop
      vertex   -2.852300e+01 -3.579663e+00 -7.323711e+01
      vertex   -2.851449e+01 -3.943253e+00 -7.286865e+01
      vertex   -2.851449e+01 -3.625416e+00 -7.328287e+01
    endloop
  endfacet
  facet normal 9.912985e-01 8.013313e-02 1.044315e-01
    outer loop
      vertex   -2.852300e+01 -3.579663e+00 -7.323711e+01
      vertex   -2.851449e+01 -3.625416e+00 -7.328287e+01
      vertex   -2.852300e+01 -3.178850e+00 -7.354467e+01
    endloop
  endfacet
  facet normal 9.912985e-01 8.013313e-02 1.044315e-01
    outer loop
      vertex   -2.852300e+01 -3.178850e+00 -7.354467e+01
      vertex   -2.851449e+01 -3.625416e+00 -7.328287e+01
      vertex   -2.851449e+01 -3.211202e+00 -7.360070e+01
    endloop
  endfacet
  facet normal 9.912985e-01 5.037379e-02 1.216131e-01
    outer loop
      vertex   -2.852300e+01 -3.178850e+00 -7.354467e+01
      vertex   -2.851449e+01 -3.211202e+00 -7.360070e+01
      vertex   -2.852300e+01 -2.712094e+00 -7.373800e+01
    endloop
  endfacet
  facet normal 9.912985e-01 5.037379e-02 1.216131e-01
    outer loop
      vertex   -2.852300e+01 -2.712094e+00 -7.373800e+01
      vertex   -2.851449e+01 -3.211202e+00 -7.360070e+01
      vertex   -2.851449e+01 -2.728841e+00 -7.380050e+01
    endloop
  endfacet
  facet normal 1.305262e-01 9.914449e-01 -1.541919e-14
    outer loop
      vertex   -2.869978e+01 -3.969721e+00 -6.542865e+01
      vertex   -2.869978e+01 -3.969721e+00 -6.671665e+01
      vertex   -2.876449e+01 -3.961202e+00 -6.542865e+01
    endloop
  endfacet
  facet normal 1.305262e-01 9.914449e-01 -3.599814e-16
    outer loop
      vertex   -2.876449e+01 -3.961202e+00 -6.542865e+01
      vertex   -2.869978e+01 -3.969721e+00 -6.671665e+01
      vertex   -2.869978e+01 -3.969721e+00 -6.800465e+01
    endloop
  endfacet
  facet normal 1.305262e-01 9.914449e-01 3.418914e-16
    outer loop
      vertex   -2.876449e+01 -3.961202e+00 -6.542865e+01
      vertex   -2.869978e+01 -3.969721e+00 -6.800465e+01
      vertex   -2.869978e+01 -3.969721e+00 -6.929265e+01
    endloop
  endfacet
  facet normal 3.826834e-01 9.238795e-01 3.185442e-16
    outer loop
      vertex   -2.869978e+01 -3.969721e+00 -6.929265e+01
      vertex   -2.869978e+01 -3.969721e+00 -6.800465e+01
      vertex   -2.863949e+01 -3.994696e+00 -6.929265e+01
    endloop
  endfacet
  facet normal 3.826834e-01 9.238795e-01 -4.181314e-16
    outer loop
      vertex   -2.869978e+01 -3.969721e+00 -6.929265e+01
      vertex   -2.863949e+01 -3.994696e+00 -6.929265e+01
      vertex   -2.863949e+01 -3.994696e+00 -7.058065e+01
    endloop
  endfacet
  facet normal 6.087614e-01 7.933533e-01 -1.132077e-15
    outer loop
      vertex   -2.863949e+01 -3.994696e+00 -7.058065e+01
      vertex   -2.863949e+01 -3.994696e+00 -6.929265e+01
      vertex   -2.858771e+01 -4.034426e+00 -7.058065e+01
    endloop
  endfacet
  facet normal 6.087614e-01 7.933533e-01 1.160141e-14
    outer loop
      vertex   -2.863949e+01 -3.994696e+00 -7.058065e+01
      vertex   -2.858771e+01 -4.034426e+00 -7.058065e+01
      vertex   -2.858771e+01 -4.034426e+00 -7.186865e+01
    endloop
  endfacet
  facet normal 7.933533e-01 6.087614e-01 1.160244e-14
    outer loop
      vertex   -2.858771e+01 -4.034426e+00 -7.186865e+01
      vertex   -2.858771e+01 -4.034426e+00 -7.058065e+01
      vertex   -2.854798e+01 -4.086202e+00 -7.186865e+01
    endloop
  endfacet
  facet normal 7.933533e-01 6.087614e-01 5.546636e-15
    outer loop
      vertex   -2.854798e+01 -4.086202e+00 -7.186865e+01
      vertex   -2.858771e+01 -4.034426e+00 -7.058065e+01
      vertex   -2.854798e+01 -4.086202e+00 -7.058065e+01
    endloop
  endfacet
  facet normal 9.238795e-01 3.826834e-01 4.659479e-15
    outer loop
      vertex   -2.854798e+01 -4.086202e+00 -7.186865e+01
      vertex   -2.854798e+01 -4.086202e+00 -7.058065e+01
      vertex   -2.852300e+01 -4.146498e+00 -7.186865e+01
    endloop
  endfacet
  facet normal 9.238795e-01 3.826834e-01 6.152270e-15
    outer loop
      vertex   -2.852300e+01 -4.146498e+00 -7.186865e+01
      vertex   -2.854798e+01 -4.086202e+00 -7.058065e+01
      vertex   -2.852300e+01 -4.146498e+00 -7.058065e+01
    endloop
  endfacet
  facet normal 9.914449e-01 1.305262e-01 5.829473e-15
    outer loop
      vertex   -2.852300e+01 -4.146498e+00 -7.186865e+01
      vertex   -2.852300e+01 -4.146498e+00 -7.058065e+01
      vertex   -2.851449e+01 -4.211202e+00 -7.186865e+01
    endloop
  endfacet
  facet normal 9.914449e-01 1.305262e-01 -5.019668e-15
    outer loop
      vertex   -2.851449e+01 -4.211202e+00 -7.186865e+01
      vertex   -2.852300e+01 -4.146498e+00 -7.058065e+01
      vertex   -2.852300e+01 -4.146498e+00 -6.929265e+01
    endloop
  endfacet
  facet normal 9.914449e-01 1.305262e-01 3.596609e-16
    outer loop
      vertex   -2.851449e+01 -4.211202e+00 -7.186865e+01
      vertex   -2.852300e+01 -4.146498e+00 -6.929265e+01
      vertex   -2.852300e+01 -4.146498e+00 -6.800465e+01
    endloop
  endfacet
  facet normal 9.238795e-01 3.826834e-01 1.055563e-15
    outer loop
      vertex   -2.852300e+01 -4.146498e+00 -6.800465e+01
      vertex   -2.852300e+01 -4.146498e+00 -6.929265e+01
      vertex   -2.854798e+01 -4.086202e+00 -6.800465e+01
    endloop
  endfacet
  facet normal 9.238795e-01 3.826834e-01 -1.756180e-15
    outer loop
      vertex   -2.852300e+01 -4.146498e+00 -6.800465e+01
      vertex   -2.854798e+01 -4.086202e+00 -6.800465e+01
      vertex   -2.854798e+01 -4.086202e+00 -6.671665e+01
    endloop
  endfacet
  facet normal 7.933533e-01 6.087614e-01 -9.289526e-16
    outer loop
      vertex   -2.854798e+01 -4.086202e+00 -6.671665e+01
      vertex   -2.854798e+01 -4.086202e+00 -6.800465e+01
      vertex   -2.858771e+01 -4.034426e+00 -6.671665e+01
    endloop
  endfacet
  facet normal 7.933533e-01 6.087614e-01 -1.639983e-14
    outer loop
      vertex   -2.854798e+01 -4.086202e+00 -6.671665e+01
      vertex   -2.858771e+01 -4.034426e+00 -6.671665e+01
      vertex   -2.858771e+01 -4.034426e+00 -6.542865e+01
    endloop
  endfacet
  facet normal 6.087614e-01 7.933533e-01 -1.550783e-14
    outer loop
      vertex   -2.858771e+01 -4.034426e+00 -6.542865e+01
      vertex   -2.858771e+01 -4.034426e+00 -6.671665e+01
      vertex   -2.863949e+01 -3.994696e+00 -6.542865e+01
    endloop
  endfacet
  facet normal 6.087614e-01 7.933533e-01 -1.738469e-14
    outer loop
      vertex   -2.863949e+01 -3.994696e+00 -6.542865e+01
      vertex   -2.858771e+01 -4.034426e+00 -6.671665e+01
      vertex   -2.863949e+01 -3.994696e+00 -6.671665e+01
    endloop
  endfacet
  facet normal 3.826834e-01 9.238795e-01 -1.664547e-14
    outer loop
      vertex   -2.863949e+01 -3.994696e+00 -6.542865e+01
      vertex   -2.863949e+01 -3.994696e+00 -6.671665e+01
      vertex   -2.869978e+01 -3.969721e+00 -6.542865e+01
    endloop
  endfacet
  facet normal 3.826834e-01 9.238795e-01 -1.580853e-14
    outer loop
      vertex   -2.869978e+01 -3.969721e+00 -6.542865e+01
      vertex   -2.863949e+01 -3.994696e+00 -6.671665e+01
      vertex   -2.869978e+01 -3.969721e+00 -6.671665e+01
    endloop
  endfacet
  facet normal 7.933533e-01 6.087614e-01 -1.430002e-14
    outer loop
      vertex   -2.858771e+01 -4.034426e+00 -6.542865e+01
      vertex   -2.854798e+01 -4.086202e+00 -6.542865e+01
      vertex   -2.854798e+01 -4.086202e+00 -6.671665e+01
    endloop
  endfacet
  facet normal 9.238795e-01 3.826834e-01 -1.485289e-14
    outer loop
      vertex   -2.854798e+01 -4.086202e+00 -6.671665e+01
      vertex   -2.854798e+01 -4.086202e+00 -6.542865e+01
      vertex   -2.852300e+01 -4.146498e+00 -6.671665e+01
    endloop
  endfacet
  facet normal 9.238795e-01 3.826834e-01 1.055295e-15
    outer loop
      vertex   -2.854798e+01 -4.086202e+00 -6.671665e+01
      vertex   -2.852300e+01 -4.146498e+00 -6.671665e+01
      vertex   -2.852300e+01 -4.146498e+00 -6.800465e+01
    endloop
  endfacet
  facet normal 9.914449e-01 1.305262e-01 3.600328e-16
    outer loop
      vertex   -2.852300e+01 -4.146498e+00 -6.800465e+01
      vertex   -2.852300e+01 -4.146498e+00 -6.671665e+01
      vertex   -2.851449e+01 -4.211202e+00 -6.542865e+01
    endloop
  endfacet
  facet normal 9.914449e-01 1.305262e-01 3.781338e-16
    outer loop
      vertex   -2.852300e+01 -4.146498e+00 -6.800465e+01
      vertex   -2.851449e+01 -4.211202e+00 -6.542865e+01
      vertex   -2.851449e+01 -4.211202e+00 -7.186865e+01
    endloop
  endfacet
  facet normal 9.238795e-01 3.826834e-01 -1.581663e-14
    outer loop
      vertex   -2.854798e+01 -4.086202e+00 -6.542865e+01
      vertex   -2.852300e+01 -4.146498e+00 -6.542865e+01
      vertex   -2.852300e+01 -4.146498e+00 -6.671665e+01
    endloop
  endfacet
  facet normal 9.914449e-01 1.305262e-01 -1.658834e-14
    outer loop
      vertex   -2.852300e+01 -4.146498e+00 -6.671665e+01
      vertex   -2.852300e+01 -4.146498e+00 -6.542865e+01
      vertex   -2.851449e+01 -4.211202e+00 -6.542865e+01
    endloop
  endfacet
  facet normal 6.087614e-01 7.933533e-01 1.320354e-14
    outer loop
      vertex   -2.858771e+01 -4.034426e+00 -7.186865e+01
      vertex   -2.863949e+01 -3.994696e+00 -7.186865e+01
      vertex   -2.863949e+01 -3.994696e+00 -7.058065e+01
    endloop
  endfacet
  facet normal 3.826834e-01 9.238795e-01 1.357872e-14
    outer loop
      vertex   -2.863949e+01 -3.994696e+00 -7.058065e+01
      vertex   -2.863949e+01 -3.994696e+00 -7.186865e+01
      vertex   -2.869978e+01 -3.969721e+00 -7.058065e+01
    endloop
  endfacet
  facet normal 3.826834e-01 9.238795e-01 2.636510e-19
    outer loop
      vertex   -2.863949e+01 -3.994696e+00 -7.058065e+01
      vertex   -2.869978e+01 -3.969721e+00 -7.058065e+01
      vertex   -2.869978e+01 -3.969721e+00 -6.929265e+01
    endloop
  endfacet
  facet normal 1.305262e-01 9.914449e-01 0.000000e+00
    outer loop
      vertex   -2.869978e+01 -3.969721e+00 -6.929265e+01
      vertex   -2.869978e+01 -3.969721e+00 -7.058065e+01
      vertex   -2.876449e+01 -3.961202e+00 -7.186865e+01
    endloop
  endfacet
  facet normal 1.305262e-01 9.914449e-01 -1.367020e-16
    outer loop
      vertex   -2.869978e+01 -3.969721e+00 -6.929265e+01
      vertex   -2.876449e+01 -3.961202e+00 -7.186865e+01
      vertex   -2.876449e+01 -3.961202e+00 -6.542865e+01
    endloop
  endfacet
  facet normal 3.826834e-01 9.238795e-01 1.411664e-14
    outer loop
      vertex   -2.863949e+01 -3.994696e+00 -7.186865e+01
      vertex   -2.869978e+01 -3.969721e+00 -7.186865e+01
      vertex   -2.869978e+01 -3.969721e+00 -7.058065e+01
    endloop
  endfacet
  facet normal 1.305262e-01 9.914449e-01 1.437547e-14
    outer loop
      vertex   -2.869978e+01 -3.969721e+00 -7.058065e+01
      vertex   -2.869978e+01 -3.969721e+00 -7.186865e+01
      vertex   -2.876449e+01 -3.961202e+00 -7.186865e+01
    endloop
  endfacet
  facet normal 3.826834e-01 9.238795e-01 -1.055563e-15
    outer loop
      vertex   -2.869978e+01 -3.969721e+00 -6.800465e+01
      vertex   -2.869978e+01 -3.969721e+00 -6.671665e+01
      vertex   -2.863949e+01 -3.994696e+00 -6.800465e+01
    endloop
  endfacet
  facet normal 3.826834e-01 9.238795e-01 3.185442e-16
    outer loop
      vertex   -2.863949e+01 -3.994696e+00 -6.800465e+01
      vertex   -2.869978e+01 -3.969721e+00 -6.671665e+01
      vertex   -2.863949e+01 -3.994696e+00 -6.671665e+01
    endloop
  endfacet
  facet normal 6.087614e-01 7.933533e-01 2.735401e-16
    outer loop
      vertex   -2.863949e+01 -3.994696e+00 -6.800465e+01
      vertex   -2.863949e+01 -3.994696e+00 -6.671665e+01
      vertex   -2.858771e+01 -4.034426e+00 -6.800465e+01
    endloop
  endfacet
  facet normal 6.087614e-01 7.933533e-01 5.470802e-16
    outer loop
      vertex   -2.858771e+01 -4.034426e+00 -6.800465e+01
      vertex   -2.863949e+01 -3.994696e+00 -6.671665e+01
      vertex   -2.858771e+01 -4.034426e+00 -6.671665e+01
    endloop
  endfacet
  facet normal 7.933533e-01 6.087614e-01 4.197894e-16
    outer loop
      vertex   -2.858771e+01 -4.034426e+00 -6.800465e+01
      vertex   -2.858771e+01 -4.034426e+00 -6.671665e+01
      vertex   -2.854798e+01 -4.086202e+00 -6.800465e+01
    endloop
  endfacet
  facet normal 3.826834e-01 9.238795e-01 6.382650e-16
    outer loop
      vertex   -2.869978e+01 -3.969721e+00 -6.800465e+01
      vertex   -2.863949e+01 -3.994696e+00 -6.800465e+01
      vertex   -2.863949e+01 -3.994696e+00 -6.929265e+01
    endloop
  endfacet
  facet normal 6.087614e-01 7.933533e-01 5.470802e-16
    outer loop
      vertex   -2.863949e+01 -3.994696e+00 -6.929265e+01
      vertex   -2.863949e+01 -3.994696e+00 -6.800465e+01
      vertex   -2.858771e+01 -4.034426e+00 -6.929265e+01
    endloop
  endfacet
  facet normal 6.087614e-01 7.933533e-01 -4.005714e-17
    outer loop
      vertex   -2.863949e+01 -3.994696e+00 -6.929265e+01
      vertex   -2.858771e+01 -4.034426e+00 -6.929265e+01
      vertex   -2.858771e+01 -4.034426e+00 -7.058065e+01
    endloop
  endfacet
  facet normal 7.933533e-01 6.087614e-01 -9.289526e-16
    outer loop
      vertex   -2.858771e+01 -4.034426e+00 -7.058065e+01
      vertex   -2.858771e+01 -4.034426e+00 -6.929265e+01
      vertex   -2.854798e+01 -4.086202e+00 -7.058065e+01
    endloop
  endfacet
  facet normal 6.087614e-01 7.933533e-01 1.094160e-15
    outer loop
      vertex   -2.858771e+01 -4.034426e+00 -6.929265e+01
      vertex   -2.863949e+01 -3.994696e+00 -6.800465e+01
      vertex   -2.858771e+01 -4.034426e+00 -6.800465e+01
    endloop
  endfacet
  facet normal 7.933533e-01 6.087614e-01 8.395788e-16
    outer loop
      vertex   -2.858771e+01 -4.034426e+00 -6.929265e+01
      vertex   -2.858771e+01 -4.034426e+00 -6.800465e+01
      vertex   -2.854798e+01 -4.086202e+00 -6.929265e+01
    endloop
  endfacet
  facet normal 7.933533e-01 6.087614e-01 1.679158e-15
    outer loop
      vertex   -2.854798e+01 -4.086202e+00 -6.929265e+01
      vertex   -2.858771e+01 -4.034426e+00 -6.800465e+01
      vertex   -2.854798e+01 -4.086202e+00 -6.800465e+01
    endloop
  endfacet
  facet normal 9.238795e-01 3.826834e-01 1.055563e-15
    outer loop
      vertex   -2.854798e+01 -4.086202e+00 -6.929265e+01
      vertex   -2.854798e+01 -4.086202e+00 -6.800465e+01
      vertex   -2.852300e+01 -4.146498e+00 -6.929265e+01
    endloop
  endfacet
  facet normal 9.238795e-01 3.826834e-01 7.908144e-16
    outer loop
      vertex   -2.852300e+01 -4.146498e+00 -7.058065e+01
      vertex   -2.854798e+01 -4.086202e+00 -7.058065e+01
      vertex   -2.854798e+01 -4.086202e+00 -6.929265e+01
    endloop
  endfacet
  facet normal 7.933533e-01 6.087614e-01 1.259368e-15
    outer loop
      vertex   -2.854798e+01 -4.086202e+00 -6.929265e+01
      vertex   -2.854798e+01 -4.086202e+00 -7.058065e+01
      vertex   -2.858771e+01 -4.034426e+00 -6.929265e+01
    endloop
  endfacet
  facet normal 9.238795e-01 3.826834e-01 -3.777254e-15
    outer loop
      vertex   -2.852300e+01 -4.146498e+00 -7.058065e+01
      vertex   -2.854798e+01 -4.086202e+00 -6.929265e+01
      vertex   -2.852300e+01 -4.146498e+00 -6.929265e+01
    endloop
  endfacet
  facet normal 1.294283e-01 1.294283e-01 -9.831056e-01
    outer loop
      vertex   -2.876449e+01 -2.211202e+00 -6.367865e+01
      vertex   -2.869978e+01 -2.211202e+00 -6.367013e+01
      vertex   -2.876449e+01 -2.664136e+00 -6.373828e+01
    endloop
  endfacet
  facet normal 1.294283e-01 1.294283e-01 -9.831056e-01
    outer loop
      vertex   -2.876449e+01 -2.664136e+00 -6.373828e+01
      vertex   -2.869978e+01 -2.211202e+00 -6.367013e+01
      vertex   -2.869978e+01 -2.666341e+00 -6.373005e+01
    endloop
  endfacet
  facet normal 1.294283e-01 3.794646e-01 -9.161086e-01
    outer loop
      vertex   -2.876449e+01 -2.664136e+00 -6.373828e+01
      vertex   -2.869978e+01 -2.666341e+00 -6.373005e+01
      vertex   -2.876449e+01 -3.086202e+00 -6.391311e+01
    endloop
  endfacet
  facet normal 1.294283e-01 3.794646e-01 -9.161086e-01
    outer loop
      vertex   -2.876449e+01 -3.086202e+00 -6.391311e+01
      vertex   -2.869978e+01 -2.666341e+00 -6.373005e+01
      vertex   -2.869978e+01 -3.090462e+00 -6.390573e+01
    endloop
  endfacet
  facet normal 1.294283e-01 6.036410e-01 -7.866803e-01
    outer loop
      vertex   -2.876449e+01 -3.086202e+00 -6.391311e+01
      vertex   -2.869978e+01 -3.090462e+00 -6.390573e+01
      vertex   -2.876449e+01 -3.448639e+00 -6.419121e+01
    endloop
  endfacet
  facet normal 1.294283e-01 6.036410e-01 -7.866803e-01
    outer loop
      vertex   -2.876449e+01 -3.448639e+00 -6.419121e+01
      vertex   -2.869978e+01 -3.090462e+00 -6.390573e+01
      vertex   -2.869978e+01 -3.454663e+00 -6.418519e+01
    endloop
  endfacet
  facet normal 1.294283e-01 7.866803e-01 -6.036410e-01
    outer loop
      vertex   -2.876449e+01 -3.448639e+00 -6.419121e+01
      vertex   -2.869978e+01 -3.454663e+00 -6.418519e+01
      vertex   -2.876449e+01 -3.726747e+00 -6.455365e+01
    endloop
  endfacet
  facet normal 1.294283e-01 7.866803e-01 -6.036410e-01
    outer loop
      vertex   -2.876449e+01 -3.726747e+00 -6.455365e+01
      vertex   -2.869978e+01 -3.454663e+00 -6.418519e+01
      vertex   -2.869978e+01 -3.734124e+00 -6.454939e+01
    endloop
  endfacet
  facet normal 1.294283e-01 9.161086e-01 -3.794646e-01
    outer loop
      vertex   -2.876449e+01 -3.726747e+00 -6.455365e+01
      vertex   -2.869978e+01 -3.734124e+00 -6.454939e+01
      vertex   -2.876449e+01 -3.901573e+00 -6.497572e+01
    endloop
  endfacet
  facet normal 1.294283e-01 9.161086e-01 -3.794646e-01
    outer loop
      vertex   -2.876449e+01 -3.901573e+00 -6.497572e+01
      vertex   -2.869978e+01 -3.734124e+00 -6.454939e+01
      vertex   -2.869978e+01 -3.909801e+00 -6.497351e+01
    endloop
  endfacet
  facet normal 1.294283e-01 9.831056e-01 -1.294283e-01
    outer loop
      vertex   -2.876449e+01 -3.901573e+00 -6.497572e+01
      vertex   -2.869978e+01 -3.909801e+00 -6.497351e+01
      vertex   -2.876449e+01 -3.961202e+00 -6.542865e+01
    endloop
  endfacet
  facet normal 1.294283e-01 9.831056e-01 -1.294283e-01
    outer loop
      vertex   -2.876449e+01 -3.961202e+00 -6.542865e+01
      vertex   -2.869978e+01 -3.909801e+00 -6.497351e+01
      vertex   -2.869978e+01 -3.969721e+00 -6.542865e+01
    endloop
  endfacet
  facet normal 3.798837e-01 9.171204e-01 -1.207412e-01
    outer loop
      vertex   -2.869978e+01 -3.969721e+00 -6.542865e+01
      vertex   -2.869978e+01 -3.909801e+00 -6.497351e+01
      vertex   -2.863949e+01 -3.933925e+00 -6.496705e+01
    endloop
  endfacet
  facet normal 3.798837e-01 9.171204e-01 -1.207412e-01
    outer loop
      vertex   -2.869978e+01 -3.969721e+00 -6.542865e+01
      vertex   -2.863949e+01 -3.933925e+00 -6.496705e+01
      vertex   -2.863949e+01 -3.994696e+00 -6.542865e+01
    endloop
  endfacet
  facet normal 6.054678e-01 7.890610e-01 -1.038819e-01
    outer loop
      vertex   -2.863949e+01 -3.994696e+00 -6.542865e+01
      vertex   -2.863949e+01 -3.933925e+00 -6.496705e+01
      vertex   -2.858771e+01 -3.972301e+00 -6.495677e+01
    endloop
  endfacet
  facet normal 6.054678e-01 7.890610e-01 -1.038819e-01
    outer loop
      vertex   -2.863949e+01 -3.994696e+00 -6.542865e+01
      vertex   -2.858771e+01 -3.972301e+00 -6.495677e+01
      vertex   -2.858771e+01 -4.034426e+00 -6.542865e+01
    endloop
  endfacet
  facet normal 7.908176e-01 6.068157e-01 -7.988880e-02
    outer loop
      vertex   -2.858771e+01 -4.034426e+00 -6.542865e+01
      vertex   -2.858771e+01 -3.972301e+00 -6.495677e+01
      vertex   -2.854798e+01 -4.022313e+00 -6.494337e+01
    endloop
  endfacet
  facet normal 7.908176e-01 6.068157e-01 -7.988880e-02
    outer loop
      vertex   -2.858771e+01 -4.034426e+00 -6.542865e+01
      vertex   -2.854798e+01 -4.022313e+00 -6.494337e+01
      vertex   -2.854798e+01 -4.086202e+00 -6.542865e+01
    endloop
  endfacet
  facet normal 9.227092e-01 3.821987e-01 -5.031741e-02
    outer loop
      vertex   -2.854798e+01 -4.086202e+00 -6.542865e+01
      vertex   -2.854798e+01 -4.022313e+00 -6.494337e+01
      vertex   -2.852300e+01 -4.080554e+00 -6.492776e+01
    endloop
  endfacet
  facet normal 9.227092e-01 3.821987e-01 -5.031741e-02
    outer loop
      vertex   -2.854798e+01 -4.086202e+00 -6.542865e+01
      vertex   -2.852300e+01 -4.080554e+00 -6.492776e+01
      vertex   -2.852300e+01 -4.146498e+00 -6.542865e+01
    endloop
  endfacet
  facet normal 9.912985e-01 1.305069e-01 -1.718156e-02
    outer loop
      vertex   -2.852300e+01 -4.146498e+00 -6.542865e+01
      vertex   -2.852300e+01 -4.080554e+00 -6.492776e+01
      vertex   -2.851449e+01 -4.143054e+00 -6.491101e+01
    endloop
  endfacet
  facet normal 9.912985e-01 1.305069e-01 -1.718156e-02
    outer loop
      vertex   -2.852300e+01 -4.146498e+00 -6.542865e+01
      vertex   -2.851449e+01 -4.143054e+00 -6.491101e+01
      vertex   -2.851449e+01 -4.211202e+00 -6.542865e+01
    endloop
  endfacet
  facet normal 3.798837e-01 1.207412e-01 -9.171204e-01
    outer loop
      vertex   -2.869978e+01 -2.211202e+00 -6.367013e+01
      vertex   -2.863949e+01 -2.211202e+00 -6.364516e+01
      vertex   -2.869978e+01 -2.666341e+00 -6.373005e+01
    endloop
  endfacet
  facet normal 3.798837e-01 1.207412e-01 -9.171204e-01
    outer loop
      vertex   -2.869978e+01 -2.666341e+00 -6.373005e+01
      vertex   -2.863949e+01 -2.211202e+00 -6.364516e+01
      vertex   -2.863949e+01 -2.672805e+00 -6.370593e+01
    endloop
  endfacet
  facet normal 3.798837e-01 3.539953e-01 -8.546202e-01
    outer loop
      vertex   -2.869978e+01 -2.666341e+00 -6.373005e+01
      vertex   -2.863949e+01 -2.672805e+00 -6.370593e+01
      vertex   -2.869978e+01 -3.090462e+00 -6.390573e+01
    endloop
  endfacet
  facet normal 3.798837e-01 3.539953e-01 -8.546202e-01
    outer loop
      vertex   -2.869978e+01 -3.090462e+00 -6.390573e+01
      vertex   -2.863949e+01 -2.672805e+00 -6.370593e+01
      vertex   -2.863949e+01 -3.102949e+00 -6.388410e+01
    endloop
  endfacet
  facet normal 3.798837e-01 5.631252e-01 -7.338790e-01
    outer loop
      vertex   -2.869978e+01 -3.090462e+00 -6.390573e+01
      vertex   -2.863949e+01 -3.102949e+00 -6.388410e+01
      vertex   -2.869978e+01 -3.454663e+00 -6.418519e+01
    endloop
  endfacet
  facet normal 3.798837e-01 5.631252e-01 -7.338790e-01
    outer loop
      vertex   -2.869978e+01 -3.454663e+00 -6.418519e+01
      vertex   -2.863949e+01 -3.102949e+00 -6.388410e+01
      vertex   -2.863949e+01 -3.472323e+00 -6.416753e+01
    endloop
  endfacet
  facet normal 3.798837e-01 7.338790e-01 -5.631252e-01
    outer loop
      vertex   -2.869978e+01 -3.454663e+00 -6.418519e+01
      vertex   -2.863949e+01 -3.472323e+00 -6.416753e+01
      vertex   -2.869978e+01 -3.734124e+00 -6.454939e+01
    endloop
  endfacet
  facet normal 3.798837e-01 7.338790e-01 -5.631252e-01
    outer loop
      vertex   -2.869978e+01 -3.734124e+00 -6.454939e+01
      vertex   -2.863949e+01 -3.472323e+00 -6.416753e+01
      vertex   -2.863949e+01 -3.755753e+00 -6.453690e+01
    endloop
  endfacet
  facet normal 3.798837e-01 8.546202e-01 -3.539953e-01
    outer loop
      vertex   -2.869978e+01 -3.734124e+00 -6.454939e+01
      vertex   -2.863949e+01 -3.755753e+00 -6.453690e+01
      vertex   -2.869978e+01 -3.909801e+00 -6.497351e+01
    endloop
  endfacet
  facet normal 3.798837e-01 8.546202e-01 -3.539953e-01
    outer loop
      vertex   -2.869978e+01 -3.909801e+00 -6.497351e+01
      vertex   -2.863949e+01 -3.755753e+00 -6.453690e+01
      vertex   -2.863949e+01 -3.933925e+00 -6.496705e+01
    endloop
  endfacet
  facet normal 6.054678e-01 1.038819e-01 -7.890610e-01
    outer loop
      vertex   -2.863949e+01 -2.211202e+00 -6.364516e+01
      vertex   -2.858771e+01 -2.211202e+00 -6.360543e+01
      vertex   -2.863949e+01 -2.672805e+00 -6.370593e+01
    endloop
  endfacet
  facet normal 6.054678e-01 1.038819e-01 -7.890610e-01
    outer loop
      vertex   -2.863949e+01 -2.672805e+00 -6.370593e+01
      vertex   -2.858771e+01 -2.211202e+00 -6.360543e+01
      vertex   -2.858771e+01 -2.683087e+00 -6.366755e+01
    endloop
  endfacet
  facet normal 6.054678e-01 3.045662e-01 -7.352878e-01
    outer loop
      vertex   -2.863949e+01 -2.672805e+00 -6.370593e+01
      vertex   -2.858771e+01 -2.683087e+00 -6.366755e+01
      vertex   -2.863949e+01 -3.102949e+00 -6.388410e+01
    endloop
  endfacet
  facet normal 6.054678e-01 3.045662e-01 -7.352878e-01
    outer loop
      vertex   -2.863949e+01 -3.102949e+00 -6.388410e+01
      vertex   -2.858771e+01 -2.683087e+00 -6.366755e+01
      vertex   -2.858771e+01 -3.122814e+00 -6.384969e+01
    endloop
  endfacet
  facet normal 6.054678e-01 4.844948e-01 -6.314060e-01
    outer loop
      vertex   -2.863949e+01 -3.102949e+00 -6.388410e+01
      vertex   -2.858771e+01 -3.122814e+00 -6.384969e+01
      vertex   -2.863949e+01 -3.472323e+00 -6.416753e+01
    endloop
  endfacet
  facet normal 6.054678e-01 4.844948e-01 -6.314060e-01
    outer loop
      vertex   -2.863949e+01 -3.472323e+00 -6.416753e+01
      vertex   -2.858771e+01 -3.122814e+00 -6.384969e+01
      vertex   -2.858771e+01 -3.500416e+00 -6.413944e+01
    endloop
  endfacet
  facet normal 6.054678e-01 6.314060e-01 -4.844948e-01
    outer loop
      vertex   -2.863949e+01 -3.472323e+00 -6.416753e+01
      vertex   -2.858771e+01 -3.500416e+00 -6.413944e+01
      vertex   -2.863949e+01 -3.755753e+00 -6.453690e+01
    endloop
  endfacet
  facet normal 6.054678e-01 6.314060e-01 -4.844948e-01
    outer loop
      vertex   -2.863949e+01 -3.755753e+00 -6.453690e+01
      vertex   -2.858771e+01 -3.500416e+00 -6.413944e+01
      vertex   -2.858771e+01 -3.790160e+00 -6.451704e+01
    endloop
  endfacet
  facet normal 6.054678e-01 7.352878e-01 -3.045662e-01
    outer loop
      vertex   -2.863949e+01 -3.755753e+00 -6.453690e+01
      vertex   -2.858771e+01 -3.790160e+00 -6.451704e+01
      vertex   -2.863949e+01 -3.933925e+00 -6.496705e+01
    endloop
  endfacet
  facet normal 6.054678e-01 7.352878e-01 -3.045662e-01
    outer loop
      vertex   -2.863949e+01 -3.933925e+00 -6.496705e+01
      vertex   -2.858771e+01 -3.790160e+00 -6.451704e+01
      vertex   -2.858771e+01 -3.972301e+00 -6.495677e+01
    endloop
  endfacet
  facet normal 7.908176e-01 7.988880e-02 -6.068157e-01
    outer loop
      vertex   -2.858771e+01 -2.211202e+00 -6.360543e+01
      vertex   -2.854798e+01 -2.211202e+00 -6.355365e+01
      vertex   -2.858771e+01 -2.683087e+00 -6.366755e+01
    endloop
  endfacet
  facet normal 7.908176e-01 7.988880e-02 -6.068157e-01
    outer loop
      vertex   -2.858771e+01 -2.683087e+00 -6.366755e+01
      vertex   -2.854798e+01 -2.211202e+00 -6.355365e+01
      vertex   -2.854798e+01 -2.696488e+00 -6.361754e+01
    endloop
  endfacet
  facet normal 7.908176e-01 2.342221e-01 -5.654622e-01
    outer loop
      vertex   -2.858771e+01 -2.683087e+00 -6.366755e+01
      vertex   -2.854798e+01 -2.696488e+00 -6.361754e+01
      vertex   -2.858771e+01 -3.122814e+00 -6.384969e+01
    endloop
  endfacet
  facet normal 7.908176e-01 2.342221e-01 -5.654622e-01
    outer loop
      vertex   -2.858771e+01 -3.122814e+00 -6.384969e+01
      vertex   -2.854798e+01 -2.696488e+00 -6.361754e+01
      vertex   -2.854798e+01 -3.148702e+00 -6.380485e+01
    endloop
  endfacet
  facet normal 7.908176e-01 3.725936e-01 -4.855734e-01
    outer loop
      vertex   -2.858771e+01 -3.122814e+00 -6.384969e+01
      vertex   -2.854798e+01 -3.148702e+00 -6.380485e+01
      vertex   -2.858771e+01 -3.500416e+00 -6.413944e+01
    endloop
  endfacet
  facet normal 7.908176e-01 3.725936e-01 -4.855734e-01
    outer loop
      vertex   -2.858771e+01 -3.500416e+00 -6.413944e+01
      vertex   -2.854798e+01 -3.148702e+00 -6.380485e+01
      vertex   -2.854798e+01 -3.537028e+00 -6.410283e+01
    endloop
  endfacet
  facet normal 7.908176e-01 4.855734e-01 -3.725936e-01
    outer loop
      vertex   -2.858771e+01 -3.500416e+00 -6.413944e+01
      vertex   -2.854798e+01 -3.537028e+00 -6.410283e+01
      vertex   -2.858771e+01 -3.790160e+00 -6.451704e+01
    endloop
  endfacet
  facet normal 7.908176e-01 4.855734e-01 -3.725936e-01
    outer loop
      vertex   -2.858771e+01 -3.790160e+00 -6.451704e+01
      vertex   -2.854798e+01 -3.537028e+00 -6.410283e+01
      vertex   -2.854798e+01 -3.835000e+00 -6.449115e+01
    endloop
  endfacet
  facet normal 7.908176e-01 5.654622e-01 -2.342221e-01
    outer loop
      vertex   -2.858771e+01 -3.790160e+00 -6.451704e+01
      vertex   -2.854798e+01 -3.835000e+00 -6.449115e+01
      vertex   -2.858771e+01 -3.972301e+00 -6.495677e+01
    endloop
  endfacet
  facet normal 7.908176e-01 5.654622e-01 -2.342221e-01
    outer loop
      vertex   -2.858771e+01 -3.972301e+00 -6.495677e+01
      vertex   -2.854798e+01 -3.835000e+00 -6.449115e+01
      vertex   -2.854798e+01 -4.022313e+00 -6.494337e+01
    endloop
  endfacet
  facet normal 9.227092e-01 5.031741e-02 -3.821987e-01
    outer loop
      vertex   -2.854798e+01 -2.211202e+00 -6.355365e+01
      vertex   -2.852300e+01 -2.211202e+00 -6.349336e+01
      vertex   -2.854798e+01 -2.696488e+00 -6.361754e+01
    endloop
  endfacet
  facet normal 9.227092e-01 5.031741e-02 -3.821987e-01
    outer loop
      vertex   -2.854798e+01 -2.696488e+00 -6.361754e+01
      vertex   -2.852300e+01 -2.211202e+00 -6.349336e+01
      vertex   -2.852300e+01 -2.712094e+00 -6.355930e+01
    endloop
  endfacet
  facet normal 9.227092e-01 1.475232e-01 -3.561525e-01
    outer loop
      vertex   -2.854798e+01 -2.696488e+00 -6.361754e+01
      vertex   -2.852300e+01 -2.712094e+00 -6.355930e+01
      vertex   -2.854798e+01 -3.148702e+00 -6.380485e+01
    endloop
  endfacet
  facet normal 9.227092e-01 1.475232e-01 -3.561525e-01
    outer loop
      vertex   -2.854798e+01 -3.148702e+00 -6.380485e+01
      vertex   -2.852300e+01 -2.712094e+00 -6.355930e+01
      vertex   -2.852300e+01 -3.178850e+00 -6.375264e+01
    endloop
  endfacet
  facet normal 9.227092e-01 2.346755e-01 -3.058351e-01
    outer loop
      vertex   -2.854798e+01 -3.148702e+00 -6.380485e+01
      vertex   -2.852300e+01 -3.178850e+00 -6.375264e+01
      vertex   -2.854798e+01 -3.537028e+00 -6.410283e+01
    endloop
  endfacet
  facet normal 9.227092e-01 2.346755e-01 -3.058351e-01
    outer loop
      vertex   -2.854798e+01 -3.537028e+00 -6.410283e+01
      vertex   -2.852300e+01 -3.178850e+00 -6.375264e+01
      vertex   -2.852300e+01 -3.579663e+00 -6.406019e+01
    endloop
  endfacet
  facet normal 9.227092e-01 3.058351e-01 -2.346755e-01
    outer loop
      vertex   -2.854798e+01 -3.537028e+00 -6.410283e+01
      vertex   -2.852300e+01 -3.579663e+00 -6.406019e+01
      vertex   -2.854798e+01 -3.835000e+00 -6.449115e+01
    endloop
  endfacet
  facet normal 9.227092e-01 3.058351e-01 -2.346755e-01
    outer loop
      vertex   -2.854798e+01 -3.835000e+00 -6.449115e+01
      vertex   -2.852300e+01 -3.579663e+00 -6.406019e+01
      vertex   -2.852300e+01 -3.887217e+00 -6.446100e+01
    endloop
  endfacet
  facet normal 9.227092e-01 3.561525e-01 -1.475232e-01
    outer loop
      vertex   -2.854798e+01 -3.835000e+00 -6.449115e+01
      vertex   -2.852300e+01 -3.887217e+00 -6.446100e+01
      vertex   -2.854798e+01 -4.022313e+00 -6.494337e+01
    endloop
  endfacet
  facet normal 9.227092e-01 3.561525e-01 -1.475232e-01
    outer loop
      vertex   -2.854798e+01 -4.022313e+00 -6.494337e+01
      vertex   -2.852300e+01 -3.887217e+00 -6.446100e+01
      vertex   -2.852300e+01 -4.080554e+00 -6.492776e+01
    endloop
  endfacet
  facet normal 9.912985e-01 1.718156e-02 -1.305069e-01
    outer loop
      vertex   -2.852300e+01 -2.211202e+00 -6.349336e+01
      vertex   -2.851449e+01 -2.211202e+00 -6.342865e+01
      vertex   -2.852300e+01 -2.712094e+00 -6.355930e+01
    endloop
  endfacet
  facet normal 9.912985e-01 1.718156e-02 -1.305069e-01
    outer loop
      vertex   -2.852300e+01 -2.712094e+00 -6.355930e+01
      vertex   -2.851449e+01 -2.211202e+00 -6.342865e+01
      vertex   -2.851449e+01 -2.728841e+00 -6.349680e+01
    endloop
  endfacet
  facet normal 9.912985e-01 5.037379e-02 -1.216131e-01
    outer loop
      vertex   -2.852300e+01 -2.712094e+00 -6.355930e+01
      vertex   -2.851449e+01 -2.728841e+00 -6.349680e+01
      vertex   -2.852300e+01 -3.178850e+00 -6.375264e+01
    endloop
  endfacet
  facet normal 9.912985e-01 5.037379e-02 -1.216131e-01
    outer loop
      vertex   -2.852300e+01 -3.178850e+00 -6.375264e+01
      vertex   -2.851449e+01 -2.728841e+00 -6.349680e+01
      vertex   -2.851449e+01 -3.211202e+00 -6.369660e+01
    endloop
  endfacet
  facet normal 9.912985e-01 8.013313e-02 -1.044315e-01
    outer loop
      vertex   -2.852300e+01 -3.178850e+00 -6.375264e+01
      vertex   -2.851449e+01 -3.211202e+00 -6.369660e+01
      vertex   -2.852300e+01 -3.579663e+00 -6.406019e+01
    endloop
  endfacet
  facet normal 9.912985e-01 8.013313e-02 -1.044315e-01
    outer loop
      vertex   -2.852300e+01 -3.579663e+00 -6.406019e+01
      vertex   -2.851449e+01 -3.211202e+00 -6.369660e+01
      vertex   -2.851449e+01 -3.625416e+00 -6.401444e+01
    endloop
  endfacet
  facet normal 9.912985e-01 1.044315e-01 -8.013313e-02
    outer loop
      vertex   -2.852300e+01 -3.579663e+00 -6.406019e+01
      vertex   -2.851449e+01 -3.625416e+00 -6.401444e+01
      vertex   -2.852300e+01 -3.887217e+00 -6.446100e+01
    endloop
  endfacet
  facet normal 9.912985e-01 1.044315e-01 -8.013313e-02
    outer loop
      vertex   -2.852300e+01 -3.887217e+00 -6.446100e+01
      vertex   -2.851449e+01 -3.625416e+00 -6.401444e+01
      vertex   -2.851449e+01 -3.943253e+00 -6.442865e+01
    endloop
  endfacet
  facet normal 9.912985e-01 1.216131e-01 -5.037379e-02
    outer loop
      vertex   -2.852300e+01 -3.887217e+00 -6.446100e+01
      vertex   -2.851449e+01 -3.943253e+00 -6.442865e+01
      vertex   -2.852300e+01 -4.080554e+00 -6.492776e+01
    endloop
  endfacet
  facet normal 9.912985e-01 1.216131e-01 -5.037379e-02
    outer loop
      vertex   -2.852300e+01 -4.080554e+00 -6.492776e+01
      vertex   -2.851449e+01 -3.943253e+00 -6.442865e+01
      vertex   -2.851449e+01 -4.143054e+00 -6.491101e+01
    endloop
  endfacet
  facet normal 1.305262e-01 0.000000e+00 -9.914449e-01
    outer loop
      vertex   -2.876449e+01 -2.211202e+00 -6.367865e+01
      vertex   -2.876449e+01 -1.501202e+00 -6.367865e+01
      vertex   -2.869978e+01 -2.211202e+00 -6.367013e+01
    endloop
  endfacet
  facet normal 1.305262e-01 0.000000e+00 -9.914449e-01
    outer loop
      vertex   -2.869978e+01 -2.211202e+00 -6.367013e+01
      vertex   -2.876449e+01 -1.501202e+00 -6.367865e+01
      vertex   -2.869978e+01 -1.501202e+00 -6.367013e+01
    endloop
  endfacet
  facet normal 3.826834e-01 0.000000e+00 -9.238795e-01
    outer loop
      vertex   -2.869978e+01 -2.211202e+00 -6.367013e+01
      vertex   -2.869978e+01 -1.501202e+00 -6.367013e+01
      vertex   -2.863949e+01 -2.211202e+00 -6.364516e+01
    endloop
  endfacet
  facet normal 3.826834e-01 0.000000e+00 -9.238795e-01
    outer loop
      vertex   -2.863949e+01 -2.211202e+00 -6.364516e+01
      vertex   -2.869978e+01 -1.501202e+00 -6.367013e+01
      vertex   -2.863949e+01 -1.501202e+00 -6.364516e+01
    endloop
  endfacet
  facet normal 6.087614e-01 0.000000e+00 -7.933533e-01
    outer loop
      vertex   -2.863949e+01 -2.211202e+00 -6.364516e+01
      vertex   -2.863949e+01 -1.501202e+00 -6.364516e+01
      vertex   -2.858771e+01 -2.211202e+00 -6.360543e+01
    endloop
  endfacet
  facet normal 6.087614e-01 0.000000e+00 -7.933533e-01
    outer loop
      vertex   -2.858771e+01 -2.211202e+00 -6.360543e+01
      vertex   -2.863949e+01 -1.501202e+00 -6.364516e+01
      vertex   -2.858771e+01 -1.501202e+00 -6.360543e+01
    endloop
  endfacet
  facet normal 7.933533e-01 0.000000e+00 -6.087614e-01
    outer loop
      vertex   -2.858771e+01 -2.211202e+00 -6.360543e+01
      vertex   -2.858771e+01 -1.501202e+00 -6.360543e+01
      vertex   -2.854798e+01 -2.211202e+00 -6.355365e+01
    endloop
  endfacet
  facet normal 7.933533e-01 0.000000e+00 -6.087614e-01
    outer loop
      vertex   -2.854798e+01 -2.211202e+00 -6.355365e+01
      vertex   -2.858771e+01 -1.501202e+00 -6.360543e+01
      vertex   -2.854798e+01 -1.501202e+00 -6.355365e+01
    endloop
  endfacet
  facet normal 9.238795e-01 0.000000e+00 -3.826834e-01
    outer loop
      vertex   -2.854798e+01 -2.211202e+00 -6.355365e+01
      vertex   -2.854798e+01 -1.501202e+00 -6.355365e+01
      vertex   -2.852300e+01 -2.211202e+00 -6.349336e+01
    endloop
  endfacet
  facet normal 9.238795e-01 0.000000e+00 -3.826834e-01
    outer loop
      vertex   -2.852300e+01 -2.211202e+00 -6.349336e+01
      vertex   -2.854798e+01 -1.501202e+00 -6.355365e+01
      vertex   -2.852300e+01 -1.501202e+00 -6.349336e+01
    endloop
  endfacet
  facet normal 9.914449e-01 0.000000e+00 -1.305262e-01
    outer loop
      vertex   -2.852300e+01 -2.211202e+00 -6.349336e+01
      vertex   -2.852300e+01 -1.501202e+00 -6.349336e+01
      vertex   -2.851449e+01 -2.211202e+00 -6.342865e+01
    endloop
  endfacet
  facet normal 9.914449e-01 0.000000e+00 -1.305262e-01
    outer loop
      vertex   -2.851449e+01 -2.211202e+00 -6.342865e+01
      vertex   -2.852300e+01 -1.501202e+00 -6.349336e+01
      vertex   -2.851449e+01 -1.501202e+00 -6.342865e+01
    endloop
  endfacet
  facet normal 1.294283e-01 -9.831056e-01 -1.294283e-01
    outer loop
      vertex   -2.876449e+01 2.487975e-01 -6.542865e+01
      vertex   -2.869978e+01 2.573161e-01 -6.542865e+01
      vertex   -2.876449e+01 1.891677e-01 -6.497572e+01
    endloop
  endfacet
  facet normal 1.294283e-01 -9.831056e-01 -1.294283e-01
    outer loop
      vertex   -2.876449e+01 1.891677e-01 -6.497572e+01
      vertex   -2.869978e+01 2.573161e-01 -6.542865e+01
      vertex   -2.869978e+01 1.973960e-01 -6.497351e+01
    endloop
  endfacet
  facet normal 1.294283e-01 -9.161086e-01 -3.794646e-01
    outer loop
      vertex   -2.876449e+01 1.891677e-01 -6.497572e+01
      vertex   -2.869978e+01 1.973960e-01 -6.497351e+01
      vertex   -2.876449e+01 1.434197e-02 -6.455365e+01
    endloop
  endfacet
  facet normal 1.294283e-01 -9.161086e-01 -3.794646e-01
    outer loop
      vertex   -2.876449e+01 1.434197e-02 -6.455365e+01
      vertex   -2.869978e+01 1.973960e-01 -6.497351e+01
      vertex   -2.869978e+01 2.171925e-02 -6.454939e+01
    endloop
  endfacet
  facet normal 1.294283e-01 -7.866803e-01 -6.036410e-01
    outer loop
      vertex   -2.876449e+01 1.434197e-02 -6.455365e+01
      vertex   -2.869978e+01 2.171925e-02 -6.454939e+01
      vertex   -2.876449e+01 -2.637656e-01 -6.419121e+01
    endloop
  endfacet
  facet normal 1.294283e-01 -7.866803e-01 -6.036410e-01
    outer loop
      vertex   -2.876449e+01 -2.637656e-01 -6.419121e+01
      vertex   -2.869978e+01 2.171925e-02 -6.454939e+01
      vertex   -2.869978e+01 -2.577421e-01 -6.418519e+01
    endloop
  endfacet
  facet normal 1.294283e-01 -6.036410e-01 -7.866803e-01
    outer loop
      vertex   -2.876449e+01 -2.637656e-01 -6.419121e+01
      vertex   -2.869978e+01 -2.577421e-01 -6.418519e+01
      vertex   -2.876449e+01 -6.262025e-01 -6.391311e+01
    endloop
  endfacet
  facet normal 1.294283e-01 -6.036410e-01 -7.866803e-01
    outer loop
      vertex   -2.876449e+01 -6.262025e-01 -6.391311e+01
      vertex   -2.869978e+01 -2.577421e-01 -6.418519e+01
      vertex   -2.869978e+01 -6.219432e-01 -6.390573e+01
    endloop
  endfacet
  facet normal 1.294283e-01 -3.794646e-01 -9.161086e-01
    outer loop
      vertex   -2.876449e+01 -6.262025e-01 -6.391311e+01
      vertex   -2.869978e+01 -6.219432e-01 -6.390573e+01
      vertex   -2.876449e+01 -1.048269e+00 -6.373828e+01
    endloop
  endfacet
  facet normal 1.294283e-01 -3.794646e-01 -9.161086e-01
    outer loop
      vertex   -2.876449e+01 -1.048269e+00 -6.373828e+01
      vertex   -2.869978e+01 -6.219432e-01 -6.390573e+01
      vertex   -2.869978e+01 -1.046064e+00 -6.373005e+01
    endloop
  endfacet
  facet normal 1.294283e-01 -1.294283e-01 -9.831056e-01
    outer loop
      vertex   -2.876449e+01 -1.048269e+00 -6.373828e+01
      vertex   -2.869978e+01 -1.046064e+00 -6.373005e+01
      vertex   -2.876449e+01 -1.501202e+00 -6.367865e+01
    endloop
  endfacet
  facet normal 1.294283e-01 -1.294283e-01 -9.831056e-01
    outer loop
      vertex   -2.876449e+01 -1.501202e+00 -6.367865e+01
      vertex   -2.869978e+01 -1.046064e+00 -6.373005e+01
      vertex   -2.869978e+01 -1.501202e+00 -6.367013e+01
    endloop
  endfacet
  facet normal 3.798837e-01 -1.207412e-01 -9.171204e-01
    outer loop
      vertex   -2.869978e+01 -1.501202e+00 -6.367013e+01
      vertex   -2.869978e+01 -1.046064e+00 -6.373005e+01
      vertex   -2.863949e+01 -1.039600e+00 -6.370593e+01
    endloop
  endfacet
  facet normal 3.798837e-01 -1.207412e-01 -9.171204e-01
    outer loop
      vertex   -2.869978e+01 -1.501202e+00 -6.367013e+01
      vertex   -2.863949e+01 -1.039600e+00 -6.370593e+01
      vertex   -2.863949e+01 -1.501202e+00 -6.364516e+01
    endloop
  endfacet
  facet normal 6.054678e-01 -1.038819e-01 -7.890610e-01
    outer loop
      vertex   -2.863949e+01 -1.501202e+00 -6.364516e+01
      vertex   -2.863949e+01 -1.039600e+00 -6.370593e+01
      vertex   -2.858771e+01 -1.029318e+00 -6.366755e+01
    endloop
  endfacet
  facet normal 6.054678e-01 -1.038819e-01 -7.890610e-01
    outer loop
      vertex   -2.863949e+01 -1.501202e+00 -6.364516e+01
      vertex   -2.858771e+01 -1.029318e+00 -6.366755e+01
      vertex   -2.858771e+01 -1.501202e+00 -6.360543e+01
    endloop
  endfacet
  facet normal 7.908176e-01 -7.988880e-02 -6.068157e-01
    outer loop
      vertex   -2.858771e+01 -1.501202e+00 -6.360543e+01
      vertex   -2.858771e+01 -1.029318e+00 -6.366755e+01
      vertex   -2.854798e+01 -1.015917e+00 -6.361754e+01
    endloop
  endfacet
  facet normal 7.908176e-01 -7.988880e-02 -6.068157e-01
    outer loop
      vertex   -2.858771e+01 -1.501202e+00 -6.360543e+01
      vertex   -2.854798e+01 -1.015917e+00 -6.361754e+01
      vertex   -2.854798e+01 -1.501202e+00 -6.355365e+01
    endloop
  endfacet
  facet normal 9.227092e-01 -5.031741e-02 -3.821987e-01
    outer loop
      vertex   -2.854798e+01 -1.501202e+00 -6.355365e+01
      vertex   -2.854798e+01 -1.015917e+00 -6.361754e+01
      vertex   -2.852300e+01 -1.000311e+00 -6.355930e+01
    endloop
  endfacet
  facet normal 9.227092e-01 -5.031741e-02 -3.821987e-01
    outer loop
      vertex   -2.854798e+01 -1.501202e+00 -6.355365e+01
      vertex   -2.852300e+01 -1.000311e+00 -6.355930e+01
      vertex   -2.852300e+01 -1.501202e+00 -6.349336e+01
    endloop
  endfacet
  facet normal 9.912985e-01 -1.718156e-02 -1.305069e-01
    outer loop
      vertex   -2.852300e+01 -1.501202e+00 -6.349336e+01
      vertex   -2.852300e+01 -1.000311e+00 -6.355930e+01
      vertex   -2.851449e+01 -9.835644e-01 -6.349680e+01
    endloop
  endfacet
  facet normal 9.912985e-01 -1.718156e-02 -1.305069e-01
    outer loop
      vertex   -2.852300e+01 -1.501202e+00 -6.349336e+01
      vertex   -2.851449e+01 -9.835644e-01 -6.349680e+01
      vertex   -2.851449e+01 -1.501202e+00 -6.342865e+01
    endloop
  endfacet
  facet normal 3.798837e-01 -9.171204e-01 -1.207412e-01
    outer loop
      vertex   -2.869978e+01 2.573161e-01 -6.542865e+01
      vertex   -2.863949e+01 2.822912e-01 -6.542865e+01
      vertex   -2.869978e+01 1.973960e-01 -6.497351e+01
    endloop
  endfacet
  facet normal 3.798837e-01 -9.171204e-01 -1.207412e-01
    outer loop
      vertex   -2.869978e+01 1.973960e-01 -6.497351e+01
      vertex   -2.863949e+01 2.822912e-01 -6.542865e+01
      vertex   -2.863949e+01 2.215201e-01 -6.496705e+01
    endloop
  endfacet
  facet normal 3.798837e-01 -8.546202e-01 -3.539953e-01
    outer loop
      vertex   -2.869978e+01 1.973960e-01 -6.497351e+01
      vertex   -2.863949e+01 2.215201e-01 -6.496705e+01
      vertex   -2.869978e+01 2.171925e-02 -6.454939e+01
    endloop
  endfacet
  facet normal 3.798837e-01 -8.546202e-01 -3.539953e-01
    outer loop
      vertex   -2.869978e+01 2.171925e-02 -6.454939e+01
      vertex   -2.863949e+01 2.215201e-01 -6.496705e+01
      vertex   -2.863949e+01 4.334832e-02 -6.453690e+01
    endloop
  endfacet
  facet normal 3.798837e-01 -7.338790e-01 -5.631252e-01
    outer loop
      vertex   -2.869978e+01 2.171925e-02 -6.454939e+01
      vertex   -2.863949e+01 4.334832e-02 -6.453690e+01
      vertex   -2.869978e+01 -2.577421e-01 -6.418519e+01
    endloop
  endfacet
  facet normal 3.798837e-01 -7.338790e-01 -5.631252e-01
    outer loop
      vertex   -2.869978e+01 -2.577421e-01 -6.418519e+01
      vertex   -2.863949e+01 4.334832e-02 -6.453690e+01
      vertex   -2.863949e+01 -2.400820e-01 -6.416753e+01
    endloop
  endfacet
  facet normal 3.798837e-01 -5.631252e-01 -7.338790e-01
    outer loop
      vertex   -2.869978e+01 -2.577421e-01 -6.418519e+01
      vertex   -2.863949e+01 -2.400820e-01 -6.416753e+01
      vertex   -2.869978e+01 -6.219432e-01 -6.390573e+01
    endloop
  endfacet
  facet normal 3.798837e-01 -5.631252e-01 -7.338790e-01
    outer loop
      vertex   -2.869978e+01 -6.219432e-01 -6.390573e+01
      vertex   -2.863949e+01 -2.400820e-01 -6.416753e+01
      vertex   -2.863949e+01 -6.094557e-01 -6.388410e+01
    endloop
  endfacet
  facet normal 3.798837e-01 -3.539953e-01 -8.546202e-01
    outer loop
      vertex   -2.869978e+01 -6.219432e-01 -6.390573e+01
      vertex   -2.863949e+01 -6.094557e-01 -6.388410e+01
      vertex   -2.869978e+01 -1.046064e+00 -6.373005e+01
    endloop
  endfacet
  facet normal 3.798837e-01 -3.539953e-01 -8.546202e-01
    outer loop
      vertex   -2.869978e+01 -1.046064e+00 -6.373005e+01
      vertex   -2.863949e+01 -6.094557e-01 -6.388410e+01
      vertex   -2.863949e+01 -1.039600e+00 -6.370593e+01
    endloop
  endfacet
  facet normal 6.054678e-01 -7.890610e-01 -1.038819e-01
    outer loop
      vertex   -2.863949e+01 2.822912e-01 -6.542865e+01
      vertex   -2.858771e+01 3.220208e-01 -6.542865e+01
      vertex   -2.863949e+01 2.215201e-01 -6.496705e+01
    endloop
  endfacet
  facet normal 6.054678e-01 -7.890610e-01 -1.038819e-01
    outer loop
      vertex   -2.863949e+01 2.215201e-01 -6.496705e+01
      vertex   -2.858771e+01 3.220208e-01 -6.542865e+01
      vertex   -2.858771e+01 2.598960e-01 -6.495677e+01
    endloop
  endfacet
  facet normal 6.054678e-01 -7.352878e-01 -3.045662e-01
    outer loop
      vertex   -2.863949e+01 2.215201e-01 -6.496705e+01
      vertex   -2.858771e+01 2.598960e-01 -6.495677e+01
      vertex   -2.863949e+01 4.334832e-02 -6.453690e+01
    endloop
  endfacet
  facet normal 6.054678e-01 -7.352878e-01 -3.045662e-01
    outer loop
      vertex   -2.863949e+01 4.334832e-02 -6.453690e+01
      vertex   -2.858771e+01 2.598960e-01 -6.495677e+01
      vertex   -2.858771e+01 7.775522e-02 -6.451704e+01
    endloop
  endfacet
  facet normal 6.054678e-01 -6.314060e-01 -4.844948e-01
    outer loop
      vertex   -2.863949e+01 4.334832e-02 -6.453690e+01
      vertex   -2.858771e+01 7.775522e-02 -6.451704e+01
      vertex   -2.863949e+01 -2.400820e-01 -6.416753e+01
    endloop
  endfacet
  facet normal 6.054678e-01 -6.314060e-01 -4.844948e-01
    outer loop
      vertex   -2.863949e+01 -2.400820e-01 -6.416753e+01
      vertex   -2.858771e+01 7.775522e-02 -6.451704e+01
      vertex   -2.858771e+01 -2.119889e-01 -6.413944e+01
    endloop
  endfacet
  facet normal 6.054678e-01 -4.844948e-01 -6.314060e-01
    outer loop
      vertex   -2.863949e+01 -2.400820e-01 -6.416753e+01
      vertex   -2.858771e+01 -2.119889e-01 -6.413944e+01
      vertex   -2.863949e+01 -6.094557e-01 -6.388410e+01
    endloop
  endfacet
  facet normal 6.054678e-01 -4.844948e-01 -6.314060e-01
    outer loop
      vertex   -2.863949e+01 -6.094557e-01 -6.388410e+01
      vertex   -2.858771e+01 -2.119889e-01 -6.413944e+01
      vertex   -2.858771e+01 -5.895908e-01 -6.384969e+01
    endloop
  endfacet
  facet normal 6.054678e-01 -3.045662e-01 -7.352878e-01
    outer loop
      vertex   -2.863949e+01 -6.094557e-01 -6.388410e+01
      vertex   -2.858771e+01 -5.895908e-01 -6.384969e+01
      vertex   -2.863949e+01 -1.039600e+00 -6.370593e+01
    endloop
  endfacet
  facet normal 6.054678e-01 -3.045662e-01 -7.352878e-01
    outer loop
      vertex   -2.863949e+01 -1.039600e+00 -6.370593e+01
      vertex   -2.858771e+01 -5.895908e-01 -6.384969e+01
      vertex   -2.858771e+01 -1.029318e+00 -6.366755e+01
    endloop
  endfacet
  facet normal 7.908176e-01 -6.068157e-01 -7.988880e-02
    outer loop
      vertex   -2.858771e+01 3.220208e-01 -6.542865e+01
      vertex   -2.854798e+01 3.737975e-01 -6.542865e+01
      vertex   -2.858771e+01 2.598960e-01 -6.495677e+01
    endloop
  endfacet
  facet normal 7.908176e-01 -6.068157e-01 -7.988880e-02
    outer loop
      vertex   -2.858771e+01 2.598960e-01 -6.495677e+01
      vertex   -2.854798e+01 3.737975e-01 -6.542865e+01
      vertex   -2.854798e+01 3.099084e-01 -6.494337e+01
    endloop
  endfacet
  facet normal 7.908176e-01 -5.654622e-01 -2.342221e-01
    outer loop
      vertex   -2.858771e+01 2.598960e-01 -6.495677e+01
      vertex   -2.854798e+01 3.099084e-01 -6.494337e+01
      vertex   -2.858771e+01 7.775522e-02 -6.451704e+01
    endloop
  endfacet
  facet normal 7.908176e-01 -5.654622e-01 -2.342221e-01
    outer loop
      vertex   -2.858771e+01 7.775522e-02 -6.451704e+01
      vertex   -2.854798e+01 3.099084e-01 -6.494337e+01
      vertex   -2.854798e+01 1.225951e-01 -6.449115e+01
    endloop
  endfacet
  facet normal 7.908176e-01 -4.855734e-01 -3.725936e-01
    outer loop
      vertex   -2.858771e+01 7.775522e-02 -6.451704e+01
      vertex   -2.854798e+01 1.225951e-01 -6.449115e+01
      vertex   -2.858771e+01 -2.119889e-01 -6.413944e+01
    endloop
  endfacet
  facet normal 7.908176e-01 -4.855734e-01 -3.725936e-01
    outer loop
      vertex   -2.858771e+01 -2.119889e-01 -6.413944e+01
      vertex   -2.854798e+01 1.225951e-01 -6.449115e+01
      vertex   -2.854798e+01 -1.753773e-01 -6.410283e+01
    endloop
  endfacet
  facet normal 7.908176e-01 -3.725936e-01 -4.855734e-01
    outer loop
      vertex   -2.858771e+01 -2.119889e-01 -6.413944e+01
      vertex   -2.854798e+01 -1.753773e-01 -6.410283e+01
      vertex   -2.858771e+01 -5.895908e-01 -6.384969e+01
    endloop
  endfacet
  facet normal 7.908176e-01 -3.725936e-01 -4.855734e-01
    outer loop
      vertex   -2.858771e+01 -5.895908e-01 -6.384969e+01
      vertex   -2.854798e+01 -1.753773e-01 -6.410283e+01
      vertex   -2.854798e+01 -5.637025e-01 -6.380485e+01
    endloop
  endfacet
  facet normal 7.908176e-01 -2.342221e-01 -5.654622e-01
    outer loop
      vertex   -2.858771e+01 -5.895908e-01 -6.384969e+01
      vertex   -2.854798e+01 -5.637025e-01 -6.380485e+01
      vertex   -2.858771e+01 -1.029318e+00 -6.366755e+01
    endloop
  endfacet
  facet normal 7.908176e-01 -2.342221e-01 -5.654622e-01
    outer loop
      vertex   -2.858771e+01 -1.029318e+00 -6.366755e+01
      vertex   -2.854798e+01 -5.637025e-01 -6.380485e+01
      vertex   -2.854798e+01 -1.015917e+00 -6.361754e+01
    endloop
  endfacet
  facet normal 9.227092e-01 -3.821987e-01 -5.031741e-02
    outer loop
      vertex   -2.854798e+01 3.737975e-01 -6.542865e+01
      vertex   -2.852300e+01 4.340928e-01 -6.542865e+01
      vertex   -2.854798e+01 3.099084e-01 -6.494337e+01
    endloop
  endfacet
  facet normal 9.227092e-01 -3.821987e-01 -5.031741e-02
    outer loop
      vertex   -2.854798e+01 3.099084e-01 -6.494337e+01
      vertex   -2.852300e+01 4.340928e-01 -6.542865e+01
      vertex   -2.852300e+01 3.681492e-01 -6.492776e+01
    endloop
  endfacet
  facet normal 9.227092e-01 -3.561525e-01 -1.475232e-01
    outer loop
      vertex   -2.854798e+01 3.099084e-01 -6.494337e+01
      vertex   -2.852300e+01 3.681492e-01 -6.492776e+01
      vertex   -2.854798e+01 1.225951e-01 -6.449115e+01
    endloop
  endfacet
  facet normal 9.227092e-01 -3.561525e-01 -1.475232e-01
    outer loop
      vertex   -2.854798e+01 1.225951e-01 -6.449115e+01
      vertex   -2.852300e+01 3.681492e-01 -6.492776e+01
      vertex   -2.852300e+01 1.748124e-01 -6.446100e+01
    endloop
  endfacet
  facet normal 9.227092e-01 -3.058351e-01 -2.346755e-01
    outer loop
      vertex   -2.854798e+01 1.225951e-01 -6.449115e+01
      vertex   -2.852300e+01 1.748124e-01 -6.446100e+01
      vertex   -2.854798e+01 -1.753773e-01 -6.410283e+01
    endloop
  endfacet
  facet normal 9.227092e-01 -3.058351e-01 -2.346755e-01
    outer loop
      vertex   -2.854798e+01 -1.753773e-01 -6.410283e+01
      vertex   -2.852300e+01 1.748124e-01 -6.446100e+01
      vertex   -2.852300e+01 -1.327421e-01 -6.406019e+01
    endloop
  endfacet
  facet normal 9.227092e-01 -2.346755e-01 -3.058351e-01
    outer loop
      vertex   -2.854798e+01 -1.753773e-01 -6.410283e+01
      vertex   -2.852300e+01 -1.327421e-01 -6.406019e+01
      vertex   -2.854798e+01 -5.637025e-01 -6.380485e+01
    endloop
  endfacet
  facet normal 9.227092e-01 -2.346755e-01 -3.058351e-01
    outer loop
      vertex   -2.854798e+01 -5.637025e-01 -6.380485e+01
      vertex   -2.852300e+01 -1.327421e-01 -6.406019e+01
      vertex   -2.852300e+01 -5.335549e-01 -6.375264e+01
    endloop
  endfacet
  facet normal 9.227092e-01 -1.475232e-01 -3.561525e-01
    outer loop
      vertex   -2.854798e+01 -5.637025e-01 -6.380485e+01
      vertex   -2.852300e+01 -5.335549e-01 -6.375264e+01
      vertex   -2.854798e+01 -1.015917e+00 -6.361754e+01
    endloop
  endfacet
  facet normal 9.227092e-01 -1.475232e-01 -3.561525e-01
    outer loop
      vertex   -2.854798e+01 -1.015917e+00 -6.361754e+01
      vertex   -2.852300e+01 -5.335549e-01 -6.375264e+01
      vertex   -2.852300e+01 -1.000311e+00 -6.355930e+01
    endloop
  endfacet
  facet normal 9.912985e-01 -1.305069e-01 -1.718156e-02
    outer loop
      vertex   -2.852300e+01 4.340928e-01 -6.542865e+01
      vertex   -2.851449e+01 4.987975e-01 -6.542865e+01
      vertex   -2.852300e+01 3.681492e-01 -6.492776e+01
    endloop
  endfacet
  facet normal 9.912985e-01 -1.305069e-01 -1.718156e-02
    outer loop
      vertex   -2.852300e+01 3.681492e-01 -6.492776e+01
      vertex   -2.851449e+01 4.987975e-01 -6.542865e+01
      vertex   -2.851449e+01 4.306492e-01 -6.491101e+01
    endloop
  endfacet
  facet normal 9.912985e-01 -1.216131e-01 -5.037379e-02
    outer loop
      vertex   -2.852300e+01 3.681492e-01 -6.492776e+01
      vertex   -2.851449e+01 4.306492e-01 -6.491101e+01
      vertex   -2.852300e+01 1.748124e-01 -6.446100e+01
    endloop
  endfacet
  facet normal 9.912985e-01 -1.216131e-01 -5.037379e-02
    outer loop
      vertex   -2.852300e+01 1.748124e-01 -6.446100e+01
      vertex   -2.851449e+01 4.306492e-01 -6.491101e+01
      vertex   -2.851449e+01 2.308483e-01 -6.442865e+01
    endloop
  endfacet
  facet normal 9.912985e-01 -1.044315e-01 -8.013313e-02
    outer loop
      vertex   -2.852300e+01 1.748124e-01 -6.446100e+01
      vertex   -2.851449e+01 2.308483e-01 -6.442865e+01
      vertex   -2.852300e+01 -1.327421e-01 -6.406019e+01
    endloop
  endfacet
  facet normal 9.912985e-01 -1.044315e-01 -8.013313e-02
    outer loop
      vertex   -2.852300e+01 -1.327421e-01 -6.406019e+01
      vertex   -2.851449e+01 2.308483e-01 -6.442865e+01
      vertex   -2.851449e+01 -8.698892e-02 -6.401444e+01
    endloop
  endfacet
  facet normal 9.912985e-01 -8.013313e-02 -1.044315e-01
    outer loop
      vertex   -2.852300e+01 -1.327421e-01 -6.406019e+01
      vertex   -2.851449e+01 -8.698892e-02 -6.401444e+01
      vertex   -2.852300e+01 -5.335549e-01 -6.375264e+01
    endloop
  endfacet
  facet normal 9.912985e-01 -8.013313e-02 -1.044315e-01
    outer loop
      vertex   -2.852300e+01 -5.335549e-01 -6.375264e+01
      vertex   -2.851449e+01 -8.698892e-02 -6.401444e+01
      vertex   -2.851449e+01 -5.012025e-01 -6.369660e+01
    endloop
  endfacet
  facet normal 9.912985e-01 -5.037379e-02 -1.216131e-01
    outer loop
      vertex   -2.852300e+01 -5.335549e-01 -6.375264e+01
      vertex   -2.851449e+01 -5.012025e-01 -6.369660e+01
      vertex   -2.852300e+01 -1.000311e+00 -6.355930e+01
    endloop
  endfacet
  facet normal 9.912985e-01 -5.037379e-02 -1.216131e-01
    outer loop
      vertex   -2.852300e+01 -1.000311e+00 -6.355930e+01
      vertex   -2.851449e+01 -5.012025e-01 -6.369660e+01
      vertex   -2.851449e+01 -9.835644e-01 -6.349680e+01
    endloop
  endfacet
  facet normal 1.305262e-01 -9.914449e-01 -4.726023e-14
    outer loop
      vertex   -2.869978e+01 2.573161e-01 -7.186865e+01
      vertex   -2.869978e+01 2.573161e-01 -7.058065e+01
      vertex   -2.876449e+01 2.487975e-01 -7.186865e+01
    endloop
  endfacet
  facet normal 1.305262e-01 -9.914449e-01 1.353851e-14
    outer loop
      vertex   -2.876449e+01 2.487975e-01 -7.186865e+01
      vertex   -2.869978e+01 2.573161e-01 -7.058065e+01
      vertex   -2.869978e+01 2.573161e-01 -6.929265e+01
    endloop
  endfacet
  facet normal 1.305262e-01 -9.914449e-01 1.358173e-14
    outer loop
      vertex   -2.876449e+01 2.487975e-01 -7.186865e+01
      vertex   -2.869978e+01 2.573161e-01 -6.929265e+01
      vertex   -2.869978e+01 2.573161e-01 -6.800465e+01
    endloop
  endfacet
  facet normal 3.826834e-01 -9.238795e-01 1.409635e-14
    outer loop
      vertex   -2.869978e+01 2.573161e-01 -6.800465e+01
      vertex   -2.869978e+01 2.573161e-01 -6.929265e+01
      vertex   -2.863949e+01 2.822912e-01 -6.800465e+01
    endloop
  endfacet
  facet normal 3.826834e-01 -9.238795e-01 1.409702e-14
    outer loop
      vertex   -2.869978e+01 2.573161e-01 -6.800465e+01
      vertex   -2.863949e+01 2.822912e-01 -6.800465e+01
      vertex   -2.863949e+01 2.822912e-01 -6.671665e+01
    endloop
  endfacet
  facet normal 6.087614e-01 -7.933533e-01 1.365026e-14
    outer loop
      vertex   -2.863949e+01 2.822912e-01 -6.671665e+01
      vertex   -2.863949e+01 2.822912e-01 -6.800465e+01
      vertex   -2.858771e+01 3.220208e-01 -6.671665e+01
    endloop
  endfacet
  facet normal 6.087614e-01 -7.933533e-01 5.122783e-15
    outer loop
      vertex   -2.863949e+01 2.822912e-01 -6.671665e+01
      vertex   -2.858771e+01 3.220208e-01 -6.671665e+01
      vertex   -2.858771e+01 3.220208e-01 -6.542865e+01
    endloop
  endfacet
  facet normal 7.933533e-01 -6.087614e-01 2.130094e-15
    outer loop
      vertex   -2.858771e+01 3.220208e-01 -6.542865e+01
      vertex   -2.858771e+01 3.220208e-01 -6.671665e+01
      vertex   -2.854798e+01 3.737975e-01 -6.542865e+01
    endloop
  endfacet
  facet normal 7.933533e-01 -6.087614e-01 2.325258e-15
    outer loop
      vertex   -2.854798e+01 3.737975e-01 -6.542865e+01
      vertex   -2.858771e+01 3.220208e-01 -6.671665e+01
      vertex   -2.854798e+01 3.737975e-01 -6.671665e+01
    endloop
  endfacet
  facet normal 9.238795e-01 -3.826834e-01 6.152589e-15
    outer loop
      vertex   -2.854798e+01 3.737975e-01 -6.542865e+01
      vertex   -2.854798e+01 3.737975e-01 -6.671665e+01
      vertex   -2.852300e+01 4.340928e-01 -6.542865e+01
    endloop
  endfacet
  facet normal 9.238795e-01 -3.826834e-01 -9.310666e-16
    outer loop
      vertex   -2.852300e+01 4.340928e-01 -6.542865e+01
      vertex   -2.854798e+01 3.737975e-01 -6.671665e+01
      vertex   -2.852300e+01 4.340928e-01 -6.671665e+01
    endloop
  endfacet
  facet normal 9.914449e-01 -1.305262e-01 9.010052e-15
    outer loop
      vertex   -2.852300e+01 4.340928e-01 -6.542865e+01
      vertex   -2.852300e+01 4.340928e-01 -6.671665e+01
      vertex   -2.851449e+01 4.987975e-01 -6.542865e+01
    endloop
  endfacet
  facet normal 9.914449e-01 -1.305262e-01 -3.826247e-16
    outer loop
      vertex   -2.851449e+01 4.987975e-01 -6.542865e+01
      vertex   -2.852300e+01 4.340928e-01 -6.671665e+01
      vertex   -2.852300e+01 4.340928e-01 -6.800465e+01
    endloop
  endfacet
  facet normal 9.914449e-01 -1.305262e-01 2.339690e-15
    outer loop
      vertex   -2.851449e+01 4.987975e-01 -6.542865e+01
      vertex   -2.852300e+01 4.340928e-01 -6.800465e+01
      vertex   -2.852300e+01 4.340928e-01 -6.929265e+01
    endloop
  endfacet
  facet normal 9.238795e-01 -3.826834e-01 6.861157e-15
    outer loop
      vertex   -2.852300e+01 4.340928e-01 -6.929265e+01
      vertex   -2.852300e+01 4.340928e-01 -6.800465e+01
      vertex   -2.854798e+01 3.737975e-01 -6.929265e+01
    endloop
  endfacet
  facet normal 9.238795e-01 -3.826834e-01 5.921162e-15
    outer loop
      vertex   -2.852300e+01 4.340928e-01 -6.929265e+01
      vertex   -2.854798e+01 3.737975e-01 -6.929265e+01
      vertex   -2.854798e+01 3.737975e-01 -7.058065e+01
    endloop
  endfacet
  facet normal 7.933533e-01 -6.087614e-01 9.419025e-15
    outer loop
      vertex   -2.854798e+01 3.737975e-01 -7.058065e+01
      vertex   -2.854798e+01 3.737975e-01 -6.929265e+01
      vertex   -2.858771e+01 3.220208e-01 -7.058065e+01
    endloop
  endfacet
  facet normal 7.933533e-01 -6.087614e-01 -5.175255e-14
    outer loop
      vertex   -2.854798e+01 3.737975e-01 -7.058065e+01
      vertex   -2.858771e+01 3.220208e-01 -7.058065e+01
      vertex   -2.858771e+01 3.220208e-01 -7.186865e+01
    endloop
  endfacet
  facet normal 6.087614e-01 -7.933533e-01 -4.868135e-14
    outer loop
      vertex   -2.858771e+01 3.220208e-01 -7.186865e+01
      vertex   -2.858771e+01 3.220208e-01 -7.058065e+01
      vertex   -2.863949e+01 2.822912e-01 -7.186865e+01
    endloop
  endfacet
  facet normal 6.087614e-01 -7.933533e-01 -4.412696e-14
    outer loop
      vertex   -2.863949e+01 2.822912e-01 -7.186865e+01
      vertex   -2.858771e+01 3.220208e-01 -7.058065e+01
      vertex   -2.863949e+01 2.822912e-01 -7.058065e+01
    endloop
  endfacet
  facet normal 3.826834e-01 -9.238795e-01 -4.688765e-14
    outer loop
      vertex   -2.863949e+01 2.822912e-01 -7.186865e+01
      vertex   -2.863949e+01 2.822912e-01 -7.058065e+01
      vertex   -2.869978e+01 2.573161e-01 -7.186865e+01
    endloop
  endfacet
  facet normal 3.826834e-01 -9.238795e-01 -3.899906e-14
    outer loop
      vertex   -2.869978e+01 2.573161e-01 -7.186865e+01
      vertex   -2.863949e+01 2.822912e-01 -7.058065e+01
      vertex   -2.869978e+01 2.573161e-01 -7.058065e+01
    endloop
  endfacet
  facet normal 7.933533e-01 -6.087614e-01 -4.572021e-14
    outer loop
      vertex   -2.858771e+01 3.220208e-01 -7.186865e+01
      vertex   -2.854798e+01 3.737975e-01 -7.186865e+01
      vertex   -2.854798e+01 3.737975e-01 -7.058065e+01
    endloop
  endfacet
  facet normal 9.238795e-01 -3.826834e-01 -5.336699e-14
    outer loop
      vertex   -2.854798e+01 3.737975e-01 -7.058065e+01
      vertex   -2.854798e+01 3.737975e-01 -7.186865e+01
      vertex   -2.852300e+01 4.340928e-01 -7.058065e+01
    endloop
  endfacet
  facet normal 9.238795e-01 -3.826834e-01 6.860146e-15
    outer loop
      vertex   -2.854798e+01 3.737975e-01 -7.058065e+01
      vertex   -2.852300e+01 4.340928e-01 -7.058065e+01
      vertex   -2.852300e+01 4.340928e-01 -6.929265e+01
    endloop
  endfacet
  facet normal 9.914449e-01 -1.305262e-01 2.340213e-15
    outer loop
      vertex   -2.852300e+01 4.340928e-01 -6.929265e+01
      vertex   -2.852300e+01 4.340928e-01 -7.058065e+01
      vertex   -2.851449e+01 4.987975e-01 -7.186865e+01
    endloop
  endfacet
  facet normal 9.914449e-01 -1.305262e-01 1.692228e-15
    outer loop
      vertex   -2.852300e+01 4.340928e-01 -6.929265e+01
      vertex   -2.851449e+01 4.987975e-01 -7.186865e+01
      vertex   -2.851449e+01 4.987975e-01 -6.542865e+01
    endloop
  endfacet
  facet normal 9.238795e-01 -3.826834e-01 -4.895480e-14
    outer loop
      vertex   -2.854798e+01 3.737975e-01 -7.186865e+01
      vertex   -2.852300e+01 4.340928e-01 -7.186865e+01
      vertex   -2.852300e+01 4.340928e-01 -7.058065e+01
    endloop
  endfacet
  facet normal 9.914449e-01 -1.305262e-01 -6.147041e-14
    outer loop
      vertex   -2.852300e+01 4.340928e-01 -7.058065e+01
      vertex   -2.852300e+01 4.340928e-01 -7.186865e+01
      vertex   -2.851449e+01 4.987975e-01 -7.186865e+01
    endloop
  endfacet
  facet normal 6.087614e-01 -7.933533e-01 3.054725e-16
    outer loop
      vertex   -2.858771e+01 3.220208e-01 -6.542865e+01
      vertex   -2.863949e+01 2.822912e-01 -6.542865e+01
      vertex   -2.863949e+01 2.822912e-01 -6.671665e+01
    endloop
  endfacet
  facet normal 3.826834e-01 -9.238795e-01 9.353386e-15
    outer loop
      vertex   -2.863949e+01 2.822912e-01 -6.671665e+01
      vertex   -2.863949e+01 2.822912e-01 -6.542865e+01
      vertex   -2.869978e+01 2.573161e-01 -6.671665e+01
    endloop
  endfacet
  facet normal 3.826834e-01 -9.238795e-01 1.409702e-14
    outer loop
      vertex   -2.863949e+01 2.822912e-01 -6.671665e+01
      vertex   -2.869978e+01 2.573161e-01 -6.671665e+01
      vertex   -2.869978e+01 2.573161e-01 -6.800465e+01
    endloop
  endfacet
  facet normal 1.305262e-01 -9.914449e-01 1.358180e-14
    outer loop
      vertex   -2.869978e+01 2.573161e-01 -6.800465e+01
      vertex   -2.869978e+01 2.573161e-01 -6.671665e+01
      vertex   -2.876449e+01 2.487975e-01 -6.542865e+01
    endloop
  endfacet
  facet normal 1.305262e-01 -9.914449e-01 1.517007e-15
    outer loop
      vertex   -2.869978e+01 2.573161e-01 -6.800465e+01
      vertex   -2.876449e+01 2.487975e-01 -6.542865e+01
      vertex   -2.876449e+01 2.487975e-01 -7.186865e+01
    endloop
  endfacet
  facet normal 3.826834e-01 -9.238795e-01 3.505682e-16
    outer loop
      vertex   -2.863949e+01 2.822912e-01 -6.542865e+01
      vertex   -2.869978e+01 2.573161e-01 -6.542865e+01
      vertex   -2.869978e+01 2.573161e-01 -6.671665e+01
    endloop
  endfacet
  facet normal 1.305262e-01 -9.914449e-01 1.428619e-14
    outer loop
      vertex   -2.869978e+01 2.573161e-01 -6.671665e+01
      vertex   -2.869978e+01 2.573161e-01 -6.542865e+01
      vertex   -2.876449e+01 2.487975e-01 -6.542865e+01
    endloop
  endfacet
  facet normal 3.826834e-01 -9.238795e-01 1.405653e-14
    outer loop
      vertex   -2.869978e+01 2.573161e-01 -6.929265e+01
      vertex   -2.869978e+01 2.573161e-01 -7.058065e+01
      vertex   -2.863949e+01 2.822912e-01 -6.929265e+01
    endloop
  endfacet
  facet normal 3.826834e-01 -9.238795e-01 1.300097e-14
    outer loop
      vertex   -2.863949e+01 2.822912e-01 -6.929265e+01
      vertex   -2.869978e+01 2.573161e-01 -7.058065e+01
      vertex   -2.863949e+01 2.822912e-01 -7.058065e+01
    endloop
  endfacet
  facet normal 6.087614e-01 -7.933533e-01 1.193691e-14
    outer loop
      vertex   -2.863949e+01 2.822912e-01 -6.929265e+01
      vertex   -2.863949e+01 2.822912e-01 -7.058065e+01
      vertex   -2.858771e+01 3.220208e-01 -6.929265e+01
    endloop
  endfacet
  facet normal 6.087614e-01 -7.933533e-01 1.429992e-14
    outer loop
      vertex   -2.858771e+01 3.220208e-01 -6.929265e+01
      vertex   -2.863949e+01 2.822912e-01 -7.058065e+01
      vertex   -2.858771e+01 3.220208e-01 -7.058065e+01
    endloop
  endfacet
  facet normal 7.933533e-01 -6.087614e-01 1.277243e-14
    outer loop
      vertex   -2.858771e+01 3.220208e-01 -6.929265e+01
      vertex   -2.858771e+01 3.220208e-01 -7.058065e+01
      vertex   -2.854798e+01 3.737975e-01 -6.929265e+01
    endloop
  endfacet
  facet normal 3.826834e-01 -9.238795e-01 1.300019e-14
    outer loop
      vertex   -2.869978e+01 2.573161e-01 -6.929265e+01
      vertex   -2.863949e+01 2.822912e-01 -6.929265e+01
      vertex   -2.863949e+01 2.822912e-01 -6.800465e+01
    endloop
  endfacet
  facet normal 6.087614e-01 -7.933533e-01 1.193691e-14
    outer loop
      vertex   -2.863949e+01 2.822912e-01 -6.800465e+01
      vertex   -2.863949e+01 2.822912e-01 -6.929265e+01
      vertex   -2.858771e+01 3.220208e-01 -6.800465e+01
    endloop
  endfacet
  facet normal 6.087614e-01 -7.933533e-01 1.090797e-14
    outer loop
      vertex   -2.863949e+01 2.822912e-01 -6.800465e+01
      vertex   -2.858771e+01 3.220208e-01 -6.800465e+01
      vertex   -2.858771e+01 3.220208e-01 -6.671665e+01
    endloop
  endfacet
  facet normal 7.933533e-01 -6.087614e-01 8.369551e-15
    outer loop
      vertex   -2.858771e+01 3.220208e-01 -6.671665e+01
      vertex   -2.858771e+01 3.220208e-01 -6.800465e+01
      vertex   -2.854798e+01 3.737975e-01 -6.671665e+01
    endloop
  endfacet
  facet normal 6.087614e-01 -7.933533e-01 1.090741e-14
    outer loop
      vertex   -2.858771e+01 3.220208e-01 -6.800465e+01
      vertex   -2.863949e+01 2.822912e-01 -6.929265e+01
      vertex   -2.858771e+01 3.220208e-01 -6.929265e+01
    endloop
  endfacet
  facet normal 7.933533e-01 -6.087614e-01 8.369551e-15
    outer loop
      vertex   -2.858771e+01 3.220208e-01 -6.800465e+01
      vertex   -2.858771e+01 3.220208e-01 -6.929265e+01
      vertex   -2.854798e+01 3.737975e-01 -6.800465e+01
    endloop
  endfacet
  facet normal 7.933533e-01 -6.087614e-01 9.445262e-15
    outer loop
      vertex   -2.854798e+01 3.737975e-01 -6.800465e+01
      vertex   -2.858771e+01 3.220208e-01 -6.929265e+01
      vertex   -2.854798e+01 3.737975e-01 -6.929265e+01
    endloop
  endfacet
  facet normal 9.238795e-01 -3.826834e-01 5.937540e-15
    outer loop
      vertex   -2.854798e+01 3.737975e-01 -6.800465e+01
      vertex   -2.854798e+01 3.737975e-01 -6.929265e+01
      vertex   -2.852300e+01 4.340928e-01 -6.800465e+01
    endloop
  endfacet
  facet normal 9.238795e-01 -3.826834e-01 5.937012e-15
    outer loop
      vertex   -2.852300e+01 4.340928e-01 -6.671665e+01
      vertex   -2.854798e+01 3.737975e-01 -6.671665e+01
      vertex   -2.854798e+01 3.737975e-01 -6.800465e+01
    endloop
  endfacet
  facet normal 7.933533e-01 -6.087614e-01 9.445262e-15
    outer loop
      vertex   -2.854798e+01 3.737975e-01 -6.800465e+01
      vertex   -2.854798e+01 3.737975e-01 -6.671665e+01
      vertex   -2.858771e+01 3.220208e-01 -6.800465e+01
    endloop
  endfacet
  facet normal 9.238795e-01 -3.826834e-01 4.345790e-15
    outer loop
      vertex   -2.852300e+01 4.340928e-01 -6.671665e+01
      vertex   -2.854798e+01 3.737975e-01 -6.800465e+01
      vertex   -2.852300e+01 4.340928e-01 -6.800465e+01
    endloop
  endfacet
  facet normal 1.294283e-01 -1.294283e-01 9.831056e-01
    outer loop
      vertex   -2.876449e+01 -1.501202e+00 -7.361865e+01
      vertex   -2.869978e+01 -1.501202e+00 -7.362717e+01
      vertex   -2.876449e+01 -1.048269e+00 -7.355902e+01
    endloop
  endfacet
  facet normal 1.294283e-01 -1.294283e-01 9.831056e-01
    outer loop
      vertex   -2.876449e+01 -1.048269e+00 -7.355902e+01
      vertex   -2.869978e+01 -1.501202e+00 -7.362717e+01
      vertex   -2.869978e+01 -1.046064e+00 -7.356725e+01
    endloop
  endfacet
  facet normal 1.294283e-01 -3.794646e-01 9.161086e-01
    outer loop
      vertex   -2.876449e+01 -1.048269e+00 -7.355902e+01
      vertex   -2.869978e+01 -1.046064e+00 -7.356725e+01
      vertex   -2.876449e+01 -6.262025e-01 -7.338420e+01
    endloop
  endfacet
  facet normal 1.294283e-01 -3.794646e-01 9.161086e-01
    outer loop
      vertex   -2.876449e+01 -6.262025e-01 -7.338420e+01
      vertex   -2.869978e+01 -1.046064e+00 -7.356725e+01
      vertex   -2.869978e+01 -6.219432e-01 -7.339157e+01
    endloop
  endfacet
  facet normal 1.294283e-01 -6.036410e-01 7.866803e-01
    outer loop
      vertex   -2.876449e+01 -6.262025e-01 -7.338420e+01
      vertex   -2.869978e+01 -6.219432e-01 -7.339157e+01
      vertex   -2.876449e+01 -2.637656e-01 -7.310609e+01
    endloop
  endfacet
  facet normal 1.294283e-01 -6.036410e-01 7.866803e-01
    outer loop
      vertex   -2.876449e+01 -2.637656e-01 -7.310609e+01
      vertex   -2.869978e+01 -6.219432e-01 -7.339157e+01
      vertex   -2.869978e+01 -2.577421e-01 -7.311211e+01
    endloop
  endfacet
  facet normal 1.294283e-01 -7.866803e-01 6.036410e-01
    outer loop
      vertex   -2.876449e+01 -2.637656e-01 -7.310609e+01
      vertex   -2.869978e+01 -2.577421e-01 -7.311211e+01
      vertex   -2.876449e+01 1.434197e-02 -7.274365e+01
    endloop
  endfacet
  facet normal 1.294283e-01 -7.866803e-01 6.036410e-01
    outer loop
      vertex   -2.876449e+01 1.434197e-02 -7.274365e+01
      vertex   -2.869978e+01 -2.577421e-01 -7.311211e+01
      vertex   -2.869978e+01 2.171925e-02 -7.274791e+01
    endloop
  endfacet
  facet normal 1.294283e-01 -9.161086e-01 3.794646e-01
    outer loop
      vertex   -2.876449e+01 1.434197e-02 -7.274365e+01
      vertex   -2.869978e+01 2.171925e-02 -7.274791e+01
      vertex   -2.876449e+01 1.891677e-01 -7.232159e+01
    endloop
  endfacet
  facet normal 1.294283e-01 -9.161086e-01 3.794646e-01
    outer loop
      vertex   -2.876449e+01 1.891677e-01 -7.232159e+01
      vertex   -2.869978e+01 2.171925e-02 -7.274791e+01
      vertex   -2.869978e+01 1.973960e-01 -7.232379e+01
    endloop
  endfacet
  facet normal 1.294283e-01 -9.831056e-01 1.294283e-01
    outer loop
      vertex   -2.876449e+01 1.891677e-01 -7.232159e+01
      vertex   -2.869978e+01 1.973960e-01 -7.232379e+01
      vertex   -2.876449e+01 2.487975e-01 -7.186865e+01
    endloop
  endfacet
  facet normal 1.294283e-01 -9.831056e-01 1.294283e-01
    outer loop
      vertex   -2.876449e+01 2.487975e-01 -7.186865e+01
      vertex   -2.869978e+01 1.973960e-01 -7.232379e+01
      vertex   -2.869978e+01 2.573161e-01 -7.186865e+01
    endloop
  endfacet
  facet normal 3.798837e-01 -9.171204e-01 1.207412e-01
    outer loop
      vertex   -2.869978e+01 2.573161e-01 -7.186865e+01
      vertex   -2.869978e+01 1.973960e-01 -7.232379e+01
      vertex   -2.863949e+01 2.215201e-01 -7.233025e+01
    endloop
  endfacet
  facet normal 3.798837e-01 -9.171204e-01 1.207412e-01
    outer loop
      vertex   -2.869978e+01 2.573161e-01 -7.186865e+01
      vertex   -2.863949e+01 2.215201e-01 -7.233025e+01
      vertex   -2.863949e+01 2.822912e-01 -7.186865e+01
    endloop
  endfacet
  facet normal 6.054678e-01 -7.890610e-01 1.038819e-01
    outer loop
      vertex   -2.863949e+01 2.822912e-01 -7.186865e+01
      vertex   -2.863949e+01 2.215201e-01 -7.233025e+01
      vertex   -2.858771e+01 2.598960e-01 -7.234054e+01
    endloop
  endfacet
  facet normal 6.054678e-01 -7.890610e-01 1.038819e-01
    outer loop
      vertex   -2.863949e+01 2.822912e-01 -7.186865e+01
      vertex   -2.858771e+01 2.598960e-01 -7.234054e+01
      vertex   -2.858771e+01 3.220208e-01 -7.186865e+01
    endloop
  endfacet
  facet normal 7.908176e-01 -6.068157e-01 7.988880e-02
    outer loop
      vertex   -2.858771e+01 3.220208e-01 -7.186865e+01
      vertex   -2.858771e+01 2.598960e-01 -7.234054e+01
      vertex   -2.854798e+01 3.099084e-01 -7.235394e+01
    endloop
  endfacet
  facet normal 7.908176e-01 -6.068157e-01 7.988880e-02
    outer loop
      vertex   -2.858771e+01 3.220208e-01 -7.186865e+01
      vertex   -2.854798e+01 3.099084e-01 -7.235394e+01
      vertex   -2.854798e+01 3.737975e-01 -7.186865e+01
    endloop
  endfacet
  facet normal 9.227092e-01 -3.821987e-01 5.031741e-02
    outer loop
      vertex   -2.854798e+01 3.737975e-01 -7.186865e+01
      vertex   -2.854798e+01 3.099084e-01 -7.235394e+01
      vertex   -2.852300e+01 3.681492e-01 -7.236954e+01
    endloop
  endfacet
  facet normal 9.227092e-01 -3.821987e-01 5.031741e-02
    outer loop
      vertex   -2.854798e+01 3.737975e-01 -7.186865e+01
      vertex   -2.852300e+01 3.681492e-01 -7.236954e+01
      vertex   -2.852300e+01 4.340928e-01 -7.186865e+01
    endloop
  endfacet
  facet normal 9.912985e-01 -1.305069e-01 1.718156e-02
    outer loop
      vertex   -2.852300e+01 4.340928e-01 -7.186865e+01
      vertex   -2.852300e+01 3.681492e-01 -7.236954e+01
      vertex   -2.851449e+01 4.306492e-01 -7.238629e+01
    endloop
  endfacet
  facet normal 9.912985e-01 -1.305069e-01 1.718156e-02
    outer loop
      vertex   -2.852300e+01 4.340928e-01 -7.186865e+01
      vertex   -2.851449e+01 4.306492e-01 -7.238629e+01
      vertex   -2.851449e+01 4.987975e-01 -7.186865e+01
    endloop
  endfacet
  facet normal 3.798837e-01 -1.207412e-01 9.171204e-01
    outer loop
      vertex   -2.869978e+01 -1.501202e+00 -7.362717e+01
      vertex   -2.863949e+01 -1.501202e+00 -7.365215e+01
      vertex   -2.869978e+01 -1.046064e+00 -7.356725e+01
    endloop
  endfacet
  facet normal 3.798837e-01 -1.207412e-01 9.171204e-01
    outer loop
      vertex   -2.869978e+01 -1.046064e+00 -7.356725e+01
      vertex   -2.863949e+01 -1.501202e+00 -7.365215e+01
      vertex   -2.863949e+01 -1.039600e+00 -7.359137e+01
    endloop
  endfacet
  facet normal 3.798837e-01 -3.539953e-01 8.546202e-01
    outer loop
      vertex   -2.869978e+01 -1.046064e+00 -7.356725e+01
      vertex   -2.863949e+01 -1.039600e+00 -7.359137e+01
      vertex   -2.869978e+01 -6.219432e-01 -7.339157e+01
    endloop
  endfacet
  facet normal 3.798837e-01 -3.539953e-01 8.546202e-01
    outer loop
      vertex   -2.869978e+01 -6.219432e-01 -7.339157e+01
      vertex   -2.863949e+01 -1.039600e+00 -7.359137e+01
      vertex   -2.863949e+01 -6.094557e-01 -7.341320e+01
    endloop
  endfacet
  facet normal 3.798837e-01 -5.631252e-01 7.338790e-01
    outer loop
      vertex   -2.869978e+01 -6.219432e-01 -7.339157e+01
      vertex   -2.863949e+01 -6.094557e-01 -7.341320e+01
      vertex   -2.869978e+01 -2.577421e-01 -7.311211e+01
    endloop
  endfacet
  facet normal 3.798837e-01 -5.631252e-01 7.338790e-01
    outer loop
      vertex   -2.869978e+01 -2.577421e-01 -7.311211e+01
      vertex   -2.863949e+01 -6.094557e-01 -7.341320e+01
      vertex   -2.863949e+01 -2.400820e-01 -7.312977e+01
    endloop
  endfacet
  facet normal 3.798837e-01 -7.338790e-01 5.631252e-01
    outer loop
      vertex   -2.869978e+01 -2.577421e-01 -7.311211e+01
      vertex   -2.863949e+01 -2.400820e-01 -7.312977e+01
      vertex   -2.869978e+01 2.171925e-02 -7.274791e+01
    endloop
  endfacet
  facet normal 3.798837e-01 -7.338790e-01 5.631252e-01
    outer loop
      vertex   -2.869978e+01 2.171925e-02 -7.274791e+01
      vertex   -2.863949e+01 -2.400820e-01 -7.312977e+01
      vertex   -2.863949e+01 4.334832e-02 -7.276040e+01
    endloop
  endfacet
  facet normal 3.798837e-01 -8.546202e-01 3.539953e-01
    outer loop
      vertex   -2.869978e+01 2.171925e-02 -7.274791e+01
      vertex   -2.863949e+01 4.334832e-02 -7.276040e+01
      vertex   -2.869978e+01 1.973960e-01 -7.232379e+01
    endloop
  endfacet
  facet normal 3.798837e-01 -8.546202e-01 3.539953e-01
    outer loop
      vertex   -2.869978e+01 1.973960e-01 -7.232379e+01
      vertex   -2.863949e+01 4.334832e-02 -7.276040e+01
      vertex   -2.863949e+01 2.215201e-01 -7.233025e+01
    endloop
  endfacet
  facet normal 6.054678e-01 -1.038819e-01 7.890610e-01
    outer loop
      vertex   -2.863949e+01 -1.501202e+00 -7.365215e+01
      vertex   -2.858771e+01 -1.501202e+00 -7.369187e+01
      vertex   -2.863949e+01 -1.039600e+00 -7.359137e+01
    endloop
  endfacet
  facet normal 6.054678e-01 -1.038819e-01 7.890610e-01
    outer loop
      vertex   -2.863949e+01 -1.039600e+00 -7.359137e+01
      vertex   -2.858771e+01 -1.501202e+00 -7.369187e+01
      vertex   -2.858771e+01 -1.029318e+00 -7.362975e+01
    endloop
  endfacet
  facet normal 6.054678e-01 -3.045662e-01 7.352878e-01
    outer loop
      vertex   -2.863949e+01 -1.039600e+00 -7.359137e+01
      vertex   -2.858771e+01 -1.029318e+00 -7.362975e+01
      vertex   -2.863949e+01 -6.094557e-01 -7.341320e+01
    endloop
  endfacet
  facet normal 6.054678e-01 -3.045662e-01 7.352878e-01
    outer loop
      vertex   -2.863949e+01 -6.094557e-01 -7.341320e+01
      vertex   -2.858771e+01 -1.029318e+00 -7.362975e+01
      vertex   -2.858771e+01 -5.895908e-01 -7.344761e+01
    endloop
  endfacet
  facet normal 6.054678e-01 -4.844948e-01 6.314060e-01
    outer loop
      vertex   -2.863949e+01 -6.094557e-01 -7.341320e+01
      vertex   -2.858771e+01 -5.895908e-01 -7.344761e+01
      vertex   -2.863949e+01 -2.400820e-01 -7.312977e+01
    endloop
  endfacet
  facet normal 6.054678e-01 -4.844948e-01 6.314060e-01
    outer loop
      vertex   -2.863949e+01 -2.400820e-01 -7.312977e+01
      vertex   -2.858771e+01 -5.895908e-01 -7.344761e+01
      vertex   -2.858771e+01 -2.119889e-01 -7.315787e+01
    endloop
  endfacet
  facet normal 6.054678e-01 -6.314060e-01 4.844948e-01
    outer loop
      vertex   -2.863949e+01 -2.400820e-01 -7.312977e+01
      vertex   -2.858771e+01 -2.119889e-01 -7.315787e+01
      vertex   -2.863949e+01 4.334832e-02 -7.276040e+01
    endloop
  endfacet
  facet normal 6.054678e-01 -6.314060e-01 4.844948e-01
    outer loop
      vertex   -2.863949e+01 4.334832e-02 -7.276040e+01
      vertex   -2.858771e+01 -2.119889e-01 -7.315787e+01
      vertex   -2.858771e+01 7.775522e-02 -7.278026e+01
    endloop
  endfacet
  facet normal 6.054678e-01 -7.352878e-01 3.045662e-01
    outer loop
      vertex   -2.863949e+01 4.334832e-02 -7.276040e+01
      vertex   -2.858771e+01 7.775522e-02 -7.278026e+01
      vertex   -2.863949e+01 2.215201e-01 -7.233025e+01
    endloop
  endfacet
  facet normal 6.054678e-01 -7.352878e-01 3.045662e-01
    outer loop
      vertex   -2.863949e+01 2.215201e-01 -7.233025e+01
      vertex   -2.858771e+01 7.775522e-02 -7.278026e+01
      vertex   -2.858771e+01 2.598960e-01 -7.234054e+01
    endloop
  endfacet
  facet normal 7.908176e-01 -7.988880e-02 6.068157e-01
    outer loop
      vertex   -2.858771e+01 -1.501202e+00 -7.369187e+01
      vertex   -2.854798e+01 -1.501202e+00 -7.374365e+01
      vertex   -2.858771e+01 -1.029318e+00 -7.362975e+01
    endloop
  endfacet
  facet normal 7.908176e-01 -7.988880e-02 6.068157e-01
    outer loop
      vertex   -2.858771e+01 -1.029318e+00 -7.362975e+01
      vertex   -2.854798e+01 -1.501202e+00 -7.374365e+01
      vertex   -2.854798e+01 -1.015917e+00 -7.367976e+01
    endloop
  endfacet
  facet normal 7.908176e-01 -2.342221e-01 5.654622e-01
    outer loop
      vertex   -2.858771e+01 -1.029318e+00 -7.362975e+01
      vertex   -2.854798e+01 -1.015917e+00 -7.367976e+01
      vertex   -2.858771e+01 -5.895908e-01 -7.344761e+01
    endloop
  endfacet
  facet normal 7.908176e-01 -2.342221e-01 5.654622e-01
    outer loop
      vertex   -2.858771e+01 -5.895908e-01 -7.344761e+01
      vertex   -2.854798e+01 -1.015917e+00 -7.367976e+01
      vertex   -2.854798e+01 -5.637025e-01 -7.349245e+01
    endloop
  endfacet
  facet normal 7.908176e-01 -3.725936e-01 4.855734e-01
    outer loop
      vertex   -2.858771e+01 -5.895908e-01 -7.344761e+01
      vertex   -2.854798e+01 -5.637025e-01 -7.349245e+01
      vertex   -2.858771e+01 -2.119889e-01 -7.315787e+01
    endloop
  endfacet
  facet normal 7.908176e-01 -3.725936e-01 4.855734e-01
    outer loop
      vertex   -2.858771e+01 -2.119889e-01 -7.315787e+01
      vertex   -2.854798e+01 -5.637025e-01 -7.349245e+01
      vertex   -2.854798e+01 -1.753773e-01 -7.319448e+01
    endloop
  endfacet
  facet normal 7.908176e-01 -4.855734e-01 3.725936e-01
    outer loop
      vertex   -2.858771e+01 -2.119889e-01 -7.315787e+01
      vertex   -2.854798e+01 -1.753773e-01 -7.319448e+01
      vertex   -2.858771e+01 7.775522e-02 -7.278026e+01
    endloop
  endfacet
  facet normal 7.908176e-01 -4.855734e-01 3.725936e-01
    outer loop
      vertex   -2.858771e+01 7.775522e-02 -7.278026e+01
      vertex   -2.854798e+01 -1.753773e-01 -7.319448e+01
      vertex   -2.854798e+01 1.225951e-01 -7.280615e+01
    endloop
  endfacet
  facet normal 7.908176e-01 -5.654622e-01 2.342221e-01
    outer loop
      vertex   -2.858771e+01 7.775522e-02 -7.278026e+01
      vertex   -2.854798e+01 1.225951e-01 -7.280615e+01
      vertex   -2.858771e+01 2.598960e-01 -7.234054e+01
    endloop
  endfacet
  facet normal 7.908176e-01 -5.654622e-01 2.342221e-01
    outer loop
      vertex   -2.858771e+01 2.598960e-01 -7.234054e+01
      vertex   -2.854798e+01 1.225951e-01 -7.280615e+01
      vertex   -2.854798e+01 3.099084e-01 -7.235394e+01
    endloop
  endfacet
  facet normal 9.227092e-01 -5.031741e-02 3.821987e-01
    outer loop
      vertex   -2.854798e+01 -1.501202e+00 -7.374365e+01
      vertex   -2.852300e+01 -1.501202e+00 -7.380395e+01
      vertex   -2.854798e+01 -1.015917e+00 -7.367976e+01
    endloop
  endfacet
  facet normal 9.227092e-01 -5.031741e-02 3.821987e-01
    outer loop
      vertex   -2.854798e+01 -1.015917e+00 -7.367976e+01
      vertex   -2.852300e+01 -1.501202e+00 -7.380395e+01
      vertex   -2.852300e+01 -1.000311e+00 -7.373800e+01
    endloop
  endfacet
  facet normal 9.227092e-01 -1.475232e-01 3.561525e-01
    outer loop
      vertex   -2.854798e+01 -1.015917e+00 -7.367976e+01
      vertex   -2.852300e+01 -1.000311e+00 -7.373800e+01
      vertex   -2.854798e+01 -5.637025e-01 -7.349245e+01
    endloop
  endfacet
  facet normal 9.227092e-01 -1.475232e-01 3.561525e-01
    outer loop
      vertex   -2.854798e+01 -5.637025e-01 -7.349245e+01
      vertex   -2.852300e+01 -1.000311e+00 -7.373800e+01
      vertex   -2.852300e+01 -5.335549e-01 -7.354467e+01
    endloop
  endfacet
  facet normal 9.227092e-01 -2.346755e-01 3.058351e-01
    outer loop
      vertex   -2.854798e+01 -5.637025e-01 -7.349245e+01
      vertex   -2.852300e+01 -5.335549e-01 -7.354467e+01
      vertex   -2.854798e+01 -1.753773e-01 -7.319448e+01
    endloop
  endfacet
  facet normal 9.227092e-01 -2.346755e-01 3.058351e-01
    outer loop
      vertex   -2.854798e+01 -1.753773e-01 -7.319448e+01
      vertex   -2.852300e+01 -5.335549e-01 -7.354467e+01
      vertex   -2.852300e+01 -1.327421e-01 -7.323711e+01
    endloop
  endfacet
  facet normal 9.227092e-01 -3.058351e-01 2.346755e-01
    outer loop
      vertex   -2.854798e+01 -1.753773e-01 -7.319448e+01
      vertex   -2.852300e+01 -1.327421e-01 -7.323711e+01
      vertex   -2.854798e+01 1.225951e-01 -7.280615e+01
    endloop
  endfacet
  facet normal 9.227092e-01 -3.058351e-01 2.346755e-01
    outer loop
      vertex   -2.854798e+01 1.225951e-01 -7.280615e+01
      vertex   -2.852300e+01 -1.327421e-01 -7.323711e+01
      vertex   -2.852300e+01 1.748124e-01 -7.283630e+01
    endloop
  endfacet
  facet normal 9.227092e-01 -3.561525e-01 1.475232e-01
    outer loop
      vertex   -2.854798e+01 1.225951e-01 -7.280615e+01
      vertex   -2.852300e+01 1.748124e-01 -7.283630e+01
      vertex   -2.854798e+01 3.099084e-01 -7.235394e+01
    endloop
  endfacet
  facet normal 9.227092e-01 -3.561525e-01 1.475232e-01
    outer loop
      vertex   -2.854798e+01 3.099084e-01 -7.235394e+01
      vertex   -2.852300e+01 1.748124e-01 -7.283630e+01
      vertex   -2.852300e+01 3.681492e-01 -7.236954e+01
    endloop
  endfacet
  facet normal 9.912985e-01 -1.718156e-02 1.305069e-01
    outer loop
      vertex   -2.852300e+01 -1.501202e+00 -7.380395e+01
      vertex   -2.851449e+01 -1.501202e+00 -7.386865e+01
      vertex   -2.852300e+01 -1.000311e+00 -7.373800e+01
    endloop
  endfacet
  facet normal 9.912985e-01 -1.718156e-02 1.305069e-01
    outer loop
      vertex   -2.852300e+01 -1.000311e+00 -7.373800e+01
      vertex   -2.851449e+01 -1.501202e+00 -7.386865e+01
      vertex   -2.851449e+01 -9.835644e-01 -7.380050e+01
    endloop
  endfacet
  facet normal 9.912985e-01 -5.037379e-02 1.216131e-01
    outer loop
      vertex   -2.852300e+01 -1.000311e+00 -7.373800e+01
      vertex   -2.851449e+01 -9.835644e-01 -7.380050e+01
      vertex   -2.852300e+01 -5.335549e-01 -7.354467e+01
    endloop
  endfacet
  facet normal 9.912985e-01 -5.037379e-02 1.216131e-01
    outer loop
      vertex   -2.852300e+01 -5.335549e-01 -7.354467e+01
      vertex   -2.851449e+01 -9.835644e-01 -7.380050e+01
      vertex   -2.851449e+01 -5.012025e-01 -7.360070e+01
    endloop
  endfacet
  facet normal 9.912985e-01 -8.013313e-02 1.044315e-01
    outer loop
      vertex   -2.852300e+01 -5.335549e-01 -7.354467e+01
      vertex   -2.851449e+01 -5.012025e-01 -7.360070e+01
      vertex   -2.852300e+01 -1.327421e-01 -7.323711e+01
    endloop
  endfacet
  facet normal 9.912985e-01 -8.013313e-02 1.044315e-01
    outer loop
      vertex   -2.852300e+01 -1.327421e-01 -7.323711e+01
      vertex   -2.851449e+01 -5.012025e-01 -7.360070e+01
      vertex   -2.851449e+01 -8.698892e-02 -7.328287e+01
    endloop
  endfacet
  facet normal 9.912985e-01 -1.044315e-01 8.013313e-02
    outer loop
      vertex   -2.852300e+01 -1.327421e-01 -7.323711e+01
      vertex   -2.851449e+01 -8.698892e-02 -7.328287e+01
      vertex   -2.852300e+01 1.748124e-01 -7.283630e+01
    endloop
  endfacet
  facet normal 9.912985e-01 -1.044315e-01 8.013313e-02
    outer loop
      vertex   -2.852300e+01 1.748124e-01 -7.283630e+01
      vertex   -2.851449e+01 -8.698892e-02 -7.328287e+01
      vertex   -2.851449e+01 2.308483e-01 -7.286865e+01
    endloop
  endfacet
  facet normal 9.912985e-01 -1.216131e-01 5.037379e-02
    outer loop
      vertex   -2.852300e+01 1.748124e-01 -7.283630e+01
      vertex   -2.851449e+01 2.308483e-01 -7.286865e+01
      vertex   -2.852300e+01 3.681492e-01 -7.236954e+01
    endloop
  endfacet
  facet normal 9.912985e-01 -1.216131e-01 5.037379e-02
    outer loop
      vertex   -2.852300e+01 3.681492e-01 -7.236954e+01
      vertex   -2.851449e+01 2.308483e-01 -7.286865e+01
      vertex   -2.851449e+01 4.306492e-01 -7.238629e+01
    endloop
  endfacet
  facet normal -0.000000e+00 4.003058e-14 1.000000e+00
    outer loop
      vertex   -3.576449e+01 -1.501202e+00 -7.361865e+01
      vertex   -3.576449e+01 -2.211202e+00 -7.361865e+01
      vertex   -2.876449e+01 -1.501202e+00 -7.361865e+01
    endloop
  endfacet
  facet normal 0.000000e+00 4.003058e-14 1.000000e+00
    outer loop
      vertex   -2.876449e+01 -1.501202e+00 -7.361865e+01
      vertex   -3.576449e+01 -2.211202e+00 -7.361865e+01
      vertex   -2.876449e+01 -2.211202e+00 -7.361865e+01
    endloop
  endfacet
  facet normal 1.000000e+00 -7.510583e-15 -2.425256e-16
    outer loop
      vertex   -2.851449e+01 6.940000e-01 -6.326490e+01
      vertex   -2.851449e+01 4.987975e-01 -7.186865e+01
      vertex   -2.851449e+01 6.940000e-01 -7.791372e+01
    endloop
  endfacet
  facet normal 1.000000e+00 0.000000e+00 0.000000e+00
    outer loop
      vertex   -2.851449e+01 6.940000e-01 -7.791372e+01
      vertex   -2.851449e+01 4.987975e-01 -7.186865e+01
      vertex   -2.851449e+01 4.306492e-01 -7.238629e+01
    endloop
  endfacet
  facet normal 1.000000e+00 0.000000e+00 0.000000e+00
    outer loop
      vertex   -2.851449e+01 6.940000e-01 -7.791372e+01
      vertex   -2.851449e+01 4.306492e-01 -7.238629e+01
      vertex   -2.851449e+01 2.308483e-01 -7.286865e+01
    endloop
  endfacet
  facet normal 1.000000e+00 0.000000e+00 -2.169603e-14
    outer loop
      vertex   -2.851449e+01 -1.000000e+01 -6.326490e+01
      vertex   -2.851449e+01 -2.211202e+00 -6.342865e+01
      vertex   -2.851449e+01 6.940000e-01 -6.326490e+01
    endloop
  endfacet
  facet normal 1.000000e+00 0.000000e+00 -2.169603e-14
    outer loop
      vertex   -2.851449e+01 6.940000e-01 -6.326490e+01
      vertex   -2.851449e+01 -2.211202e+00 -6.342865e+01
      vertex   -2.851449e+01 -1.501202e+00 -6.342865e+01
    endloop
  endfacet
  facet normal 1.000000e+00 -1.033065e-15 -7.846907e-15
    outer loop
      vertex   -2.851449e+01 6.940000e-01 -6.326490e+01
      vertex   -2.851449e+01 -1.501202e+00 -6.342865e+01
      vertex   -2.851449e+01 -9.835644e-01 -6.349680e+01
    endloop
  endfacet
  facet normal 1.000000e+00 3.750185e-16 -1.486890e-16
    outer loop
      vertex   -2.851449e+01 -1.000000e+01 -8.715848e+01
      vertex   -2.851449e+01 -4.143054e+00 -7.238629e+01
      vertex   -2.851449e+01 -1.000000e+01 -6.326490e+01
    endloop
  endfacet
  facet normal 1.000000e+00 7.630247e-16 1.004541e-16
    outer loop
      vertex   -2.851449e+01 -1.000000e+01 -6.326490e+01
      vertex   -2.851449e+01 -4.143054e+00 -7.238629e+01
      vertex   -2.851449e+01 -4.211202e+00 -7.186865e+01
    endloop
  endfacet
  facet normal 1.000000e+00 6.137222e-16 1.777483e-30
    outer loop
      vertex   -2.851449e+01 -1.000000e+01 -6.326490e+01
      vertex   -2.851449e+01 -4.211202e+00 -7.186865e+01
      vertex   -2.851449e+01 -4.211202e+00 -6.542865e+01
    endloop
  endfacet
  facet normal 1.000000e+00 0.000000e+00 0.000000e+00
    outer loop
      vertex   -2.851449e+01 1.000000e+01 -8.715848e+01
      vertex   -2.851449e+01 6.940000e-01 -7.791372e+01
      vertex   -2.851449e+01 -1.000000e+01 -8.715848e+01
    endloop
  endfacet
  facet normal 1.000000e+00 0.000000e+00 0.000000e+00
    outer loop
      vertex   -2.851449e+01 -1.000000e+01 -8.715848e+01
      vertex   -2.851449e+01 6.940000e-01 -7.791372e+01
      vertex   -2.851449e+01 -3.211202e+00 -7.360070e+01
    endloop
  endfacet
  facet normal 1.000000e+00 0.000000e+00 0.000000e+00
    outer loop
      vertex   -2.851449e+01 -1.000000e+01 -8.715848e+01
      vertex   -2.851449e+01 -3.211202e+00 -7.360070e+01
      vertex   -2.851449e+01 -3.625416e+00 -7.328287e+01
    endloop
  endfacet
  facet normal 1.000000e+00 -0.000000e+00 0.000000e+00
    outer loop
      vertex   -2.851449e+01 6.940000e-01 -7.791372e+01
      vertex   -2.851449e+01 1.000000e+01 -8.715848e+01
      vertex   -2.851449e+01 5.000000e+00 -7.791372e+01
    endloop
  endfacet
  facet normal 1.000000e+00 0.000000e+00 0.000000e+00
    outer loop
      vertex   -2.851449e+01 5.000000e+00 -7.791372e+01
      vertex   -2.851449e+01 1.000000e+01 -8.715848e+01
      vertex   -2.851449e+01 1.000000e+01 -8.385750e+01
    endloop
  endfacet
  facet normal 1.000000e+00 -7.396318e-15 -6.221902e-15
    outer loop
      vertex   -2.851449e+01 5.000000e+00 -7.791372e+01
      vertex   -2.851449e+01 1.000000e+01 -8.385750e+01
      vertex   -2.851449e+01 5.517173e+00 -7.795752e+01
    endloop
  endfacet
  facet normal 1.000000e+00 -1.842353e-16 -7.421391e-16
    outer loop
      vertex   -2.851449e+01 5.517173e+00 -7.795752e+01
      vertex   -2.851449e+01 1.000000e+01 -8.385750e+01
      vertex   -2.851449e+01 6.041136e+00 -7.808759e+01
    endloop
  endfacet
  facet normal 1.000000e+00 9.633009e-15 5.993691e-15
    outer loop
      vertex   -2.851449e+01 6.041136e+00 -7.808759e+01
      vertex   -2.851449e+01 1.000000e+01 -8.385750e+01
      vertex   -2.851449e+01 6.534450e+00 -7.828770e+01
    endloop
  endfacet
  facet normal 1.000000e+00 -1.202368e-14 -7.481174e-15
    outer loop
      vertex   -2.851449e+01 6.534450e+00 -7.828770e+01
      vertex   -2.851449e+01 1.000000e+01 -8.385750e+01
      vertex   -2.851449e+01 6.982576e+00 -7.853303e+01
    endloop
  endfacet
  facet normal 1.000000e+00 -7.435743e-16 -1.088634e-15
    outer loop
      vertex   -2.851449e+01 6.982576e+00 -7.853303e+01
      vertex   -2.851449e+01 1.000000e+01 -8.385750e+01
      vertex   -2.851449e+01 7.424060e+00 -7.883458e+01
    endloop
  endfacet
  facet normal 1.000000e+00 -1.012002e-15 -1.226294e-15
    outer loop
      vertex   -2.851449e+01 7.424060e+00 -7.883458e+01
      vertex   -2.851449e+01 1.000000e+01 -8.385750e+01
      vertex   -2.851449e+01 7.844154e+00 -7.918127e+01
    endloop
  endfacet
  facet normal 1.000000e+00 -1.559236e-15 -1.478581e-15
    outer loop
      vertex   -2.851449e+01 7.844154e+00 -7.918127e+01
      vertex   -2.851449e+01 1.000000e+01 -8.385750e+01
      vertex   -2.851449e+01 8.561985e+00 -7.993825e+01
    endloop
  endfacet
  facet normal 1.000000e+00 9.720167e-15 2.659959e-15
    outer loop
      vertex   -2.851449e+01 8.561985e+00 -7.993825e+01
      vertex   -2.851449e+01 1.000000e+01 -8.385750e+01
      vertex   -2.851449e+01 9.170037e+00 -8.082460e+01
    endloop
  endfacet
  facet normal 1.000000e+00 -3.022531e-14 -8.271267e-15
    outer loop
      vertex   -2.851449e+01 9.170037e+00 -8.082460e+01
      vertex   -2.851449e+01 1.000000e+01 -8.385750e+01
      vertex   -2.851449e+01 9.418554e+00 -8.130322e+01
    endloop
  endfacet
  facet normal 1.000000e+00 1.478622e-13 3.226791e-14
    outer loop
      vertex   -2.851449e+01 9.418554e+00 -8.130322e+01
      vertex   -2.851449e+01 1.000000e+01 -8.385750e+01
      vertex   -2.851449e+01 9.618210e+00 -8.177771e+01
    endloop
  endfacet
  facet normal 1.000000e+00 -1.658796e-13 -2.532613e-14
    outer loop
      vertex   -2.851449e+01 9.618210e+00 -8.177771e+01
      vertex   -2.851449e+01 1.000000e+01 -8.385750e+01
      vertex   -2.851449e+01 9.779725e+00 -8.227447e+01
    endloop
  endfacet
  facet normal 1.000000e+00 2.414410e-14 1.115354e-15
    outer loop
      vertex   -2.851449e+01 9.779725e+00 -8.227447e+01
      vertex   -2.851449e+01 1.000000e+01 -8.385750e+01
      vertex   -2.851449e+01 9.976070e+00 -8.333948e+01
    endloop
  endfacet
  facet normal 1.000000e+00 7.025740e-14 9.616845e-15
    outer loop
      vertex   -2.851449e+01 9.779725e+00 -8.227447e+01
      vertex   -2.851449e+01 9.976070e+00 -8.333948e+01
      vertex   -2.851449e+01 9.902648e+00 -8.280309e+01
    endloop
  endfacet
  facet normal 1.000000e+00 0.000000e+00 0.000000e+00
    outer loop
      vertex   -2.851449e+01 -9.835644e-01 -7.380050e+01
      vertex   -2.851449e+01 -1.501202e+00 -7.386865e+01
      vertex   -2.851449e+01 6.940000e-01 -7.791372e+01
    endloop
  endfacet
  facet normal 1.000000e+00 0.000000e+00 0.000000e+00
    outer loop
      vertex   -2.851449e+01 6.940000e-01 -7.791372e+01
      vertex   -2.851449e+01 -1.501202e+00 -7.386865e+01
      vertex   -2.851449e+01 -2.211202e+00 -7.386865e+01
    endloop
  endfacet
  facet normal 1.000000e+00 0.000000e+00 0.000000e+00
    outer loop
      vertex   -2.851449e+01 6.940000e-01 -7.791372e+01
      vertex   -2.851449e+01 -2.211202e+00 -7.386865e+01
      vertex   -2.851449e+01 -2.728841e+00 -7.380050e+01
    endloop
  endfacet
  facet normal 1.000000e+00 0.000000e+00 0.000000e+00
    outer loop
      vertex   -2.851449e+01 -2.728841e+00 -7.380050e+01
      vertex   -2.851449e+01 -3.211202e+00 -7.360070e+01
      vertex   -2.851449e+01 6.940000e-01 -7.791372e+01
    endloop
  endfacet
  facet normal 1.000000e+00 0.000000e+00 0.000000e+00
    outer loop
      vertex   -2.851449e+01 -3.625416e+00 -7.328287e+01
      vertex   -2.851449e+01 -3.943253e+00 -7.286865e+01
      vertex   -2.851449e+01 -1.000000e+01 -8.715848e+01
    endloop
  endfacet
  facet normal 1.000000e+00 0.000000e+00 0.000000e+00
    outer loop
      vertex   -2.851449e+01 -1.000000e+01 -8.715848e+01
      vertex   -2.851449e+01 -3.943253e+00 -7.286865e+01
      vertex   -2.851449e+01 -4.143054e+00 -7.238629e+01
    endloop
  endfacet
  facet normal 1.000000e+00 5.849378e-16 -7.700852e-17
    outer loop
      vertex   -2.851449e+01 -4.211202e+00 -6.542865e+01
      vertex   -2.851449e+01 -4.143054e+00 -6.491101e+01
      vertex   -2.851449e+01 -1.000000e+01 -6.326490e+01
    endloop
  endfacet
  facet normal 1.000000e+00 5.433291e-16 -2.250543e-16
    outer loop
      vertex   -2.851449e+01 -1.000000e+01 -6.326490e+01
      vertex   -2.851449e+01 -4.143054e+00 -6.491101e+01
      vertex   -2.851449e+01 -3.943253e+00 -6.442865e+01
    endloop
  endfacet
  facet normal 1.000000e+00 5.112022e-16 -3.922592e-16
    outer loop
      vertex   -2.851449e+01 -1.000000e+01 -6.326490e+01
      vertex   -2.851449e+01 -3.943253e+00 -6.442865e+01
      vertex   -2.851449e+01 -3.625416e+00 -6.401444e+01
    endloop
  endfacet
  facet normal 1.000000e+00 4.832705e-16 -6.298103e-16
    outer loop
      vertex   -2.851449e+01 -3.625416e+00 -6.401444e+01
      vertex   -2.851449e+01 -3.211202e+00 -6.369660e+01
      vertex   -2.851449e+01 -1.000000e+01 -6.326490e+01
    endloop
  endfacet
  facet normal 1.000000e+00 4.536725e-16 -1.095262e-15
    outer loop
      vertex   -2.851449e+01 -1.000000e+01 -6.326490e+01
      vertex   -2.851449e+01 -3.211202e+00 -6.369660e+01
      vertex   -2.851449e+01 -2.728841e+00 -6.349680e+01
    endloop
  endfacet
  facet normal 1.000000e+00 3.933213e-16 -2.987572e-15
    outer loop
      vertex   -2.851449e+01 -1.000000e+01 -6.326490e+01
      vertex   -2.851449e+01 -2.728841e+00 -6.349680e+01
      vertex   -2.851449e+01 -2.211202e+00 -6.342865e+01
    endloop
  endfacet
  facet normal 1.000000e+00 -1.587865e-15 -3.833445e-15
    outer loop
      vertex   -2.851449e+01 -9.835644e-01 -6.349680e+01
      vertex   -2.851449e+01 -5.012025e-01 -6.369660e+01
      vertex   -2.851449e+01 6.940000e-01 -6.326490e+01
    endloop
  endfacet
  facet normal 1.000000e+00 -2.021110e-15 -2.633962e-15
    outer loop
      vertex   -2.851449e+01 6.940000e-01 -6.326490e+01
      vertex   -2.851449e+01 -5.012025e-01 -6.369660e+01
      vertex   -2.851449e+01 -8.698892e-02 -6.401444e+01
    endloop
  endfacet
  facet normal 1.000000e+00 -2.619748e-15 -2.010203e-15
    outer loop
      vertex   -2.851449e+01 6.940000e-01 -6.326490e+01
      vertex   -2.851449e+01 -8.698892e-02 -6.401444e+01
      vertex   -2.851449e+01 2.308483e-01 -6.442865e+01
    endloop
  endfacet
  facet normal 1.000000e+00 -3.758720e-15 -1.556913e-15
    outer loop
      vertex   -2.851449e+01 2.308483e-01 -6.442865e+01
      vertex   -2.851449e+01 4.306492e-01 -6.491101e+01
      vertex   -2.851449e+01 6.940000e-01 -6.326490e+01
    endloop
  endfacet
  facet normal 1.000000e+00 -7.400477e-15 -9.742913e-16
    outer loop
      vertex   -2.851449e+01 6.940000e-01 -6.326490e+01
      vertex   -2.851449e+01 4.306492e-01 -6.491101e+01
      vertex   -2.851449e+01 4.987975e-01 -6.542865e+01
    endloop
  endfacet
  facet normal 1.000000e+00 -1.820015e-14 2.359484e-28
    outer loop
      vertex   -2.851449e+01 6.940000e-01 -6.326490e+01
      vertex   -2.851449e+01 4.987975e-01 -6.542865e+01
      vertex   -2.851449e+01 4.987975e-01 -7.186865e+01
    endloop
  endfacet
  facet normal 1.000000e+00 0.000000e+00 0.000000e+00
    outer loop
      vertex   -2.851449e+01 2.308483e-01 -7.286865e+01
      vertex   -2.851449e+01 -8.698892e-02 -7.328287e+01
      vertex   -2.851449e+01 6.940000e-01 -7.791372e+01
    endloop
  endfacet
  facet normal 1.000000e+00 0.000000e+00 0.000000e+00
    outer loop
      vertex   -2.851449e+01 6.940000e-01 -7.791372e+01
      vertex   -2.851449e+01 -8.698892e-02 -7.328287e+01
      vertex   -2.851449e+01 -5.012025e-01 -7.360070e+01
    endloop
  endfacet
  facet normal 1.000000e+00 0.000000e+00 0.000000e+00
    outer loop
      vertex   -2.851449e+01 6.940000e-01 -7.791372e+01
      vertex   -2.851449e+01 -5.012025e-01 -7.360070e+01
      vertex   -2.851449e+01 -9.835644e-01 -7.380050e+01
    endloop
  endfacet
  facet normal -2.930016e-03 -9.988149e-01 4.858222e-02
    outer loop
      vertex   -2.610327e+01 1.000000e+01 -5.292184e+01
      vertex   -2.621802e+01 9.976395e+00 -5.341407e+01
      vertex   -2.588970e+01 1.000000e+01 -5.290896e+01
    endloop
  endfacet
  facet normal -1.728476e-03 -9.988553e-01 4.780311e-02
    outer loop
      vertex   -2.588970e+01 1.000000e+01 -5.290896e+01
      vertex   -2.621802e+01 9.976395e+00 -5.341407e+01
      vertex   -2.567588e+01 1.000000e+01 -5.290123e+01
    endloop
  endfacet
  facet normal -4.108630e-02 -9.951624e-01 8.923942e-02
    outer loop
      vertex   -2.567588e+01 1.000000e+01 -5.290123e+01
      vertex   -2.621802e+01 9.976395e+00 -5.341407e+01
      vertex   -2.546194e+01 9.903926e+00 -5.387410e+01
    endloop
  endfacet
  facet normal -1.180918e-03 -9.951840e-01 9.801707e-02
    outer loop
      vertex   -2.567588e+01 1.000000e+01 -5.290123e+01
      vertex   -2.546194e+01 9.903926e+00 -5.387410e+01
      vertex   -2.546194e+01 1.000000e+01 -5.289865e+01
    endloop
  endfacet
  facet normal -7.443397e-03 -9.895996e-01 1.436566e-01
    outer loop
      vertex   -2.546194e+01 9.903926e+00 -5.387410e+01
      vertex   -2.621802e+01 9.976395e+00 -5.341407e+01
      vertex   -2.627888e+01 9.903926e+00 -5.391643e+01
    endloop
  endfacet
  facet normal -1.472756e-02 -9.893938e-01 1.445093e-01
    outer loop
      vertex   -2.627888e+01 9.903926e+00 -5.391643e+01
      vertex   -2.621802e+01 9.976395e+00 -5.341407e+01
      vertex   -2.633679e+01 9.903750e+00 -5.392354e+01
    endloop
  endfacet
  facet normal -2.676559e-02 -9.698764e-01 2.421225e-01
    outer loop
      vertex   -2.627888e+01 9.903926e+00 -5.391643e+01
      vertex   -2.633679e+01 9.903750e+00 -5.392354e+01
      vertex   -2.645372e+01 9.781766e+00 -5.442510e+01
    endloop
  endfacet
  facet normal -1.377598e-01 -9.512892e-01 2.758099e-01
    outer loop
      vertex   -2.627888e+01 9.903926e+00 -5.391643e+01
      vertex   -2.645372e+01 9.781766e+00 -5.442510e+01
      vertex   -2.618194e+01 9.619398e+00 -5.484937e+01
    endloop
  endfacet
  facet normal -4.434635e-02 -9.421793e-01 3.321621e-01
    outer loop
      vertex   -2.618194e+01 9.619398e+00 -5.484937e+01
      vertex   -2.645372e+01 9.781766e+00 -5.442510e+01
      vertex   -2.656341e+01 9.621037e+00 -5.489565e+01
    endloop
  endfacet
  facet normal -5.438987e-02 -9.076576e-01 4.161723e-01
    outer loop
      vertex   -2.618194e+01 9.619398e+00 -5.484937e+01
      vertex   -2.656341e+01 9.621037e+00 -5.489565e+01
      vertex   -2.666818e+01 9.421263e+00 -5.534505e+01
    endloop
  endfacet
  facet normal -1.279116e-01 -8.552687e-01 5.021495e-01
    outer loop
      vertex   -2.677347e+01 9.171824e+00 -5.579672e+01
      vertex   -2.671650e+01 9.157348e+00 -5.580686e+01
      vertex   -2.666818e+01 9.421263e+00 -5.534505e+01
    endloop
  endfacet
  facet normal -7.840913e-02 -8.619960e-01 5.008142e-01
    outer loop
      vertex   -2.666818e+01 9.421263e+00 -5.534505e+01
      vertex   -2.671650e+01 9.157348e+00 -5.580686e+01
      vertex   -2.609260e+01 9.157348e+00 -5.570918e+01
    endloop
  endfacet
  facet normal -1.116812e-01 -8.801470e-01 4.613768e-01
    outer loop
      vertex   -2.666818e+01 9.421263e+00 -5.534505e+01
      vertex   -2.609260e+01 9.157348e+00 -5.570918e+01
      vertex   -2.618194e+01 9.619398e+00 -5.484937e+01
    endloop
  endfacet
  facet normal -2.441758e-02 -8.816583e-01 4.712562e-01
    outer loop
      vertex   -2.618194e+01 9.619398e+00 -5.484937e+01
      vertex   -2.609260e+01 9.157348e+00 -5.570918e+01
      vertex   -2.546194e+01 9.619398e+00 -5.481207e+01
    endloop
  endfacet
  facet normal -1.503906e-02 -9.568321e-01 2.902518e-01
    outer loop
      vertex   -2.618194e+01 9.619398e+00 -5.484937e+01
      vertex   -2.546194e+01 9.619398e+00 -5.481207e+01
      vertex   -2.546194e+01 9.903926e+00 -5.387410e+01
    endloop
  endfacet
  facet normal -9.299079e-02 -7.903202e-01 6.055961e-01
    outer loop
      vertex   -2.677347e+01 9.171824e+00 -5.579672e+01
      vertex   -2.696611e+01 8.561314e+00 -5.662303e+01
      vertex   -2.671650e+01 9.157348e+00 -5.580686e+01
    endloop
  endfacet
  facet normal -1.622017e-01 -7.726011e-01 6.138225e-01
    outer loop
      vertex   -2.671650e+01 9.157348e+00 -5.580686e+01
      vertex   -2.696611e+01 8.561314e+00 -5.662303e+01
      vertex   -2.656073e+01 8.535534e+00 -5.654836e+01
    endloop
  endfacet
  facet normal -9.820594e-02 -7.725932e-01 6.272602e-01
    outer loop
      vertex   -2.671650e+01 9.157348e+00 -5.580686e+01
      vertex   -2.656073e+01 8.535534e+00 -5.654836e+01
      vertex   -2.609260e+01 9.157348e+00 -5.570918e+01
    endloop
  endfacet
  facet normal -9.820594e-02 -7.725932e-01 6.272602e-01
    outer loop
      vertex   -2.609260e+01 9.157348e+00 -5.570918e+01
      vertex   -2.656073e+01 8.535534e+00 -5.654836e+01
      vertex   -2.601429e+01 8.535534e+00 -5.646281e+01
    endloop
  endfacet
  facet normal -3.285260e-02 -7.725932e-01 6.340508e-01
    outer loop
      vertex   -2.609260e+01 9.157348e+00 -5.570918e+01
      vertex   -2.601429e+01 8.535534e+00 -5.646281e+01
      vertex   -2.546194e+01 9.157348e+00 -5.567650e+01
    endloop
  endfacet
  facet normal -3.285260e-02 -7.725932e-01 6.340508e-01
    outer loop
      vertex   -2.546194e+01 9.157348e+00 -5.567650e+01
      vertex   -2.601429e+01 8.535534e+00 -5.646281e+01
      vertex   -2.546194e+01 8.535534e+00 -5.643419e+01
    endloop
  endfacet
  facet normal -4.002054e-02 -6.338850e-01 7.723912e-01
    outer loop
      vertex   -2.546194e+01 8.535534e+00 -5.643419e+01
      vertex   -2.601429e+01 8.535534e+00 -5.646281e+01
      vertex   -2.595003e+01 7.777851e+00 -5.708129e+01
    endloop
  endfacet
  facet normal -4.002054e-02 -6.338850e-01 7.723912e-01
    outer loop
      vertex   -2.546194e+01 8.535534e+00 -5.643419e+01
      vertex   -2.595003e+01 7.777851e+00 -5.708129e+01
      vertex   -2.546194e+01 7.777851e+00 -5.705600e+01
    endloop
  endfacet
  facet normal -4.564808e-02 -4.709053e-01 8.810019e-01
    outer loop
      vertex   -2.546194e+01 7.777851e+00 -5.705600e+01
      vertex   -2.595003e+01 7.777851e+00 -5.708129e+01
      vertex   -2.590227e+01 6.913417e+00 -5.754086e+01
    endloop
  endfacet
  facet normal -4.564808e-02 -4.709053e-01 8.810019e-01
    outer loop
      vertex   -2.546194e+01 7.777851e+00 -5.705600e+01
      vertex   -2.590227e+01 6.913417e+00 -5.754086e+01
      vertex   -2.546194e+01 6.913417e+00 -5.751805e+01
    endloop
  endfacet
  facet normal -4.952190e-02 -2.899285e-01 9.557662e-01
    outer loop
      vertex   -2.546194e+01 6.913417e+00 -5.751805e+01
      vertex   -2.590227e+01 6.913417e+00 -5.754086e+01
      vertex   -2.587287e+01 5.975452e+00 -5.782387e+01
    endloop
  endfacet
  facet normal -4.952190e-02 -2.899285e-01 9.557662e-01
    outer loop
      vertex   -2.546194e+01 6.913417e+00 -5.751805e+01
      vertex   -2.587287e+01 5.975452e+00 -5.782387e+01
      vertex   -2.546194e+01 5.975452e+00 -5.780258e+01
    endloop
  endfacet
  facet normal -5.149591e-02 -9.788709e-02 9.938643e-01
    outer loop
      vertex   -2.546194e+01 5.975452e+00 -5.780258e+01
      vertex   -2.587287e+01 5.975452e+00 -5.782387e+01
      vertex   -2.546194e+01 5.000000e+00 -5.789865e+01
    endloop
  endfacet
  facet normal -8.563030e-02 -1.119718e-01 9.900150e-01
    outer loop
      vertex   -2.546194e+01 5.000000e+00 -5.789865e+01
      vertex   -2.587287e+01 5.975452e+00 -5.782387e+01
      vertex   -2.612815e+01 5.000000e+00 -5.795627e+01
    endloop
  endfacet
  facet normal -1.540056e-01 -9.321540e-02 9.836631e-01
    outer loop
      vertex   -2.612815e+01 5.000000e+00 -5.795627e+01
      vertex   -2.587287e+01 5.975452e+00 -5.782387e+01
      vertex   -2.627940e+01 5.975452e+00 -5.788752e+01
    endloop
  endfacet
  facet normal -2.544820e-01 -1.072053e-01 9.611170e-01
    outer loop
      vertex   -2.612815e+01 5.000000e+00 -5.795627e+01
      vertex   -2.627940e+01 5.975452e+00 -5.788752e+01
      vertex   -2.667717e+01 5.975452e+00 -5.799284e+01
    endloop
  endfacet
  facet normal -2.449633e-01 -2.899285e-01 9.251673e-01
    outer loop
      vertex   -2.667717e+01 5.975452e+00 -5.799284e+01
      vertex   -2.627940e+01 5.975452e+00 -5.788752e+01
      vertex   -2.633789e+01 6.913417e+00 -5.760907e+01
    endloop
  endfacet
  facet normal -2.449633e-01 -2.899285e-01 9.251673e-01
    outer loop
      vertex   -2.667717e+01 5.975452e+00 -5.799284e+01
      vertex   -2.633789e+01 6.913417e+00 -5.760907e+01
      vertex   -2.676413e+01 6.913417e+00 -5.772192e+01
    endloop
  endfacet
  facet normal -2.258012e-01 -4.709053e-01 8.527966e-01
    outer loop
      vertex   -2.676413e+01 6.913417e+00 -5.772192e+01
      vertex   -2.633789e+01 6.913417e+00 -5.760907e+01
      vertex   -2.643289e+01 7.777851e+00 -5.715689e+01
    endloop
  endfacet
  facet normal -2.258012e-01 -4.709053e-01 8.527966e-01
    outer loop
      vertex   -2.676413e+01 6.913417e+00 -5.772192e+01
      vertex   -2.643289e+01 7.777851e+00 -5.715689e+01
      vertex   -2.690535e+01 7.777851e+00 -5.728198e+01
    endloop
  endfacet
  facet normal -2.051918e-01 -5.977739e-01 7.749598e-01
    outer loop
      vertex   -2.690535e+01 7.777851e+00 -5.728198e+01
      vertex   -2.643289e+01 7.777851e+00 -5.715689e+01
      vertex   -2.704889e+01 8.221054e+00 -5.697812e+01
    endloop
  endfacet
  facet normal -2.756934e-01 -6.026950e-01 7.488337e-01
    outer loop
      vertex   -2.690535e+01 7.777851e+00 -5.728198e+01
      vertex   -2.704889e+01 8.221054e+00 -5.697812e+01
      vertex   -2.712857e+01 7.832834e+00 -5.731991e+01
    endloop
  endfacet
  facet normal -1.732601e-01 -6.906163e-01 7.021610e-01
    outer loop
      vertex   -2.696611e+01 8.561314e+00 -5.662303e+01
      vertex   -2.704889e+01 8.221054e+00 -5.697812e+01
      vertex   -2.656073e+01 8.535534e+00 -5.654836e+01
    endloop
  endfacet
  facet normal -2.410928e-01 -6.321221e-01 7.364074e-01
    outer loop
      vertex   -2.656073e+01 8.535534e+00 -5.654836e+01
      vertex   -2.704889e+01 8.221054e+00 -5.697812e+01
      vertex   -2.643289e+01 7.777851e+00 -5.715689e+01
    endloop
  endfacet
  facet normal -1.196330e-01 -6.338850e-01 7.641189e-01
    outer loop
      vertex   -2.656073e+01 8.535534e+00 -5.654836e+01
      vertex   -2.643289e+01 7.777851e+00 -5.715689e+01
      vertex   -2.601429e+01 8.535534e+00 -5.646281e+01
    endloop
  endfacet
  facet normal -1.196330e-01 -6.338850e-01 7.641189e-01
    outer loop
      vertex   -2.601429e+01 8.535534e+00 -5.646281e+01
      vertex   -2.643289e+01 7.777851e+00 -5.715689e+01
      vertex   -2.595003e+01 7.777851e+00 -5.708129e+01
    endloop
  endfacet
  facet normal -2.682787e-01 -5.378292e-01 7.992285e-01
    outer loop
      vertex   -2.712857e+01 7.832834e+00 -5.731991e+01
      vertex   -2.720087e+01 7.408029e+00 -5.763005e+01
      vertex   -2.690535e+01 7.777851e+00 -5.728198e+01
    endloop
  endfacet
  facet normal -3.618018e-01 -4.691154e-01 8.056241e-01
    outer loop
      vertex   -2.690535e+01 7.777851e+00 -5.728198e+01
      vertex   -2.720087e+01 7.408029e+00 -5.763005e+01
      vertex   -2.676413e+01 6.913417e+00 -5.772192e+01
    endloop
  endfacet
  facet normal -3.187458e-01 -4.376249e-01 8.407648e-01
    outer loop
      vertex   -2.676413e+01 6.913417e+00 -5.772192e+01
      vertex   -2.720087e+01 7.408029e+00 -5.763005e+01
      vertex   -2.717642e+01 6.913417e+00 -5.787823e+01
    endloop
  endfacet
  facet normal -3.970341e-01 -4.272173e-01 8.123111e-01
    outer loop
      vertex   -2.717642e+01 6.913417e+00 -5.787823e+01
      vertex   -2.720087e+01 7.408029e+00 -5.763005e+01
      vertex   -2.726205e+01 6.965905e+00 -5.789248e+01
    endloop
  endfacet
  facet normal -3.637263e-01 -3.601962e-01 8.590471e-01
    outer loop
      vertex   -2.717642e+01 6.913417e+00 -5.787823e+01
      vertex   -2.726205e+01 6.965905e+00 -5.789248e+01
      vertex   -2.731083e+01 6.516070e+00 -5.810175e+01
    endloop
  endfacet
  facet normal -5.039104e-01 -2.876832e-01 8.144401e-01
    outer loop
      vertex   -2.717642e+01 6.913417e+00 -5.787823e+01
      vertex   -2.731083e+01 6.516070e+00 -5.810175e+01
      vertex   -2.706192e+01 5.975452e+00 -5.813870e+01
    endloop
  endfacet
  facet normal -4.314942e-01 -2.577645e-01 8.645058e-01
    outer loop
      vertex   -2.706192e+01 5.975452e+00 -5.813870e+01
      vertex   -2.731083e+01 6.516070e+00 -5.810175e+01
      vertex   -2.734969e+01 6.022053e+00 -5.826844e+01
    endloop
  endfacet
  facet normal -4.270862e-01 -1.594609e-01 8.900391e-01
    outer loop
      vertex   -2.706192e+01 5.975452e+00 -5.813870e+01
      vertex   -2.734969e+01 6.022053e+00 -5.826844e+01
      vertex   -2.737399e+01 5.505432e+00 -5.837266e+01
    endloop
  endfacet
  facet normal -4.175046e-01 -5.507890e-02 9.070040e-01
    outer loop
      vertex   -2.738200e+01 5.000000e+00 -5.840704e+01
      vertex   -2.677457e+01 5.000000e+00 -5.812743e+01
      vertex   -2.737399e+01 5.505432e+00 -5.837266e+01
    endloop
  endfacet
  facet normal -4.654240e-01 -1.269848e-01 8.759311e-01
    outer loop
      vertex   -2.737399e+01 5.505432e+00 -5.837266e+01
      vertex   -2.677457e+01 5.000000e+00 -5.812743e+01
      vertex   -2.706192e+01 5.975452e+00 -5.813870e+01
    endloop
  endfacet
  facet normal -3.529503e-01 -9.321540e-02 9.309871e-01
    outer loop
      vertex   -2.706192e+01 5.975452e+00 -5.813870e+01
      vertex   -2.677457e+01 5.000000e+00 -5.812743e+01
      vertex   -2.667717e+01 5.975452e+00 -5.799284e+01
    endloop
  endfacet
  facet normal -2.544820e-01 -1.072053e-01 9.611170e-01
    outer loop
      vertex   -2.667717e+01 5.975452e+00 -5.799284e+01
      vertex   -2.677457e+01 5.000000e+00 -5.812743e+01
      vertex   -2.612815e+01 5.000000e+00 -5.795627e+01
    endloop
  endfacet
  facet normal -2.441758e-02 -8.816583e-01 4.712562e-01
    outer loop
      vertex   -2.546194e+01 9.157348e+00 -5.567650e+01
      vertex   -2.546194e+01 9.619398e+00 -5.481207e+01
      vertex   -2.609260e+01 9.157348e+00 -5.570918e+01
    endloop
  endfacet
  facet normal -1.503906e-02 -9.568321e-01 2.902518e-01
    outer loop
      vertex   -2.627888e+01 9.903926e+00 -5.391643e+01
      vertex   -2.618194e+01 9.619398e+00 -5.484937e+01
      vertex   -2.546194e+01 9.903926e+00 -5.387410e+01
    endloop
  endfacet
  facet normal -1.480353e-01 -2.899285e-01 9.455300e-01
    outer loop
      vertex   -2.627940e+01 5.975452e+00 -5.788752e+01
      vertex   -2.587287e+01 5.975452e+00 -5.782387e+01
      vertex   -2.590227e+01 6.913417e+00 -5.754086e+01
    endloop
  endfacet
  facet normal -1.364553e-01 -4.709053e-01 8.715665e-01
    outer loop
      vertex   -2.643289e+01 7.777851e+00 -5.715689e+01
      vertex   -2.633789e+01 6.913417e+00 -5.760907e+01
      vertex   -2.595003e+01 7.777851e+00 -5.708129e+01
    endloop
  endfacet
  facet normal -1.364553e-01 -4.709053e-01 8.715665e-01
    outer loop
      vertex   -2.595003e+01 7.777851e+00 -5.708129e+01
      vertex   -2.633789e+01 6.913417e+00 -5.760907e+01
      vertex   -2.590227e+01 6.913417e+00 -5.754086e+01
    endloop
  endfacet
  facet normal -1.480353e-01 -2.899285e-01 9.455300e-01
    outer loop
      vertex   -2.633789e+01 6.913417e+00 -5.760907e+01
      vertex   -2.627940e+01 5.975452e+00 -5.788752e+01
      vertex   -2.590227e+01 6.913417e+00 -5.754086e+01
    endloop
  endfacet
  facet normal -3.392677e-01 -2.899285e-01 8.948960e-01
    outer loop
      vertex   -2.706192e+01 5.975452e+00 -5.813870e+01
      vertex   -2.667717e+01 5.975452e+00 -5.799284e+01
      vertex   -2.676413e+01 6.913417e+00 -5.772192e+01
    endloop
  endfacet
  facet normal -3.392677e-01 -2.899285e-01 8.948960e-01
    outer loop
      vertex   -2.717642e+01 6.913417e+00 -5.787823e+01
      vertex   -2.706192e+01 5.975452e+00 -5.813870e+01
      vertex   -2.676413e+01 6.913417e+00 -5.772192e+01
    endloop
  endfacet
  facet normal 1.483150e-12 -9.801714e-02 9.951847e-01
    outer loop
      vertex   -2.546194e+01 5.000000e+00 -5.789865e+01
      vertex   -8.221940e+00 5.000000e+00 -5.789865e+01
      vertex   -2.546194e+01 5.975452e+00 -5.780258e+01
    endloop
  endfacet
  facet normal 1.483560e-12 -9.801714e-02 9.951847e-01
    outer loop
      vertex   -2.546194e+01 5.975452e+00 -5.780258e+01
      vertex   -8.221940e+00 5.000000e+00 -5.789865e+01
      vertex   -8.221940e+00 5.975452e+00 -5.780258e+01
    endloop
  endfacet
  facet normal 1.426548e-12 -2.902847e-01 9.569403e-01
    outer loop
      vertex   -2.546194e+01 5.975452e+00 -5.780258e+01
      vertex   -8.221940e+00 5.975452e+00 -5.780258e+01
      vertex   -2.546194e+01 6.913417e+00 -5.751805e+01
    endloop
  endfacet
  facet normal 1.426548e-12 -2.902847e-01 9.569403e-01
    outer loop
      vertex   -2.546194e+01 6.913417e+00 -5.751805e+01
      vertex   -8.221940e+00 5.975452e+00 -5.780258e+01
      vertex   -8.221940e+00 6.913417e+00 -5.751805e+01
    endloop
  endfacet
  facet normal 1.314714e-12 -4.713967e-01 8.819213e-01
    outer loop
      vertex   -2.546194e+01 6.913417e+00 -5.751805e+01
      vertex   -8.221940e+00 6.913417e+00 -5.751805e+01
      vertex   -2.546194e+01 7.777851e+00 -5.705600e+01
    endloop
  endfacet
  facet normal 1.314350e-12 -4.713967e-01 8.819213e-01
    outer loop
      vertex   -2.546194e+01 7.777851e+00 -5.705600e+01
      vertex   -8.221940e+00 6.913417e+00 -5.751805e+01
      vertex   -8.221940e+00 7.777851e+00 -5.705600e+01
    endloop
  endfacet
  facet normal 1.152038e-12 -6.343933e-01 7.730105e-01
    outer loop
      vertex   -2.546194e+01 7.777851e+00 -5.705600e+01
      vertex   -8.221940e+00 7.777851e+00 -5.705600e+01
      vertex   -2.546194e+01 8.535534e+00 -5.643419e+01
    endloop
  endfacet
  facet normal 1.152038e-12 -6.343933e-01 7.730105e-01
    outer loop
      vertex   -2.546194e+01 8.535534e+00 -5.643419e+01
      vertex   -8.221940e+00 7.777851e+00 -5.705600e+01
      vertex   -8.221940e+00 8.535534e+00 -5.643419e+01
    endloop
  endfacet
  facet normal 9.454530e-13 -7.730105e-01 6.343933e-01
    outer loop
      vertex   -2.546194e+01 8.535534e+00 -5.643419e+01
      vertex   -8.221940e+00 8.535534e+00 -5.643419e+01
      vertex   -2.546194e+01 9.157348e+00 -5.567650e+01
    endloop
  endfacet
  facet normal 9.454530e-13 -7.730105e-01 6.343933e-01
    outer loop
      vertex   -2.546194e+01 9.157348e+00 -5.567650e+01
      vertex   -8.221940e+00 8.535534e+00 -5.643419e+01
      vertex   -8.221940e+00 9.157348e+00 -5.567650e+01
    endloop
  endfacet
  facet normal 7.025350e-13 -8.819213e-01 4.713967e-01
    outer loop
      vertex   -2.546194e+01 9.157348e+00 -5.567650e+01
      vertex   -8.221940e+00 9.157348e+00 -5.567650e+01
      vertex   -2.546194e+01 9.619398e+00 -5.481207e+01
    endloop
  endfacet
  facet normal 7.027292e-13 -8.819213e-01 4.713967e-01
    outer loop
      vertex   -2.546194e+01 9.619398e+00 -5.481207e+01
      vertex   -8.221940e+00 9.157348e+00 -5.567650e+01
      vertex   -8.221940e+00 9.619398e+00 -5.481207e+01
    endloop
  endfacet
  facet normal 4.327385e-13 -9.569403e-01 2.902847e-01
    outer loop
      vertex   -2.546194e+01 9.619398e+00 -5.481207e+01
      vertex   -8.221940e+00 9.619398e+00 -5.481207e+01
      vertex   -2.546194e+01 9.903926e+00 -5.387410e+01
    endloop
  endfacet
  facet normal 4.326189e-13 -9.569403e-01 2.902847e-01
    outer loop
      vertex   -2.546194e+01 9.903926e+00 -5.387410e+01
      vertex   -8.221940e+00 9.619398e+00 -5.481207e+01
      vertex   -8.221940e+00 9.903926e+00 -5.387410e+01
    endloop
  endfacet
  facet normal 1.460775e-13 -9.951847e-01 9.801714e-02
    outer loop
      vertex   -2.546194e+01 9.903926e+00 -5.387410e+01
      vertex   -8.221940e+00 9.903926e+00 -5.387410e+01
      vertex   -2.546194e+01 1.000000e+01 -5.289865e+01
    endloop
  endfacet
  facet normal 1.460775e-13 -9.951847e-01 9.801714e-02
    outer loop
      vertex   -2.546194e+01 1.000000e+01 -5.289865e+01
      vertex   -8.221940e+00 9.903926e+00 -5.387410e+01
      vertex   -8.221940e+00 1.000000e+01 -5.289865e+01
    endloop
  endfacet
  facet normal 9.884145e-01 -1.164464e-01 9.735033e-02
    outer loop
      vertex   -4.416493e+00 5.000000e+00 -6.102170e+01
      vertex   -4.341940e+00 5.000000e+00 -6.177865e+01
      vertex   -4.270867e+00 5.975452e+00 -6.133347e+01
    endloop
  endfacet
  facet normal 9.936341e-01 -9.786442e-02 5.580130e-02
    outer loop
      vertex   -4.270867e+00 5.975452e+00 -6.133347e+01
      vertex   -4.341940e+00 5.000000e+00 -6.177865e+01
      vertex   -4.245867e+00 5.975452e+00 -6.177865e+01
    endloop
  endfacet
  facet normal 9.555615e-01 -2.898664e-01 5.366318e-02
    outer loop
      vertex   -4.270867e+00 5.975452e+00 -6.133347e+01
      vertex   -4.245867e+00 5.975452e+00 -6.177865e+01
      vertex   -3.961338e+00 6.913417e+00 -6.177865e+01
    endloop
  endfacet
  facet normal 9.555615e-01 -2.898664e-01 5.366318e-02
    outer loop
      vertex   -4.270867e+00 5.975452e+00 -6.133347e+01
      vertex   -3.961338e+00 6.913417e+00 -6.177865e+01
      vertex   -3.988128e+00 6.913417e+00 -6.130162e+01
    endloop
  endfacet
  facet normal 8.808416e-01 -4.708196e-01 4.946700e-02
    outer loop
      vertex   -3.988128e+00 6.913417e+00 -6.130162e+01
      vertex   -3.961338e+00 6.913417e+00 -6.177865e+01
      vertex   -3.499288e+00 7.777851e+00 -6.177865e+01
    endloop
  endfacet
  facet normal 8.808416e-01 -4.708196e-01 4.946700e-02
    outer loop
      vertex   -3.988128e+00 6.913417e+00 -6.130162e+01
      vertex   -3.499288e+00 7.777851e+00 -6.177865e+01
      vertex   -3.528983e+00 7.777851e+00 -6.124988e+01
    endloop
  endfacet
  facet normal 7.722831e-01 -6.337964e-01 4.337049e-02
    outer loop
      vertex   -3.528983e+00 7.777851e+00 -6.124988e+01
      vertex   -3.499288e+00 7.777851e+00 -6.177865e+01
      vertex   -2.877474e+00 8.535534e+00 -6.177865e+01
    endloop
  endfacet
  facet normal 7.722831e-01 -6.337964e-01 4.337049e-02
    outer loop
      vertex   -3.528983e+00 7.777851e+00 -6.124988e+01
      vertex   -2.877474e+00 8.535534e+00 -6.177865e+01
      vertex   -2.911079e+00 8.535534e+00 -6.118026e+01
    endloop
  endfacet
  facet normal 6.339911e-01 -7.725203e-01 3.560417e-02
    outer loop
      vertex   -2.911079e+00 8.535534e+00 -6.118026e+01
      vertex   -2.877474e+00 8.535534e+00 -6.177865e+01
      vertex   -2.119792e+00 9.157348e+00 -6.177865e+01
    endloop
  endfacet
  facet normal 6.339911e-01 -7.725203e-01 3.560417e-02
    outer loop
      vertex   -2.911079e+00 8.535534e+00 -6.118026e+01
      vertex   -2.119792e+00 9.157348e+00 -6.177865e+01
      vertex   -2.158161e+00 9.157348e+00 -6.109543e+01
    endloop
  endfacet
  facet normal 4.712316e-01 -8.816124e-01 2.646380e-02
    outer loop
      vertex   -2.158161e+00 9.157348e+00 -6.109543e+01
      vertex   -2.119792e+00 9.157348e+00 -6.177865e+01
      vertex   -1.255358e+00 9.619398e+00 -6.177865e+01
    endloop
  endfacet
  facet normal 4.712316e-01 -8.816124e-01 2.646380e-02
    outer loop
      vertex   -2.158161e+00 9.157348e+00 -6.109543e+01
      vertex   -1.255358e+00 9.619398e+00 -6.177865e+01
      vertex   -1.299162e+00 9.619398e+00 -6.099864e+01
    endloop
  endfacet
  facet normal 2.902461e-01 -9.568132e-01 1.629987e-02
    outer loop
      vertex   -1.299162e+00 9.619398e+00 -6.099864e+01
      vertex   -1.255358e+00 9.619398e+00 -6.177865e+01
      vertex   -3.173920e-01 9.903926e+00 -6.177865e+01
    endloop
  endfacet
  facet normal 2.902461e-01 -9.568132e-01 1.629987e-02
    outer loop
      vertex   -1.299162e+00 9.619398e+00 -6.099864e+01
      vertex   -3.173920e-01 9.903926e+00 -6.177865e+01
      vertex   -3.670941e-01 9.903926e+00 -6.089362e+01
    endloop
  endfacet
  facet normal 9.801566e-02 -9.951697e-01 5.504441e-03
    outer loop
      vertex   -3.670941e-01 9.903926e+00 -6.089362e+01
      vertex   -3.173920e-01 9.903926e+00 -6.177865e+01
      vertex   6.580597e-01 1.000000e+01 -6.177865e+01
    endloop
  endfacet
  facet normal 9.938656e-02 -9.950235e-01 7.108267e-03
    outer loop
      vertex   -3.670941e-01 9.903926e+00 -6.089362e+01
      vertex   6.580597e-01 1.000000e+01 -6.177865e+01
      vertex   5.676741e-01 1.000000e+01 -6.051490e+01
    endloop
  endfacet
  facet normal 9.570440e-02 -9.952770e-01 1.626083e-02
    outer loop
      vertex   -3.670941e-01 9.903926e+00 -6.089362e+01
      vertex   5.676741e-01 1.000000e+01 -6.051490e+01
      vertex   -5.155755e-01 9.903926e+00 -6.001972e+01
    endloop
  endfacet
  facet normal 9.798692e-02 -9.949594e-01 2.131575e-02
    outer loop
      vertex   -5.155755e-01 9.903926e+00 -6.001972e+01
      vertex   5.676741e-01 1.000000e+01 -6.051490e+01
      vertex   2.983573e-01 1.000000e+01 -5.927687e+01
    endloop
  endfacet
  facet normal 9.302272e-02 -9.953033e-01 2.679938e-02
    outer loop
      vertex   -5.155755e-01 9.903926e+00 -6.001972e+01
      vertex   2.983573e-01 1.000000e+01 -5.927687e+01
      vertex   -7.609689e-01 9.903926e+00 -5.916794e+01
    endloop
  endfacet
  facet normal 9.383580e-02 -9.949723e-01 3.499894e-02
    outer loop
      vertex   -7.609689e-01 9.903926e+00 -5.916794e+01
      vertex   2.983573e-01 1.000000e+01 -5.927687e+01
      vertex   -1.444082e-01 1.000000e+01 -5.808977e+01
    endloop
  endfacet
  facet normal 8.993715e-02 -9.952505e-01 3.725319e-02
    outer loop
      vertex   -7.609689e-01 9.903926e+00 -5.916794e+01
      vertex   -1.444082e-01 1.000000e+01 -5.808977e+01
      vertex   -1.100188e+00 9.903926e+00 -5.834900e+01
    endloop
  endfacet
  facet normal 8.711972e-02 -9.950614e-01 4.757096e-02
    outer loop
      vertex   -1.100188e+00 9.903926e+00 -5.834900e+01
      vertex   -1.444082e-01 1.000000e+01 -5.808977e+01
      vertex   -7.516090e-01 1.000000e+01 -5.697776e+01
    endloop
  endfacet
  facet normal 8.640751e-02 -9.951146e-01 4.775574e-02
    outer loop
      vertex   -1.100188e+00 9.903926e+00 -5.834900e+01
      vertex   -7.516090e-01 1.000000e+01 -5.697776e+01
      vertex   -1.528968e+00 9.903926e+00 -5.757318e+01
    endloop
  endfacet
  facet normal 7.968951e-02 -9.952148e-01 5.654273e-02
    outer loop
      vertex   -1.528968e+00 9.903926e+00 -5.757318e+01
      vertex   -7.516090e-01 1.000000e+01 -5.697776e+01
      vertex   -2.041916e+00 9.903926e+00 -5.685025e+01
    endloop
  endfacet
  facet normal 2.370864e-01 -9.568132e-01 1.682217e-01
    outer loop
      vertex   -1.528968e+00 9.903926e+00 -5.757318e+01
      vertex   -2.041916e+00 9.903926e+00 -5.685025e+01
      vertex   -2.775247e+00 9.619398e+00 -5.743506e+01
    endloop
  endfacet
  facet normal 2.167607e-01 -9.568132e-01 1.937092e-01
    outer loop
      vertex   -2.775247e+00 9.619398e+00 -5.743506e+01
      vertex   -2.041916e+00 9.903926e+00 -5.685025e+01
      vertex   -3.295822e+00 9.619398e+00 -5.685253e+01
    endloop
  endfacet
  facet normal 3.519238e-01 -8.816124e-01 3.144984e-01
    outer loop
      vertex   -2.775247e+00 9.619398e+00 -5.743506e+01
      vertex   -3.295822e+00 9.619398e+00 -5.685253e+01
      vertex   -3.907070e+00 9.157348e+00 -5.746378e+01
    endloop
  endfacet
  facet normal 3.144984e-01 -8.816124e-01 3.519238e-01
    outer loop
      vertex   -3.907070e+00 9.157348e+00 -5.746378e+01
      vertex   -3.295822e+00 9.619398e+00 -5.685253e+01
      vertex   -4.417313e+00 9.157348e+00 -5.700780e+01
    endloop
  endfacet
  facet normal 4.231234e-01 -7.725203e-01 4.734753e-01
    outer loop
      vertex   -3.907070e+00 9.157348e+00 -5.746378e+01
      vertex   -4.417313e+00 9.157348e+00 -5.700780e+01
      vertex   -4.889720e+00 8.535534e+00 -5.760018e+01
    endloop
  endfacet
  facet normal 3.674505e-01 -7.725203e-01 5.178730e-01
    outer loop
      vertex   -4.889720e+00 8.535534e+00 -5.760018e+01
      vertex   -4.417313e+00 9.157348e+00 -5.700780e+01
      vertex   -5.378513e+00 8.535534e+00 -5.725336e+01
    endloop
  endfacet
  facet normal 4.476022e-01 -6.337964e-01 6.308363e-01
    outer loop
      vertex   -4.889720e+00 8.535534e+00 -5.760018e+01
      vertex   -5.378513e+00 8.535534e+00 -5.725336e+01
      vertex   -5.709338e+00 7.777851e+00 -5.777987e+01
    endloop
  endfacet
  facet normal 3.741565e-01 -6.337964e-01 6.769853e-01
    outer loop
      vertex   -5.709338e+00 7.777851e+00 -5.777987e+01
      vertex   -5.378513e+00 8.535534e+00 -5.725336e+01
      vertex   -6.172858e+00 7.777851e+00 -5.752369e+01
    endloop
  endfacet
  facet normal 4.267511e-01 -4.708196e-01 7.721479e-01
    outer loop
      vertex   -5.709338e+00 7.777851e+00 -5.777987e+01
      vertex   -6.172858e+00 7.777851e+00 -5.752369e+01
      vertex   -6.373334e+00 6.913417e+00 -5.793998e+01
    endloop
  endfacet
  facet normal 3.376146e-01 -4.708196e-01 8.150738e-01
    outer loop
      vertex   -6.373334e+00 6.913417e+00 -5.793998e+01
      vertex   -6.172858e+00 7.777851e+00 -5.752369e+01
      vertex   -6.814753e+00 6.913417e+00 -5.775714e+01
    endloop
  endfacet
  facet normal 3.662537e-01 -2.898664e-01 8.842147e-01
    outer loop
      vertex   -6.373334e+00 6.913417e+00 -5.793998e+01
      vertex   -6.814753e+00 6.913417e+00 -5.775714e+01
      vertex   -6.908726e+00 5.975452e+00 -5.802570e+01
    endloop
  endfacet
  facet normal 2.649502e-01 -2.898664e-01 9.196624e-01
    outer loop
      vertex   -6.908726e+00 5.975452e+00 -5.802570e+01
      vertex   -6.814753e+00 6.913417e+00 -5.775714e+01
      vertex   -7.337181e+00 5.975452e+00 -5.790227e+01
    endloop
  endfacet
  facet normal 2.749571e-01 -1.162950e-01 9.543972e-01
    outer loop
      vertex   -6.908726e+00 5.975452e+00 -5.802570e+01
      vertex   -7.337181e+00 5.975452e+00 -5.790227e+01
      vertex   -6.737129e+00 5.000000e+00 -5.819400e+01
    endloop
  endfacet
  facet normal 2.886179e-01 -1.070088e-01 9.514457e-01
    outer loop
      vertex   -6.737129e+00 5.000000e+00 -5.819400e+01
      vertex   -7.337181e+00 5.975452e+00 -5.790227e+01
      vertex   -7.464990e+00 5.000000e+00 -5.797320e+01
    endloop
  endfacet
  facet normal 1.667766e-01 -9.323568e-02 9.815766e-01
    outer loop
      vertex   -7.464990e+00 5.000000e+00 -5.797320e+01
      vertex   -7.337181e+00 5.975452e+00 -5.790227e+01
      vertex   -7.776761e+00 5.975452e+00 -5.782758e+01
    endloop
  endfacet
  facet normal 9.735033e-02 -1.164464e-01 9.884145e-01
    outer loop
      vertex   -7.464990e+00 5.000000e+00 -5.797320e+01
      vertex   -7.776761e+00 5.975452e+00 -5.782758e+01
      vertex   -8.221940e+00 5.000000e+00 -5.789865e+01
    endloop
  endfacet
  facet normal 5.580130e-02 -9.786442e-02 9.936341e-01
    outer loop
      vertex   -8.221940e+00 5.000000e+00 -5.789865e+01
      vertex   -7.776761e+00 5.975452e+00 -5.782758e+01
      vertex   -8.221940e+00 5.975452e+00 -5.780258e+01
    endloop
  endfacet
  facet normal 5.366318e-02 -2.898664e-01 9.555615e-01
    outer loop
      vertex   -8.221940e+00 5.975452e+00 -5.780258e+01
      vertex   -7.776761e+00 5.975452e+00 -5.782758e+01
      vertex   -7.744904e+00 6.913417e+00 -5.754484e+01
    endloop
  endfacet
  facet normal 5.366318e-02 -2.898664e-01 9.555615e-01
    outer loop
      vertex   -8.221940e+00 5.975452e+00 -5.780258e+01
      vertex   -7.744904e+00 6.913417e+00 -5.754484e+01
      vertex   -8.221940e+00 6.913417e+00 -5.751805e+01
    endloop
  endfacet
  facet normal 4.946700e-02 -4.708196e-01 8.808416e-01
    outer loop
      vertex   -8.221940e+00 6.913417e+00 -5.751805e+01
      vertex   -7.744904e+00 6.913417e+00 -5.754484e+01
      vertex   -7.693171e+00 7.777851e+00 -5.708569e+01
    endloop
  endfacet
  facet normal 4.946700e-02 -4.708196e-01 8.808416e-01
    outer loop
      vertex   -8.221940e+00 6.913417e+00 -5.751805e+01
      vertex   -7.693171e+00 7.777851e+00 -5.708569e+01
      vertex   -8.221940e+00 7.777851e+00 -5.705600e+01
    endloop
  endfacet
  facet normal 4.337049e-02 -6.337964e-01 7.722831e-01
    outer loop
      vertex   -8.221940e+00 7.777851e+00 -5.705600e+01
      vertex   -7.693171e+00 7.777851e+00 -5.708569e+01
      vertex   -7.623550e+00 8.535534e+00 -5.646779e+01
    endloop
  endfacet
  facet normal 4.337049e-02 -6.337964e-01 7.722831e-01
    outer loop
      vertex   -8.221940e+00 7.777851e+00 -5.705600e+01
      vertex   -7.623550e+00 8.535534e+00 -5.646779e+01
      vertex   -8.221940e+00 8.535534e+00 -5.643419e+01
    endloop
  endfacet
  facet normal 3.560417e-02 -7.725203e-01 6.339911e-01
    outer loop
      vertex   -8.221940e+00 8.535534e+00 -5.643419e+01
      vertex   -7.623550e+00 8.535534e+00 -5.646779e+01
      vertex   -7.538716e+00 9.157348e+00 -5.571487e+01
    endloop
  endfacet
  facet normal 3.560417e-02 -7.725203e-01 6.339911e-01
    outer loop
      vertex   -8.221940e+00 8.535534e+00 -5.643419e+01
      vertex   -7.538716e+00 9.157348e+00 -5.571487e+01
      vertex   -8.221940e+00 9.157348e+00 -5.567650e+01
    endloop
  endfacet
  facet normal 2.646380e-02 -8.816124e-01 4.712316e-01
    outer loop
      vertex   -8.221940e+00 9.157348e+00 -5.567650e+01
      vertex   -7.538716e+00 9.157348e+00 -5.571487e+01
      vertex   -7.441931e+00 9.619398e+00 -5.485587e+01
    endloop
  endfacet
  facet normal 2.646380e-02 -8.816124e-01 4.712316e-01
    outer loop
      vertex   -8.221940e+00 9.157348e+00 -5.567650e+01
      vertex   -7.441931e+00 9.619398e+00 -5.485587e+01
      vertex   -8.221940e+00 9.619398e+00 -5.481207e+01
    endloop
  endfacet
  facet normal 1.629987e-02 -9.568132e-01 2.902461e-01
    outer loop
      vertex   -8.221940e+00 9.619398e+00 -5.481207e+01
      vertex   -7.441931e+00 9.619398e+00 -5.485587e+01
      vertex   -7.336912e+00 9.903926e+00 -5.392381e+01
    endloop
  endfacet
  facet normal 1.629987e-02 -9.568132e-01 2.902461e-01
    outer loop
      vertex   -8.221940e+00 9.619398e+00 -5.481207e+01
      vertex   -7.336912e+00 9.903926e+00 -5.392381e+01
      vertex   -8.221940e+00 9.903926e+00 -5.387410e+01
    endloop
  endfacet
  facet normal 5.504441e-03 -9.951697e-01 9.801566e-02
    outer loop
      vertex   -8.221940e+00 9.903926e+00 -5.387410e+01
      vertex   -7.336912e+00 9.903926e+00 -5.392381e+01
      vertex   -8.221940e+00 1.000000e+01 -5.289865e+01
    endloop
  endfacet
  facet normal 7.108267e-03 -9.950235e-01 9.938656e-02
    outer loop
      vertex   -8.221940e+00 1.000000e+01 -5.289865e+01
      vertex   -7.336912e+00 9.903926e+00 -5.392381e+01
      vertex   -6.958185e+00 1.000000e+01 -5.298904e+01
    endloop
  endfacet
  facet normal 1.626083e-02 -9.952770e-01 9.570440e-02
    outer loop
      vertex   -6.958185e+00 1.000000e+01 -5.298904e+01
      vertex   -7.336912e+00 9.903926e+00 -5.392381e+01
      vertex   -6.463013e+00 9.903926e+00 -5.407229e+01
    endloop
  endfacet
  facet normal 2.131575e-02 -9.949594e-01 9.798692e-02
    outer loop
      vertex   -6.958185e+00 1.000000e+01 -5.298904e+01
      vertex   -6.463013e+00 9.903926e+00 -5.407229e+01
      vertex   -5.720155e+00 1.000000e+01 -5.325835e+01
    endloop
  endfacet
  facet normal 2.679938e-02 -9.953033e-01 9.302272e-02
    outer loop
      vertex   -5.720155e+00 1.000000e+01 -5.325835e+01
      vertex   -6.463013e+00 9.903926e+00 -5.407229e+01
      vertex   -5.611234e+00 9.903926e+00 -5.431768e+01
    endloop
  endfacet
  facet normal 3.499894e-02 -9.949723e-01 9.383580e-02
    outer loop
      vertex   -5.720155e+00 1.000000e+01 -5.325835e+01
      vertex   -5.611234e+00 9.903926e+00 -5.431768e+01
      vertex   -4.533055e+00 1.000000e+01 -5.370112e+01
    endloop
  endfacet
  facet normal 3.725319e-02 -9.952505e-01 8.993715e-02
    outer loop
      vertex   -4.533055e+00 1.000000e+01 -5.370112e+01
      vertex   -5.611234e+00 9.903926e+00 -5.431768e+01
      vertex   -4.792285e+00 9.903926e+00 -5.465690e+01
    endloop
  endfacet
  facet normal 4.757096e-02 -9.950614e-01 8.711972e-02
    outer loop
      vertex   -4.533055e+00 1.000000e+01 -5.370112e+01
      vertex   -4.792285e+00 9.903926e+00 -5.465690e+01
      vertex   -3.421050e+00 1.000000e+01 -5.430832e+01
    endloop
  endfacet
  facet normal 4.775574e-02 -9.951146e-01 8.640751e-02
    outer loop
      vertex   -3.421050e+00 1.000000e+01 -5.430832e+01
      vertex   -4.792285e+00 9.903926e+00 -5.465690e+01
      vertex   -4.016467e+00 9.903926e+00 -5.508568e+01
    endloop
  endfacet
  facet normal 5.654273e-02 -9.952148e-01 7.968951e-02
    outer loop
      vertex   -3.421050e+00 1.000000e+01 -5.430832e+01
      vertex   -4.016467e+00 9.903926e+00 -5.508568e+01
      vertex   -3.293535e+00 9.903926e+00 -5.559863e+01
    endloop
  endfacet
  facet normal 1.682217e-01 -9.568132e-01 2.370864e-01
    outer loop
      vertex   -3.293535e+00 9.903926e+00 -5.559863e+01
      vertex   -4.016467e+00 9.903926e+00 -5.508568e+01
      vertex   -4.515495e+00 9.619398e+00 -5.587988e+01
    endloop
  endfacet
  facet normal 1.682217e-01 -9.568132e-01 2.370864e-01
    outer loop
      vertex   -3.293535e+00 9.903926e+00 -5.559863e+01
      vertex   -4.515495e+00 9.619398e+00 -5.587988e+01
      vertex   -3.878347e+00 9.619398e+00 -5.633196e+01
    endloop
  endfacet
  facet normal 2.731179e-01 -8.816124e-01 3.849236e-01
    outer loop
      vertex   -3.878347e+00 9.619398e+00 -5.633196e+01
      vertex   -4.515495e+00 9.619398e+00 -5.587988e+01
      vertex   -4.975401e+00 9.157348e+00 -5.661181e+01
    endloop
  endfacet
  facet normal 2.731179e-01 -8.816124e-01 3.849236e-01
    outer loop
      vertex   -3.878347e+00 9.619398e+00 -5.633196e+01
      vertex   -4.975401e+00 9.157348e+00 -5.661181e+01
      vertex   -4.417313e+00 9.157348e+00 -5.700780e+01
    endloop
  endfacet
  facet normal 3.674505e-01 -7.725203e-01 5.178730e-01
    outer loop
      vertex   -4.417313e+00 9.157348e+00 -5.700780e+01
      vertex   -4.975401e+00 9.157348e+00 -5.661181e+01
      vertex   -5.378513e+00 8.535534e+00 -5.725336e+01
    endloop
  endfacet
  facet normal 8.000386e-02 -9.949937e-01 5.989014e-02
    outer loop
      vertex   -7.516090e-01 1.000000e+01 -5.697776e+01
      vertex   -1.510884e+00 1.000000e+01 -5.596349e+01
      vertex   -2.041916e+00 9.903926e+00 -5.685025e+01
    endloop
  endfacet
  facet normal 7.224970e-02 -9.952945e-01 6.456628e-02
    outer loop
      vertex   -2.041916e+00 9.903926e+00 -5.685025e+01
      vertex   -1.510884e+00 1.000000e+01 -5.596349e+01
      vertex   -2.632581e+00 9.903926e+00 -5.618929e+01
    endloop
  endfacet
  facet normal 2.167607e-01 -9.568132e-01 1.937092e-01
    outer loop
      vertex   -2.041916e+00 9.903926e+00 -5.685025e+01
      vertex   -2.632581e+00 9.903926e+00 -5.618929e+01
      vertex   -3.295822e+00 9.619398e+00 -5.685253e+01
    endloop
  endfacet
  facet normal 1.937092e-01 -9.568132e-01 2.167607e-01
    outer loop
      vertex   -3.295822e+00 9.619398e+00 -5.685253e+01
      vertex   -2.632581e+00 9.903926e+00 -5.618929e+01
      vertex   -3.878347e+00 9.619398e+00 -5.633196e+01
    endloop
  endfacet
  facet normal 3.144984e-01 -8.816124e-01 3.519238e-01
    outer loop
      vertex   -3.295822e+00 9.619398e+00 -5.685253e+01
      vertex   -3.878347e+00 9.619398e+00 -5.633196e+01
      vertex   -4.417313e+00 9.157348e+00 -5.700780e+01
    endloop
  endfacet
  facet normal 7.093797e-02 -9.949551e-01 7.093797e-02
    outer loop
      vertex   -1.510884e+00 1.000000e+01 -5.596349e+01
      vertex   -2.406777e+00 1.000000e+01 -5.506760e+01
      vertex   -2.632581e+00 9.903926e+00 -5.618929e+01
    endloop
  endfacet
  facet normal 6.456628e-02 -9.952945e-01 7.224970e-02
    outer loop
      vertex   -2.632581e+00 9.903926e+00 -5.618929e+01
      vertex   -2.406777e+00 1.000000e+01 -5.506760e+01
      vertex   -3.293535e+00 9.903926e+00 -5.559863e+01
    endloop
  endfacet
  facet normal 1.937092e-01 -9.568132e-01 2.167607e-01
    outer loop
      vertex   -2.632581e+00 9.903926e+00 -5.618929e+01
      vertex   -3.293535e+00 9.903926e+00 -5.559863e+01
      vertex   -3.878347e+00 9.619398e+00 -5.633196e+01
    endloop
  endfacet
  facet normal 5.989014e-02 -9.949937e-01 8.000386e-02
    outer loop
      vertex   -2.406777e+00 1.000000e+01 -5.506760e+01
      vertex   -3.421050e+00 1.000000e+01 -5.430832e+01
      vertex   -3.293535e+00 9.903926e+00 -5.559863e+01
    endloop
  endfacet
  facet normal 3.810714e-01 -9.169101e-02 9.199877e-01
    outer loop
      vertex   -6.908726e+00 5.975452e+00 -5.802570e+01
      vertex   -6.737129e+00 5.000000e+00 -5.819400e+01
      vertex   -6.496787e+00 5.975452e+00 -5.819633e+01
    endloop
  endfacet
  facet normal 4.683612e-01 -1.133030e-01 8.762421e-01
    outer loop
      vertex   -6.496787e+00 5.975452e+00 -5.819633e+01
      vertex   -6.737129e+00 5.000000e+00 -5.819400e+01
      vertex   -6.066328e+00 5.000000e+00 -5.855255e+01
    endloop
  endfacet
  facet normal 4.810163e-01 -1.055607e-01 8.703334e-01
    outer loop
      vertex   -6.496787e+00 5.975452e+00 -5.819633e+01
      vertex   -6.066328e+00 5.000000e+00 -5.855255e+01
      vertex   -6.106542e+00 5.975452e+00 -5.841201e+01
    endloop
  endfacet
  facet normal 5.761506e-01 -9.323568e-02 8.120083e-01
    outer loop
      vertex   -6.106542e+00 5.975452e+00 -5.841201e+01
      vertex   -6.066328e+00 5.000000e+00 -5.855255e+01
      vertex   -5.742899e+00 5.975452e+00 -5.867003e+01
    endloop
  endfacet
  facet normal 5.538273e-01 -2.898664e-01 7.805465e-01
    outer loop
      vertex   -6.106542e+00 5.975452e+00 -5.841201e+01
      vertex   -5.742899e+00 5.975452e+00 -5.867003e+01
      vertex   -5.565498e+00 6.913417e+00 -5.844758e+01
    endloop
  endfacet
  facet normal 6.377384e-01 -2.898664e-01 7.136296e-01
    outer loop
      vertex   -5.565498e+00 6.913417e+00 -5.844758e+01
      vertex   -5.742899e+00 5.975452e+00 -5.867003e+01
      vertex   -5.209240e+00 6.913417e+00 -5.876595e+01
    endloop
  endfacet
  facet normal 5.878706e-01 -4.708196e-01 6.578275e-01
    outer loop
      vertex   -5.565498e+00 6.913417e+00 -5.844758e+01
      vertex   -5.209240e+00 6.913417e+00 -5.876595e+01
      vertex   -4.882521e+00 7.777851e+00 -5.843923e+01
    endloop
  endfacet
  facet normal 6.578275e-01 -4.708196e-01 5.878706e-01
    outer loop
      vertex   -4.882521e+00 7.777851e+00 -5.843923e+01
      vertex   -5.209240e+00 6.913417e+00 -5.876595e+01
      vertex   -4.529622e+00 7.777851e+00 -5.883413e+01
    endloop
  endfacet
  facet normal 5.767542e-01 -6.337964e-01 5.154190e-01
    outer loop
      vertex   -4.882521e+00 7.777851e+00 -5.843923e+01
      vertex   -4.529622e+00 7.777851e+00 -5.883413e+01
      vertex   -4.043468e+00 8.535534e+00 -5.844643e+01
    endloop
  endfacet
  facet normal 6.308363e-01 -6.337964e-01 4.476022e-01
    outer loop
      vertex   -4.043468e+00 8.535534e+00 -5.844643e+01
      vertex   -4.529622e+00 7.777851e+00 -5.883413e+01
      vertex   -3.696652e+00 8.535534e+00 -5.893522e+01
    endloop
  endfacet
  facet normal 5.178730e-01 -7.725203e-01 3.674505e-01
    outer loop
      vertex   -4.043468e+00 8.535534e+00 -5.844643e+01
      vertex   -3.696652e+00 8.535534e+00 -5.893522e+01
      vertex   -3.055103e+00 9.157348e+00 -5.853211e+01
    endloop
  endfacet
  facet normal 5.557581e-01 -7.725203e-01 3.071567e-01
    outer loop
      vertex   -3.055103e+00 9.157348e+00 -5.853211e+01
      vertex   -3.696652e+00 8.535534e+00 -5.893522e+01
      vertex   -2.724094e+00 9.157348e+00 -5.913103e+01
    endloop
  endfacet
  facet normal 4.130828e-01 -8.816124e-01 2.283028e-01
    outer loop
      vertex   -3.055103e+00 9.157348e+00 -5.853211e+01
      vertex   -2.724094e+00 9.157348e+00 -5.913103e+01
      vertex   -1.945266e+00 9.619398e+00 -5.875596e+01
    endloop
  endfacet
  facet normal 4.360473e-01 -8.816124e-01 1.806167e-01
    outer loop
      vertex   -1.945266e+00 9.619398e+00 -5.875596e+01
      vertex   -2.724094e+00 9.157348e+00 -5.913103e+01
      vertex   -1.646299e+00 9.619398e+00 -5.947774e+01
    endloop
  endfacet
  facet normal 2.685750e-01 -9.568132e-01 1.112474e-01
    outer loop
      vertex   -1.945266e+00 9.619398e+00 -5.875596e+01
      vertex   -1.646299e+00 9.619398e+00 -5.947774e+01
      vertex   -7.609689e-01 9.903926e+00 -5.916794e+01
    endloop
  endfacet
  facet normal 2.793420e-01 -9.568132e-01 8.047704e-02
    outer loop
      vertex   -7.609689e-01 9.903926e+00 -5.916794e+01
      vertex   -1.646299e+00 9.619398e+00 -5.947774e+01
      vertex   -5.155755e-01 9.903926e+00 -6.001972e+01
    endloop
  endfacet
  facet normal 6.300775e-01 -1.164464e-01 7.677516e-01
    outer loop
      vertex   -6.066328e+00 5.000000e+00 -5.855255e+01
      vertex   -5.478366e+00 5.000000e+00 -5.903508e+01
      vertex   -5.742899e+00 5.975452e+00 -5.867003e+01
    endloop
  endfacet
  facet normal 6.631480e-01 -9.786442e-02 7.420629e-01
    outer loop
      vertex   -5.742899e+00 5.975452e+00 -5.867003e+01
      vertex   -5.478366e+00 5.000000e+00 -5.903508e+01
      vertex   -5.410432e+00 5.975452e+00 -5.896714e+01
    endloop
  endfacet
  facet normal 6.377384e-01 -2.898664e-01 7.136296e-01
    outer loop
      vertex   -5.742899e+00 5.975452e+00 -5.867003e+01
      vertex   -5.410432e+00 5.975452e+00 -5.896714e+01
      vertex   -5.209240e+00 6.913417e+00 -5.876595e+01
    endloop
  endfacet
  facet normal 7.136296e-01 -2.898664e-01 6.377384e-01
    outer loop
      vertex   -5.209240e+00 6.913417e+00 -5.876595e+01
      vertex   -5.410432e+00 5.975452e+00 -5.896714e+01
      vertex   -4.890867e+00 6.913417e+00 -5.912221e+01
    endloop
  endfacet
  facet normal 6.578275e-01 -4.708196e-01 5.878706e-01
    outer loop
      vertex   -5.209240e+00 6.913417e+00 -5.876595e+01
      vertex   -4.890867e+00 6.913417e+00 -5.912221e+01
      vertex   -4.529622e+00 7.777851e+00 -5.883413e+01
    endloop
  endfacet
  facet normal 7.195118e-01 -4.708196e-01 5.105209e-01
    outer loop
      vertex   -4.529622e+00 7.777851e+00 -5.883413e+01
      vertex   -4.890867e+00 6.913417e+00 -5.912221e+01
      vertex   -4.223157e+00 7.777851e+00 -5.926605e+01
    endloop
  endfacet
  facet normal 6.308363e-01 -6.337964e-01 4.476022e-01
    outer loop
      vertex   -4.529622e+00 7.777851e+00 -5.883413e+01
      vertex   -4.223157e+00 7.777851e+00 -5.926605e+01
      vertex   -3.696652e+00 8.535534e+00 -5.893522e+01
    endloop
  endfacet
  facet normal 6.769853e-01 -6.337964e-01 3.741565e-01
    outer loop
      vertex   -3.696652e+00 8.535534e+00 -5.893522e+01
      vertex   -4.223157e+00 7.777851e+00 -5.926605e+01
      vertex   -3.406743e+00 8.535534e+00 -5.945977e+01
    endloop
  endfacet
  facet normal 5.557581e-01 -7.725203e-01 3.071567e-01
    outer loop
      vertex   -3.696652e+00 8.535534e+00 -5.893522e+01
      vertex   -3.406743e+00 8.535534e+00 -5.945977e+01
      vertex   -2.724094e+00 9.157348e+00 -5.913103e+01
    endloop
  endfacet
  facet normal 5.866543e-01 -7.725203e-01 2.430002e-01
    outer loop
      vertex   -2.724094e+00 9.157348e+00 -5.913103e+01
      vertex   -3.406743e+00 8.535534e+00 -5.945977e+01
      vertex   -2.462224e+00 9.157348e+00 -5.976324e+01
    endloop
  endfacet
  facet normal 4.360473e-01 -8.816124e-01 1.806167e-01
    outer loop
      vertex   -2.724094e+00 9.157348e+00 -5.913103e+01
      vertex   -2.462224e+00 9.157348e+00 -5.976324e+01
      vertex   -1.646299e+00 9.619398e+00 -5.947774e+01
    endloop
  endfacet
  facet normal 4.535281e-01 -8.816124e-01 1.306592e-01
    outer loop
      vertex   -1.646299e+00 9.619398e+00 -5.947774e+01
      vertex   -2.462224e+00 9.157348e+00 -5.976324e+01
      vertex   -1.430024e+00 9.619398e+00 -6.022844e+01
    endloop
  endfacet
  facet normal 2.793420e-01 -9.568132e-01 8.047704e-02
    outer loop
      vertex   -1.646299e+00 9.619398e+00 -5.947774e+01
      vertex   -1.430024e+00 9.619398e+00 -6.022844e+01
      vertex   -5.155755e-01 9.903926e+00 -6.001972e+01
    endloop
  endfacet
  facet normal 2.865961e-01 -9.568132e-01 4.869464e-02
    outer loop
      vertex   -5.155755e-01 9.903926e+00 -6.001972e+01
      vertex   -1.430024e+00 9.619398e+00 -6.022844e+01
      vertex   -3.670941e-01 9.903926e+00 -6.089362e+01
    endloop
  endfacet
  facet normal 7.420629e-01 -9.786442e-02 6.631480e-01
    outer loop
      vertex   -5.410432e+00 5.975452e+00 -5.896714e+01
      vertex   -5.478366e+00 5.000000e+00 -5.903508e+01
      vertex   -5.113321e+00 5.975452e+00 -5.929961e+01
    endloop
  endfacet
  facet normal 7.677516e-01 -1.164464e-01 6.300775e-01
    outer loop
      vertex   -5.113321e+00 5.975452e+00 -5.929961e+01
      vertex   -5.478366e+00 5.000000e+00 -5.903508e+01
      vertex   -4.995838e+00 5.000000e+00 -5.962304e+01
    endloop
  endfacet
  facet normal 8.120083e-01 -9.323568e-02 5.761506e-01
    outer loop
      vertex   -5.113321e+00 5.975452e+00 -5.929961e+01
      vertex   -4.995838e+00 5.000000e+00 -5.962304e+01
      vertex   -4.855303e+00 5.975452e+00 -5.966325e+01
    endloop
  endfacet
  facet normal 8.768573e-01 -1.070088e-01 4.686900e-01
    outer loop
      vertex   -4.855303e+00 5.975452e+00 -5.966325e+01
      vertex   -4.995838e+00 5.000000e+00 -5.962304e+01
      vertex   -4.637288e+00 5.000000e+00 -6.029384e+01
    endloop
  endfacet
  facet normal 8.692848e-01 -1.162950e-01 4.804367e-01
    outer loop
      vertex   -4.855303e+00 5.975452e+00 -5.966325e+01
      vertex   -4.637288e+00 5.000000e+00 -6.029384e+01
      vertex   -4.639622e+00 5.975452e+00 -6.005350e+01
    endloop
  endfacet
  facet normal 9.199877e-01 -9.169101e-02 3.810714e-01
    outer loop
      vertex   -4.639622e+00 5.975452e+00 -6.005350e+01
      vertex   -4.637288e+00 5.000000e+00 -6.029384e+01
      vertex   -4.468991e+00 5.975452e+00 -6.046544e+01
    endloop
  endfacet
  facet normal 8.842147e-01 -2.898664e-01 3.662537e-01
    outer loop
      vertex   -4.639622e+00 5.975452e+00 -6.005350e+01
      vertex   -4.468991e+00 5.975452e+00 -6.046544e+01
      vertex   -4.200429e+00 6.913417e+00 -6.037146e+01
    endloop
  endfacet
  facet normal 9.196624e-01 -2.898664e-01 2.649502e-01
    outer loop
      vertex   -4.200429e+00 6.913417e+00 -6.037146e+01
      vertex   -4.468991e+00 5.975452e+00 -6.046544e+01
      vertex   -4.068160e+00 6.913417e+00 -6.083058e+01
    endloop
  endfacet
  facet normal 8.477496e-01 -4.708196e-01 2.442325e-01
    outer loop
      vertex   -4.200429e+00 6.913417e+00 -6.037146e+01
      vertex   -4.068160e+00 6.913417e+00 -6.083058e+01
      vertex   -3.617695e+00 7.777851e+00 -6.072776e+01
    endloop
  endfacet
  facet normal 8.697645e-01 -4.708196e-01 1.477789e-01
    outer loop
      vertex   -3.617695e+00 7.777851e+00 -6.072776e+01
      vertex   -4.068160e+00 6.913417e+00 -6.083058e+01
      vertex   -3.528983e+00 7.777851e+00 -6.124988e+01
    endloop
  endfacet
  facet normal 7.625712e-01 -6.337964e-01 1.295661e-01
    outer loop
      vertex   -3.617695e+00 7.777851e+00 -6.072776e+01
      vertex   -3.528983e+00 7.777851e+00 -6.124988e+01
      vertex   -2.911079e+00 8.535534e+00 -6.118026e+01
    endloop
  endfacet
  facet normal 9.507781e-01 -1.133030e-01 2.884154e-01
    outer loop
      vertex   -4.637288e+00 5.000000e+00 -6.029384e+01
      vertex   -4.416493e+00 5.000000e+00 -6.102170e+01
      vertex   -4.468991e+00 5.975452e+00 -6.046544e+01
    endloop
  endfacet
  facet normal 9.555485e-01 -1.055607e-01 2.752888e-01
    outer loop
      vertex   -4.468991e+00 5.975452e+00 -6.046544e+01
      vertex   -4.416493e+00 5.000000e+00 -6.102170e+01
      vertex   -4.345555e+00 5.975452e+00 -6.089389e+01
    endloop
  endfacet
  facet normal 9.196624e-01 -2.898664e-01 2.649502e-01
    outer loop
      vertex   -4.468991e+00 5.975452e+00 -6.046544e+01
      vertex   -4.345555e+00 5.975452e+00 -6.089389e+01
      vertex   -4.068160e+00 6.913417e+00 -6.083058e+01
    endloop
  endfacet
  facet normal 9.435447e-01 -2.898664e-01 1.603147e-01
    outer loop
      vertex   -4.068160e+00 6.913417e+00 -6.083058e+01
      vertex   -4.345555e+00 5.975452e+00 -6.089389e+01
      vertex   -3.988128e+00 6.913417e+00 -6.130162e+01
    endloop
  endfacet
  facet normal 8.697645e-01 -4.708196e-01 1.477789e-01
    outer loop
      vertex   -4.068160e+00 6.913417e+00 -6.083058e+01
      vertex   -3.988128e+00 6.913417e+00 -6.130162e+01
      vertex   -3.528983e+00 7.777851e+00 -6.124988e+01
    endloop
  endfacet
  facet normal 9.815766e-01 -9.323568e-02 1.667766e-01
    outer loop
      vertex   -4.345555e+00 5.975452e+00 -6.089389e+01
      vertex   -4.416493e+00 5.000000e+00 -6.102170e+01
      vertex   -4.270867e+00 5.975452e+00 -6.133347e+01
    endloop
  endfacet
  facet normal 2.865961e-01 -9.568132e-01 4.869464e-02
    outer loop
      vertex   -3.670941e-01 9.903926e+00 -6.089362e+01
      vertex   -1.430024e+00 9.619398e+00 -6.022844e+01
      vertex   -1.299162e+00 9.619398e+00 -6.099864e+01
    endloop
  endfacet
  facet normal 4.653056e-01 -8.816124e-01 7.905861e-02
    outer loop
      vertex   -1.299162e+00 9.619398e+00 -6.099864e+01
      vertex   -1.430024e+00 9.619398e+00 -6.022844e+01
      vertex   -2.272785e+00 9.157348e+00 -6.042080e+01
    endloop
  endfacet
  facet normal 4.653056e-01 -8.816124e-01 7.905861e-02
    outer loop
      vertex   -1.299162e+00 9.619398e+00 -6.099864e+01
      vertex   -2.272785e+00 9.157348e+00 -6.042080e+01
      vertex   -2.158161e+00 9.157348e+00 -6.109543e+01
    endloop
  endfacet
  facet normal 6.260183e-01 -7.725203e-01 1.063648e-01
    outer loop
      vertex   -2.158161e+00 9.157348e+00 -6.109543e+01
      vertex   -2.272785e+00 9.157348e+00 -6.042080e+01
      vertex   -3.011471e+00 8.535534e+00 -6.058940e+01
    endloop
  endfacet
  facet normal 6.260183e-01 -7.725203e-01 1.063648e-01
    outer loop
      vertex   -2.158161e+00 9.157348e+00 -6.109543e+01
      vertex   -3.011471e+00 8.535534e+00 -6.058940e+01
      vertex   -2.911079e+00 8.535534e+00 -6.118026e+01
    endloop
  endfacet
  facet normal 7.625712e-01 -6.337964e-01 1.295661e-01
    outer loop
      vertex   -2.911079e+00 8.535534e+00 -6.118026e+01
      vertex   -3.011471e+00 8.535534e+00 -6.058940e+01
      vertex   -3.617695e+00 7.777851e+00 -6.072776e+01
    endloop
  endfacet
  facet normal 9.435447e-01 -2.898664e-01 1.603147e-01
    outer loop
      vertex   -4.345555e+00 5.975452e+00 -6.089389e+01
      vertex   -4.270867e+00 5.975452e+00 -6.133347e+01
      vertex   -3.988128e+00 6.913417e+00 -6.130162e+01
    endloop
  endfacet
  facet normal 4.535281e-01 -8.816124e-01 1.306592e-01
    outer loop
      vertex   -1.430024e+00 9.619398e+00 -6.022844e+01
      vertex   -2.462224e+00 9.157348e+00 -5.976324e+01
      vertex   -2.272785e+00 9.157348e+00 -6.042080e+01
    endloop
  endfacet
  facet normal 6.101729e-01 -7.725203e-01 1.757878e-01
    outer loop
      vertex   -2.272785e+00 9.157348e+00 -6.042080e+01
      vertex   -2.462224e+00 9.157348e+00 -5.976324e+01
      vertex   -3.177388e+00 8.535534e+00 -6.001349e+01
    endloop
  endfacet
  facet normal 6.101729e-01 -7.725203e-01 1.757878e-01
    outer loop
      vertex   -2.272785e+00 9.157348e+00 -6.042080e+01
      vertex   -3.177388e+00 8.535534e+00 -6.001349e+01
      vertex   -3.011471e+00 8.535534e+00 -6.058940e+01
    endloop
  endfacet
  facet normal 7.432695e-01 -6.337964e-01 2.141323e-01
    outer loop
      vertex   -3.011471e+00 8.535534e+00 -6.058940e+01
      vertex   -3.177388e+00 8.535534e+00 -6.001349e+01
      vertex   -3.764308e+00 7.777851e+00 -6.021886e+01
    endloop
  endfacet
  facet normal 7.432695e-01 -6.337964e-01 2.141323e-01
    outer loop
      vertex   -3.011471e+00 8.535534e+00 -6.058940e+01
      vertex   -3.764308e+00 7.777851e+00 -6.021886e+01
      vertex   -3.617695e+00 7.777851e+00 -6.072776e+01
    endloop
  endfacet
  facet normal 8.477496e-01 -4.708196e-01 2.442325e-01
    outer loop
      vertex   -3.617695e+00 7.777851e+00 -6.072776e+01
      vertex   -3.764308e+00 7.777851e+00 -6.021886e+01
      vertex   -4.200429e+00 6.913417e+00 -6.037146e+01
    endloop
  endfacet
  facet normal 5.866543e-01 -7.725203e-01 2.430002e-01
    outer loop
      vertex   -2.462224e+00 9.157348e+00 -5.976324e+01
      vertex   -3.406743e+00 8.535534e+00 -5.945977e+01
      vertex   -3.177388e+00 8.535534e+00 -6.001349e+01
    endloop
  endfacet
  facet normal 7.146208e-01 -6.337964e-01 2.960056e-01
    outer loop
      vertex   -3.177388e+00 8.535534e+00 -6.001349e+01
      vertex   -3.406743e+00 8.535534e+00 -5.945977e+01
      vertex   -3.966978e+00 7.777851e+00 -5.972957e+01
    endloop
  endfacet
  facet normal 7.146208e-01 -6.337964e-01 2.960056e-01
    outer loop
      vertex   -3.177388e+00 8.535534e+00 -6.001349e+01
      vertex   -3.966978e+00 7.777851e+00 -5.972957e+01
      vertex   -3.764308e+00 7.777851e+00 -6.021886e+01
    endloop
  endfacet
  facet normal 8.150738e-01 -4.708196e-01 3.376146e-01
    outer loop
      vertex   -3.764308e+00 7.777851e+00 -6.021886e+01
      vertex   -3.966978e+00 7.777851e+00 -5.972957e+01
      vertex   -4.383270e+00 6.913417e+00 -5.993005e+01
    endloop
  endfacet
  facet normal 8.150738e-01 -4.708196e-01 3.376146e-01
    outer loop
      vertex   -3.764308e+00 7.777851e+00 -6.021886e+01
      vertex   -4.383270e+00 6.913417e+00 -5.993005e+01
      vertex   -4.200429e+00 6.913417e+00 -6.037146e+01
    endloop
  endfacet
  facet normal 8.842147e-01 -2.898664e-01 3.662537e-01
    outer loop
      vertex   -4.200429e+00 6.913417e+00 -6.037146e+01
      vertex   -4.383270e+00 6.913417e+00 -5.993005e+01
      vertex   -4.639622e+00 5.975452e+00 -6.005350e+01
    endloop
  endfacet
  facet normal 2.685750e-01 -9.568132e-01 1.112474e-01
    outer loop
      vertex   -7.609689e-01 9.903926e+00 -5.916794e+01
      vertex   -1.100188e+00 9.903926e+00 -5.834900e+01
      vertex   -1.945266e+00 9.619398e+00 -5.875596e+01
    endloop
  endfacet
  facet normal 2.544305e-01 -9.568132e-01 1.406187e-01
    outer loop
      vertex   -1.945266e+00 9.619398e+00 -5.875596e+01
      vertex   -1.100188e+00 9.903926e+00 -5.834900e+01
      vertex   -2.323166e+00 9.619398e+00 -5.807221e+01
    endloop
  endfacet
  facet normal 4.130828e-01 -8.816124e-01 2.283028e-01
    outer loop
      vertex   -1.945266e+00 9.619398e+00 -5.875596e+01
      vertex   -2.323166e+00 9.619398e+00 -5.807221e+01
      vertex   -3.055103e+00 9.157348e+00 -5.853211e+01
    endloop
  endfacet
  facet normal 3.849236e-01 -8.816124e-01 2.731179e-01
    outer loop
      vertex   -3.055103e+00 9.157348e+00 -5.853211e+01
      vertex   -2.323166e+00 9.619398e+00 -5.807221e+01
      vertex   -3.451088e+00 9.157348e+00 -5.797402e+01
    endloop
  endfacet
  facet normal 5.178730e-01 -7.725203e-01 3.674505e-01
    outer loop
      vertex   -3.055103e+00 9.157348e+00 -5.853211e+01
      vertex   -3.451088e+00 9.157348e+00 -5.797402e+01
      vertex   -4.043468e+00 8.535534e+00 -5.844643e+01
    endloop
  endfacet
  facet normal 4.734753e-01 -7.725203e-01 4.231234e-01
    outer loop
      vertex   -4.043468e+00 8.535534e+00 -5.844643e+01
      vertex   -3.451088e+00 9.157348e+00 -5.797402e+01
      vertex   -4.442832e+00 8.535534e+00 -5.799954e+01
    endloop
  endfacet
  facet normal 5.767542e-01 -6.337964e-01 5.154190e-01
    outer loop
      vertex   -4.043468e+00 8.535534e+00 -5.844643e+01
      vertex   -4.442832e+00 8.535534e+00 -5.799954e+01
      vertex   -4.882521e+00 7.777851e+00 -5.843923e+01
    endloop
  endfacet
  facet normal 5.154190e-01 -6.337964e-01 5.767542e-01
    outer loop
      vertex   -4.882521e+00 7.777851e+00 -5.843923e+01
      vertex   -4.442832e+00 8.535534e+00 -5.799954e+01
      vertex   -5.277415e+00 7.777851e+00 -5.808633e+01
    endloop
  endfacet
  facet normal 5.878706e-01 -4.708196e-01 6.578275e-01
    outer loop
      vertex   -4.882521e+00 7.777851e+00 -5.843923e+01
      vertex   -5.277415e+00 7.777851e+00 -5.808633e+01
      vertex   -5.565498e+00 6.913417e+00 -5.844758e+01
    endloop
  endfacet
  facet normal 5.105209e-01 -4.708196e-01 7.195118e-01
    outer loop
      vertex   -5.565498e+00 6.913417e+00 -5.844758e+01
      vertex   -5.277415e+00 7.777851e+00 -5.808633e+01
      vertex   -5.955163e+00 6.913417e+00 -5.817110e+01
    endloop
  endfacet
  facet normal 5.538273e-01 -2.898664e-01 7.805465e-01
    outer loop
      vertex   -5.565498e+00 6.913417e+00 -5.844758e+01
      vertex   -5.955163e+00 6.913417e+00 -5.817110e+01
      vertex   -6.106542e+00 5.975452e+00 -5.841201e+01
    endloop
  endfacet
  facet normal 4.629514e-01 -2.898664e-01 8.376476e-01
    outer loop
      vertex   -6.106542e+00 5.975452e+00 -5.841201e+01
      vertex   -5.955163e+00 6.913417e+00 -5.817110e+01
      vertex   -6.496787e+00 5.975452e+00 -5.819633e+01
    endloop
  endfacet
  facet normal 6.769853e-01 -6.337964e-01 3.741565e-01
    outer loop
      vertex   -3.406743e+00 8.535534e+00 -5.945977e+01
      vertex   -4.223157e+00 7.777851e+00 -5.926605e+01
      vertex   -3.966978e+00 7.777851e+00 -5.972957e+01
    endloop
  endfacet
  facet normal 7.721479e-01 -4.708196e-01 4.267511e-01
    outer loop
      vertex   -3.966978e+00 7.777851e+00 -5.972957e+01
      vertex   -4.223157e+00 7.777851e+00 -5.926605e+01
      vertex   -4.614385e+00 6.913417e+00 -5.951187e+01
    endloop
  endfacet
  facet normal 7.721479e-01 -4.708196e-01 4.267511e-01
    outer loop
      vertex   -3.966978e+00 7.777851e+00 -5.972957e+01
      vertex   -4.614385e+00 6.913417e+00 -5.951187e+01
      vertex   -4.383270e+00 6.913417e+00 -5.993005e+01
    endloop
  endfacet
  facet normal 8.376476e-01 -2.898664e-01 4.629514e-01
    outer loop
      vertex   -4.383270e+00 6.913417e+00 -5.993005e+01
      vertex   -4.614385e+00 6.913417e+00 -5.951187e+01
      vertex   -4.855303e+00 5.975452e+00 -5.966325e+01
    endloop
  endfacet
  facet normal 8.376476e-01 -2.898664e-01 4.629514e-01
    outer loop
      vertex   -4.383270e+00 6.913417e+00 -5.993005e+01
      vertex   -4.855303e+00 5.975452e+00 -5.966325e+01
      vertex   -4.639622e+00 5.975452e+00 -6.005350e+01
    endloop
  endfacet
  facet normal 2.370864e-01 -9.568132e-01 1.682217e-01
    outer loop
      vertex   -1.528968e+00 9.903926e+00 -5.757318e+01
      vertex   -2.775247e+00 9.619398e+00 -5.743506e+01
      vertex   -2.323166e+00 9.619398e+00 -5.807221e+01
    endloop
  endfacet
  facet normal 3.849236e-01 -8.816124e-01 2.731179e-01
    outer loop
      vertex   -2.323166e+00 9.619398e+00 -5.807221e+01
      vertex   -2.775247e+00 9.619398e+00 -5.743506e+01
      vertex   -3.451088e+00 9.157348e+00 -5.797402e+01
    endloop
  endfacet
  facet normal 4.734753e-01 -7.725203e-01 4.231234e-01
    outer loop
      vertex   -4.442832e+00 8.535534e+00 -5.799954e+01
      vertex   -3.451088e+00 9.157348e+00 -5.797402e+01
      vertex   -3.907070e+00 9.157348e+00 -5.746378e+01
    endloop
  endfacet
  facet normal 3.519238e-01 -8.816124e-01 3.144984e-01
    outer loop
      vertex   -3.907070e+00 9.157348e+00 -5.746378e+01
      vertex   -3.451088e+00 9.157348e+00 -5.797402e+01
      vertex   -2.775247e+00 9.619398e+00 -5.743506e+01
    endloop
  endfacet
  facet normal 7.195118e-01 -4.708196e-01 5.105209e-01
    outer loop
      vertex   -4.614385e+00 6.913417e+00 -5.951187e+01
      vertex   -4.223157e+00 7.777851e+00 -5.926605e+01
      vertex   -4.890867e+00 6.913417e+00 -5.912221e+01
    endloop
  endfacet
  facet normal 7.805465e-01 -2.898664e-01 5.538273e-01
    outer loop
      vertex   -4.855303e+00 5.975452e+00 -5.966325e+01
      vertex   -4.614385e+00 6.913417e+00 -5.951187e+01
      vertex   -5.113321e+00 5.975452e+00 -5.929961e+01
    endloop
  endfacet
  facet normal 7.805465e-01 -2.898664e-01 5.538273e-01
    outer loop
      vertex   -5.113321e+00 5.975452e+00 -5.929961e+01
      vertex   -4.614385e+00 6.913417e+00 -5.951187e+01
      vertex   -4.890867e+00 6.913417e+00 -5.912221e+01
    endloop
  endfacet
  facet normal 7.136296e-01 -2.898664e-01 6.377384e-01
    outer loop
      vertex   -5.113321e+00 5.975452e+00 -5.929961e+01
      vertex   -4.890867e+00 6.913417e+00 -5.912221e+01
      vertex   -5.410432e+00 5.975452e+00 -5.896714e+01
    endloop
  endfacet
  facet normal 2.544305e-01 -9.568132e-01 1.406187e-01
    outer loop
      vertex   -1.100188e+00 9.903926e+00 -5.834900e+01
      vertex   -1.528968e+00 9.903926e+00 -5.757318e+01
      vertex   -2.323166e+00 9.619398e+00 -5.807221e+01
    endloop
  endfacet
  facet normal 5.154190e-01 -6.337964e-01 5.767542e-01
    outer loop
      vertex   -5.277415e+00 7.777851e+00 -5.808633e+01
      vertex   -4.442832e+00 8.535534e+00 -5.799954e+01
      vertex   -4.889720e+00 8.535534e+00 -5.760018e+01
    endloop
  endfacet
  facet normal 4.231234e-01 -7.725203e-01 4.734753e-01
    outer loop
      vertex   -4.889720e+00 8.535534e+00 -5.760018e+01
      vertex   -4.442832e+00 8.535534e+00 -5.799954e+01
      vertex   -3.907070e+00 9.157348e+00 -5.746378e+01
    endloop
  endfacet
  facet normal 5.105209e-01 -4.708196e-01 7.195118e-01
    outer loop
      vertex   -5.955163e+00 6.913417e+00 -5.817110e+01
      vertex   -5.277415e+00 7.777851e+00 -5.808633e+01
      vertex   -5.709338e+00 7.777851e+00 -5.777987e+01
    endloop
  endfacet
  facet normal 4.476022e-01 -6.337964e-01 6.308363e-01
    outer loop
      vertex   -5.709338e+00 7.777851e+00 -5.777987e+01
      vertex   -5.277415e+00 7.777851e+00 -5.808633e+01
      vertex   -4.889720e+00 8.535534e+00 -5.760018e+01
    endloop
  endfacet
  facet normal 1.406187e-01 -9.568132e-01 2.544305e-01
    outer loop
      vertex   -4.515495e+00 9.619398e+00 -5.587988e+01
      vertex   -4.016467e+00 9.903926e+00 -5.508568e+01
      vertex   -5.199253e+00 9.619398e+00 -5.550198e+01
    endloop
  endfacet
  facet normal 1.406187e-01 -9.568132e-01 2.544305e-01
    outer loop
      vertex   -5.199253e+00 9.619398e+00 -5.550198e+01
      vertex   -4.016467e+00 9.903926e+00 -5.508568e+01
      vertex   -4.792285e+00 9.903926e+00 -5.465690e+01
    endloop
  endfacet
  facet normal 1.112474e-01 -9.568132e-01 2.685750e-01
    outer loop
      vertex   -5.199253e+00 9.619398e+00 -5.550198e+01
      vertex   -4.792285e+00 9.903926e+00 -5.465690e+01
      vertex   -5.921024e+00 9.619398e+00 -5.520301e+01
    endloop
  endfacet
  facet normal 1.112474e-01 -9.568132e-01 2.685750e-01
    outer loop
      vertex   -5.921024e+00 9.619398e+00 -5.520301e+01
      vertex   -4.792285e+00 9.903926e+00 -5.465690e+01
      vertex   -5.611234e+00 9.903926e+00 -5.431768e+01
    endloop
  endfacet
  facet normal 8.047704e-02 -9.568132e-01 2.793420e-01
    outer loop
      vertex   -5.921024e+00 9.619398e+00 -5.520301e+01
      vertex   -5.611234e+00 9.903926e+00 -5.431768e+01
      vertex   -6.671730e+00 9.619398e+00 -5.498674e+01
    endloop
  endfacet
  facet normal 8.047704e-02 -9.568132e-01 2.793420e-01
    outer loop
      vertex   -6.671730e+00 9.619398e+00 -5.498674e+01
      vertex   -5.611234e+00 9.903926e+00 -5.431768e+01
      vertex   -6.463013e+00 9.903926e+00 -5.407229e+01
    endloop
  endfacet
  facet normal 4.869464e-02 -9.568132e-01 2.865961e-01
    outer loop
      vertex   -6.671730e+00 9.619398e+00 -5.498674e+01
      vertex   -6.463013e+00 9.903926e+00 -5.407229e+01
      vertex   -7.441931e+00 9.619398e+00 -5.485587e+01
    endloop
  endfacet
  facet normal 4.869464e-02 -9.568132e-01 2.865961e-01
    outer loop
      vertex   -7.441931e+00 9.619398e+00 -5.485587e+01
      vertex   -6.463013e+00 9.903926e+00 -5.407229e+01
      vertex   -7.336912e+00 9.903926e+00 -5.392381e+01
    endloop
  endfacet
  facet normal 2.283028e-01 -8.816124e-01 4.130828e-01
    outer loop
      vertex   -4.975401e+00 9.157348e+00 -5.661181e+01
      vertex   -4.515495e+00 9.619398e+00 -5.587988e+01
      vertex   -5.574317e+00 9.157348e+00 -5.628081e+01
    endloop
  endfacet
  facet normal 2.283028e-01 -8.816124e-01 4.130828e-01
    outer loop
      vertex   -5.574317e+00 9.157348e+00 -5.628081e+01
      vertex   -4.515495e+00 9.619398e+00 -5.587988e+01
      vertex   -5.199253e+00 9.619398e+00 -5.550198e+01
    endloop
  endfacet
  facet normal 1.806167e-01 -8.816124e-01 4.360473e-01
    outer loop
      vertex   -5.574317e+00 9.157348e+00 -5.628081e+01
      vertex   -5.199253e+00 9.619398e+00 -5.550198e+01
      vertex   -6.206528e+00 9.157348e+00 -5.601894e+01
    endloop
  endfacet
  facet normal 1.806167e-01 -8.816124e-01 4.360473e-01
    outer loop
      vertex   -6.206528e+00 9.157348e+00 -5.601894e+01
      vertex   -5.199253e+00 9.619398e+00 -5.550198e+01
      vertex   -5.921024e+00 9.619398e+00 -5.520301e+01
    endloop
  endfacet
  facet normal 1.306592e-01 -8.816124e-01 4.535281e-01
    outer loop
      vertex   -6.206528e+00 9.157348e+00 -5.601894e+01
      vertex   -5.921024e+00 9.619398e+00 -5.520301e+01
      vertex   -6.864084e+00 9.157348e+00 -5.582950e+01
    endloop
  endfacet
  facet normal 1.306592e-01 -8.816124e-01 4.535281e-01
    outer loop
      vertex   -6.864084e+00 9.157348e+00 -5.582950e+01
      vertex   -5.921024e+00 9.619398e+00 -5.520301e+01
      vertex   -6.671730e+00 9.619398e+00 -5.498674e+01
    endloop
  endfacet
  facet normal 7.905861e-02 -8.816124e-01 4.653056e-01
    outer loop
      vertex   -6.864084e+00 9.157348e+00 -5.582950e+01
      vertex   -6.671730e+00 9.619398e+00 -5.498674e+01
      vertex   -7.538716e+00 9.157348e+00 -5.571487e+01
    endloop
  endfacet
  facet normal 7.905861e-02 -8.816124e-01 4.653056e-01
    outer loop
      vertex   -7.538716e+00 9.157348e+00 -5.571487e+01
      vertex   -6.671730e+00 9.619398e+00 -5.498674e+01
      vertex   -7.441931e+00 9.619398e+00 -5.485587e+01
    endloop
  endfacet
  facet normal 3.071567e-01 -7.725203e-01 5.557581e-01
    outer loop
      vertex   -5.378513e+00 8.535534e+00 -5.725336e+01
      vertex   -4.975401e+00 9.157348e+00 -5.661181e+01
      vertex   -5.903063e+00 8.535534e+00 -5.696345e+01
    endloop
  endfacet
  facet normal 3.071567e-01 -7.725203e-01 5.557581e-01
    outer loop
      vertex   -5.903063e+00 8.535534e+00 -5.696345e+01
      vertex   -4.975401e+00 9.157348e+00 -5.661181e+01
      vertex   -5.574317e+00 9.157348e+00 -5.628081e+01
    endloop
  endfacet
  facet normal 2.430002e-01 -7.725203e-01 5.866543e-01
    outer loop
      vertex   -5.903063e+00 8.535534e+00 -5.696345e+01
      vertex   -5.574317e+00 9.157348e+00 -5.628081e+01
      vertex   -6.456775e+00 8.535534e+00 -5.673410e+01
    endloop
  endfacet
  facet normal 2.430002e-01 -7.725203e-01 5.866543e-01
    outer loop
      vertex   -6.456775e+00 8.535534e+00 -5.673410e+01
      vertex   -5.574317e+00 9.157348e+00 -5.628081e+01
      vertex   -6.206528e+00 9.157348e+00 -5.601894e+01
    endloop
  endfacet
  facet normal 1.757878e-01 -7.725203e-01 6.101729e-01
    outer loop
      vertex   -6.456775e+00 8.535534e+00 -5.673410e+01
      vertex   -6.206528e+00 9.157348e+00 -5.601894e+01
      vertex   -7.032685e+00 8.535534e+00 -5.656818e+01
    endloop
  endfacet
  facet normal 1.757878e-01 -7.725203e-01 6.101729e-01
    outer loop
      vertex   -7.032685e+00 8.535534e+00 -5.656818e+01
      vertex   -6.206528e+00 9.157348e+00 -5.601894e+01
      vertex   -6.864084e+00 9.157348e+00 -5.582950e+01
    endloop
  endfacet
  facet normal 1.063648e-01 -7.725203e-01 6.260183e-01
    outer loop
      vertex   -7.032685e+00 8.535534e+00 -5.656818e+01
      vertex   -6.864084e+00 9.157348e+00 -5.582950e+01
      vertex   -7.623550e+00 8.535534e+00 -5.646779e+01
    endloop
  endfacet
  facet normal 1.063648e-01 -7.725203e-01 6.260183e-01
    outer loop
      vertex   -7.623550e+00 8.535534e+00 -5.646779e+01
      vertex   -6.864084e+00 9.157348e+00 -5.582950e+01
      vertex   -7.538716e+00 9.157348e+00 -5.571487e+01
    endloop
  endfacet
  facet normal 4.629514e-01 -2.898664e-01 8.376476e-01
    outer loop
      vertex   -6.496787e+00 5.975452e+00 -5.819633e+01
      vertex   -5.955163e+00 6.913417e+00 -5.817110e+01
      vertex   -6.373334e+00 6.913417e+00 -5.793998e+01
    endloop
  endfacet
  facet normal 4.267511e-01 -4.708196e-01 7.721479e-01
    outer loop
      vertex   -6.373334e+00 6.913417e+00 -5.793998e+01
      vertex   -5.955163e+00 6.913417e+00 -5.817110e+01
      vertex   -5.709338e+00 7.777851e+00 -5.777987e+01
    endloop
  endfacet
  facet normal 2.960056e-01 -6.337964e-01 7.146208e-01
    outer loop
      vertex   -6.456775e+00 8.535534e+00 -5.673410e+01
      vertex   -6.662147e+00 7.777851e+00 -5.732102e+01
      vertex   -5.903063e+00 8.535534e+00 -5.696345e+01
    endloop
  endfacet
  facet normal 2.960056e-01 -6.337964e-01 7.146208e-01
    outer loop
      vertex   -5.903063e+00 8.535534e+00 -5.696345e+01
      vertex   -6.662147e+00 7.777851e+00 -5.732102e+01
      vertex   -6.172858e+00 7.777851e+00 -5.752369e+01
    endloop
  endfacet
  facet normal 3.741565e-01 -6.337964e-01 6.769853e-01
    outer loop
      vertex   -5.903063e+00 8.535534e+00 -5.696345e+01
      vertex   -6.172858e+00 7.777851e+00 -5.752369e+01
      vertex   -5.378513e+00 8.535534e+00 -5.725336e+01
    endloop
  endfacet
  facet normal 3.376146e-01 -4.708196e-01 8.150738e-01
    outer loop
      vertex   -6.172858e+00 7.777851e+00 -5.752369e+01
      vertex   -6.662147e+00 7.777851e+00 -5.732102e+01
      vertex   -6.814753e+00 6.913417e+00 -5.775714e+01
    endloop
  endfacet
  facet normal 2.442325e-01 -4.708196e-01 8.477496e-01
    outer loop
      vertex   -6.814753e+00 6.913417e+00 -5.775714e+01
      vertex   -6.662147e+00 7.777851e+00 -5.732102e+01
      vertex   -7.273867e+00 6.913417e+00 -5.762487e+01
    endloop
  endfacet
  facet normal 2.649502e-01 -2.898664e-01 9.196624e-01
    outer loop
      vertex   -6.814753e+00 6.913417e+00 -5.775714e+01
      vertex   -7.273867e+00 6.913417e+00 -5.762487e+01
      vertex   -7.337181e+00 5.975452e+00 -5.790227e+01
    endloop
  endfacet
  facet normal 1.603147e-01 -2.898664e-01 9.435447e-01
    outer loop
      vertex   -7.337181e+00 5.975452e+00 -5.790227e+01
      vertex   -7.273867e+00 6.913417e+00 -5.762487e+01
      vertex   -7.776761e+00 5.975452e+00 -5.782758e+01
    endloop
  endfacet
  facet normal 2.141323e-01 -6.337964e-01 7.432695e-01
    outer loop
      vertex   -6.662147e+00 7.777851e+00 -5.732102e+01
      vertex   -6.456775e+00 8.535534e+00 -5.673410e+01
      vertex   -7.171051e+00 7.777851e+00 -5.717441e+01
    endloop
  endfacet
  facet normal 2.141323e-01 -6.337964e-01 7.432695e-01
    outer loop
      vertex   -7.171051e+00 7.777851e+00 -5.717441e+01
      vertex   -6.456775e+00 8.535534e+00 -5.673410e+01
      vertex   -7.032685e+00 8.535534e+00 -5.656818e+01
    endloop
  endfacet
  facet normal 1.295661e-01 -6.337964e-01 7.625712e-01
    outer loop
      vertex   -7.171051e+00 7.777851e+00 -5.717441e+01
      vertex   -7.032685e+00 8.535534e+00 -5.656818e+01
      vertex   -7.693171e+00 7.777851e+00 -5.708569e+01
    endloop
  endfacet
  facet normal 1.295661e-01 -6.337964e-01 7.625712e-01
    outer loop
      vertex   -7.693171e+00 7.777851e+00 -5.708569e+01
      vertex   -7.032685e+00 8.535534e+00 -5.656818e+01
      vertex   -7.623550e+00 8.535534e+00 -5.646779e+01
    endloop
  endfacet
  facet normal 3.662537e-01 -2.898664e-01 8.842147e-01
    outer loop
      vertex   -6.496787e+00 5.975452e+00 -5.819633e+01
      vertex   -6.373334e+00 6.913417e+00 -5.793998e+01
      vertex   -6.908726e+00 5.975452e+00 -5.802570e+01
    endloop
  endfacet
  facet normal 2.442325e-01 -4.708196e-01 8.477496e-01
    outer loop
      vertex   -6.662147e+00 7.777851e+00 -5.732102e+01
      vertex   -7.171051e+00 7.777851e+00 -5.717441e+01
      vertex   -7.273867e+00 6.913417e+00 -5.762487e+01
    endloop
  endfacet
  facet normal 1.477789e-01 -4.708196e-01 8.697645e-01
    outer loop
      vertex   -7.273867e+00 6.913417e+00 -5.762487e+01
      vertex   -7.171051e+00 7.777851e+00 -5.717441e+01
      vertex   -7.744904e+00 6.913417e+00 -5.754484e+01
    endloop
  endfacet
  facet normal 1.603147e-01 -2.898664e-01 9.435447e-01
    outer loop
      vertex   -7.273867e+00 6.913417e+00 -5.762487e+01
      vertex   -7.744904e+00 6.913417e+00 -5.754484e+01
      vertex   -7.776761e+00 5.975452e+00 -5.782758e+01
    endloop
  endfacet
  facet normal 1.477789e-01 -4.708196e-01 8.697645e-01
    outer loop
      vertex   -7.744904e+00 6.913417e+00 -5.754484e+01
      vertex   -7.171051e+00 7.777851e+00 -5.717441e+01
      vertex   -7.693171e+00 7.777851e+00 -5.708569e+01
    endloop
  endfacet
  facet normal 9.951847e-01 -9.801714e-02 1.929916e-16
    outer loop
      vertex   -4.341940e+00 5.000000e+00 -6.177865e+01
      vertex   -4.341940e+00 5.000000e+00 -7.551865e+01
      vertex   -4.245867e+00 5.975452e+00 -6.177865e+01
    endloop
  endfacet
  facet normal 9.951847e-01 -9.801714e-02 1.929916e-16
    outer loop
      vertex   -4.245867e+00 5.975452e+00 -6.177865e+01
      vertex   -4.341940e+00 5.000000e+00 -7.551865e+01
      vertex   -4.245867e+00 5.975452e+00 -7.551865e+01
    endloop
  endfacet
  facet normal 9.569403e-01 -2.902847e-01 1.855751e-16
    outer loop
      vertex   -4.245867e+00 5.975452e+00 -6.177865e+01
      vertex   -4.245867e+00 5.975452e+00 -7.551865e+01
      vertex   -3.961338e+00 6.913417e+00 -6.177865e+01
    endloop
  endfacet
  facet normal 9.569403e-01 -2.902847e-01 1.855751e-16
    outer loop
      vertex   -3.961338e+00 6.913417e+00 -6.177865e+01
      vertex   -4.245867e+00 5.975452e+00 -7.551865e+01
      vertex   -3.961338e+00 6.913417e+00 -7.551865e+01
    endloop
  endfacet
  facet normal 8.819213e-01 -4.713967e-01 1.710270e-16
    outer loop
      vertex   -3.961338e+00 6.913417e+00 -6.177865e+01
      vertex   -3.961338e+00 6.913417e+00 -7.551865e+01
      vertex   -3.499288e+00 7.777851e+00 -6.177865e+01
    endloop
  endfacet
  facet normal 8.819213e-01 -4.713967e-01 1.995314e-16
    outer loop
      vertex   -3.499288e+00 7.777851e+00 -6.177865e+01
      vertex   -3.961338e+00 6.913417e+00 -7.551865e+01
      vertex   -3.499288e+00 7.777851e+00 -7.551865e+01
    endloop
  endfacet
  facet normal 7.730105e-01 -6.343933e-01 1.748908e-16
    outer loop
      vertex   -3.499288e+00 7.777851e+00 -6.177865e+01
      vertex   -3.499288e+00 7.777851e+00 -7.551865e+01
      vertex   -2.877474e+00 8.535534e+00 -6.177865e+01
    endloop
  endfacet
  facet normal 7.730105e-01 -6.343933e-01 1.748908e-16
    outer loop
      vertex   -2.877474e+00 8.535534e+00 -6.177865e+01
      vertex   -3.499288e+00 7.777851e+00 -7.551865e+01
      vertex   -2.877474e+00 8.535534e+00 -7.551865e+01
    endloop
  endfacet
  facet normal 6.343933e-01 -7.730105e-01 1.435291e-16
    outer loop
      vertex   -2.877474e+00 8.535534e+00 -6.177865e+01
      vertex   -2.877474e+00 8.535534e+00 -7.551865e+01
      vertex   -2.119792e+00 9.157348e+00 -6.177865e+01
    endloop
  endfacet
  facet normal 6.343933e-01 -7.730105e-01 4.359156e-17
    outer loop
      vertex   -2.119792e+00 9.157348e+00 -6.177865e+01
      vertex   -2.877474e+00 8.535534e+00 -7.551865e+01
      vertex   -2.119792e+00 9.157348e+00 -7.551865e+01
    endloop
  endfacet
  facet normal 4.713967e-01 -8.819213e-01 -7.366189e-18
    outer loop
      vertex   -2.119792e+00 9.157348e+00 -6.177865e+01
      vertex   -2.119792e+00 9.157348e+00 -7.551865e+01
      vertex   -1.255358e+00 9.619398e+00 -6.177865e+01
    endloop
  endfacet
  facet normal 4.713967e-01 -8.819213e-01 9.903379e-17
    outer loop
      vertex   -1.255358e+00 9.619398e+00 -6.177865e+01
      vertex   -2.119792e+00 9.157348e+00 -7.551865e+01
      vertex   -1.255358e+00 9.619398e+00 -7.551865e+01
    endloop
  endfacet
  facet normal 2.902847e-01 -9.569403e-01 6.098471e-17
    outer loop
      vertex   -1.255358e+00 9.619398e+00 -6.177865e+01
      vertex   -1.255358e+00 9.619398e+00 -7.551865e+01
      vertex   -3.173920e-01 9.903926e+00 -6.177865e+01
    endloop
  endfacet
  facet normal 2.902847e-01 -9.569403e-01 -5.804086e-17
    outer loop
      vertex   -3.173920e-01 9.903926e+00 -6.177865e+01
      vertex   -1.255358e+00 9.619398e+00 -7.551865e+01
      vertex   -3.173920e-01 9.903926e+00 -7.551865e+01
    endloop
  endfacet
  facet normal 9.801714e-02 -9.951847e-01 -1.064851e-16
    outer loop
      vertex   -3.173920e-01 9.903926e+00 -6.177865e+01
      vertex   -3.173920e-01 9.903926e+00 -7.551865e+01
      vertex   6.580597e-01 1.000000e+01 -6.177865e+01
    endloop
  endfacet
  facet normal 9.801714e-02 -9.951847e-01 2.296802e-17
    outer loop
      vertex   6.580597e-01 1.000000e+01 -6.177865e+01
      vertex   -3.173920e-01 9.903926e+00 -7.551865e+01
      vertex   6.580597e-01 1.000000e+01 -7.551865e+01
    endloop
  endfacet
  facet normal 9.735033e-02 -1.164464e-01 -9.884145e-01
    outer loop
      vertex   -7.464990e+00 5.000000e+00 -7.932410e+01
      vertex   -8.221940e+00 5.000000e+00 -7.939865e+01
      vertex   -7.776761e+00 5.975452e+00 -7.946972e+01
    endloop
  endfacet
  facet normal 5.580130e-02 -9.786442e-02 -9.936341e-01
    outer loop
      vertex   -7.776761e+00 5.975452e+00 -7.946972e+01
      vertex   -8.221940e+00 5.000000e+00 -7.939865e+01
      vertex   -8.221940e+00 5.975452e+00 -7.949473e+01
    endloop
  endfacet
  facet normal 5.366318e-02 -2.898664e-01 -9.555615e-01
    outer loop
      vertex   -7.776761e+00 5.975452e+00 -7.946972e+01
      vertex   -8.221940e+00 5.975452e+00 -7.949473e+01
      vertex   -8.221940e+00 6.913417e+00 -7.977925e+01
    endloop
  endfacet
  facet normal 5.366318e-02 -2.898664e-01 -9.555615e-01
    outer loop
      vertex   -7.776761e+00 5.975452e+00 -7.946972e+01
      vertex   -8.221940e+00 6.913417e+00 -7.977925e+01
      vertex   -7.744904e+00 6.913417e+00 -7.975246e+01
    endloop
  endfacet
  facet normal 4.946700e-02 -4.708196e-01 -8.808416e-01
    outer loop
      vertex   -7.744904e+00 6.913417e+00 -7.975246e+01
      vertex   -8.221940e+00 6.913417e+00 -7.977925e+01
      vertex   -8.221940e+00 7.777851e+00 -8.024130e+01
    endloop
  endfacet
  facet normal 4.946700e-02 -4.708196e-01 -8.808416e-01
    outer loop
      vertex   -7.744904e+00 6.913417e+00 -7.975246e+01
      vertex   -8.221940e+00 7.777851e+00 -8.024130e+01
      vertex   -7.693171e+00 7.777851e+00 -8.021161e+01
    endloop
  endfacet
  facet normal 4.337049e-02 -6.337964e-01 -7.722831e-01
    outer loop
      vertex   -7.693171e+00 7.777851e+00 -8.021161e+01
      vertex   -8.221940e+00 7.777851e+00 -8.024130e+01
      vertex   -8.221940e+00 8.535534e+00 -8.086312e+01
    endloop
  endfacet
  facet normal 4.337049e-02 -6.337964e-01 -7.722831e-01
    outer loop
      vertex   -7.693171e+00 7.777851e+00 -8.021161e+01
      vertex   -8.221940e+00 8.535534e+00 -8.086312e+01
      vertex   -7.623550e+00 8.535534e+00 -8.082951e+01
    endloop
  endfacet
  facet normal 3.560417e-02 -7.725203e-01 -6.339911e-01
    outer loop
      vertex   -7.623550e+00 8.535534e+00 -8.082951e+01
      vertex   -8.221940e+00 8.535534e+00 -8.086312e+01
      vertex   -8.221940e+00 9.157348e+00 -8.162080e+01
    endloop
  endfacet
  facet normal 3.560417e-02 -7.725203e-01 -6.339911e-01
    outer loop
      vertex   -7.623550e+00 8.535534e+00 -8.082951e+01
      vertex   -8.221940e+00 9.157348e+00 -8.162080e+01
      vertex   -7.538716e+00 9.157348e+00 -8.158243e+01
    endloop
  endfacet
  facet normal 2.646380e-02 -8.816124e-01 -4.712316e-01
    outer loop
      vertex   -7.538716e+00 9.157348e+00 -8.158243e+01
      vertex   -8.221940e+00 9.157348e+00 -8.162080e+01
      vertex   -8.221940e+00 9.619398e+00 -8.248523e+01
    endloop
  endfacet
  facet normal 2.646380e-02 -8.816124e-01 -4.712316e-01
    outer loop
      vertex   -7.538716e+00 9.157348e+00 -8.158243e+01
      vertex   -8.221940e+00 9.619398e+00 -8.248523e+01
      vertex   -7.441931e+00 9.619398e+00 -8.244143e+01
    endloop
  endfacet
  facet normal 1.629987e-02 -9.568132e-01 -2.902461e-01
    outer loop
      vertex   -7.441931e+00 9.619398e+00 -8.244143e+01
      vertex   -8.221940e+00 9.619398e+00 -8.248523e+01
      vertex   -8.221940e+00 9.903926e+00 -8.342320e+01
    endloop
  endfacet
  facet normal 1.629987e-02 -9.568132e-01 -2.902461e-01
    outer loop
      vertex   -7.441931e+00 9.619398e+00 -8.244143e+01
      vertex   -8.221940e+00 9.903926e+00 -8.342320e+01
      vertex   -7.336912e+00 9.903926e+00 -8.337350e+01
    endloop
  endfacet
  facet normal 5.504441e-03 -9.951697e-01 -9.801566e-02
    outer loop
      vertex   -7.336912e+00 9.903926e+00 -8.337350e+01
      vertex   -8.221940e+00 9.903926e+00 -8.342320e+01
      vertex   -8.221940e+00 1.000000e+01 -8.439865e+01
    endloop
  endfacet
  facet normal 7.108267e-03 -9.950235e-01 -9.938656e-02
    outer loop
      vertex   -7.336912e+00 9.903926e+00 -8.337350e+01
      vertex   -8.221940e+00 1.000000e+01 -8.439865e+01
      vertex   -6.958185e+00 1.000000e+01 -8.430827e+01
    endloop
  endfacet
  facet normal 1.626083e-02 -9.952770e-01 -9.570440e-02
    outer loop
      vertex   -7.336912e+00 9.903926e+00 -8.337350e+01
      vertex   -6.958185e+00 1.000000e+01 -8.430827e+01
      vertex   -6.463013e+00 9.903926e+00 -8.322502e+01
    endloop
  endfacet
  facet normal 2.131575e-02 -9.949594e-01 -9.798692e-02
    outer loop
      vertex   -6.463013e+00 9.903926e+00 -8.322502e+01
      vertex   -6.958185e+00 1.000000e+01 -8.430827e+01
      vertex   -5.720155e+00 1.000000e+01 -8.403895e+01
    endloop
  endfacet
  facet normal 2.679938e-02 -9.953033e-01 -9.302272e-02
    outer loop
      vertex   -6.463013e+00 9.903926e+00 -8.322502e+01
      vertex   -5.720155e+00 1.000000e+01 -8.403895e+01
      vertex   -5.611234e+00 9.903926e+00 -8.297962e+01
    endloop
  endfacet
  facet normal 3.499894e-02 -9.949723e-01 -9.383580e-02
    outer loop
      vertex   -5.611234e+00 9.903926e+00 -8.297962e+01
      vertex   -5.720155e+00 1.000000e+01 -8.403895e+01
      vertex   -4.533055e+00 1.000000e+01 -8.359618e+01
    endloop
  endfacet
  facet normal 3.725319e-02 -9.952505e-01 -8.993715e-02
    outer loop
      vertex   -5.611234e+00 9.903926e+00 -8.297962e+01
      vertex   -4.533055e+00 1.000000e+01 -8.359618e+01
      vertex   -4.792285e+00 9.903926e+00 -8.264040e+01
    endloop
  endfacet
  facet normal 4.757096e-02 -9.950614e-01 -8.711972e-02
    outer loop
      vertex   -4.792285e+00 9.903926e+00 -8.264040e+01
      vertex   -4.533055e+00 1.000000e+01 -8.359618e+01
      vertex   -3.421050e+00 1.000000e+01 -8.298898e+01
    endloop
  endfacet
  facet normal 4.775574e-02 -9.951146e-01 -8.640751e-02
    outer loop
      vertex   -4.792285e+00 9.903926e+00 -8.264040e+01
      vertex   -3.421050e+00 1.000000e+01 -8.298898e+01
      vertex   -4.016467e+00 9.903926e+00 -8.221162e+01
    endloop
  endfacet
  facet normal 5.654273e-02 -9.952148e-01 -7.968951e-02
    outer loop
      vertex   -4.016467e+00 9.903926e+00 -8.221162e+01
      vertex   -3.421050e+00 1.000000e+01 -8.298898e+01
      vertex   -3.293535e+00 9.903926e+00 -8.169868e+01
    endloop
  endfacet
  facet normal 1.682217e-01 -9.568132e-01 -2.370864e-01
    outer loop
      vertex   -4.016467e+00 9.903926e+00 -8.221162e+01
      vertex   -3.293535e+00 9.903926e+00 -8.169868e+01
      vertex   -3.878347e+00 9.619398e+00 -8.096535e+01
    endloop
  endfacet
  facet normal 1.937092e-01 -9.568132e-01 -2.167607e-01
    outer loop
      vertex   -3.878347e+00 9.619398e+00 -8.096535e+01
      vertex   -3.293535e+00 9.903926e+00 -8.169868e+01
      vertex   -3.295822e+00 9.619398e+00 -8.044477e+01
    endloop
  endfacet
  facet normal 3.144984e-01 -8.816124e-01 -3.519238e-01
    outer loop
      vertex   -3.878347e+00 9.619398e+00 -8.096535e+01
      vertex   -3.295822e+00 9.619398e+00 -8.044477e+01
      vertex   -3.907070e+00 9.157348e+00 -7.983352e+01
    endloop
  endfacet
  facet normal 3.519238e-01 -8.816124e-01 -3.144984e-01
    outer loop
      vertex   -3.907070e+00 9.157348e+00 -7.983352e+01
      vertex   -3.295822e+00 9.619398e+00 -8.044477e+01
      vertex   -3.451088e+00 9.157348e+00 -7.932328e+01
    endloop
  endfacet
  facet normal 4.734753e-01 -7.725203e-01 -4.231234e-01
    outer loop
      vertex   -3.907070e+00 9.157348e+00 -7.983352e+01
      vertex   -3.451088e+00 9.157348e+00 -7.932328e+01
      vertex   -4.043468e+00 8.535534e+00 -7.885087e+01
    endloop
  endfacet
  facet normal 5.178730e-01 -7.725203e-01 -3.674505e-01
    outer loop
      vertex   -4.043468e+00 8.535534e+00 -7.885087e+01
      vertex   -3.451088e+00 9.157348e+00 -7.932328e+01
      vertex   -3.696652e+00 8.535534e+00 -7.836208e+01
    endloop
  endfacet
  facet normal 6.308363e-01 -6.337964e-01 -4.476022e-01
    outer loop
      vertex   -4.043468e+00 8.535534e+00 -7.885087e+01
      vertex   -3.696652e+00 8.535534e+00 -7.836208e+01
      vertex   -4.223157e+00 7.777851e+00 -7.803125e+01
    endloop
  endfacet
  facet normal 6.769853e-01 -6.337964e-01 -3.741565e-01
    outer loop
      vertex   -4.223157e+00 7.777851e+00 -7.803125e+01
      vertex   -3.696652e+00 8.535534e+00 -7.836208e+01
      vertex   -3.966978e+00 7.777851e+00 -7.756773e+01
    endloop
  endfacet
  facet normal 7.721479e-01 -4.708196e-01 -4.267511e-01
    outer loop
      vertex   -4.223157e+00 7.777851e+00 -7.803125e+01
      vertex   -3.966978e+00 7.777851e+00 -7.756773e+01
      vertex   -4.383270e+00 6.913417e+00 -7.736726e+01
    endloop
  endfacet
  facet normal 8.150738e-01 -4.708196e-01 -3.376146e-01
    outer loop
      vertex   -4.383270e+00 6.913417e+00 -7.736726e+01
      vertex   -3.966978e+00 7.777851e+00 -7.756773e+01
      vertex   -4.200429e+00 6.913417e+00 -7.692584e+01
    endloop
  endfacet
  facet normal 8.842147e-01 -2.898664e-01 -3.662537e-01
    outer loop
      vertex   -4.383270e+00 6.913417e+00 -7.736726e+01
      vertex   -4.200429e+00 6.913417e+00 -7.692584e+01
      vertex   -4.468991e+00 5.975452e+00 -7.683187e+01
    endloop
  endfacet
  facet normal 9.196624e-01 -2.898664e-01 -2.649502e-01
    outer loop
      vertex   -4.468991e+00 5.975452e+00 -7.683187e+01
      vertex   -4.200429e+00 6.913417e+00 -7.692584e+01
      vertex   -4.345555e+00 5.975452e+00 -7.640341e+01
    endloop
  endfacet
  facet normal 9.543972e-01 -1.162950e-01 -2.749571e-01
    outer loop
      vertex   -4.468991e+00 5.975452e+00 -7.683187e+01
      vertex   -4.345555e+00 5.975452e+00 -7.640341e+01
      vertex   -4.637288e+00 5.000000e+00 -7.700346e+01
    endloop
  endfacet
  facet normal 9.514457e-01 -1.070088e-01 -2.886179e-01
    outer loop
      vertex   -4.637288e+00 5.000000e+00 -7.700346e+01
      vertex   -4.345555e+00 5.975452e+00 -7.640341e+01
      vertex   -4.416493e+00 5.000000e+00 -7.627560e+01
    endloop
  endfacet
  facet normal 9.815766e-01 -9.323568e-02 -1.667766e-01
    outer loop
      vertex   -4.416493e+00 5.000000e+00 -7.627560e+01
      vertex   -4.345555e+00 5.975452e+00 -7.640341e+01
      vertex   -4.270867e+00 5.975452e+00 -7.596383e+01
    endloop
  endfacet
  facet normal 9.884145e-01 -1.164464e-01 -9.735033e-02
    outer loop
      vertex   -4.416493e+00 5.000000e+00 -7.627560e+01
      vertex   -4.270867e+00 5.975452e+00 -7.596383e+01
      vertex   -4.341940e+00 5.000000e+00 -7.551865e+01
    endloop
  endfacet
  facet normal 9.936341e-01 -9.786442e-02 -5.580130e-02
    outer loop
      vertex   -4.341940e+00 5.000000e+00 -7.551865e+01
      vertex   -4.270867e+00 5.975452e+00 -7.596383e+01
      vertex   -4.245867e+00 5.975452e+00 -7.551865e+01
    endloop
  endfacet
  facet normal 9.555615e-01 -2.898664e-01 -5.366318e-02
    outer loop
      vertex   -4.245867e+00 5.975452e+00 -7.551865e+01
      vertex   -4.270867e+00 5.975452e+00 -7.596383e+01
      vertex   -3.988128e+00 6.913417e+00 -7.599569e+01
    endloop
  endfacet
  facet normal 9.555615e-01 -2.898664e-01 -5.366318e-02
    outer loop
      vertex   -4.245867e+00 5.975452e+00 -7.551865e+01
      vertex   -3.988128e+00 6.913417e+00 -7.599569e+01
      vertex   -3.961338e+00 6.913417e+00 -7.551865e+01
    endloop
  endfacet
  facet normal 8.808416e-01 -4.708196e-01 -4.946700e-02
    outer loop
      vertex   -3.961338e+00 6.913417e+00 -7.551865e+01
      vertex   -3.988128e+00 6.913417e+00 -7.599569e+01
      vertex   -3.528983e+00 7.777851e+00 -7.604742e+01
    endloop
  endfacet
  facet normal 8.808416e-01 -4.708196e-01 -4.946700e-02
    outer loop
      vertex   -3.961338e+00 6.913417e+00 -7.551865e+01
      vertex   -3.528983e+00 7.777851e+00 -7.604742e+01
      vertex   -3.499288e+00 7.777851e+00 -7.551865e+01
    endloop
  endfacet
  facet normal 7.722831e-01 -6.337964e-01 -4.337049e-02
    outer loop
      vertex   -3.499288e+00 7.777851e+00 -7.551865e+01
      vertex   -3.528983e+00 7.777851e+00 -7.604742e+01
      vertex   -2.911079e+00 8.535534e+00 -7.611704e+01
    endloop
  endfacet
  facet normal 7.722831e-01 -6.337964e-01 -4.337049e-02
    outer loop
      vertex   -3.499288e+00 7.777851e+00 -7.551865e+01
      vertex   -2.911079e+00 8.535534e+00 -7.611704e+01
      vertex   -2.877474e+00 8.535534e+00 -7.551865e+01
    endloop
  endfacet
  facet normal 6.339911e-01 -7.725203e-01 -3.560417e-02
    outer loop
      vertex   -2.877474e+00 8.535534e+00 -7.551865e+01
      vertex   -2.911079e+00 8.535534e+00 -7.611704e+01
      vertex   -2.158161e+00 9.157348e+00 -7.620188e+01
    endloop
  endfacet
  facet normal 6.339911e-01 -7.725203e-01 -3.560417e-02
    outer loop
      vertex   -2.877474e+00 8.535534e+00 -7.551865e+01
      vertex   -2.158161e+00 9.157348e+00 -7.620188e+01
      vertex   -2.119792e+00 9.157348e+00 -7.551865e+01
    endloop
  endfacet
  facet normal 4.712316e-01 -8.816124e-01 -2.646380e-02
    outer loop
      vertex   -2.119792e+00 9.157348e+00 -7.551865e+01
      vertex   -2.158161e+00 9.157348e+00 -7.620188e+01
      vertex   -1.299162e+00 9.619398e+00 -7.629866e+01
    endloop
  endfacet
  facet normal 4.712316e-01 -8.816124e-01 -2.646380e-02
    outer loop
      vertex   -2.119792e+00 9.157348e+00 -7.551865e+01
      vertex   -1.299162e+00 9.619398e+00 -7.629866e+01
      vertex   -1.255358e+00 9.619398e+00 -7.551865e+01
    endloop
  endfacet
  facet normal 2.902461e-01 -9.568132e-01 -1.629987e-02
    outer loop
      vertex   -1.255358e+00 9.619398e+00 -7.551865e+01
      vertex   -1.299162e+00 9.619398e+00 -7.629866e+01
      vertex   -3.670941e-01 9.903926e+00 -7.640368e+01
    endloop
  endfacet
  facet normal 2.902461e-01 -9.568132e-01 -1.629987e-02
    outer loop
      vertex   -1.255358e+00 9.619398e+00 -7.551865e+01
      vertex   -3.670941e-01 9.903926e+00 -7.640368e+01
      vertex   -3.173920e-01 9.903926e+00 -7.551865e+01
    endloop
  endfacet
  facet normal 9.801566e-02 -9.951697e-01 -5.504441e-03
    outer loop
      vertex   -3.173920e-01 9.903926e+00 -7.551865e+01
      vertex   -3.670941e-01 9.903926e+00 -7.640368e+01
      vertex   6.580597e-01 1.000000e+01 -7.551865e+01
    endloop
  endfacet
  facet normal 9.938656e-02 -9.950235e-01 -7.108267e-03
    outer loop
      vertex   6.580597e-01 1.000000e+01 -7.551865e+01
      vertex   -3.670941e-01 9.903926e+00 -7.640368e+01
      vertex   5.676741e-01 1.000000e+01 -7.678241e+01
    endloop
  endfacet
  facet normal 9.570440e-02 -9.952770e-01 -1.626083e-02
    outer loop
      vertex   5.676741e-01 1.000000e+01 -7.678241e+01
      vertex   -3.670941e-01 9.903926e+00 -7.640368e+01
      vertex   -5.155755e-01 9.903926e+00 -7.727758e+01
    endloop
  endfacet
  facet normal 9.798692e-02 -9.949594e-01 -2.131575e-02
    outer loop
      vertex   5.676741e-01 1.000000e+01 -7.678241e+01
      vertex   -5.155755e-01 9.903926e+00 -7.727758e+01
      vertex   2.983573e-01 1.000000e+01 -7.802044e+01
    endloop
  endfacet
  facet normal 9.302272e-02 -9.953033e-01 -2.679938e-02
    outer loop
      vertex   2.983573e-01 1.000000e+01 -7.802044e+01
      vertex   -5.155755e-01 9.903926e+00 -7.727758e+01
      vertex   -7.609689e-01 9.903926e+00 -7.812936e+01
    endloop
  endfacet
  facet normal 9.383580e-02 -9.949723e-01 -3.499894e-02
    outer loop
      vertex   2.983573e-01 1.000000e+01 -7.802044e+01
      vertex   -7.609689e-01 9.903926e+00 -7.812936e+01
      vertex   -1.444082e-01 1.000000e+01 -7.920754e+01
    endloop
  endfacet
  facet normal 8.993715e-02 -9.952505e-01 -3.725319e-02
    outer loop
      vertex   -1.444082e-01 1.000000e+01 -7.920754e+01
      vertex   -7.609689e-01 9.903926e+00 -7.812936e+01
      vertex   -1.100188e+00 9.903926e+00 -7.894831e+01
    endloop
  endfacet
  facet normal 8.711972e-02 -9.950614e-01 -4.757096e-02
    outer loop
      vertex   -1.444082e-01 1.000000e+01 -7.920754e+01
      vertex   -1.100188e+00 9.903926e+00 -7.894831e+01
      vertex   -7.516090e-01 1.000000e+01 -8.031954e+01
    endloop
  endfacet
  facet normal 8.640751e-02 -9.951146e-01 -4.775574e-02
    outer loop
      vertex   -7.516090e-01 1.000000e+01 -8.031954e+01
      vertex   -1.100188e+00 9.903926e+00 -7.894831e+01
      vertex   -1.528968e+00 9.903926e+00 -7.972412e+01
    endloop
  endfacet
  facet normal 7.968951e-02 -9.952148e-01 -5.654273e-02
    outer loop
      vertex   -7.516090e-01 1.000000e+01 -8.031954e+01
      vertex   -1.528968e+00 9.903926e+00 -7.972412e+01
      vertex   -2.041916e+00 9.903926e+00 -8.044706e+01
    endloop
  endfacet
  facet normal 2.370864e-01 -9.568132e-01 -1.682217e-01
    outer loop
      vertex   -2.041916e+00 9.903926e+00 -8.044706e+01
      vertex   -1.528968e+00 9.903926e+00 -7.972412e+01
      vertex   -2.323166e+00 9.619398e+00 -7.922510e+01
    endloop
  endfacet
  facet normal 2.370864e-01 -9.568132e-01 -1.682217e-01
    outer loop
      vertex   -2.041916e+00 9.903926e+00 -8.044706e+01
      vertex   -2.323166e+00 9.619398e+00 -7.922510e+01
      vertex   -2.775247e+00 9.619398e+00 -7.986225e+01
    endloop
  endfacet
  facet normal 3.849236e-01 -8.816124e-01 -2.731179e-01
    outer loop
      vertex   -2.775247e+00 9.619398e+00 -7.986225e+01
      vertex   -2.323166e+00 9.619398e+00 -7.922510e+01
      vertex   -3.055103e+00 9.157348e+00 -7.876519e+01
    endloop
  endfacet
  facet normal 3.849236e-01 -8.816124e-01 -2.731179e-01
    outer loop
      vertex   -2.775247e+00 9.619398e+00 -7.986225e+01
      vertex   -3.055103e+00 9.157348e+00 -7.876519e+01
      vertex   -3.451088e+00 9.157348e+00 -7.932328e+01
    endloop
  endfacet
  facet normal 5.178730e-01 -7.725203e-01 -3.674505e-01
    outer loop
      vertex   -3.451088e+00 9.157348e+00 -7.932328e+01
      vertex   -3.055103e+00 9.157348e+00 -7.876519e+01
      vertex   -3.696652e+00 8.535534e+00 -7.836208e+01
    endloop
  endfacet
  facet normal 5.989014e-02 -9.949937e-01 -8.000386e-02
    outer loop
      vertex   -3.421050e+00 1.000000e+01 -8.298898e+01
      vertex   -2.406777e+00 1.000000e+01 -8.222971e+01
      vertex   -3.293535e+00 9.903926e+00 -8.169868e+01
    endloop
  endfacet
  facet normal 6.456628e-02 -9.952945e-01 -7.224970e-02
    outer loop
      vertex   -3.293535e+00 9.903926e+00 -8.169868e+01
      vertex   -2.406777e+00 1.000000e+01 -8.222971e+01
      vertex   -2.632581e+00 9.903926e+00 -8.110801e+01
    endloop
  endfacet
  facet normal 1.937092e-01 -9.568132e-01 -2.167607e-01
    outer loop
      vertex   -3.293535e+00 9.903926e+00 -8.169868e+01
      vertex   -2.632581e+00 9.903926e+00 -8.110801e+01
      vertex   -3.295822e+00 9.619398e+00 -8.044477e+01
    endloop
  endfacet
  facet normal 2.167607e-01 -9.568132e-01 -1.937092e-01
    outer loop
      vertex   -3.295822e+00 9.619398e+00 -8.044477e+01
      vertex   -2.632581e+00 9.903926e+00 -8.110801e+01
      vertex   -2.775247e+00 9.619398e+00 -7.986225e+01
    endloop
  endfacet
  facet normal 3.519238e-01 -8.816124e-01 -3.144984e-01
    outer loop
      vertex   -3.295822e+00 9.619398e+00 -8.044477e+01
      vertex   -2.775247e+00 9.619398e+00 -7.986225e+01
      vertex   -3.451088e+00 9.157348e+00 -7.932328e+01
    endloop
  endfacet
  facet normal 7.093797e-02 -9.949551e-01 -7.093797e-02
    outer loop
      vertex   -2.406777e+00 1.000000e+01 -8.222971e+01
      vertex   -1.510884e+00 1.000000e+01 -8.133382e+01
      vertex   -2.632581e+00 9.903926e+00 -8.110801e+01
    endloop
  endfacet
  facet normal 7.224970e-02 -9.952945e-01 -6.456628e-02
    outer loop
      vertex   -2.632581e+00 9.903926e+00 -8.110801e+01
      vertex   -1.510884e+00 1.000000e+01 -8.133382e+01
      vertex   -2.041916e+00 9.903926e+00 -8.044706e+01
    endloop
  endfacet
  facet normal 2.167607e-01 -9.568132e-01 -1.937092e-01
    outer loop
      vertex   -2.632581e+00 9.903926e+00 -8.110801e+01
      vertex   -2.041916e+00 9.903926e+00 -8.044706e+01
      vertex   -2.775247e+00 9.619398e+00 -7.986225e+01
    endloop
  endfacet
  facet normal 8.000386e-02 -9.949937e-01 -5.989014e-02
    outer loop
      vertex   -1.510884e+00 1.000000e+01 -8.133382e+01
      vertex   -7.516090e-01 1.000000e+01 -8.031954e+01
      vertex   -2.041916e+00 9.903926e+00 -8.044706e+01
    endloop
  endfacet
  facet normal 9.199877e-01 -9.169101e-02 -3.810714e-01
    outer loop
      vertex   -4.468991e+00 5.975452e+00 -7.683187e+01
      vertex   -4.637288e+00 5.000000e+00 -7.700346e+01
      vertex   -4.639622e+00 5.975452e+00 -7.724381e+01
    endloop
  endfacet
  facet normal 8.762421e-01 -1.133030e-01 -4.683612e-01
    outer loop
      vertex   -4.639622e+00 5.975452e+00 -7.724381e+01
      vertex   -4.637288e+00 5.000000e+00 -7.700346e+01
      vertex   -4.995838e+00 5.000000e+00 -7.767426e+01
    endloop
  endfacet
  facet normal 8.703334e-01 -1.055607e-01 -4.810163e-01
    outer loop
      vertex   -4.639622e+00 5.975452e+00 -7.724381e+01
      vertex   -4.995838e+00 5.000000e+00 -7.767426e+01
      vertex   -4.855303e+00 5.975452e+00 -7.763405e+01
    endloop
  endfacet
  facet normal 8.120083e-01 -9.323568e-02 -5.761506e-01
    outer loop
      vertex   -4.855303e+00 5.975452e+00 -7.763405e+01
      vertex   -4.995838e+00 5.000000e+00 -7.767426e+01
      vertex   -5.113321e+00 5.975452e+00 -7.799769e+01
    endloop
  endfacet
  facet normal 7.805465e-01 -2.898664e-01 -5.538273e-01
    outer loop
      vertex   -4.855303e+00 5.975452e+00 -7.763405e+01
      vertex   -5.113321e+00 5.975452e+00 -7.799769e+01
      vertex   -4.890867e+00 6.913417e+00 -7.817509e+01
    endloop
  endfacet
  facet normal 7.136296e-01 -2.898664e-01 -6.377384e-01
    outer loop
      vertex   -4.890867e+00 6.913417e+00 -7.817509e+01
      vertex   -5.113321e+00 5.975452e+00 -7.799769e+01
      vertex   -5.209240e+00 6.913417e+00 -7.853135e+01
    endloop
  endfacet
  facet normal 6.578275e-01 -4.708196e-01 -5.878706e-01
    outer loop
      vertex   -4.890867e+00 6.913417e+00 -7.817509e+01
      vertex   -5.209240e+00 6.913417e+00 -7.853135e+01
      vertex   -4.882521e+00 7.777851e+00 -7.885807e+01
    endloop
  endfacet
  facet normal 5.878706e-01 -4.708196e-01 -6.578275e-01
    outer loop
      vertex   -4.882521e+00 7.777851e+00 -7.885807e+01
      vertex   -5.209240e+00 6.913417e+00 -7.853135e+01
      vertex   -5.277415e+00 7.777851e+00 -7.921097e+01
    endloop
  endfacet
  facet normal 5.154190e-01 -6.337964e-01 -5.767542e-01
    outer loop
      vertex   -4.882521e+00 7.777851e+00 -7.885807e+01
      vertex   -5.277415e+00 7.777851e+00 -7.921097e+01
      vertex   -4.889720e+00 8.535534e+00 -7.969712e+01
    endloop
  endfacet
  facet normal 4.476022e-01 -6.337964e-01 -6.308363e-01
    outer loop
      vertex   -4.889720e+00 8.535534e+00 -7.969712e+01
      vertex   -5.277415e+00 7.777851e+00 -7.921097e+01
      vertex   -5.378513e+00 8.535534e+00 -8.004394e+01
    endloop
  endfacet
  facet normal 3.674505e-01 -7.725203e-01 -5.178730e-01
    outer loop
      vertex   -4.889720e+00 8.535534e+00 -7.969712e+01
      vertex   -5.378513e+00 8.535534e+00 -8.004394e+01
      vertex   -4.975401e+00 9.157348e+00 -8.068549e+01
    endloop
  endfacet
  facet normal 3.071567e-01 -7.725203e-01 -5.557581e-01
    outer loop
      vertex   -4.975401e+00 9.157348e+00 -8.068549e+01
      vertex   -5.378513e+00 8.535534e+00 -8.004394e+01
      vertex   -5.574317e+00 9.157348e+00 -8.101650e+01
    endloop
  endfacet
  facet normal 2.283028e-01 -8.816124e-01 -4.130828e-01
    outer loop
      vertex   -4.975401e+00 9.157348e+00 -8.068549e+01
      vertex   -5.574317e+00 9.157348e+00 -8.101650e+01
      vertex   -5.199253e+00 9.619398e+00 -8.179533e+01
    endloop
  endfacet
  facet normal 1.806167e-01 -8.816124e-01 -4.360473e-01
    outer loop
      vertex   -5.199253e+00 9.619398e+00 -8.179533e+01
      vertex   -5.574317e+00 9.157348e+00 -8.101650e+01
      vertex   -5.921024e+00 9.619398e+00 -8.209429e+01
    endloop
  endfacet
  facet normal 1.112474e-01 -9.568132e-01 -2.685750e-01
    outer loop
      vertex   -5.199253e+00 9.619398e+00 -8.179533e+01
      vertex   -5.921024e+00 9.619398e+00 -8.209429e+01
      vertex   -5.611234e+00 9.903926e+00 -8.297962e+01
    endloop
  endfacet
  facet normal 8.047704e-02 -9.568132e-01 -2.793420e-01
    outer loop
      vertex   -5.611234e+00 9.903926e+00 -8.297962e+01
      vertex   -5.921024e+00 9.619398e+00 -8.209429e+01
      vertex   -6.463013e+00 9.903926e+00 -8.322502e+01
    endloop
  endfacet
  facet normal 7.677516e-01 -1.164464e-01 -6.300775e-01
    outer loop
      vertex   -4.995838e+00 5.000000e+00 -7.767426e+01
      vertex   -5.478366e+00 5.000000e+00 -7.826223e+01
      vertex   -5.113321e+00 5.975452e+00 -7.799769e+01
    endloop
  endfacet
  facet normal 7.420629e-01 -9.786442e-02 -6.631480e-01
    outer loop
      vertex   -5.113321e+00 5.975452e+00 -7.799769e+01
      vertex   -5.478366e+00 5.000000e+00 -7.826223e+01
      vertex   -5.410432e+00 5.975452e+00 -7.833016e+01
    endloop
  endfacet
  facet normal 7.136296e-01 -2.898664e-01 -6.377384e-01
    outer loop
      vertex   -5.113321e+00 5.975452e+00 -7.799769e+01
      vertex   -5.410432e+00 5.975452e+00 -7.833016e+01
      vertex   -5.209240e+00 6.913417e+00 -7.853135e+01
    endloop
  endfacet
  facet normal 6.377384e-01 -2.898664e-01 -7.136296e-01
    outer loop
      vertex   -5.209240e+00 6.913417e+00 -7.853135e+01
      vertex   -5.410432e+00 5.975452e+00 -7.833016e+01
      vertex   -5.565498e+00 6.913417e+00 -7.884972e+01
    endloop
  endfacet
  facet normal 5.878706e-01 -4.708196e-01 -6.578275e-01
    outer loop
      vertex   -5.209240e+00 6.913417e+00 -7.853135e+01
      vertex   -5.565498e+00 6.913417e+00 -7.884972e+01
      vertex   -5.277415e+00 7.777851e+00 -7.921097e+01
    endloop
  endfacet
  facet normal 5.105209e-01 -4.708196e-01 -7.195118e-01
    outer loop
      vertex   -5.277415e+00 7.777851e+00 -7.921097e+01
      vertex   -5.565498e+00 6.913417e+00 -7.884972e+01
      vertex   -5.709338e+00 7.777851e+00 -7.951744e+01
    endloop
  endfacet
  facet normal 4.476022e-01 -6.337964e-01 -6.308363e-01
    outer loop
      vertex   -5.277415e+00 7.777851e+00 -7.921097e+01
      vertex   -5.709338e+00 7.777851e+00 -7.951744e+01
      vertex   -5.378513e+00 8.535534e+00 -8.004394e+01
    endloop
  endfacet
  facet normal 3.741565e-01 -6.337964e-01 -6.769853e-01
    outer loop
      vertex   -5.378513e+00 8.535534e+00 -8.004394e+01
      vertex   -5.709338e+00 7.777851e+00 -7.951744e+01
      vertex   -5.903063e+00 8.535534e+00 -8.033385e+01
    endloop
  endfacet
  facet normal 3.071567e-01 -7.725203e-01 -5.557581e-01
    outer loop
      vertex   -5.378513e+00 8.535534e+00 -8.004394e+01
      vertex   -5.903063e+00 8.535534e+00 -8.033385e+01
      vertex   -5.574317e+00 9.157348e+00 -8.101650e+01
    endloop
  endfacet
  facet normal 2.430002e-01 -7.725203e-01 -5.866543e-01
    outer loop
      vertex   -5.574317e+00 9.157348e+00 -8.101650e+01
      vertex   -5.903063e+00 8.535534e+00 -8.033385e+01
      vertex   -6.206528e+00 9.157348e+00 -8.127837e+01
    endloop
  endfacet
  facet normal 1.806167e-01 -8.816124e-01 -4.360473e-01
    outer loop
      vertex   -5.574317e+00 9.157348e+00 -8.101650e+01
      vertex   -6.206528e+00 9.157348e+00 -8.127837e+01
      vertex   -5.921024e+00 9.619398e+00 -8.209429e+01
    endloop
  endfacet
  facet normal 1.306592e-01 -8.816124e-01 -4.535281e-01
    outer loop
      vertex   -5.921024e+00 9.619398e+00 -8.209429e+01
      vertex   -6.206528e+00 9.157348e+00 -8.127837e+01
      vertex   -6.671730e+00 9.619398e+00 -8.231057e+01
    endloop
  endfacet
  facet normal 8.047704e-02 -9.568132e-01 -2.793420e-01
    outer loop
      vertex   -5.921024e+00 9.619398e+00 -8.209429e+01
      vertex   -6.671730e+00 9.619398e+00 -8.231057e+01
      vertex   -6.463013e+00 9.903926e+00 -8.322502e+01
    endloop
  endfacet
  facet normal 4.869464e-02 -9.568132e-01 -2.865961e-01
    outer loop
      vertex   -6.463013e+00 9.903926e+00 -8.322502e+01
      vertex   -6.671730e+00 9.619398e+00 -8.231057e+01
      vertex   -7.336912e+00 9.903926e+00 -8.337350e+01
    endloop
  endfacet
  facet normal 6.631480e-01 -9.786442e-02 -7.420629e-01
    outer loop
      vertex   -5.410432e+00 5.975452e+00 -7.833016e+01
      vertex   -5.478366e+00 5.000000e+00 -7.826223e+01
      vertex   -5.742899e+00 5.975452e+00 -7.862727e+01
    endloop
  endfacet
  facet normal 6.300775e-01 -1.164464e-01 -7.677516e-01
    outer loop
      vertex   -5.742899e+00 5.975452e+00 -7.862727e+01
      vertex   -5.478366e+00 5.000000e+00 -7.826223e+01
      vertex   -6.066328e+00 5.000000e+00 -7.874475e+01
    endloop
  endfacet
  facet normal 5.761506e-01 -9.323568e-02 -8.120083e-01
    outer loop
      vertex   -5.742899e+00 5.975452e+00 -7.862727e+01
      vertex   -6.066328e+00 5.000000e+00 -7.874475e+01
      vertex   -6.106542e+00 5.975452e+00 -7.888529e+01
    endloop
  endfacet
  facet normal 4.686900e-01 -1.070088e-01 -8.768573e-01
    outer loop
      vertex   -6.106542e+00 5.975452e+00 -7.888529e+01
      vertex   -6.066328e+00 5.000000e+00 -7.874475e+01
      vertex   -6.737129e+00 5.000000e+00 -7.910330e+01
    endloop
  endfacet
  facet normal 4.804367e-01 -1.162950e-01 -8.692848e-01
    outer loop
      vertex   -6.106542e+00 5.975452e+00 -7.888529e+01
      vertex   -6.737129e+00 5.000000e+00 -7.910330e+01
      vertex   -6.496787e+00 5.975452e+00 -7.910097e+01
    endloop
  endfacet
  facet normal 3.810714e-01 -9.169101e-02 -9.199877e-01
    outer loop
      vertex   -6.496787e+00 5.975452e+00 -7.910097e+01
      vertex   -6.737129e+00 5.000000e+00 -7.910330e+01
      vertex   -6.908726e+00 5.975452e+00 -7.927160e+01
    endloop
  endfacet
  facet normal 3.662537e-01 -2.898664e-01 -8.842147e-01
    outer loop
      vertex   -6.496787e+00 5.975452e+00 -7.910097e+01
      vertex   -6.908726e+00 5.975452e+00 -7.927160e+01
      vertex   -6.814753e+00 6.913417e+00 -7.954016e+01
    endloop
  endfacet
  facet normal 2.649502e-01 -2.898664e-01 -9.196624e-01
    outer loop
      vertex   -6.814753e+00 6.913417e+00 -7.954016e+01
      vertex   -6.908726e+00 5.975452e+00 -7.927160e+01
      vertex   -7.273867e+00 6.913417e+00 -7.967243e+01
    endloop
  endfacet
  facet normal 2.442325e-01 -4.708196e-01 -8.477496e-01
    outer loop
      vertex   -6.814753e+00 6.913417e+00 -7.954016e+01
      vertex   -7.273867e+00 6.913417e+00 -7.967243e+01
      vertex   -7.171051e+00 7.777851e+00 -8.012290e+01
    endloop
  endfacet
  facet normal 1.477789e-01 -4.708196e-01 -8.697645e-01
    outer loop
      vertex   -7.171051e+00 7.777851e+00 -8.012290e+01
      vertex   -7.273867e+00 6.913417e+00 -7.967243e+01
      vertex   -7.693171e+00 7.777851e+00 -8.021161e+01
    endloop
  endfacet
  facet normal 1.295661e-01 -6.337964e-01 -7.625712e-01
    outer loop
      vertex   -7.171051e+00 7.777851e+00 -8.012290e+01
      vertex   -7.693171e+00 7.777851e+00 -8.021161e+01
      vertex   -7.623550e+00 8.535534e+00 -8.082951e+01
    endloop
  endfacet
  facet normal 2.884154e-01 -1.133030e-01 -9.507781e-01
    outer loop
      vertex   -6.737129e+00 5.000000e+00 -7.910330e+01
      vertex   -7.464990e+00 5.000000e+00 -7.932410e+01
      vertex   -6.908726e+00 5.975452e+00 -7.927160e+01
    endloop
  endfacet
  facet normal 2.752888e-01 -1.055607e-01 -9.555485e-01
    outer loop
      vertex   -6.908726e+00 5.975452e+00 -7.927160e+01
      vertex   -7.464990e+00 5.000000e+00 -7.932410e+01
      vertex   -7.337181e+00 5.975452e+00 -7.939504e+01
    endloop
  endfacet
  facet normal 2.649502e-01 -2.898664e-01 -9.196624e-01
    outer loop
      vertex   -6.908726e+00 5.975452e+00 -7.927160e+01
      vertex   -7.337181e+00 5.975452e+00 -7.939504e+01
      vertex   -7.273867e+00 6.913417e+00 -7.967243e+01
    endloop
  endfacet
  facet normal 1.603147e-01 -2.898664e-01 -9.435447e-01
    outer loop
      vertex   -7.273867e+00 6.913417e+00 -7.967243e+01
      vertex   -7.337181e+00 5.975452e+00 -7.939504e+01
      vertex   -7.744904e+00 6.913417e+00 -7.975246e+01
    endloop
  endfacet
  facet normal 1.477789e-01 -4.708196e-01 -8.697645e-01
    outer loop
      vertex   -7.273867e+00 6.913417e+00 -7.967243e+01
      vertex   -7.744904e+00 6.913417e+00 -7.975246e+01
      vertex   -7.693171e+00 7.777851e+00 -8.021161e+01
    endloop
  endfacet
  facet normal 1.667766e-01 -9.323568e-02 -9.815766e-01
    outer loop
      vertex   -7.337181e+00 5.975452e+00 -7.939504e+01
      vertex   -7.464990e+00 5.000000e+00 -7.932410e+01
      vertex   -7.776761e+00 5.975452e+00 -7.946972e+01
    endloop
  endfacet
  facet normal 4.869464e-02 -9.568132e-01 -2.865961e-01
    outer loop
      vertex   -7.336912e+00 9.903926e+00 -8.337350e+01
      vertex   -6.671730e+00 9.619398e+00 -8.231057e+01
      vertex   -7.441931e+00 9.619398e+00 -8.244143e+01
    endloop
  endfacet
  facet normal 7.905861e-02 -8.816124e-01 -4.653056e-01
    outer loop
      vertex   -7.441931e+00 9.619398e+00 -8.244143e+01
      vertex   -6.671730e+00 9.619398e+00 -8.231057e+01
      vertex   -6.864084e+00 9.157348e+00 -8.146781e+01
    endloop
  endfacet
  facet normal 7.905861e-02 -8.816124e-01 -4.653056e-01
    outer loop
      vertex   -7.441931e+00 9.619398e+00 -8.244143e+01
      vertex   -6.864084e+00 9.157348e+00 -8.146781e+01
      vertex   -7.538716e+00 9.157348e+00 -8.158243e+01
    endloop
  endfacet
  facet normal 1.063648e-01 -7.725203e-01 -6.260183e-01
    outer loop
      vertex   -7.538716e+00 9.157348e+00 -8.158243e+01
      vertex   -6.864084e+00 9.157348e+00 -8.146781e+01
      vertex   -7.032685e+00 8.535534e+00 -8.072912e+01
    endloop
  endfacet
  facet normal 1.063648e-01 -7.725203e-01 -6.260183e-01
    outer loop
      vertex   -7.538716e+00 9.157348e+00 -8.158243e+01
      vertex   -7.032685e+00 8.535534e+00 -8.072912e+01
      vertex   -7.623550e+00 8.535534e+00 -8.082951e+01
    endloop
  endfacet
  facet normal 1.295661e-01 -6.337964e-01 -7.625712e-01
    outer loop
      vertex   -7.623550e+00 8.535534e+00 -8.082951e+01
      vertex   -7.032685e+00 8.535534e+00 -8.072912e+01
      vertex   -7.171051e+00 7.777851e+00 -8.012290e+01
    endloop
  endfacet
  facet normal 1.603147e-01 -2.898664e-01 -9.435447e-01
    outer loop
      vertex   -7.337181e+00 5.975452e+00 -7.939504e+01
      vertex   -7.776761e+00 5.975452e+00 -7.946972e+01
      vertex   -7.744904e+00 6.913417e+00 -7.975246e+01
    endloop
  endfacet
  facet normal 1.306592e-01 -8.816124e-01 -4.535281e-01
    outer loop
      vertex   -6.671730e+00 9.619398e+00 -8.231057e+01
      vertex   -6.206528e+00 9.157348e+00 -8.127837e+01
      vertex   -6.864084e+00 9.157348e+00 -8.146781e+01
    endloop
  endfacet
  facet normal 1.757878e-01 -7.725203e-01 -6.101729e-01
    outer loop
      vertex   -6.864084e+00 9.157348e+00 -8.146781e+01
      vertex   -6.206528e+00 9.157348e+00 -8.127837e+01
      vertex   -6.456775e+00 8.535534e+00 -8.056320e+01
    endloop
  endfacet
  facet normal 1.757878e-01 -7.725203e-01 -6.101729e-01
    outer loop
      vertex   -6.864084e+00 9.157348e+00 -8.146781e+01
      vertex   -6.456775e+00 8.535534e+00 -8.056320e+01
      vertex   -7.032685e+00 8.535534e+00 -8.072912e+01
    endloop
  endfacet
  facet normal 2.141323e-01 -6.337964e-01 -7.432695e-01
    outer loop
      vertex   -7.032685e+00 8.535534e+00 -8.072912e+01
      vertex   -6.456775e+00 8.535534e+00 -8.056320e+01
      vertex   -6.662147e+00 7.777851e+00 -7.997628e+01
    endloop
  endfacet
  facet normal 2.141323e-01 -6.337964e-01 -7.432695e-01
    outer loop
      vertex   -7.032685e+00 8.535534e+00 -8.072912e+01
      vertex   -6.662147e+00 7.777851e+00 -7.997628e+01
      vertex   -7.171051e+00 7.777851e+00 -8.012290e+01
    endloop
  endfacet
  facet normal 2.442325e-01 -4.708196e-01 -8.477496e-01
    outer loop
      vertex   -7.171051e+00 7.777851e+00 -8.012290e+01
      vertex   -6.662147e+00 7.777851e+00 -7.997628e+01
      vertex   -6.814753e+00 6.913417e+00 -7.954016e+01
    endloop
  endfacet
  facet normal 2.430002e-01 -7.725203e-01 -5.866543e-01
    outer loop
      vertex   -6.206528e+00 9.157348e+00 -8.127837e+01
      vertex   -5.903063e+00 8.535534e+00 -8.033385e+01
      vertex   -6.456775e+00 8.535534e+00 -8.056320e+01
    endloop
  endfacet
  facet normal 2.960056e-01 -6.337964e-01 -7.146208e-01
    outer loop
      vertex   -6.456775e+00 8.535534e+00 -8.056320e+01
      vertex   -5.903063e+00 8.535534e+00 -8.033385e+01
      vertex   -6.172858e+00 7.777851e+00 -7.977361e+01
    endloop
  endfacet
  facet normal 2.960056e-01 -6.337964e-01 -7.146208e-01
    outer loop
      vertex   -6.456775e+00 8.535534e+00 -8.056320e+01
      vertex   -6.172858e+00 7.777851e+00 -7.977361e+01
      vertex   -6.662147e+00 7.777851e+00 -7.997628e+01
    endloop
  endfacet
  facet normal 3.376146e-01 -4.708196e-01 -8.150738e-01
    outer loop
      vertex   -6.662147e+00 7.777851e+00 -7.997628e+01
      vertex   -6.172858e+00 7.777851e+00 -7.977361e+01
      vertex   -6.373334e+00 6.913417e+00 -7.935732e+01
    endloop
  endfacet
  facet normal 3.376146e-01 -4.708196e-01 -8.150738e-01
    outer loop
      vertex   -6.662147e+00 7.777851e+00 -7.997628e+01
      vertex   -6.373334e+00 6.913417e+00 -7.935732e+01
      vertex   -6.814753e+00 6.913417e+00 -7.954016e+01
    endloop
  endfacet
  facet normal 3.662537e-01 -2.898664e-01 -8.842147e-01
    outer loop
      vertex   -6.814753e+00 6.913417e+00 -7.954016e+01
      vertex   -6.373334e+00 6.913417e+00 -7.935732e+01
      vertex   -6.496787e+00 5.975452e+00 -7.910097e+01
    endloop
  endfacet
  facet normal 1.112474e-01 -9.568132e-01 -2.685750e-01
    outer loop
      vertex   -5.611234e+00 9.903926e+00 -8.297962e+01
      vertex   -4.792285e+00 9.903926e+00 -8.264040e+01
      vertex   -5.199253e+00 9.619398e+00 -8.179533e+01
    endloop
  endfacet
  facet normal 1.406187e-01 -9.568132e-01 -2.544305e-01
    outer loop
      vertex   -5.199253e+00 9.619398e+00 -8.179533e+01
      vertex   -4.792285e+00 9.903926e+00 -8.264040e+01
      vertex   -4.515495e+00 9.619398e+00 -8.141743e+01
    endloop
  endfacet
  facet normal 2.283028e-01 -8.816124e-01 -4.130828e-01
    outer loop
      vertex   -5.199253e+00 9.619398e+00 -8.179533e+01
      vertex   -4.515495e+00 9.619398e+00 -8.141743e+01
      vertex   -4.975401e+00 9.157348e+00 -8.068549e+01
    endloop
  endfacet
  facet normal 2.731179e-01 -8.816124e-01 -3.849236e-01
    outer loop
      vertex   -4.975401e+00 9.157348e+00 -8.068549e+01
      vertex   -4.515495e+00 9.619398e+00 -8.141743e+01
      vertex   -4.417313e+00 9.157348e+00 -8.028950e+01
    endloop
  endfacet
  facet normal 3.674505e-01 -7.725203e-01 -5.178730e-01
    outer loop
      vertex   -4.975401e+00 9.157348e+00 -8.068549e+01
      vertex   -4.417313e+00 9.157348e+00 -8.028950e+01
      vertex   -4.889720e+00 8.535534e+00 -7.969712e+01
    endloop
  endfacet
  facet normal 4.231234e-01 -7.725203e-01 -4.734753e-01
    outer loop
      vertex   -4.889720e+00 8.535534e+00 -7.969712e+01
      vertex   -4.417313e+00 9.157348e+00 -8.028950e+01
      vertex   -4.442832e+00 8.535534e+00 -7.929776e+01
    endloop
  endfacet
  facet normal 5.154190e-01 -6.337964e-01 -5.767542e-01
    outer loop
      vertex   -4.889720e+00 8.535534e+00 -7.969712e+01
      vertex   -4.442832e+00 8.535534e+00 -7.929776e+01
      vertex   -4.882521e+00 7.777851e+00 -7.885807e+01
    endloop
  endfacet
  facet normal 5.767542e-01 -6.337964e-01 -5.154190e-01
    outer loop
      vertex   -4.882521e+00 7.777851e+00 -7.885807e+01
      vertex   -4.442832e+00 8.535534e+00 -7.929776e+01
      vertex   -4.529622e+00 7.777851e+00 -7.846318e+01
    endloop
  endfacet
  facet normal 6.578275e-01 -4.708196e-01 -5.878706e-01
    outer loop
      vertex   -4.882521e+00 7.777851e+00 -7.885807e+01
      vertex   -4.529622e+00 7.777851e+00 -7.846318e+01
      vertex   -4.890867e+00 6.913417e+00 -7.817509e+01
    endloop
  endfacet
  facet normal 7.195118e-01 -4.708196e-01 -5.105209e-01
    outer loop
      vertex   -4.890867e+00 6.913417e+00 -7.817509e+01
      vertex   -4.529622e+00 7.777851e+00 -7.846318e+01
      vertex   -4.614385e+00 6.913417e+00 -7.778543e+01
    endloop
  endfacet
  facet normal 7.805465e-01 -2.898664e-01 -5.538273e-01
    outer loop
      vertex   -4.890867e+00 6.913417e+00 -7.817509e+01
      vertex   -4.614385e+00 6.913417e+00 -7.778543e+01
      vertex   -4.855303e+00 5.975452e+00 -7.763405e+01
    endloop
  endfacet
  facet normal 8.376476e-01 -2.898664e-01 -4.629514e-01
    outer loop
      vertex   -4.855303e+00 5.975452e+00 -7.763405e+01
      vertex   -4.614385e+00 6.913417e+00 -7.778543e+01
      vertex   -4.639622e+00 5.975452e+00 -7.724381e+01
    endloop
  endfacet
  facet normal 3.741565e-01 -6.337964e-01 -6.769853e-01
    outer loop
      vertex   -5.903063e+00 8.535534e+00 -8.033385e+01
      vertex   -5.709338e+00 7.777851e+00 -7.951744e+01
      vertex   -6.172858e+00 7.777851e+00 -7.977361e+01
    endloop
  endfacet
  facet normal 4.267511e-01 -4.708196e-01 -7.721479e-01
    outer loop
      vertex   -6.172858e+00 7.777851e+00 -7.977361e+01
      vertex   -5.709338e+00 7.777851e+00 -7.951744e+01
      vertex   -5.955163e+00 6.913417e+00 -7.912621e+01
    endloop
  endfacet
  facet normal 4.267511e-01 -4.708196e-01 -7.721479e-01
    outer loop
      vertex   -6.172858e+00 7.777851e+00 -7.977361e+01
      vertex   -5.955163e+00 6.913417e+00 -7.912621e+01
      vertex   -6.373334e+00 6.913417e+00 -7.935732e+01
    endloop
  endfacet
  facet normal 4.629514e-01 -2.898664e-01 -8.376476e-01
    outer loop
      vertex   -6.373334e+00 6.913417e+00 -7.935732e+01
      vertex   -5.955163e+00 6.913417e+00 -7.912621e+01
      vertex   -6.106542e+00 5.975452e+00 -7.888529e+01
    endloop
  endfacet
  facet normal 4.629514e-01 -2.898664e-01 -8.376476e-01
    outer loop
      vertex   -6.373334e+00 6.913417e+00 -7.935732e+01
      vertex   -6.106542e+00 5.975452e+00 -7.888529e+01
      vertex   -6.496787e+00 5.975452e+00 -7.910097e+01
    endloop
  endfacet
  facet normal 1.682217e-01 -9.568132e-01 -2.370864e-01
    outer loop
      vertex   -4.016467e+00 9.903926e+00 -8.221162e+01
      vertex   -3.878347e+00 9.619398e+00 -8.096535e+01
      vertex   -4.515495e+00 9.619398e+00 -8.141743e+01
    endloop
  endfacet
  facet normal 2.731179e-01 -8.816124e-01 -3.849236e-01
    outer loop
      vertex   -4.515495e+00 9.619398e+00 -8.141743e+01
      vertex   -3.878347e+00 9.619398e+00 -8.096535e+01
      vertex   -4.417313e+00 9.157348e+00 -8.028950e+01
    endloop
  endfacet
  facet normal 4.231234e-01 -7.725203e-01 -4.734753e-01
    outer loop
      vertex   -4.442832e+00 8.535534e+00 -7.929776e+01
      vertex   -4.417313e+00 9.157348e+00 -8.028950e+01
      vertex   -3.907070e+00 9.157348e+00 -7.983352e+01
    endloop
  endfacet
  facet normal 3.144984e-01 -8.816124e-01 -3.519238e-01
    outer loop
      vertex   -3.907070e+00 9.157348e+00 -7.983352e+01
      vertex   -4.417313e+00 9.157348e+00 -8.028950e+01
      vertex   -3.878347e+00 9.619398e+00 -8.096535e+01
    endloop
  endfacet
  facet normal 5.105209e-01 -4.708196e-01 -7.195118e-01
    outer loop
      vertex   -5.955163e+00 6.913417e+00 -7.912621e+01
      vertex   -5.709338e+00 7.777851e+00 -7.951744e+01
      vertex   -5.565498e+00 6.913417e+00 -7.884972e+01
    endloop
  endfacet
  facet normal 5.538273e-01 -2.898664e-01 -7.805465e-01
    outer loop
      vertex   -6.106542e+00 5.975452e+00 -7.888529e+01
      vertex   -5.955163e+00 6.913417e+00 -7.912621e+01
      vertex   -5.742899e+00 5.975452e+00 -7.862727e+01
    endloop
  endfacet
  facet normal 5.538273e-01 -2.898664e-01 -7.805465e-01
    outer loop
      vertex   -5.742899e+00 5.975452e+00 -7.862727e+01
      vertex   -5.955163e+00 6.913417e+00 -7.912621e+01
      vertex   -5.565498e+00 6.913417e+00 -7.884972e+01
    endloop
  endfacet
  facet normal 6.377384e-01 -2.898664e-01 -7.136296e-01
    outer loop
      vertex   -5.742899e+00 5.975452e+00 -7.862727e+01
      vertex   -5.565498e+00 6.913417e+00 -7.884972e+01
      vertex   -5.410432e+00 5.975452e+00 -7.833016e+01
    endloop
  endfacet
  facet normal 1.406187e-01 -9.568132e-01 -2.544305e-01
    outer loop
      vertex   -4.792285e+00 9.903926e+00 -8.264040e+01
      vertex   -4.016467e+00 9.903926e+00 -8.221162e+01
      vertex   -4.515495e+00 9.619398e+00 -8.141743e+01
    endloop
  endfacet
  facet normal 5.767542e-01 -6.337964e-01 -5.154190e-01
    outer loop
      vertex   -4.529622e+00 7.777851e+00 -7.846318e+01
      vertex   -4.442832e+00 8.535534e+00 -7.929776e+01
      vertex   -4.043468e+00 8.535534e+00 -7.885087e+01
    endloop
  endfacet
  facet normal 4.734753e-01 -7.725203e-01 -4.231234e-01
    outer loop
      vertex   -4.043468e+00 8.535534e+00 -7.885087e+01
      vertex   -4.442832e+00 8.535534e+00 -7.929776e+01
      vertex   -3.907070e+00 9.157348e+00 -7.983352e+01
    endloop
  endfacet
  facet normal 7.195118e-01 -4.708196e-01 -5.105209e-01
    outer loop
      vertex   -4.614385e+00 6.913417e+00 -7.778543e+01
      vertex   -4.529622e+00 7.777851e+00 -7.846318e+01
      vertex   -4.223157e+00 7.777851e+00 -7.803125e+01
    endloop
  endfacet
  facet normal 6.308363e-01 -6.337964e-01 -4.476022e-01
    outer loop
      vertex   -4.223157e+00 7.777851e+00 -7.803125e+01
      vertex   -4.529622e+00 7.777851e+00 -7.846318e+01
      vertex   -4.043468e+00 8.535534e+00 -7.885087e+01
    endloop
  endfacet
  facet normal 2.544305e-01 -9.568132e-01 -1.406187e-01
    outer loop
      vertex   -2.323166e+00 9.619398e+00 -7.922510e+01
      vertex   -1.528968e+00 9.903926e+00 -7.972412e+01
      vertex   -1.945266e+00 9.619398e+00 -7.854134e+01
    endloop
  endfacet
  facet normal 2.544305e-01 -9.568132e-01 -1.406187e-01
    outer loop
      vertex   -1.945266e+00 9.619398e+00 -7.854134e+01
      vertex   -1.528968e+00 9.903926e+00 -7.972412e+01
      vertex   -1.100188e+00 9.903926e+00 -7.894831e+01
    endloop
  endfacet
  facet normal 2.685750e-01 -9.568132e-01 -1.112474e-01
    outer loop
      vertex   -1.945266e+00 9.619398e+00 -7.854134e+01
      vertex   -1.100188e+00 9.903926e+00 -7.894831e+01
      vertex   -1.646299e+00 9.619398e+00 -7.781957e+01
    endloop
  endfacet
  facet normal 2.685750e-01 -9.568132e-01 -1.112474e-01
    outer loop
      vertex   -1.646299e+00 9.619398e+00 -7.781957e+01
      vertex   -1.100188e+00 9.903926e+00 -7.894831e+01
      vertex   -7.609689e-01 9.903926e+00 -7.812936e+01
    endloop
  endfacet
  facet normal 2.793420e-01 -9.568132e-01 -8.047704e-02
    outer loop
      vertex   -1.646299e+00 9.619398e+00 -7.781957e+01
      vertex   -7.609689e-01 9.903926e+00 -7.812936e+01
      vertex   -1.430024e+00 9.619398e+00 -7.706886e+01
    endloop
  endfacet
  facet normal 2.793420e-01 -9.568132e-01 -8.047704e-02
    outer loop
      vertex   -1.430024e+00 9.619398e+00 -7.706886e+01
      vertex   -7.609689e-01 9.903926e+00 -7.812936e+01
      vertex   -5.155755e-01 9.903926e+00 -7.727758e+01
    endloop
  endfacet
  facet normal 2.865961e-01 -9.568132e-01 -4.869464e-02
    outer loop
      vertex   -1.430024e+00 9.619398e+00 -7.706886e+01
      vertex   -5.155755e-01 9.903926e+00 -7.727758e+01
      vertex   -1.299162e+00 9.619398e+00 -7.629866e+01
    endloop
  endfacet
  facet normal 2.865961e-01 -9.568132e-01 -4.869464e-02
    outer loop
      vertex   -1.299162e+00 9.619398e+00 -7.629866e+01
      vertex   -5.155755e-01 9.903926e+00 -7.727758e+01
      vertex   -3.670941e-01 9.903926e+00 -7.640368e+01
    endloop
  endfacet
  facet normal 4.130828e-01 -8.816124e-01 -2.283028e-01
    outer loop
      vertex   -3.055103e+00 9.157348e+00 -7.876519e+01
      vertex   -2.323166e+00 9.619398e+00 -7.922510e+01
      vertex   -2.724094e+00 9.157348e+00 -7.816627e+01
    endloop
  endfacet
  facet normal 4.130828e-01 -8.816124e-01 -2.283028e-01
    outer loop
      vertex   -2.724094e+00 9.157348e+00 -7.816627e+01
      vertex   -2.323166e+00 9.619398e+00 -7.922510e+01
      vertex   -1.945266e+00 9.619398e+00 -7.854134e+01
    endloop
  endfacet
  facet normal 4.360473e-01 -8.816124e-01 -1.806167e-01
    outer loop
      vertex   -2.724094e+00 9.157348e+00 -7.816627e+01
      vertex   -1.945266e+00 9.619398e+00 -7.854134e+01
      vertex   -2.462224e+00 9.157348e+00 -7.753406e+01
    endloop
  endfacet
  facet normal 4.360473e-01 -8.816124e-01 -1.806167e-01
    outer loop
      vertex   -2.462224e+00 9.157348e+00 -7.753406e+01
      vertex   -1.945266e+00 9.619398e+00 -7.854134e+01
      vertex   -1.646299e+00 9.619398e+00 -7.781957e+01
    endloop
  endfacet
  facet normal 4.535281e-01 -8.816124e-01 -1.306592e-01
    outer loop
      vertex   -2.462224e+00 9.157348e+00 -7.753406e+01
      vertex   -1.646299e+00 9.619398e+00 -7.781957e+01
      vertex   -2.272785e+00 9.157348e+00 -7.687651e+01
    endloop
  endfacet
  facet normal 4.535281e-01 -8.816124e-01 -1.306592e-01
    outer loop
      vertex   -2.272785e+00 9.157348e+00 -7.687651e+01
      vertex   -1.646299e+00 9.619398e+00 -7.781957e+01
      vertex   -1.430024e+00 9.619398e+00 -7.706886e+01
    endloop
  endfacet
  facet normal 4.653056e-01 -8.816124e-01 -7.905861e-02
    outer loop
      vertex   -2.272785e+00 9.157348e+00 -7.687651e+01
      vertex   -1.430024e+00 9.619398e+00 -7.706886e+01
      vertex   -2.158161e+00 9.157348e+00 -7.620188e+01
    endloop
  endfacet
  facet normal 4.653056e-01 -8.816124e-01 -7.905861e-02
    outer loop
      vertex   -2.158161e+00 9.157348e+00 -7.620188e+01
      vertex   -1.430024e+00 9.619398e+00 -7.706886e+01
      vertex   -1.299162e+00 9.619398e+00 -7.629866e+01
    endloop
  endfacet
  facet normal 5.557581e-01 -7.725203e-01 -3.071567e-01
    outer loop
      vertex   -3.696652e+00 8.535534e+00 -7.836208e+01
      vertex   -3.055103e+00 9.157348e+00 -7.876519e+01
      vertex   -3.406743e+00 8.535534e+00 -7.783753e+01
    endloop
  endfacet
  facet normal 5.557581e-01 -7.725203e-01 -3.071567e-01
    outer loop
      vertex   -3.406743e+00 8.535534e+00 -7.783753e+01
      vertex   -3.055103e+00 9.157348e+00 -7.876519e+01
      vertex   -2.724094e+00 9.157348e+00 -7.816627e+01
    endloop
  endfacet
  facet normal 5.866543e-01 -7.725203e-01 -2.430002e-01
    outer loop
      vertex   -3.406743e+00 8.535534e+00 -7.783753e+01
      vertex   -2.724094e+00 9.157348e+00 -7.816627e+01
      vertex   -3.177388e+00 8.535534e+00 -7.728382e+01
    endloop
  endfacet
  facet normal 5.866543e-01 -7.725203e-01 -2.430002e-01
    outer loop
      vertex   -3.177388e+00 8.535534e+00 -7.728382e+01
      vertex   -2.724094e+00 9.157348e+00 -7.816627e+01
      vertex   -2.462224e+00 9.157348e+00 -7.753406e+01
    endloop
  endfacet
  facet normal 6.101729e-01 -7.725203e-01 -1.757878e-01
    outer loop
      vertex   -3.177388e+00 8.535534e+00 -7.728382e+01
      vertex   -2.462224e+00 9.157348e+00 -7.753406e+01
      vertex   -3.011471e+00 8.535534e+00 -7.670791e+01
    endloop
  endfacet
  facet normal 6.101729e-01 -7.725203e-01 -1.757878e-01
    outer loop
      vertex   -3.011471e+00 8.535534e+00 -7.670791e+01
      vertex   -2.462224e+00 9.157348e+00 -7.753406e+01
      vertex   -2.272785e+00 9.157348e+00 -7.687651e+01
    endloop
  endfacet
  facet normal 6.260183e-01 -7.725203e-01 -1.063648e-01
    outer loop
      vertex   -3.011471e+00 8.535534e+00 -7.670791e+01
      vertex   -2.272785e+00 9.157348e+00 -7.687651e+01
      vertex   -2.911079e+00 8.535534e+00 -7.611704e+01
    endloop
  endfacet
  facet normal 6.260183e-01 -7.725203e-01 -1.063648e-01
    outer loop
      vertex   -2.911079e+00 8.535534e+00 -7.611704e+01
      vertex   -2.272785e+00 9.157348e+00 -7.687651e+01
      vertex   -2.158161e+00 9.157348e+00 -7.620188e+01
    endloop
  endfacet
  facet normal 8.376476e-01 -2.898664e-01 -4.629514e-01
    outer loop
      vertex   -4.639622e+00 5.975452e+00 -7.724381e+01
      vertex   -4.614385e+00 6.913417e+00 -7.778543e+01
      vertex   -4.383270e+00 6.913417e+00 -7.736726e+01
    endloop
  endfacet
  facet normal 7.721479e-01 -4.708196e-01 -4.267511e-01
    outer loop
      vertex   -4.383270e+00 6.913417e+00 -7.736726e+01
      vertex   -4.614385e+00 6.913417e+00 -7.778543e+01
      vertex   -4.223157e+00 7.777851e+00 -7.803125e+01
    endloop
  endfacet
  facet normal 7.146208e-01 -6.337964e-01 -2.960056e-01
    outer loop
      vertex   -3.177388e+00 8.535534e+00 -7.728382e+01
      vertex   -3.764308e+00 7.777851e+00 -7.707844e+01
      vertex   -3.406743e+00 8.535534e+00 -7.783753e+01
    endloop
  endfacet
  facet normal 7.146208e-01 -6.337964e-01 -2.960056e-01
    outer loop
      vertex   -3.406743e+00 8.535534e+00 -7.783753e+01
      vertex   -3.764308e+00 7.777851e+00 -7.707844e+01
      vertex   -3.966978e+00 7.777851e+00 -7.756773e+01
    endloop
  endfacet
  facet normal 6.769853e-01 -6.337964e-01 -3.741565e-01
    outer loop
      vertex   -3.406743e+00 8.535534e+00 -7.783753e+01
      vertex   -3.966978e+00 7.777851e+00 -7.756773e+01
      vertex   -3.696652e+00 8.535534e+00 -7.836208e+01
    endloop
  endfacet
  facet normal 8.150738e-01 -4.708196e-01 -3.376146e-01
    outer loop
      vertex   -3.966978e+00 7.777851e+00 -7.756773e+01
      vertex   -3.764308e+00 7.777851e+00 -7.707844e+01
      vertex   -4.200429e+00 6.913417e+00 -7.692584e+01
    endloop
  endfacet
  facet normal 8.477496e-01 -4.708196e-01 -2.442325e-01
    outer loop
      vertex   -4.200429e+00 6.913417e+00 -7.692584e+01
      vertex   -3.764308e+00 7.777851e+00 -7.707844e+01
      vertex   -4.068160e+00 6.913417e+00 -7.646672e+01
    endloop
  endfacet
  facet normal 9.196624e-01 -2.898664e-01 -2.649502e-01
    outer loop
      vertex   -4.200429e+00 6.913417e+00 -7.692584e+01
      vertex   -4.068160e+00 6.913417e+00 -7.646672e+01
      vertex   -4.345555e+00 5.975452e+00 -7.640341e+01
    endloop
  endfacet
  facet normal 9.435447e-01 -2.898664e-01 -1.603147e-01
    outer loop
      vertex   -4.345555e+00 5.975452e+00 -7.640341e+01
      vertex   -4.068160e+00 6.913417e+00 -7.646672e+01
      vertex   -4.270867e+00 5.975452e+00 -7.596383e+01
    endloop
  endfacet
  facet normal 7.432695e-01 -6.337964e-01 -2.141323e-01
    outer loop
      vertex   -3.764308e+00 7.777851e+00 -7.707844e+01
      vertex   -3.177388e+00 8.535534e+00 -7.728382e+01
      vertex   -3.617695e+00 7.777851e+00 -7.656954e+01
    endloop
  endfacet
  facet normal 7.432695e-01 -6.337964e-01 -2.141323e-01
    outer loop
      vertex   -3.617695e+00 7.777851e+00 -7.656954e+01
      vertex   -3.177388e+00 8.535534e+00 -7.728382e+01
      vertex   -3.011471e+00 8.535534e+00 -7.670791e+01
    endloop
  endfacet
  facet normal 7.625712e-01 -6.337964e-01 -1.295661e-01
    outer loop
      vertex   -3.617695e+00 7.777851e+00 -7.656954e+01
      vertex   -3.011471e+00 8.535534e+00 -7.670791e+01
      vertex   -3.528983e+00 7.777851e+00 -7.604742e+01
    endloop
  endfacet
  facet normal 7.625712e-01 -6.337964e-01 -1.295661e-01
    outer loop
      vertex   -3.528983e+00 7.777851e+00 -7.604742e+01
      vertex   -3.011471e+00 8.535534e+00 -7.670791e+01
      vertex   -2.911079e+00 8.535534e+00 -7.611704e+01
    endloop
  endfacet
  facet normal 8.842147e-01 -2.898664e-01 -3.662537e-01
    outer loop
      vertex   -4.639622e+00 5.975452e+00 -7.724381e+01
      vertex   -4.383270e+00 6.913417e+00 -7.736726e+01
      vertex   -4.468991e+00 5.975452e+00 -7.683187e+01
    endloop
  endfacet
  facet normal 8.477496e-01 -4.708196e-01 -2.442325e-01
    outer loop
      vertex   -3.764308e+00 7.777851e+00 -7.707844e+01
      vertex   -3.617695e+00 7.777851e+00 -7.656954e+01
      vertex   -4.068160e+00 6.913417e+00 -7.646672e+01
    endloop
  endfacet
  facet normal 8.697645e-01 -4.708196e-01 -1.477789e-01
    outer loop
      vertex   -4.068160e+00 6.913417e+00 -7.646672e+01
      vertex   -3.617695e+00 7.777851e+00 -7.656954e+01
      vertex   -3.988128e+00 6.913417e+00 -7.599569e+01
    endloop
  endfacet
  facet normal 9.435447e-01 -2.898664e-01 -1.603147e-01
    outer loop
      vertex   -4.068160e+00 6.913417e+00 -7.646672e+01
      vertex   -3.988128e+00 6.913417e+00 -7.599569e+01
      vertex   -4.270867e+00 5.975452e+00 -7.596383e+01
    endloop
  endfacet
  facet normal 8.697645e-01 -4.708196e-01 -1.477789e-01
    outer loop
      vertex   -3.988128e+00 6.913417e+00 -7.599569e+01
      vertex   -3.617695e+00 7.777851e+00 -7.656954e+01
      vertex   -3.528983e+00 7.777851e+00 -7.604742e+01
    endloop
  endfacet
  facet normal -8.203263e-16 -9.801714e-02 -9.951847e-01
    outer loop
      vertex   -8.221940e+00 5.000000e+00 -7.939865e+01
      vertex   -2.546194e+01 5.000000e+00 -7.939865e+01
      vertex   -8.221940e+00 5.975452e+00 -7.949473e+01
    endloop
  endfacet
  facet normal -8.253760e-16 -9.801714e-02 -9.951847e-01
    outer loop
      vertex   -8.221940e+00 5.975452e+00 -7.949473e+01
      vertex   -2.546194e+01 5.000000e+00 -7.939865e+01
      vertex   -2.546194e+01 5.975452e+00 -7.949473e+01
    endloop
  endfacet
  facet normal -8.037567e-16 -2.902847e-01 -9.569403e-01
    outer loop
      vertex   -8.221940e+00 5.975452e+00 -7.949473e+01
      vertex   -2.546194e+01 5.975452e+00 -7.949473e+01
      vertex   -8.221940e+00 6.913417e+00 -7.977925e+01
    endloop
  endfacet
  facet normal -4.486507e-17 -2.902847e-01 -9.569403e-01
    outer loop
      vertex   -8.221940e+00 6.913417e+00 -7.977925e+01
      vertex   -2.546194e+01 5.975452e+00 -7.949473e+01
      vertex   -2.546194e+01 6.913417e+00 -7.977925e+01
    endloop
  endfacet
  facet normal -7.285692e-17 -4.713967e-01 -8.819213e-01
    outer loop
      vertex   -8.221940e+00 6.913417e+00 -7.977925e+01
      vertex   -2.546194e+01 6.913417e+00 -7.977925e+01
      vertex   -8.221940e+00 7.777851e+00 -8.024130e+01
    endloop
  endfacet
  facet normal -1.214282e-16 -4.713967e-01 -8.819213e-01
    outer loop
      vertex   -8.221940e+00 7.777851e+00 -8.024130e+01
      vertex   -2.546194e+01 6.913417e+00 -7.977925e+01
      vertex   -2.546194e+01 7.777851e+00 -8.024130e+01
    endloop
  endfacet
  facet normal -1.634149e-16 -6.343933e-01 -7.730105e-01
    outer loop
      vertex   -8.221940e+00 7.777851e+00 -8.024130e+01
      vertex   -2.546194e+01 7.777851e+00 -8.024130e+01
      vertex   -8.221940e+00 8.535534e+00 -8.086312e+01
    endloop
  endfacet
  facet normal -2.614638e-16 -6.343933e-01 -7.730105e-01
    outer loop
      vertex   -8.221940e+00 8.535534e+00 -8.086312e+01
      vertex   -2.546194e+01 7.777851e+00 -8.024130e+01
      vertex   -2.546194e+01 8.535534e+00 -8.086312e+01
    endloop
  endfacet
  facet normal -3.185945e-16 -7.730105e-01 -6.343933e-01
    outer loop
      vertex   -8.221940e+00 8.535534e+00 -8.086312e+01
      vertex   -2.546194e+01 8.535534e+00 -8.086312e+01
      vertex   -8.221940e+00 9.157348e+00 -8.162080e+01
    endloop
  endfacet
  facet normal -3.185945e-16 -7.730105e-01 -6.343933e-01
    outer loop
      vertex   -8.221940e+00 9.157348e+00 -8.162080e+01
      vertex   -2.546194e+01 8.535534e+00 -8.086312e+01
      vertex   -2.546194e+01 9.157348e+00 -8.162080e+01
    endloop
  endfacet
  facet normal -3.634819e-16 -8.819213e-01 -4.713967e-01
    outer loop
      vertex   -8.221940e+00 9.157348e+00 -8.162080e+01
      vertex   -2.546194e+01 9.157348e+00 -8.162080e+01
      vertex   -8.221940e+00 9.619398e+00 -8.248523e+01
    endloop
  endfacet
  facet normal -7.520521e-16 -8.819213e-01 -4.713967e-01
    outer loop
      vertex   -8.221940e+00 9.619398e+00 -8.248523e+01
      vertex   -2.546194e+01 9.157348e+00 -8.162080e+01
      vertex   -2.546194e+01 9.619398e+00 -8.248523e+01
    endloop
  endfacet
  facet normal -6.336812e-16 -9.569403e-01 -2.902847e-01
    outer loop
      vertex   -8.221940e+00 9.619398e+00 -8.248523e+01
      vertex   -2.546194e+01 9.619398e+00 -8.248523e+01
      vertex   -8.221940e+00 9.903926e+00 -8.342320e+01
    endloop
  endfacet
  facet normal -4.930010e-16 -9.569403e-01 -2.902847e-01
    outer loop
      vertex   -8.221940e+00 9.903926e+00 -8.342320e+01
      vertex   -2.546194e+01 9.619398e+00 -8.248523e+01
      vertex   -2.546194e+01 9.903926e+00 -8.342320e+01
    endloop
  endfacet
  facet normal -5.127039e-16 -9.951847e-01 -9.801714e-02
    outer loop
      vertex   -8.221940e+00 9.903926e+00 -8.342320e+01
      vertex   -2.546194e+01 9.903926e+00 -8.342320e+01
      vertex   -8.221940e+00 1.000000e+01 -8.439865e+01
    endloop
  endfacet
  facet normal -0.000000e+00 -9.951847e-01 -9.801714e-02
    outer loop
      vertex   -8.221940e+00 1.000000e+01 -8.439865e+01
      vertex   -2.546194e+01 9.903926e+00 -8.342320e+01
      vertex   -2.546194e+01 1.000000e+01 -8.439865e+01
    endloop
  endfacet
  facet normal -7.264716e-01 -5.798042e-02 -6.847462e-01
    outer loop
      vertex   -2.851449e+01 5.000000e+00 -7.791372e+01
      vertex   -2.851449e+01 5.517173e+00 -7.795752e+01
      vertex   -2.803318e+01 5.000000e+00 -7.842436e+01
    endloop
  endfacet
  facet normal -7.574928e-01 -1.268860e-01 -6.403941e-01
    outer loop
      vertex   -2.803318e+01 5.000000e+00 -7.842436e+01
      vertex   -2.851449e+01 5.517173e+00 -7.795752e+01
      vertex   -2.829199e+01 5.975452e+00 -7.831149e+01
    endloop
  endfacet
  facet normal -6.681750e-01 -9.185835e-02 -7.383117e-01
    outer loop
      vertex   -2.803318e+01 5.000000e+00 -7.842436e+01
      vertex   -2.829199e+01 5.975452e+00 -7.831149e+01
      vertex   -2.795938e+01 5.975452e+00 -7.861251e+01
    endloop
  endfacet
  facet normal -6.421907e-01 -2.899293e-01 -7.095999e-01
    outer loop
      vertex   -2.795938e+01 5.975452e+00 -7.861251e+01
      vertex   -2.829199e+01 5.975452e+00 -7.831149e+01
      vertex   -2.849360e+01 6.913417e+00 -7.851227e+01
    endloop
  endfacet
  facet normal -6.420964e-01 -2.898636e-01 -7.097122e-01
    outer loop
      vertex   -2.795938e+01 5.975452e+00 -7.861251e+01
      vertex   -2.849360e+01 6.913417e+00 -7.851227e+01
      vertex   -2.813810e+01 6.913417e+00 -7.883391e+01
    endloop
  endfacet
  facet normal -6.174042e-01 -3.912994e-01 -6.824198e-01
    outer loop
      vertex   -2.813810e+01 6.913417e+00 -7.883391e+01
      vertex   -2.849360e+01 6.913417e+00 -7.851227e+01
      vertex   -2.851449e+01 6.982576e+00 -7.853303e+01
    endloop
  endfacet
  facet normal -6.069567e-01 -4.482481e-01 -6.562600e-01
    outer loop
      vertex   -2.813810e+01 6.913417e+00 -7.883391e+01
      vertex   -2.851449e+01 6.982576e+00 -7.853303e+01
      vertex   -2.851449e+01 7.424060e+00 -7.883458e+01
    endloop
  endfacet
  facet normal -7.234257e-01 -1.663426e-01 -6.700637e-01
    outer loop
      vertex   -2.851449e+01 5.517173e+00 -7.795752e+01
      vertex   -2.851449e+01 6.041136e+00 -7.808759e+01
      vertex   -2.829199e+01 5.975452e+00 -7.831149e+01
    endloop
  endfacet
  facet normal -7.220012e-01 -2.600766e-01 -6.411509e-01
    outer loop
      vertex   -2.829199e+01 5.975452e+00 -7.831149e+01
      vertex   -2.851449e+01 6.041136e+00 -7.808759e+01
      vertex   -2.851449e+01 6.534450e+00 -7.828770e+01
    endloop
  endfacet
  facet normal -7.798947e-01 -2.867288e-01 -5.563729e-01
    outer loop
      vertex   -2.829199e+01 5.975452e+00 -7.831149e+01
      vertex   -2.851449e+01 6.534450e+00 -7.828770e+01
      vertex   -2.849360e+01 6.913417e+00 -7.851227e+01
    endloop
  endfacet
  facet normal -5.833806e-01 -3.900316e-01 -7.124201e-01
    outer loop
      vertex   -2.849360e+01 6.913417e+00 -7.851227e+01
      vertex   -2.851449e+01 6.534450e+00 -7.828770e+01
      vertex   -2.851449e+01 6.982576e+00 -7.853303e+01
    endloop
  endfacet
  facet normal -6.347008e-01 -4.686427e-01 -6.144338e-01
    outer loop
      vertex   -2.813810e+01 6.913417e+00 -7.883391e+01
      vertex   -2.851449e+01 7.424060e+00 -7.883458e+01
      vertex   -2.842832e+01 7.777851e+00 -7.919344e+01
    endloop
  endfacet
  facet normal -5.136783e-01 -5.461051e-01 -6.617430e-01
    outer loop
      vertex   -2.842832e+01 7.777851e+00 -7.919344e+01
      vertex   -2.851449e+01 7.424060e+00 -7.883458e+01
      vertex   -2.851449e+01 7.844154e+00 -7.918127e+01
    endloop
  endfacet
  facet normal -5.482367e-01 -6.068571e-01 -5.754658e-01
    outer loop
      vertex   -2.842832e+01 7.777851e+00 -7.919344e+01
      vertex   -2.851449e+01 7.844154e+00 -7.918127e+01
      vertex   -2.851449e+01 8.561985e+00 -7.993825e+01
    endloop
  endfacet
  facet normal -3.666749e-01 -7.671770e-01 -5.262974e-01
    outer loop
      vertex   -2.851449e+01 9.170037e+00 -8.082460e+01
      vertex   -2.832770e+01 8.535534e+00 -8.002983e+01
      vertex   -2.851449e+01 8.561985e+00 -7.993825e+01
    endloop
  endfacet
  facet normal -4.108640e-01 -6.343874e-01 -6.547850e-01
    outer loop
      vertex   -2.851449e+01 8.561985e+00 -7.993825e+01
      vertex   -2.832770e+01 8.535534e+00 -8.002983e+01
      vertex   -2.799428e+01 7.777851e+00 -7.950497e+01
    endloop
  endfacet
  facet normal -4.474170e-01 -6.412754e-01 -6.233650e-01
    outer loop
      vertex   -2.851449e+01 8.561985e+00 -7.993825e+01
      vertex   -2.799428e+01 7.777851e+00 -7.950497e+01
      vertex   -2.842832e+01 7.777851e+00 -7.919344e+01
    endloop
  endfacet
  facet normal -5.144290e-01 -4.708094e-01 -7.167296e-01
    outer loop
      vertex   -2.842832e+01 7.777851e+00 -7.919344e+01
      vertex   -2.799428e+01 7.777851e+00 -7.950497e+01
      vertex   -2.774652e+01 6.913417e+00 -7.911496e+01
    endloop
  endfacet
  facet normal -5.144290e-01 -4.708094e-01 -7.167296e-01
    outer loop
      vertex   -2.842832e+01 7.777851e+00 -7.919344e+01
      vertex   -2.774652e+01 6.913417e+00 -7.911496e+01
      vertex   -2.813810e+01 6.913417e+00 -7.883391e+01
    endloop
  endfacet
  facet normal -5.580647e-01 -2.898590e-01 -7.775253e-01
    outer loop
      vertex   -2.813810e+01 6.913417e+00 -7.883391e+01
      vertex   -2.774652e+01 6.913417e+00 -7.911496e+01
      vertex   -2.759396e+01 5.975452e+00 -7.887479e+01
    endloop
  endfacet
  facet normal -5.580647e-01 -2.898590e-01 -7.775253e-01
    outer loop
      vertex   -2.813810e+01 6.913417e+00 -7.883391e+01
      vertex   -2.759396e+01 5.975452e+00 -7.887479e+01
      vertex   -2.795938e+01 5.975452e+00 -7.861251e+01
    endloop
  endfacet
  facet normal -5.794366e-01 -1.118795e-01 -8.073018e-01
    outer loop
      vertex   -2.795938e+01 5.975452e+00 -7.861251e+01
      vertex   -2.759396e+01 5.975452e+00 -7.887479e+01
      vertex   -2.803318e+01 5.000000e+00 -7.842436e+01
    endloop
  endfacet
  facet normal -2.405151e-01 -8.614417e-01 -4.472927e-01
    outer loop
      vertex   -2.851449e+01 9.418554e+00 -8.130322e+01
      vertex   -2.813589e+01 9.157348e+00 -8.100374e+01
      vertex   -2.851449e+01 9.170037e+00 -8.082460e+01
    endloop
  endfacet
  facet normal -2.923599e-01 -7.729204e-01 -5.631338e-01
    outer loop
      vertex   -2.851449e+01 9.170037e+00 -8.082460e+01
      vertex   -2.813589e+01 9.157348e+00 -8.100374e+01
      vertex   -2.780307e+01 8.535534e+00 -8.032307e+01
    endloop
  endfacet
  facet normal -3.067282e-01 -7.776728e-01 -5.487648e-01
    outer loop
      vertex   -2.851449e+01 9.170037e+00 -8.082460e+01
      vertex   -2.780307e+01 8.535534e+00 -8.032307e+01
      vertex   -2.832770e+01 8.535534e+00 -8.002983e+01
    endloop
  endfacet
  facet normal -3.773817e-01 -6.338202e-01 -6.751703e-01
    outer loop
      vertex   -2.832770e+01 8.535534e+00 -8.002983e+01
      vertex   -2.780307e+01 8.535534e+00 -8.032307e+01
      vertex   -2.752997e+01 7.777851e+00 -7.976444e+01
    endloop
  endfacet
  facet normal -3.773367e-01 -6.337912e-01 -6.752228e-01
    outer loop
      vertex   -2.832770e+01 8.535534e+00 -8.002983e+01
      vertex   -2.752997e+01 7.777851e+00 -7.976444e+01
      vertex   -2.799428e+01 7.777851e+00 -7.950497e+01
    endloop
  endfacet
  facet normal -4.303689e-01 -4.708466e-01 -7.701208e-01
    outer loop
      vertex   -2.799428e+01 7.777851e+00 -7.950497e+01
      vertex   -2.752997e+01 7.777851e+00 -7.976444e+01
      vertex   -2.732700e+01 6.913417e+00 -7.934936e+01
    endloop
  endfacet
  facet normal -4.303131e-01 -4.708129e-01 -7.701726e-01
    outer loop
      vertex   -2.799428e+01 7.777851e+00 -7.950497e+01
      vertex   -2.732700e+01 6.913417e+00 -7.934936e+01
      vertex   -2.774652e+01 6.913417e+00 -7.911496e+01
    endloop
  endfacet
  facet normal -4.668092e-01 -2.898967e-01 -8.354933e-01
    outer loop
      vertex   -2.774652e+01 6.913417e+00 -7.911496e+01
      vertex   -2.732700e+01 6.913417e+00 -7.934936e+01
      vertex   -2.720185e+01 5.975452e+00 -7.909383e+01
    endloop
  endfacet
  facet normal -4.667445e-01 -2.898603e-01 -8.355421e-01
    outer loop
      vertex   -2.774652e+01 6.913417e+00 -7.911496e+01
      vertex   -2.720185e+01 5.975452e+00 -7.909383e+01
      vertex   -2.759396e+01 5.975452e+00 -7.887479e+01
    endloop
  endfacet
  facet normal -4.855287e-01 -9.385034e-02 -8.691686e-01
    outer loop
      vertex   -2.759396e+01 5.975452e+00 -7.887479e+01
      vertex   -2.720185e+01 5.975452e+00 -7.909383e+01
      vertex   -2.746777e+01 5.000000e+00 -7.883995e+01
    endloop
  endfacet
  facet normal -5.889933e-01 -1.048107e-01 -8.013124e-01
    outer loop
      vertex   -2.759396e+01 5.975452e+00 -7.887479e+01
      vertex   -2.746777e+01 5.000000e+00 -7.883995e+01
      vertex   -2.803318e+01 5.000000e+00 -7.842436e+01
    endloop
  endfacet
  facet normal -3.126321e-01 -8.755224e-01 -3.684041e-01
    outer loop
      vertex   -2.851449e+01 9.418554e+00 -8.130322e+01
      vertex   -2.851449e+01 9.618210e+00 -8.177771e+01
      vertex   -2.813589e+01 9.157348e+00 -8.100374e+01
    endloop
  endfacet
  facet normal -1.824253e-01 -8.814484e-01 -4.356257e-01
    outer loop
      vertex   -2.813589e+01 9.157348e+00 -8.100374e+01
      vertex   -2.851449e+01 9.618210e+00 -8.177771e+01
      vertex   -2.749443e+01 9.157348e+00 -8.127237e+01
    endloop
  endfacet
  facet normal -2.452918e-01 -7.724832e-01 -5.857488e-01
    outer loop
      vertex   -2.813589e+01 9.157348e+00 -8.100374e+01
      vertex   -2.749443e+01 9.157348e+00 -8.127237e+01
      vertex   -2.780307e+01 8.535534e+00 -8.032307e+01
    endloop
  endfacet
  facet normal -2.452321e-01 -7.725057e-01 -5.857441e-01
    outer loop
      vertex   -2.780307e+01 8.535534e+00 -8.032307e+01
      vertex   -2.749443e+01 9.157348e+00 -8.127237e+01
      vertex   -2.724206e+01 8.535534e+00 -8.055795e+01
    endloop
  endfacet
  facet normal -2.987304e-01 -6.337511e-01 -7.135263e-01
    outer loop
      vertex   -2.780307e+01 8.535534e+00 -8.032307e+01
      vertex   -2.724206e+01 8.535534e+00 -8.055795e+01
      vertex   -2.752997e+01 7.777851e+00 -7.976444e+01
    endloop
  endfacet
  facet normal -2.986612e-01 -6.337804e-01 -7.135292e-01
    outer loop
      vertex   -2.752997e+01 7.777851e+00 -7.976444e+01
      vertex   -2.724206e+01 8.535534e+00 -8.055795e+01
      vertex   -2.703495e+01 7.777851e+00 -7.997164e+01
    endloop
  endfacet
  facet normal -3.406476e-01 -4.707720e-01 -8.138384e-01
    outer loop
      vertex   -2.752997e+01 7.777851e+00 -7.976444e+01
      vertex   -2.703495e+01 7.777851e+00 -7.997164e+01
      vertex   -2.732700e+01 6.913417e+00 -7.934936e+01
    endloop
  endfacet
  facet normal -3.405723e-01 -4.708059e-01 -8.138503e-01
    outer loop
      vertex   -2.732700e+01 6.913417e+00 -7.934936e+01
      vertex   -2.703495e+01 7.777851e+00 -7.997164e+01
      vertex   -2.688105e+01 6.913417e+00 -7.953597e+01
    endloop
  endfacet
  facet normal -3.694646e-01 -2.898212e-01 -8.828928e-01
    outer loop
      vertex   -2.732700e+01 6.913417e+00 -7.934936e+01
      vertex   -2.688105e+01 6.913417e+00 -7.953597e+01
      vertex   -2.720185e+01 5.975452e+00 -7.909383e+01
    endloop
  endfacet
  facet normal -3.693863e-01 -2.898577e-01 -8.829135e-01
    outer loop
      vertex   -2.720185e+01 5.975452e+00 -7.909383e+01
      vertex   -2.688105e+01 6.913417e+00 -7.953597e+01
      vertex   -2.678628e+01 5.975452e+00 -7.926769e+01
    endloop
  endfacet
  facet normal -3.824918e-01 -1.336703e-01 -9.142386e-01
    outer loop
      vertex   -2.720185e+01 5.975452e+00 -7.909383e+01
      vertex   -2.678628e+01 5.975452e+00 -7.926769e+01
      vertex   -2.746777e+01 5.000000e+00 -7.883995e+01
    endloop
  endfacet
  facet normal -4.357324e-01 -8.835746e-02 -8.957289e-01
    outer loop
      vertex   -2.746777e+01 5.000000e+00 -7.883995e+01
      vertex   -2.678628e+01 5.975452e+00 -7.926769e+01
      vertex   -2.683676e+01 5.000000e+00 -7.914691e+01
    endloop
  endfacet
  facet normal -2.776992e-01 -1.038790e-01 -9.550352e-01
    outer loop
      vertex   -2.683676e+01 5.000000e+00 -7.914691e+01
      vertex   -2.678628e+01 5.975452e+00 -7.926769e+01
      vertex   -2.635436e+01 5.975452e+00 -7.939328e+01
    endloop
  endfacet
  facet normal -2.666969e-01 -1.099399e-01 -9.574894e-01
    outer loop
      vertex   -2.683676e+01 5.000000e+00 -7.914691e+01
      vertex   -2.635436e+01 5.975452e+00 -7.939328e+01
      vertex   -2.616078e+01 5.000000e+00 -7.933520e+01
    endloop
  endfacet
  facet normal -1.682541e-01 -9.183054e-02 -9.814569e-01
    outer loop
      vertex   -2.616078e+01 5.000000e+00 -7.933520e+01
      vertex   -2.635436e+01 5.975452e+00 -7.939328e+01
      vertex   -2.591103e+01 5.975452e+00 -7.946928e+01
    endloop
  endfacet
  facet normal -8.984770e-02 -1.130144e-01 -9.895227e-01
    outer loop
      vertex   -2.616078e+01 5.000000e+00 -7.933520e+01
      vertex   -2.591103e+01 5.975452e+00 -7.946928e+01
      vertex   -2.546194e+01 5.000000e+00 -7.939865e+01
    endloop
  endfacet
  facet normal -5.629249e-02 -9.786172e-02 -9.936067e-01
    outer loop
      vertex   -2.546194e+01 5.000000e+00 -7.939865e+01
      vertex   -2.591103e+01 5.975452e+00 -7.946928e+01
      vertex   -2.546194e+01 5.975452e+00 -7.949473e+01
    endloop
  endfacet
  facet normal -5.413567e-02 -2.898590e-01 -9.555371e-01
    outer loop
      vertex   -2.546194e+01 5.975452e+00 -7.949473e+01
      vertex   -2.591103e+01 5.975452e+00 -7.946928e+01
      vertex   -2.594316e+01 6.913417e+00 -7.975199e+01
    endloop
  endfacet
  facet normal -5.413567e-02 -2.898590e-01 -9.555371e-01
    outer loop
      vertex   -2.546194e+01 5.975452e+00 -7.949473e+01
      vertex   -2.594316e+01 6.913417e+00 -7.975199e+01
      vertex   -2.546194e+01 6.913417e+00 -7.977925e+01
    endloop
  endfacet
  facet normal -4.990273e-02 -4.708094e-01 -8.808225e-01
    outer loop
      vertex   -2.546194e+01 6.913417e+00 -7.977925e+01
      vertex   -2.594316e+01 6.913417e+00 -7.975199e+01
      vertex   -2.599535e+01 7.777851e+00 -8.021108e+01
    endloop
  endfacet
  facet normal -4.990273e-02 -4.708094e-01 -8.808225e-01
    outer loop
      vertex   -2.546194e+01 6.913417e+00 -7.977925e+01
      vertex   -2.599535e+01 7.777851e+00 -8.021108e+01
      vertex   -2.546194e+01 7.777851e+00 -8.024130e+01
    endloop
  endfacet
  facet normal -4.375274e-02 -6.337858e-01 -7.722702e-01
    outer loop
      vertex   -2.546194e+01 7.777851e+00 -8.024130e+01
      vertex   -2.599535e+01 7.777851e+00 -8.021108e+01
      vertex   -2.606558e+01 8.535534e+00 -8.082892e+01
    endloop
  endfacet
  facet normal -4.375274e-02 -6.337858e-01 -7.722702e-01
    outer loop
      vertex   -2.546194e+01 7.777851e+00 -8.024130e+01
      vertex   -2.606558e+01 8.535534e+00 -8.082892e+01
      vertex   -2.546194e+01 8.535534e+00 -8.086312e+01
    endloop
  endfacet
  facet normal -3.591817e-02 -7.725117e-01 -6.339839e-01
    outer loop
      vertex   -2.546194e+01 8.535534e+00 -8.086312e+01
      vertex   -2.606558e+01 8.535534e+00 -8.082892e+01
      vertex   -2.615116e+01 9.157348e+00 -8.158175e+01
    endloop
  endfacet
  facet normal -3.591817e-02 -7.725117e-01 -6.339839e-01
    outer loop
      vertex   -2.546194e+01 8.535534e+00 -8.086312e+01
      vertex   -2.615116e+01 9.157348e+00 -8.158175e+01
      vertex   -2.546194e+01 9.157348e+00 -8.162080e+01
    endloop
  endfacet
  facet normal -2.669732e-02 -8.816069e-01 -4.712287e-01
    outer loop
      vertex   -2.546194e+01 9.157348e+00 -8.162080e+01
      vertex   -2.615116e+01 9.157348e+00 -8.158175e+01
      vertex   -2.624879e+01 9.619398e+00 -8.244066e+01
    endloop
  endfacet
  facet normal -2.669732e-02 -8.816069e-01 -4.712287e-01
    outer loop
      vertex   -2.546194e+01 9.157348e+00 -8.162080e+01
      vertex   -2.624879e+01 9.619398e+00 -8.244066e+01
      vertex   -2.546194e+01 9.619398e+00 -8.248523e+01
    endloop
  endfacet
  facet normal -1.644377e-02 -9.568109e-01 -2.902454e-01
    outer loop
      vertex   -2.546194e+01 9.619398e+00 -8.248523e+01
      vertex   -2.624879e+01 9.619398e+00 -8.244066e+01
      vertex   -2.635473e+01 9.903926e+00 -8.337262e+01
    endloop
  endfacet
  facet normal -1.644377e-02 -9.568109e-01 -2.902454e-01
    outer loop
      vertex   -2.546194e+01 9.619398e+00 -8.248523e+01
      vertex   -2.635473e+01 9.903926e+00 -8.337262e+01
      vertex   -2.546194e+01 9.903926e+00 -8.342320e+01
    endloop
  endfacet
  facet normal -5.553046e-03 -9.951694e-01 -9.801563e-02
    outer loop
      vertex   -2.546194e+01 9.903926e+00 -8.342320e+01
      vertex   -2.635473e+01 9.903926e+00 -8.337262e+01
      vertex   -2.546194e+01 1.000000e+01 -8.439865e+01
    endloop
  endfacet
  facet normal -5.748916e-03 -9.951516e-01 -9.818440e-02
    outer loop
      vertex   -2.546194e+01 1.000000e+01 -8.439865e+01
      vertex   -2.635473e+01 9.903926e+00 -8.337262e+01
      vertex   -2.649827e+01 1.000000e+01 -8.433797e+01
    endloop
  endfacet
  facet normal -1.655715e-02 -9.951874e-01 -9.658086e-02
    outer loop
      vertex   -2.649827e+01 1.000000e+01 -8.433797e+01
      vertex   -2.635473e+01 9.903926e+00 -8.337262e+01
      vertex   -2.723610e+01 9.903926e+00 -8.322152e+01
    endloop
  endfacet
  facet normal -1.719583e-02 -9.951360e-01 -9.699852e-02
    outer loop
      vertex   -2.649827e+01 1.000000e+01 -8.433797e+01
      vertex   -2.723610e+01 9.903926e+00 -8.322152e+01
      vertex   -2.752045e+01 1.000000e+01 -8.415676e+01
    endloop
  endfacet
  facet normal -2.731231e-02 -9.952041e-01 -9.392976e-02
    outer loop
      vertex   -2.752045e+01 1.000000e+01 -8.415676e+01
      vertex   -2.723610e+01 9.903926e+00 -8.322152e+01
      vertex   -2.809476e+01 9.903926e+00 -8.297185e+01
    endloop
  endfacet
  facet normal -7.016602e-02 -9.909588e-01 -1.143564e-01
    outer loop
      vertex   -2.752045e+01 1.000000e+01 -8.415676e+01
      vertex   -2.809476e+01 9.903926e+00 -8.297185e+01
      vertex   -2.851449e+01 9.976070e+00 -8.333948e+01
    endloop
  endfacet
  facet normal -5.144310e-02 -9.894497e-01 -1.354360e-01
    outer loop
      vertex   -2.851449e+01 9.976070e+00 -8.333948e+01
      vertex   -2.809476e+01 9.903926e+00 -8.297185e+01
      vertex   -2.851449e+01 9.902648e+00 -8.280309e+01
    endloop
  endfacet
  facet normal -1.058337e-01 -9.568953e-01 -2.704638e-01
    outer loop
      vertex   -2.851449e+01 9.902648e+00 -8.280309e+01
      vertex   -2.809476e+01 9.903926e+00 -8.297185e+01
      vertex   -2.778235e+01 9.619398e+00 -8.208744e+01
    endloop
  endfacet
  facet normal -1.535883e-01 -9.624551e-01 -2.238096e-01
    outer loop
      vertex   -2.851449e+01 9.902648e+00 -8.280309e+01
      vertex   -2.778235e+01 9.619398e+00 -8.208744e+01
      vertex   -2.851449e+01 9.779725e+00 -8.227447e+01
    endloop
  endfacet
  facet normal -1.281979e-01 -9.431497e-01 -3.066497e-01
    outer loop
      vertex   -2.851449e+01 9.779725e+00 -8.227447e+01
      vertex   -2.778235e+01 9.619398e+00 -8.208744e+01
      vertex   -2.851449e+01 9.618210e+00 -8.177771e+01
    endloop
  endfacet
  facet normal -1.826902e-01 -8.815927e-01 -4.352226e-01
    outer loop
      vertex   -2.851449e+01 9.618210e+00 -8.177771e+01
      vertex   -2.778235e+01 9.619398e+00 -8.208744e+01
      vertex   -2.749443e+01 9.157348e+00 -8.127237e+01
    endloop
  endfacet
  facet normal -1.389144e-02 -9.988383e-01 -4.614205e-02
    outer loop
      vertex   -2.851449e+01 9.976070e+00 -8.333948e+01
      vertex   -2.851449e+01 1.000000e+01 -8.385750e+01
      vertex   -2.752045e+01 1.000000e+01 -8.415676e+01
    endloop
  endfacet
  facet normal -8.116930e-02 -9.568109e-01 -2.791493e-01
    outer loop
      vertex   -2.778235e+01 9.619398e+00 -8.208744e+01
      vertex   -2.809476e+01 9.903926e+00 -8.297185e+01
      vertex   -2.702558e+01 9.619398e+00 -8.230749e+01
    endloop
  endfacet
  facet normal -8.116930e-02 -9.568109e-01 -2.791493e-01
    outer loop
      vertex   -2.702558e+01 9.619398e+00 -8.230749e+01
      vertex   -2.809476e+01 9.903926e+00 -8.297185e+01
      vertex   -2.723610e+01 9.903926e+00 -8.322152e+01
    endloop
  endfacet
  facet normal -4.912086e-02 -9.568109e-01 -2.865309e-01
    outer loop
      vertex   -2.702558e+01 9.619398e+00 -8.230749e+01
      vertex   -2.723610e+01 9.903926e+00 -8.322152e+01
      vertex   -2.624879e+01 9.619398e+00 -8.244066e+01
    endloop
  endfacet
  facet normal -4.912086e-02 -9.568109e-01 -2.865309e-01
    outer loop
      vertex   -2.624879e+01 9.619398e+00 -8.244066e+01
      vertex   -2.723610e+01 9.903926e+00 -8.322152e+01
      vertex   -2.635473e+01 9.903926e+00 -8.337262e+01
    endloop
  endfacet
  facet normal -1.317826e-01 -8.816069e-01 -4.532136e-01
    outer loop
      vertex   -2.749443e+01 9.157348e+00 -8.127237e+01
      vertex   -2.778235e+01 9.619398e+00 -8.208744e+01
      vertex   -2.683156e+01 9.157348e+00 -8.146511e+01
    endloop
  endfacet
  facet normal -1.317826e-01 -8.816069e-01 -4.532136e-01
    outer loop
      vertex   -2.683156e+01 9.157348e+00 -8.146511e+01
      vertex   -2.778235e+01 9.619398e+00 -8.208744e+01
      vertex   -2.702558e+01 9.619398e+00 -8.230749e+01
    endloop
  endfacet
  facet normal -7.975029e-02 -8.816069e-01 -4.651980e-01
    outer loop
      vertex   -2.683156e+01 9.157348e+00 -8.146511e+01
      vertex   -2.702558e+01 9.619398e+00 -8.230749e+01
      vertex   -2.615116e+01 9.157348e+00 -8.158175e+01
    endloop
  endfacet
  facet normal -7.975029e-02 -8.816069e-01 -4.651980e-01
    outer loop
      vertex   -2.615116e+01 9.157348e+00 -8.158175e+01
      vertex   -2.702558e+01 9.619398e+00 -8.230749e+01
      vertex   -2.624879e+01 9.619398e+00 -8.244066e+01
    endloop
  endfacet
  facet normal -1.772983e-01 -7.725117e-01 -6.097467e-01
    outer loop
      vertex   -2.724206e+01 8.535534e+00 -8.055795e+01
      vertex   -2.749443e+01 9.157348e+00 -8.127237e+01
      vertex   -2.666150e+01 8.535534e+00 -8.072676e+01
    endloop
  endfacet
  facet normal -1.772983e-01 -7.725117e-01 -6.097467e-01
    outer loop
      vertex   -2.666150e+01 8.535534e+00 -8.072676e+01
      vertex   -2.749443e+01 9.157348e+00 -8.127237e+01
      vertex   -2.683156e+01 9.157348e+00 -8.146511e+01
    endloop
  endfacet
  facet normal -1.072948e-01 -7.725117e-01 -6.258702e-01
    outer loop
      vertex   -2.666150e+01 8.535534e+00 -8.072676e+01
      vertex   -2.683156e+01 9.157348e+00 -8.146511e+01
      vertex   -2.606558e+01 8.535534e+00 -8.082892e+01
    endloop
  endfacet
  facet normal -1.072948e-01 -7.725117e-01 -6.258702e-01
    outer loop
      vertex   -2.606558e+01 8.535534e+00 -8.082892e+01
      vertex   -2.683156e+01 9.157348e+00 -8.146511e+01
      vertex   -2.615116e+01 9.157348e+00 -8.158175e+01
    endloop
  endfacet
  facet normal -2.159711e-01 -6.337858e-01 -7.427463e-01
    outer loop
      vertex   -2.703495e+01 7.777851e+00 -7.997164e+01
      vertex   -2.724206e+01 8.535534e+00 -8.055795e+01
      vertex   -2.652193e+01 7.777851e+00 -8.012081e+01
    endloop
  endfacet
  facet normal -2.159711e-01 -6.337858e-01 -7.427463e-01
    outer loop
      vertex   -2.652193e+01 7.777851e+00 -8.012081e+01
      vertex   -2.724206e+01 8.535534e+00 -8.055795e+01
      vertex   -2.666150e+01 8.535534e+00 -8.072676e+01
    endloop
  endfacet
  facet normal -1.306983e-01 -6.337858e-01 -7.623867e-01
    outer loop
      vertex   -2.652193e+01 7.777851e+00 -8.012081e+01
      vertex   -2.666150e+01 8.535534e+00 -8.072676e+01
      vertex   -2.599535e+01 7.777851e+00 -8.021108e+01
    endloop
  endfacet
  facet normal -1.306983e-01 -6.337858e-01 -7.623867e-01
    outer loop
      vertex   -2.599535e+01 7.777851e+00 -8.021108e+01
      vertex   -2.666150e+01 8.535534e+00 -8.072676e+01
      vertex   -2.606558e+01 8.535534e+00 -8.082892e+01
    endloop
  endfacet
  facet normal -2.672231e-01 -2.898590e-01 -9.190068e-01
    outer loop
      vertex   -2.635436e+01 5.975452e+00 -7.939328e+01
      vertex   -2.678628e+01 5.975452e+00 -7.926769e+01
      vertex   -2.688105e+01 6.913417e+00 -7.953597e+01
    endloop
  endfacet
  facet normal -2.463286e-01 -4.708094e-01 -8.471486e-01
    outer loop
      vertex   -2.688105e+01 6.913417e+00 -7.953597e+01
      vertex   -2.703495e+01 7.777851e+00 -7.997164e+01
      vertex   -2.641823e+01 6.913417e+00 -7.967055e+01
    endloop
  endfacet
  facet normal -2.463286e-01 -4.708094e-01 -8.471486e-01
    outer loop
      vertex   -2.641823e+01 6.913417e+00 -7.967055e+01
      vertex   -2.703495e+01 7.777851e+00 -7.997164e+01
      vertex   -2.652193e+01 7.777851e+00 -8.012081e+01
    endloop
  endfacet
  facet normal -1.490695e-01 -4.708094e-01 -8.695497e-01
    outer loop
      vertex   -2.641823e+01 6.913417e+00 -7.967055e+01
      vertex   -2.652193e+01 7.777851e+00 -8.012081e+01
      vertex   -2.594316e+01 6.913417e+00 -7.975199e+01
    endloop
  endfacet
  facet normal -1.490695e-01 -4.708094e-01 -8.695497e-01
    outer loop
      vertex   -2.594316e+01 6.913417e+00 -7.975199e+01
      vertex   -2.652193e+01 7.777851e+00 -8.012081e+01
      vertex   -2.599535e+01 7.777851e+00 -8.021108e+01
    endloop
  endfacet
  facet normal -1.617142e-01 -2.898590e-01 -9.433082e-01
    outer loop
      vertex   -2.591103e+01 5.975452e+00 -7.946928e+01
      vertex   -2.635436e+01 5.975452e+00 -7.939328e+01
      vertex   -2.641823e+01 6.913417e+00 -7.967055e+01
    endloop
  endfacet
  facet normal -2.672231e-01 -2.898590e-01 -9.190068e-01
    outer loop
      vertex   -2.641823e+01 6.913417e+00 -7.967055e+01
      vertex   -2.635436e+01 5.975452e+00 -7.939328e+01
      vertex   -2.688105e+01 6.913417e+00 -7.953597e+01
    endloop
  endfacet
  facet normal -1.617142e-01 -2.898590e-01 -9.433082e-01
    outer loop
      vertex   -2.591103e+01 5.975452e+00 -7.946928e+01
      vertex   -2.641823e+01 6.913417e+00 -7.967055e+01
      vertex   -2.594316e+01 6.913417e+00 -7.975199e+01
    endloop
  endfacet
  facet normal 0.000000e+00 -9.914449e-01 1.305262e-01
    outer loop
      vertex   -2.876449e+01 2.487975e-01 -7.186865e+01
      vertex   -3.576449e+01 2.487975e-01 -7.186865e+01
      vertex   -2.876449e+01 1.891677e-01 -7.232159e+01
    endloop
  endfacet
  facet normal 2.453283e-16 -9.914449e-01 1.305262e-01
    outer loop
      vertex   -2.876449e+01 1.891677e-01 -7.232159e+01
      vertex   -3.576449e+01 2.487975e-01 -7.186865e+01
      vertex   -3.576449e+01 1.891677e-01 -7.232159e+01
    endloop
  endfacet
  facet normal 7.585778e-16 -9.238795e-01 3.826834e-01
    outer loop
      vertex   -2.876449e+01 1.891677e-01 -7.232159e+01
      vertex   -3.576449e+01 1.891677e-01 -7.232159e+01
      vertex   -2.876449e+01 1.434197e-02 -7.274365e+01
    endloop
  endfacet
  facet normal 0.000000e+00 -9.238795e-01 3.826834e-01
    outer loop
      vertex   -2.876449e+01 1.434197e-02 -7.274365e+01
      vertex   -3.576449e+01 1.891677e-01 -7.232159e+01
      vertex   -3.576449e+01 1.434197e-02 -7.274365e+01
    endloop
  endfacet
  facet normal 0.000000e+00 -7.933533e-01 6.087614e-01
    outer loop
      vertex   -2.876449e+01 1.434197e-02 -7.274365e+01
      vertex   -3.576449e+01 1.434197e-02 -7.274365e+01
      vertex   -2.876449e+01 -2.637656e-01 -7.310609e+01
    endloop
  endfacet
  facet normal 0.000000e+00 -7.933533e-01 6.087614e-01
    outer loop
      vertex   -2.876449e+01 -2.637656e-01 -7.310609e+01
      vertex   -3.576449e+01 1.434197e-02 -7.274365e+01
      vertex   -3.576449e+01 -2.637656e-01 -7.310609e+01
    endloop
  endfacet
  facet normal 0.000000e+00 -6.087614e-01 7.933533e-01
    outer loop
      vertex   -2.876449e+01 -2.637656e-01 -7.310609e+01
      vertex   -3.576449e+01 -2.637656e-01 -7.310609e+01
      vertex   -2.876449e+01 -6.262025e-01 -7.338420e+01
    endloop
  endfacet
  facet normal -2.896547e-17 -6.087614e-01 7.933533e-01
    outer loop
      vertex   -2.876449e+01 -6.262025e-01 -7.338420e+01
      vertex   -3.576449e+01 -2.637656e-01 -7.310609e+01
      vertex   -3.576449e+01 -6.262025e-01 -7.338420e+01
    endloop
  endfacet
  facet normal -1.820846e-17 -3.826834e-01 9.238795e-01
    outer loop
      vertex   -2.876449e+01 -6.262025e-01 -7.338420e+01
      vertex   -3.576449e+01 -6.262025e-01 -7.338420e+01
      vertex   -2.876449e+01 -1.048269e+00 -7.355902e+01
    endloop
  endfacet
  facet normal 0.000000e+00 -3.826834e-01 9.238795e-01
    outer loop
      vertex   -2.876449e+01 -1.048269e+00 -7.355902e+01
      vertex   -3.576449e+01 -6.262025e-01 -7.338420e+01
      vertex   -3.576449e+01 -1.048269e+00 -7.355902e+01
    endloop
  endfacet
  facet normal 0.000000e+00 -1.305262e-01 9.914449e-01
    outer loop
      vertex   -2.876449e+01 -1.048269e+00 -7.355902e+01
      vertex   -3.576449e+01 -1.048269e+00 -7.355902e+01
      vertex   -2.876449e+01 -1.501202e+00 -7.361865e+01
    endloop
  endfacet
  facet normal 0.000000e+00 -1.305262e-01 9.914449e-01
    outer loop
      vertex   -2.876449e+01 -1.501202e+00 -7.361865e+01
      vertex   -3.576449e+01 -1.048269e+00 -7.355902e+01
      vertex   -3.576449e+01 -1.501202e+00 -7.361865e+01
    endloop
  endfacet
  facet normal 0.000000e+00 -1.000000e+00 1.530005e-15
    outer loop
      vertex   -3.576449e+01 2.487975e-01 -6.542865e+01
      vertex   -3.576449e+01 2.487975e-01 -7.186865e+01
      vertex   -2.876449e+01 2.487975e-01 -6.542865e+01
    endloop
  endfacet
  facet normal -7.874610e-32 -1.000000e+00 1.530005e-15
    outer loop
      vertex   -2.876449e+01 2.487975e-01 -6.542865e+01
      vertex   -3.576449e+01 2.487975e-01 -7.186865e+01
      vertex   -2.876449e+01 2.487975e-01 -7.186865e+01
    endloop
  endfacet
  facet normal 0.000000e+00 7.071068e-01 -7.071068e-01
    outer loop
      vertex   -2.851449e+01 1.250000e+01 -9.215848e+01
      vertex   2.915968e+01 1.250000e+01 -9.215848e+01
      vertex   -2.851449e+01 1.000000e+01 -9.465848e+01
    endloop
  endfacet
  facet normal 0.000000e+00 7.071068e-01 -7.071068e-01
    outer loop
      vertex   -2.851449e+01 1.000000e+01 -9.465848e+01
      vertex   2.915968e+01 1.250000e+01 -9.215848e+01
      vertex   2.915968e+01 1.000000e+01 -9.465848e+01
    endloop
  endfacet
  facet normal -7.060144e-01 7.060144e-01 -5.556454e-02
    outer loop
      vertex   -3.601449e+01 1.000000e+01 -8.715848e+01
      vertex   -3.351449e+01 1.250000e+01 -8.715848e+01
      vertex   -3.592215e+01 1.000000e+01 -8.833174e+01
    endloop
  endfacet
  facet normal -7.021458e-01 7.086669e-01 -6.915533e-02
    outer loop
      vertex   -3.592215e+01 1.000000e+01 -8.833174e+01
      vertex   -3.351449e+01 1.250000e+01 -8.715848e+01
      vertex   -3.341841e+01 1.250000e+01 -8.813394e+01
    endloop
  endfacet
  facet normal -6.902237e-01 7.043665e-01 -1.657080e-01
    outer loop
      vertex   -3.592215e+01 1.000000e+01 -8.833174e+01
      vertex   -3.341841e+01 1.250000e+01 -8.813394e+01
      vertex   -3.564741e+01 1.000000e+01 -8.947611e+01
    endloop
  endfacet
  facet normal -6.736033e-01 7.102856e-01 -2.043353e-01
    outer loop
      vertex   -3.564741e+01 1.000000e+01 -8.947611e+01
      vertex   -3.341841e+01 1.250000e+01 -8.813394e+01
      vertex   -3.313388e+01 1.250000e+01 -8.907190e+01
    endloop
  endfacet
  facet normal -6.563092e-01 7.038143e-01 -2.718522e-01
    outer loop
      vertex   -3.564741e+01 1.000000e+01 -8.947611e+01
      vertex   -3.313388e+01 1.250000e+01 -8.907190e+01
      vertex   -3.519703e+01 1.000000e+01 -9.056341e+01
    endloop
  endfacet
  facet normal -6.207964e-01 7.102856e-01 -3.318226e-01
    outer loop
      vertex   -3.519703e+01 1.000000e+01 -9.056341e+01
      vertex   -3.313388e+01 1.250000e+01 -8.907190e+01
      vertex   -3.267183e+01 1.250000e+01 -8.993633e+01
    endloop
  endfacet
  facet normal -6.052351e-01 7.043665e-01 -3.708886e-01
    outer loop
      vertex   -3.519703e+01 1.000000e+01 -9.056341e+01
      vertex   -3.267183e+01 1.250000e+01 -8.993633e+01
      vertex   -3.458211e+01 1.000000e+01 -9.156687e+01
    endloop
  endfacet
  facet normal -5.453923e-01 7.086669e-01 -4.475919e-01
    outer loop
      vertex   -3.458211e+01 1.000000e+01 -9.156687e+01
      vertex   -3.267183e+01 1.250000e+01 -8.993633e+01
      vertex   -3.205002e+01 1.250000e+01 -9.069402e+01
    endloop
  endfacet
  facet normal -5.385176e-01 7.060144e-01 -4.599375e-01
    outer loop
      vertex   -3.458211e+01 1.000000e+01 -9.156687e+01
      vertex   -3.205002e+01 1.250000e+01 -9.069402e+01
      vertex   -3.381779e+01 1.000000e+01 -9.246178e+01
    endloop
  endfacet
  facet normal -4.599375e-01 7.060144e-01 -5.385176e-01
    outer loop
      vertex   -3.381779e+01 1.000000e+01 -9.246178e+01
      vertex   -3.205002e+01 1.250000e+01 -9.069402e+01
      vertex   -3.292287e+01 1.000000e+01 -9.322611e+01
    endloop
  endfacet
  facet normal -4.475919e-01 7.086669e-01 -5.453923e-01
    outer loop
      vertex   -3.292287e+01 1.000000e+01 -9.322611e+01
      vertex   -3.205002e+01 1.250000e+01 -9.069402e+01
      vertex   -3.129234e+01 1.250000e+01 -9.131583e+01
    endloop
  endfacet
  facet normal -3.708886e-01 7.043665e-01 -6.052351e-01
    outer loop
      vertex   -3.292287e+01 1.000000e+01 -9.322611e+01
      vertex   -3.129234e+01 1.250000e+01 -9.131583e+01
      vertex   -3.191941e+01 1.000000e+01 -9.384103e+01
    endloop
  endfacet
  facet normal -3.318226e-01 7.102856e-01 -6.207964e-01
    outer loop
      vertex   -3.191941e+01 1.000000e+01 -9.384103e+01
      vertex   -3.129234e+01 1.250000e+01 -9.131583e+01
      vertex   -3.042790e+01 1.250000e+01 -9.177788e+01
    endloop
  endfacet
  facet normal -2.718522e-01 7.038143e-01 -6.563092e-01
    outer loop
      vertex   -3.191941e+01 1.000000e+01 -9.384103e+01
      vertex   -3.042790e+01 1.250000e+01 -9.177788e+01
      vertex   -3.083211e+01 1.000000e+01 -9.429141e+01
    endloop
  endfacet
  facet normal -2.043353e-01 7.102856e-01 -6.736033e-01
    outer loop
      vertex   -3.083211e+01 1.000000e+01 -9.429141e+01
      vertex   -3.042790e+01 1.250000e+01 -9.177788e+01
      vertex   -2.948994e+01 1.250000e+01 -9.206241e+01
    endloop
  endfacet
  facet normal -1.657080e-01 7.043665e-01 -6.902237e-01
    outer loop
      vertex   -3.083211e+01 1.000000e+01 -9.429141e+01
      vertex   -2.948994e+01 1.250000e+01 -9.206241e+01
      vertex   -2.968774e+01 1.000000e+01 -9.456615e+01
    endloop
  endfacet
  facet normal -6.915533e-02 7.086669e-01 -7.021458e-01
    outer loop
      vertex   -2.968774e+01 1.000000e+01 -9.456615e+01
      vertex   -2.948994e+01 1.250000e+01 -9.206241e+01
      vertex   -2.851449e+01 1.250000e+01 -9.215848e+01
    endloop
  endfacet
  facet normal -5.556454e-02 7.060144e-01 -7.060144e-01
    outer loop
      vertex   -2.968774e+01 1.000000e+01 -9.456615e+01
      vertex   -2.851449e+01 1.250000e+01 -9.215848e+01
      vertex   -2.851449e+01 1.000000e+01 -9.465848e+01
    endloop
  endfacet
  facet normal -7.071068e-01 7.071068e-01 0.000000e+00
    outer loop
      vertex   -3.351449e+01 1.250000e+01 -6.326490e+01
      vertex   -3.351449e+01 1.250000e+01 -8.715848e+01
      vertex   -3.601449e+01 1.000000e+01 -6.326490e+01
    endloop
  endfacet
  facet normal -7.071068e-01 7.071068e-01 -4.205561e-16
    outer loop
      vertex   -3.601449e+01 1.000000e+01 -6.326490e+01
      vertex   -3.351449e+01 1.250000e+01 -8.715848e+01
      vertex   -3.601449e+01 1.000000e+01 -8.715848e+01
    endloop
  endfacet
  facet normal -6.945195e-01 7.068491e-01 1.341901e-01
    outer loop
      vertex   -3.581863e+01 1.000000e+01 -6.156213e+01
      vertex   -3.338392e+01 1.250000e+01 -6.212972e+01
      vertex   -3.592723e+01 1.000000e+01 -6.212418e+01
    endloop
  endfacet
  facet normal -6.945195e-01 7.068491e-01 1.341901e-01
    outer loop
      vertex   -3.592723e+01 1.000000e+01 -6.212418e+01
      vertex   -3.338392e+01 1.250000e+01 -6.212972e+01
      vertex   -3.345631e+01 1.250000e+01 -6.250442e+01
    endloop
  endfacet
  facet normal -7.027312e-01 7.068491e-01 8.082801e-02
    outer loop
      vertex   -3.592723e+01 1.000000e+01 -6.212418e+01
      vertex   -3.345631e+01 1.250000e+01 -6.250442e+01
      vertex   -3.349992e+01 1.250000e+01 -6.288355e+01
    endloop
  endfacet
  facet normal -7.068491e-01 7.068491e-01 2.699509e-02
    outer loop
      vertex   -3.351449e+01 1.250000e+01 -6.326490e+01
      vertex   -3.601449e+01 1.000000e+01 -6.326490e+01
      vertex   -3.349992e+01 1.250000e+01 -6.288355e+01
    endloop
  endfacet
  facet normal -7.068491e-01 7.068491e-01 2.699509e-02
    outer loop
      vertex   -3.349992e+01 1.250000e+01 -6.288355e+01
      vertex   -3.601449e+01 1.000000e+01 -6.326490e+01
      vertex   -3.599264e+01 1.000000e+01 -6.269288e+01
    endloop
  endfacet
  facet normal -7.027312e-01 7.068491e-01 8.082801e-02
    outer loop
      vertex   -3.349992e+01 1.250000e+01 -6.288355e+01
      vertex   -3.599264e+01 1.000000e+01 -6.269288e+01
      vertex   -3.592723e+01 1.000000e+01 -6.212418e+01
    endloop
  endfacet
  facet normal -6.886417e-01 7.071068e-01 1.605387e-01
    outer loop
      vertex   -1.673886e+01 1.250000e+01 9.270360e+00
      vertex   -3.338392e+01 1.250000e+01 -6.212972e+01
      vertex   -1.917358e+01 1.000000e+01 9.837950e+00
    endloop
  endfacet
  facet normal -6.886417e-01 7.071068e-01 1.605387e-01
    outer loop
      vertex   -1.917358e+01 1.000000e+01 9.837950e+00
      vertex   -3.338392e+01 1.250000e+01 -6.212972e+01
      vertex   -3.581863e+01 1.000000e+01 -6.156213e+01
    endloop
  endfacet
  facet normal -4.313926e-02 7.064485e-01 7.064485e-01
    outer loop
      vertex   -7.000000e+00 1.000000e+01 1.950000e+01
      vertex   -7.000000e+00 1.250000e+01 1.700000e+01
      vertex   -8.520953e+00 1.000000e+01 1.940712e+01
    endloop
  endfacet
  facet normal -4.736814e-02 7.076252e-01 7.049985e-01
    outer loop
      vertex   -8.520953e+00 1.000000e+01 1.940712e+01
      vertex   -7.000000e+00 1.250000e+01 1.700000e+01
      vertex   -8.337741e+00 1.250000e+01 1.691012e+01
    endloop
  endfacet
  facet normal -1.289492e-01 7.054976e-01 6.968826e-01
    outer loop
      vertex   -8.520953e+00 1.000000e+01 1.940712e+01
      vertex   -8.337741e+00 1.250000e+01 1.691012e+01
      vertex   -1.001930e+01 1.000000e+01 1.912987e+01
    endloop
  endfacet
  facet normal -1.410430e-01 7.086722e-01 6.912963e-01
    outer loop
      vertex   -1.001930e+01 1.000000e+01 1.912987e+01
      vertex   -8.337741e+00 1.250000e+01 1.691012e+01
      vertex   -9.651434e+00 1.250000e+01 1.664209e+01
    endloop
  endfacet
  facet normal -2.130068e-01 7.047551e-01 6.767188e-01
    outer loop
      vertex   -1.001930e+01 1.000000e+01 1.912987e+01
      vertex   -9.651434e+00 1.250000e+01 1.664209e+01
      vertex   -1.147279e+01 1.000000e+01 1.867237e+01
    endloop
  endfacet
  facet normal -2.319938e-01 7.094545e-01 6.654721e-01
    outer loop
      vertex   -1.147279e+01 1.000000e+01 1.867237e+01
      vertex   -9.651434e+00 1.250000e+01 1.664209e+01
      vertex   -1.091746e+01 1.250000e+01 1.620073e+01
    endloop
  endfacet
  facet normal -2.939832e-01 7.042233e-01 6.462533e-01
    outer loop
      vertex   -1.147279e+01 1.000000e+01 1.867237e+01
      vertex   -1.091746e+01 1.250000e+01 1.620073e+01
      vertex   -1.285980e+01 1.000000e+01 1.804141e+01
    endloop
  endfacet
  facet normal -3.186944e-01 7.099747e-01 6.279887e-01
    outer loop
      vertex   -1.285980e+01 1.000000e+01 1.804141e+01
      vertex   -1.091746e+01 1.250000e+01 1.620073e+01
      vertex   -1.211307e+01 1.250000e+01 1.559398e+01
    endloop
  endfacet
  facet normal -3.705979e-01 7.039037e-01 6.059512e-01
    outer loop
      vertex   -1.285980e+01 1.000000e+01 1.804141e+01
      vertex   -1.211307e+01 1.250000e+01 1.559398e+01
      vertex   -1.415974e+01 1.000000e+01 1.724637e+01
    endloop
  endfacet
  facet normal -3.996899e-01 7.102343e-01 5.794956e-01
    outer loop
      vertex   -1.415974e+01 1.000000e+01 1.724637e+01
      vertex   -1.211307e+01 1.250000e+01 1.559398e+01
      vertex   -1.321677e+01 1.250000e+01 1.483274e+01
    endloop
  endfacet
  facet normal -4.416399e-01 7.037970e-01 5.564387e-01
    outer loop
      vertex   -1.415974e+01 1.000000e+01 1.724637e+01
      vertex   -1.321677e+01 1.250000e+01 1.483274e+01
      vertex   -1.535328e+01 1.000000e+01 1.629907e+01
    endloop
  endfacet
  facet normal -4.736189e-01 7.102343e-01 5.208189e-01
    outer loop
      vertex   -1.535328e+01 1.000000e+01 1.629907e+01
      vertex   -1.321677e+01 1.250000e+01 1.483274e+01
      vertex   -1.420871e+01 1.250000e+01 1.393069e+01
    endloop
  endfacet
  facet normal -5.059885e-01 7.039037e-01 4.984930e-01
    outer loop
      vertex   -1.535328e+01 1.000000e+01 1.629907e+01
      vertex   -1.420871e+01 1.250000e+01 1.393069e+01
      vertex   -1.642269e+01 1.000000e+01 1.521358e+01
    endloop
  endfacet
  facet normal -5.392345e-01 7.099747e-01 4.529482e-01
    outer loop
      vertex   -1.642269e+01 1.000000e+01 1.521358e+01
      vertex   -1.420871e+01 1.250000e+01 1.393069e+01
      vertex   -1.507106e+01 1.250000e+01 1.290406e+01
    endloop
  endfacet
  facet normal -5.626325e-01 7.042233e-01 4.330291e-01
    outer loop
      vertex   -1.642269e+01 1.000000e+01 1.521358e+01
      vertex   -1.507106e+01 1.250000e+01 1.290406e+01
      vertex   -1.735208e+01 1.000000e+01 1.400603e+01
    endloop
  endfacet
  facet normal -5.954233e-01 7.094545e-01 3.770218e-01
    outer loop
      vertex   -1.735208e+01 1.000000e+01 1.400603e+01
      vertex   -1.507106e+01 1.250000e+01 1.290406e+01
      vertex   -1.578833e+01 1.250000e+01 1.177130e+01
    endloop
  endfacet
  facet normal -6.106870e-01 7.047551e-01 3.610839e-01
    outer loop
      vertex   -1.735208e+01 1.000000e+01 1.400603e+01
      vertex   -1.578833e+01 1.250000e+01 1.177130e+01
      vertex   -1.812763e+01 1.000000e+01 1.269438e+01
    endloop
  endfacet
  facet normal -6.412222e-01 7.086722e-01 2.943090e-01
    outer loop
      vertex   -1.812763e+01 1.000000e+01 1.269438e+01
      vertex   -1.578833e+01 1.250000e+01 1.177130e+01
      vertex   -1.634761e+01 1.250000e+01 1.055276e+01
    endloop
  endfacet
  facet normal -6.494083e-01 7.054976e-01 2.837993e-01
    outer loop
      vertex   -1.812763e+01 1.000000e+01 1.269438e+01
      vertex   -1.634761e+01 1.250000e+01 1.055276e+01
      vertex   -1.873782e+01 1.000000e+01 1.129810e+01
    endloop
  endfacet
  facet normal -6.758342e-01 7.076252e-01 2.061912e-01
    outer loop
      vertex   -1.873782e+01 1.000000e+01 1.129810e+01
      vertex   -1.634761e+01 1.250000e+01 1.055276e+01
      vertex   -1.673886e+01 1.250000e+01 9.270360e+00
    endloop
  endfacet
  facet normal -6.782064e-01 7.064485e-01 2.024020e-01
    outer loop
      vertex   -1.873782e+01 1.000000e+01 1.129810e+01
      vertex   -1.673886e+01 1.250000e+01 9.270360e+00
      vertex   -1.917358e+01 1.000000e+01 9.837950e+00
    endloop
  endfacet
  facet normal 1.299387e-16 7.071068e-01 7.071068e-01
    outer loop
      vertex   5.100000e+01 1.250000e+01 1.700000e+01
      vertex   -7.000000e+00 1.250000e+01 1.700000e+01
      vertex   5.100000e+01 1.000000e+01 1.950000e+01
    endloop
  endfacet
  facet normal 0.000000e+00 7.071068e-01 7.071068e-01
    outer loop
      vertex   5.100000e+01 1.000000e+01 1.950000e+01
      vertex   -7.000000e+00 1.250000e+01 1.700000e+01
      vertex   -7.000000e+00 1.000000e+01 1.950000e+01
    endloop
  endfacet
  facet normal 7.064609e-01 7.064609e-01 4.273301e-02
    outer loop
      vertex   6.350000e+01 1.000000e+01 7.000000e+00
      vertex   6.100000e+01 1.250000e+01 7.000000e+00
      vertex   6.340886e+01 1.000000e+01 8.506709e+00
    endloop
  endfacet
  facet normal 7.052758e-01 7.074243e-01 4.622622e-02
    outer loop
      vertex   6.340886e+01 1.000000e+01 8.506709e+00
      vertex   6.100000e+01 1.250000e+01 7.000000e+00
      vertex   6.091445e+01 1.250000e+01 8.305262e+00
    endloop
  endfacet
  facet normal 6.969355e-01 7.056692e-01 1.277182e-01
    outer loop
      vertex   6.340886e+01 1.000000e+01 8.506709e+00
      vertex   6.091445e+01 1.250000e+01 8.305262e+00
      vertex   6.313677e+01 1.000000e+01 9.991446e+00
    endloop
  endfacet
  facet normal 6.923307e-01 7.083172e-01 1.377131e-01
    outer loop
      vertex   6.313677e+01 1.000000e+01 9.991446e+00
      vertex   6.091445e+01 1.250000e+01 8.305262e+00
      vertex   6.065926e+01 1.250000e+01 9.588190e+00
    endloop
  endfacet
  facet normal 6.770767e-01 7.050193e-01 2.109856e-01
    outer loop
      vertex   6.313677e+01 1.000000e+01 9.991446e+00
      vertex   6.065926e+01 1.250000e+01 9.588190e+00
      vertex   6.268770e+01 1.000000e+01 1.143256e+01
    endloop
  endfacet
  facet normal 6.677554e-01 7.090292e-01 2.266724e-01
    outer loop
      vertex   6.268770e+01 1.000000e+01 1.143256e+01
      vertex   6.065926e+01 1.250000e+01 9.588190e+00
      vertex   6.023880e+01 1.250000e+01 1.082683e+01
    endloop
  endfacet
  facet normal 6.471676e-01 7.045126e-01 2.912665e-01
    outer loop
      vertex   6.268770e+01 1.000000e+01 1.143256e+01
      vertex   6.023880e+01 1.250000e+01 1.082683e+01
      vertex   6.206820e+01 1.000000e+01 1.280904e+01
    endloop
  endfacet
  facet normal 6.319753e-01 7.095618e-01 3.116557e-01
    outer loop
      vertex   6.206820e+01 1.000000e+01 1.280904e+01
      vertex   6.023880e+01 1.250000e+01 1.082683e+01
      vertex   5.966025e+01 1.250000e+01 1.200000e+01
    endloop
  endfacet
  facet normal 6.076486e-01 7.041500e-01 3.673364e-01
    outer loop
      vertex   6.206820e+01 1.000000e+01 1.280904e+01
      vertex   5.966025e+01 1.250000e+01 1.200000e+01
      vertex   6.128730e+01 1.000000e+01 1.410081e+01
    endloop
  endfacet
  facet normal 5.855925e-01 7.099162e-01 3.912804e-01
    outer loop
      vertex   6.128730e+01 1.000000e+01 1.410081e+01
      vertex   5.966025e+01 1.250000e+01 1.200000e+01
      vertex   5.893353e+01 1.250000e+01 1.308761e+01
    endloop
  endfacet
  facet normal 5.591107e-01 7.039321e-01 4.380352e-01
    outer loop
      vertex   6.128730e+01 1.000000e+01 1.410081e+01
      vertex   5.893353e+01 1.250000e+01 1.308761e+01
      vertex   6.035638e+01 1.000000e+01 1.528903e+01
    endloop
  endfacet
  facet normal 5.293762e-01 7.100932e-01 4.642504e-01
    outer loop
      vertex   6.035638e+01 1.000000e+01 1.528903e+01
      vertex   5.893353e+01 1.250000e+01 1.308761e+01
      vertex   5.807107e+01 1.250000e+01 1.407107e+01
    endloop
  endfacet
  facet normal 5.022857e-01 7.038594e-01 5.022857e-01
    outer loop
      vertex   6.035638e+01 1.000000e+01 1.528903e+01
      vertex   5.807107e+01 1.250000e+01 1.407107e+01
      vertex   5.928903e+01 1.000000e+01 1.635638e+01
    endloop
  endfacet
  facet normal 4.642504e-01 7.100932e-01 5.293762e-01
    outer loop
      vertex   5.928903e+01 1.000000e+01 1.635638e+01
      vertex   5.807107e+01 1.250000e+01 1.407107e+01
      vertex   5.708761e+01 1.250000e+01 1.493353e+01
    endloop
  endfacet
  facet normal 4.380352e-01 7.039321e-01 5.591107e-01
    outer loop
      vertex   5.928903e+01 1.000000e+01 1.635638e+01
      vertex   5.708761e+01 1.250000e+01 1.493353e+01
      vertex   5.810081e+01 1.000000e+01 1.728730e+01
    endloop
  endfacet
  facet normal 3.912804e-01 7.099162e-01 5.855925e-01
    outer loop
      vertex   5.810081e+01 1.000000e+01 1.728730e+01
      vertex   5.708761e+01 1.250000e+01 1.493353e+01
      vertex   5.600000e+01 1.250000e+01 1.566025e+01
    endloop
  endfacet
  facet normal 3.673364e-01 7.041500e-01 6.076486e-01
    outer loop
      vertex   5.810081e+01 1.000000e+01 1.728730e+01
      vertex   5.600000e+01 1.250000e+01 1.566025e+01
      vertex   5.680904e+01 1.000000e+01 1.806820e+01
    endloop
  endfacet
  facet normal 3.116557e-01 7.095618e-01 6.319753e-01
    outer loop
      vertex   5.680904e+01 1.000000e+01 1.806820e+01
      vertex   5.600000e+01 1.250000e+01 1.566025e+01
      vertex   5.482683e+01 1.250000e+01 1.623880e+01
    endloop
  endfacet
  facet normal 2.912665e-01 7.045126e-01 6.471676e-01
    outer loop
      vertex   5.680904e+01 1.000000e+01 1.806820e+01
      vertex   5.482683e+01 1.250000e+01 1.623880e+01
      vertex   5.543256e+01 1.000000e+01 1.868770e+01
    endloop
  endfacet
  facet normal 2.266724e-01 7.090292e-01 6.677554e-01
    outer loop
      vertex   5.543256e+01 1.000000e+01 1.868770e+01
      vertex   5.482683e+01 1.250000e+01 1.623880e+01
      vertex   5.358819e+01 1.250000e+01 1.665926e+01
    endloop
  endfacet
  facet normal 2.109856e-01 7.050193e-01 6.770767e-01
    outer loop
      vertex   5.543256e+01 1.000000e+01 1.868770e+01
      vertex   5.358819e+01 1.250000e+01 1.665926e+01
      vertex   5.399145e+01 1.000000e+01 1.913677e+01
    endloop
  endfacet
  facet normal 1.377131e-01 7.083172e-01 6.923307e-01
    outer loop
      vertex   5.399145e+01 1.000000e+01 1.913677e+01
      vertex   5.358819e+01 1.250000e+01 1.665926e+01
      vertex   5.230526e+01 1.250000e+01 1.691445e+01
    endloop
  endfacet
  facet normal 1.277182e-01 7.056692e-01 6.969355e-01
    outer loop
      vertex   5.399145e+01 1.000000e+01 1.913677e+01
      vertex   5.230526e+01 1.250000e+01 1.691445e+01
      vertex   5.250671e+01 1.000000e+01 1.940886e+01
    endloop
  endfacet
  facet normal 4.622622e-02 7.074243e-01 7.052758e-01
    outer loop
      vertex   5.250671e+01 1.000000e+01 1.940886e+01
      vertex   5.230526e+01 1.250000e+01 1.691445e+01
      vertex   5.100000e+01 1.250000e+01 1.700000e+01
    endloop
  endfacet
  facet normal 4.273301e-02 7.064609e-01 7.064609e-01
    outer loop
      vertex   5.250671e+01 1.000000e+01 1.940886e+01
      vertex   5.100000e+01 1.250000e+01 1.700000e+01
      vertex   5.100000e+01 1.000000e+01 1.950000e+01
    endloop
  endfacet
  facet normal 7.071068e-01 7.071068e-01 -0.000000e+00
    outer loop
      vertex   6.100000e+01 1.250000e+01 -5.100000e+01
      vertex   6.100000e+01 1.250000e+01 7.000000e+00
      vertex   6.350000e+01 1.000000e+01 -5.100000e+01
    endloop
  endfacet
  facet normal 7.071068e-01 7.071068e-01 -0.000000e+00
    outer loop
      vertex   6.350000e+01 1.000000e+01 -5.100000e+01
      vertex   6.100000e+01 1.250000e+01 7.000000e+00
      vertex   6.350000e+01 1.000000e+01 7.000000e+00
    endloop
  endfacet
  facet normal 5.812969e-01 7.065683e-01 -4.035532e-01
    outer loop
      vertex   6.085948e+01 1.000000e+01 -5.868379e+01
      vertex   5.888758e+01 1.250000e+01 -5.714703e+01
      vertex   6.164560e+01 1.000000e+01 -5.755143e+01
    endloop
  endfacet
  facet normal 5.841305e-01 7.084792e-01 -3.960413e-01
    outer loop
      vertex   6.164560e+01 1.000000e+01 -5.755143e+01
      vertex   5.888758e+01 1.250000e+01 -5.714703e+01
      vertex   5.963005e+01 1.250000e+01 -5.605195e+01
    endloop
  endfacet
  facet normal 6.234106e-01 7.051843e-01 -3.377489e-01
    outer loop
      vertex   6.164560e+01 1.000000e+01 -5.755143e+01
      vertex   5.963005e+01 1.250000e+01 -5.605195e+01
      vertex   6.230225e+01 1.000000e+01 -5.633939e+01
    endloop
  endfacet
  facet normal 6.301501e-01 7.097592e-01 -3.148854e-01
    outer loop
      vertex   6.230225e+01 1.000000e+01 -5.633939e+01
      vertex   5.963005e+01 1.250000e+01 -5.605195e+01
      vertex   6.022145e+01 1.250000e+01 -5.486843e+01
    endloop
  endfacet
  facet normal 6.574497e-01 7.044891e-01 -2.673108e-01
    outer loop
      vertex   6.230225e+01 1.000000e+01 -5.633939e+01
      vertex   6.022145e+01 1.250000e+01 -5.486843e+01
      vertex   6.282145e+01 1.000000e+01 -5.506242e+01
    endloop
  endfacet
  facet normal 6.657992e-01 7.101843e-01 -2.288006e-01
    outer loop
      vertex   6.282145e+01 1.000000e+01 -5.506242e+01
      vertex   6.022145e+01 1.250000e+01 -5.486843e+01
      vertex   6.065144e+01 1.250000e+01 -5.361720e+01
    endloop
  endfacet
  facet normal 6.828858e-01 7.044891e-01 -1.932928e-01
    outer loop
      vertex   6.282145e+01 1.000000e+01 -5.506242e+01
      vertex   6.065144e+01 1.250000e+01 -5.361720e+01
      vertex   6.319689e+01 1.000000e+01 -5.373604e+01
    endloop
  endfacet
  facet normal 6.905973e-01 7.097592e-01 -1.389868e-01
    outer loop
      vertex   6.319689e+01 1.000000e+01 -5.373604e+01
      vertex   6.065144e+01 1.250000e+01 -5.361720e+01
      vertex   6.091248e+01 1.250000e+01 -5.232015e+01
    endloop
  endfacet
  facet normal 6.993358e-01 7.051843e-01 -1.168102e-01
    outer loop
      vertex   6.319689e+01 1.000000e+01 -5.373604e+01
      vertex   6.091248e+01 1.250000e+01 -5.232015e+01
      vertex   6.342399e+01 1.000000e+01 -5.237639e+01
    endloop
  endfacet
  facet normal 7.041858e-01 7.084792e-01 -4.668601e-02
    outer loop
      vertex   6.342399e+01 1.000000e+01 -5.237639e+01
      vertex   6.091248e+01 1.250000e+01 -5.232015e+01
      vertex   6.100000e+01 1.250000e+01 -5.100000e+01
    endloop
  endfacet
  facet normal 7.065683e-01 7.065683e-01 -3.901918e-02
    outer loop
      vertex   6.342399e+01 1.000000e+01 -5.237639e+01
      vertex   6.100000e+01 1.250000e+01 -5.100000e+01
      vertex   6.350000e+01 1.000000e+01 -5.100000e+01
    endloop
  endfacet
  facet normal 5.577364e-01 7.071068e-01 -4.346609e-01
    outer loop
      vertex   3.310347e+01 1.250000e+01 -9.023200e+01
      vertex   5.888758e+01 1.250000e+01 -5.714703e+01
      vertex   3.507536e+01 1.000000e+01 -9.176876e+01
    endloop
  endfacet
  facet normal 5.577364e-01 7.071068e-01 -4.346609e-01
    outer loop
      vertex   3.507536e+01 1.000000e+01 -9.176876e+01
      vertex   5.888758e+01 1.250000e+01 -5.714703e+01
      vertex   6.085948e+01 1.000000e+01 -5.868379e+01
    endloop
  endfacet
  facet normal 5.357632e-02 7.060912e-01 -7.060912e-01
    outer loop
      vertex   2.915968e+01 1.000000e+01 -9.465848e+01
      vertex   2.915968e+01 1.250000e+01 -9.215848e+01
      vertex   3.029132e+01 1.000000e+01 -9.457262e+01
    endloop
  endfacet
  facet normal 6.408435e-02 7.080767e-01 -7.032216e-01
    outer loop
      vertex   3.029132e+01 1.000000e+01 -9.457262e+01
      vertex   2.915968e+01 1.250000e+01 -9.215848e+01
      vertex   3.006347e+01 1.250000e+01 -9.207612e+01
    endloop
  endfacet
  facet normal 1.597950e-01 7.047851e-01 -6.911899e-01
    outer loop
      vertex   3.029132e+01 1.000000e+01 -9.457262e+01
      vertex   3.006347e+01 1.250000e+01 -9.207612e+01
      vertex   3.139705e+01 1.000000e+01 -9.431698e+01
    endloop
  endfacet
  facet normal 1.897498e-01 7.095256e-01 -6.786519e-01
    outer loop
      vertex   3.139705e+01 1.000000e+01 -9.431698e+01
      vertex   3.006347e+01 1.250000e+01 -9.207612e+01
      vertex   3.093748e+01 1.250000e+01 -9.183175e+01
    endloop
  endfacet
  facet normal 2.624971e-01 7.041291e-01 -6.597708e-01
    outer loop
      vertex   3.139705e+01 1.000000e+01 -9.431698e+01
      vertex   3.093748e+01 1.250000e+01 -9.183175e+01
      vertex   3.245156e+01 1.000000e+01 -9.389744e+01
    endloop
  endfacet
  facet normal 3.090833e-01 7.100068e-01 -6.327384e-01
    outer loop
      vertex   3.245156e+01 1.000000e+01 -9.389744e+01
      vertex   3.093748e+01 1.250000e+01 -9.183175e+01
      vertex   3.175293e+01 1.250000e+01 -9.143341e+01
    endloop
  endfacet
  facet normal 3.590420e-01 7.041291e-01 -6.126101e-01
    outer loop
      vertex   3.245156e+01 1.000000e+01 -9.389744e+01
      vertex   3.175293e+01 1.250000e+01 -9.143341e+01
      vertex   3.343068e+01 1.000000e+01 -9.332359e+01
    endloop
  endfacet
  facet normal 4.186526e-01 7.095256e-01 -5.668363e-01
    outer loop
      vertex   3.343068e+01 1.000000e+01 -9.332359e+01
      vertex   3.175293e+01 1.250000e+01 -9.143341e+01
      vertex   3.248294e+01 1.250000e+01 -9.089424e+01
    endloop
  endfacet
  facet normal 4.469554e-01 7.047851e-01 -5.509164e-01
    outer loop
      vertex   3.343068e+01 1.000000e+01 -9.332359e+01
      vertex   3.248294e+01 1.250000e+01 -9.089424e+01
      vertex   3.431201e+01 1.000000e+01 -9.260857e+01
    endloop
  endfacet
  facet normal 5.152791e-01 7.080767e-01 -4.828197e-01
    outer loop
      vertex   3.431201e+01 1.000000e+01 -9.260857e+01
      vertex   3.248294e+01 1.250000e+01 -9.089424e+01
      vertex   3.310347e+01 1.250000e+01 -9.023200e+01
    endloop
  endfacet
  facet normal 5.240018e-01 7.060912e-01 -4.762954e-01
    outer loop
      vertex   3.431201e+01 1.000000e+01 -9.260857e+01
      vertex   3.310347e+01 1.250000e+01 -9.023200e+01
      vertex   3.507536e+01 1.000000e+01 -9.176876e+01
    endloop
  endfacet
  facet normal -6.095143e-02 5.319162e-16 9.981407e-01
    outer loop
      vertex   -7.000000e+00 -1.000000e+01 1.950000e+01
      vertex   -7.000000e+00 1.000000e+01 1.950000e+01
      vertex   -8.520953e+00 -1.000000e+01 1.940712e+01
    endloop
  endfacet
  facet normal -6.095143e-02 0.000000e+00 9.981407e-01
    outer loop
      vertex   -8.520953e+00 -1.000000e+01 1.940712e+01
      vertex   -7.000000e+00 1.000000e+01 1.950000e+01
      vertex   -8.520953e+00 1.000000e+01 1.940712e+01
    endloop
  endfacet
  facet normal -1.819485e-01 0.000000e+00 9.833081e-01
    outer loop
      vertex   -8.520953e+00 -1.000000e+01 1.940712e+01
      vertex   -8.520953e+00 1.000000e+01 1.940712e+01
      vertex   -1.001930e+01 -1.000000e+01 1.912987e+01
    endloop
  endfacet
  facet normal -1.819485e-01 0.000000e+00 9.833081e-01
    outer loop
      vertex   -1.001930e+01 -1.000000e+01 1.912987e+01
      vertex   -8.520953e+00 1.000000e+01 1.940712e+01
      vertex   -1.001930e+01 1.000000e+01 1.912987e+01
    endloop
  endfacet
  facet normal -3.002418e-01 0.000000e+00 9.538631e-01
    outer loop
      vertex   -1.001930e+01 -1.000000e+01 1.912987e+01
      vertex   -1.001930e+01 1.000000e+01 1.912987e+01
      vertex   -1.147279e+01 -1.000000e+01 1.867237e+01
    endloop
  endfacet
  facet normal -3.002418e-01 0.000000e+00 9.538631e-01
    outer loop
      vertex   -1.147279e+01 -1.000000e+01 1.867237e+01
      vertex   -1.001930e+01 1.000000e+01 1.912987e+01
      vertex   -1.147279e+01 1.000000e+01 1.867237e+01
    endloop
  endfacet
  facet normal -4.140734e-01 0.000000e+00 9.102435e-01
    outer loop
      vertex   -1.147279e+01 -1.000000e+01 1.867237e+01
      vertex   -1.147279e+01 1.000000e+01 1.867237e+01
      vertex   -1.285980e+01 -1.000000e+01 1.804141e+01
    endloop
  endfacet
  facet normal -4.140734e-01 0.000000e+00 9.102435e-01
    outer loop
      vertex   -1.285980e+01 -1.000000e+01 1.804141e+01
      vertex   -1.147279e+01 1.000000e+01 1.867237e+01
      vertex   -1.285980e+01 1.000000e+01 1.804141e+01
    endloop
  endfacet
  facet normal -5.217518e-01 0.000000e+00 8.530973e-01
    outer loop
      vertex   -1.285980e+01 -1.000000e+01 1.804141e+01
      vertex   -1.285980e+01 1.000000e+01 1.804141e+01
      vertex   -1.415974e+01 -1.000000e+01 1.724637e+01
    endloop
  endfacet
  facet normal -5.217518e-01 0.000000e+00 8.530973e-01
    outer loop
      vertex   -1.415974e+01 -1.000000e+01 1.724637e+01
      vertex   -1.285980e+01 1.000000e+01 1.804141e+01
      vertex   -1.415974e+01 1.000000e+01 1.724637e+01
    endloop
  endfacet
  facet normal -6.216768e-01 0.000000e+00 7.832739e-01
    outer loop
      vertex   -1.415974e+01 -1.000000e+01 1.724637e+01
      vertex   -1.415974e+01 1.000000e+01 1.724637e+01
      vertex   -1.535328e+01 -1.000000e+01 1.629907e+01
    endloop
  endfacet
  facet normal -6.216768e-01 0.000000e+00 7.832739e-01
    outer loop
      vertex   -1.535328e+01 -1.000000e+01 1.629907e+01
      vertex   -1.415974e+01 1.000000e+01 1.724637e+01
      vertex   -1.535328e+01 1.000000e+01 1.629907e+01
    endloop
  endfacet
  facet normal -7.123634e-01 0.000000e+00 7.018108e-01
    outer loop
      vertex   -1.535328e+01 -1.000000e+01 1.629907e+01
      vertex   -1.535328e+01 1.000000e+01 1.629907e+01
      vertex   -1.642269e+01 -1.000000e+01 1.521358e+01
    endloop
  endfacet
  facet normal -7.123634e-01 0.000000e+00 7.018108e-01
    outer loop
      vertex   -1.642269e+01 -1.000000e+01 1.521358e+01
      vertex   -1.535328e+01 1.000000e+01 1.629907e+01
      vertex   -1.642269e+01 1.000000e+01 1.521358e+01
    endloop
  endfacet
  facet normal -7.924641e-01 0.000000e+00 6.099185e-01
    outer loop
      vertex   -1.642269e+01 -1.000000e+01 1.521358e+01
      vertex   -1.642269e+01 1.000000e+01 1.521358e+01
      vertex   -1.735208e+01 -1.000000e+01 1.400603e+01
    endloop
  endfacet
  facet normal -7.924641e-01 0.000000e+00 6.099185e-01
    outer loop
      vertex   -1.735208e+01 -1.000000e+01 1.400603e+01
      vertex   -1.642269e+01 1.000000e+01 1.521358e+01
      vertex   -1.735208e+01 1.000000e+01 1.400603e+01
    endloop
  endfacet
  facet normal -8.607886e-01 0.000000e+00 5.089627e-01
    outer loop
      vertex   -1.735208e+01 -1.000000e+01 1.400603e+01
      vertex   -1.735208e+01 1.000000e+01 1.400603e+01
      vertex   -1.812763e+01 -1.000000e+01 1.269438e+01
    endloop
  endfacet
  facet normal -8.607886e-01 0.000000e+00 5.089627e-01
    outer loop
      vertex   -1.812763e+01 -1.000000e+01 1.269438e+01
      vertex   -1.735208e+01 1.000000e+01 1.400603e+01
      vertex   -1.812763e+01 1.000000e+01 1.269438e+01
    endloop
  endfacet
  facet normal -9.163214e-01 0.000000e+00 4.004435e-01
    outer loop
      vertex   -1.812763e+01 -1.000000e+01 1.269438e+01
      vertex   -1.812763e+01 1.000000e+01 1.269438e+01
      vertex   -1.873782e+01 -1.000000e+01 1.129810e+01
    endloop
  endfacet
  facet normal -9.163214e-01 0.000000e+00 4.004435e-01
    outer loop
      vertex   -1.873782e+01 -1.000000e+01 1.129810e+01
      vertex   -1.812763e+01 1.000000e+01 1.269438e+01
      vertex   -1.873782e+01 1.000000e+01 1.129810e+01
    endloop
  endfacet
  facet normal -9.582375e-01 0.000000e+00 2.859737e-01
    outer loop
      vertex   -1.873782e+01 -1.000000e+01 1.129810e+01
      vertex   -1.873782e+01 1.000000e+01 1.129810e+01
      vertex   -1.917358e+01 -1.000000e+01 9.837950e+00
    endloop
  endfacet
  facet normal -9.582375e-01 0.000000e+00 2.859737e-01
    outer loop
      vertex   -1.917358e+01 -1.000000e+01 9.837950e+00
      vertex   -1.873782e+01 1.000000e+01 1.129810e+01
      vertex   -1.917358e+01 1.000000e+01 9.837950e+00
    endloop
  endfacet
  facet normal -9.738864e-01 0.000000e+00 2.270360e-01
    outer loop
      vertex   -1.917358e+01 1.000000e+01 9.837950e+00
      vertex   -3.581863e+01 1.000000e+01 -6.156213e+01
      vertex   -1.917358e+01 -1.000000e+01 9.837950e+00
    endloop
  endfacet
  facet normal -9.738864e-01 -1.948620e-17 2.270360e-01
    outer loop
      vertex   -1.917358e+01 -1.000000e+01 9.837950e+00
      vertex   -3.581863e+01 1.000000e+01 -6.156213e+01
      vertex   -3.581863e+01 -1.000000e+01 -6.156213e+01
    endloop
  endfacet
  facet normal -9.818413e-01 0.000000e+00 1.897043e-01
    outer loop
      vertex   -3.581863e+01 -1.000000e+01 -6.156213e+01
      vertex   -3.581863e+01 1.000000e+01 -6.156213e+01
      vertex   -3.592723e+01 -1.000000e+01 -6.212418e+01
    endloop
  endfacet
  facet normal -9.818413e-01 -3.488201e-16 1.897043e-01
    outer loop
      vertex   -3.592723e+01 -1.000000e+01 -6.212418e+01
      vertex   -3.581863e+01 1.000000e+01 -6.156213e+01
      vertex   -3.592723e+01 1.000000e+01 -6.212418e+01
    endloop
  endfacet
  facet normal -9.934501e-01 -3.529444e-16 1.142664e-01
    outer loop
      vertex   -3.592723e+01 -1.000000e+01 -6.212418e+01
      vertex   -3.592723e+01 1.000000e+01 -6.212418e+01
      vertex   -3.599264e+01 1.000000e+01 -6.269288e+01
    endloop
  endfacet
  facet normal -9.992715e-01 0.000000e+00 3.816292e-02
    outer loop
      vertex   -3.601449e+01 1.000000e+01 -6.326490e+01
      vertex   -3.601449e+01 -1.000000e+01 -6.326490e+01
      vertex   -3.599264e+01 1.000000e+01 -6.269288e+01
    endloop
  endfacet
  facet normal -9.992715e-01 -3.550126e-16 3.816292e-02
    outer loop
      vertex   -3.599264e+01 1.000000e+01 -6.269288e+01
      vertex   -3.601449e+01 -1.000000e+01 -6.326490e+01
      vertex   -3.599264e+01 -1.000000e+01 -6.269288e+01
    endloop
  endfacet
  facet normal -9.934501e-01 -3.529444e-16 1.142664e-01
    outer loop
      vertex   -3.599264e+01 1.000000e+01 -6.269288e+01
      vertex   -3.599264e+01 -1.000000e+01 -6.269288e+01
      vertex   -3.592723e+01 -1.000000e+01 -6.212418e+01
    endloop
  endfacet
  facet normal -9.969173e-01 6.526038e-16 -7.845910e-02
    outer loop
      vertex   -3.601449e+01 -1.000000e+01 -8.715848e+01
      vertex   -3.601449e+01 1.000000e+01 -8.715848e+01
      vertex   -3.592215e+01 -1.000000e+01 -8.833174e+01
    endloop
  endfacet
  facet normal -9.969173e-01 2.984276e-16 -7.845910e-02
    outer loop
      vertex   -3.592215e+01 -1.000000e+01 -8.833174e+01
      vertex   -3.601449e+01 1.000000e+01 -8.715848e+01
      vertex   -3.592215e+01 1.000000e+01 -8.833174e+01
    endloop
  endfacet
  facet normal -9.723699e-01 1.795823e-16 -2.334454e-01
    outer loop
      vertex   -3.592215e+01 -1.000000e+01 -8.833174e+01
      vertex   -3.592215e+01 1.000000e+01 -8.833174e+01
      vertex   -3.564741e+01 -1.000000e+01 -8.947611e+01
    endloop
  endfacet
  facet normal -9.723699e-01 0.000000e+00 -2.334454e-01
    outer loop
      vertex   -3.564741e+01 -1.000000e+01 -8.947611e+01
      vertex   -3.592215e+01 1.000000e+01 -8.833174e+01
      vertex   -3.564741e+01 1.000000e+01 -8.947611e+01
    endloop
  endfacet
  facet normal -9.238795e-01 0.000000e+00 -3.826834e-01
    outer loop
      vertex   -3.564741e+01 -1.000000e+01 -8.947611e+01
      vertex   -3.564741e+01 1.000000e+01 -8.947611e+01
      vertex   -3.519703e+01 -1.000000e+01 -9.056341e+01
    endloop
  endfacet
  facet normal -9.238795e-01 -2.719129e-16 -3.826834e-01
    outer loop
      vertex   -3.519703e+01 -1.000000e+01 -9.056341e+01
      vertex   -3.564741e+01 1.000000e+01 -8.947611e+01
      vertex   -3.519703e+01 1.000000e+01 -9.056341e+01
    endloop
  endfacet
  facet normal -8.526402e-01 -3.712576e-16 -5.224986e-01
    outer loop
      vertex   -3.519703e+01 -1.000000e+01 -9.056341e+01
      vertex   -3.519703e+01 1.000000e+01 -9.056341e+01
      vertex   -3.458211e+01 -1.000000e+01 -9.156687e+01
    endloop
  endfacet
  facet normal -8.526402e-01 -6.833892e-17 -5.224986e-01
    outer loop
      vertex   -3.458211e+01 -1.000000e+01 -9.156687e+01
      vertex   -3.519703e+01 1.000000e+01 -9.056341e+01
      vertex   -3.458211e+01 1.000000e+01 -9.156687e+01
    endloop
  endfacet
  facet normal -7.604060e-01 -1.913101e-16 -6.494480e-01
    outer loop
      vertex   -3.458211e+01 -1.000000e+01 -9.156687e+01
      vertex   -3.458211e+01 1.000000e+01 -9.156687e+01
      vertex   -3.381779e+01 -1.000000e+01 -9.246178e+01
    endloop
  endfacet
  facet normal -7.604060e-01 0.000000e+00 -6.494480e-01
    outer loop
      vertex   -3.381779e+01 -1.000000e+01 -9.246178e+01
      vertex   -3.458211e+01 1.000000e+01 -9.156687e+01
      vertex   -3.381779e+01 1.000000e+01 -9.246178e+01
    endloop
  endfacet
  facet normal -6.494480e-01 0.000000e+00 -7.604060e-01
    outer loop
      vertex   -3.381779e+01 -1.000000e+01 -9.246178e+01
      vertex   -3.381779e+01 1.000000e+01 -9.246178e+01
      vertex   -3.292287e+01 -1.000000e+01 -9.322611e+01
    endloop
  endfacet
  facet normal -6.494480e-01 2.307303e-16 -7.604060e-01
    outer loop
      vertex   -3.292287e+01 -1.000000e+01 -9.322611e+01
      vertex   -3.381779e+01 1.000000e+01 -9.246178e+01
      vertex   -3.292287e+01 1.000000e+01 -9.322611e+01
    endloop
  endfacet
  facet normal -5.224986e-01 1.856288e-16 -8.526402e-01
    outer loop
      vertex   -3.292287e+01 -1.000000e+01 -9.322611e+01
      vertex   -3.292287e+01 1.000000e+01 -9.322611e+01
      vertex   -3.191941e+01 -1.000000e+01 -9.384103e+01
    endloop
  endfacet
  facet normal -5.224986e-01 0.000000e+00 -8.526402e-01
    outer loop
      vertex   -3.191941e+01 -1.000000e+01 -9.384103e+01
      vertex   -3.292287e+01 1.000000e+01 -9.322611e+01
      vertex   -3.191941e+01 1.000000e+01 -9.384103e+01
    endloop
  endfacet
  facet normal -3.826834e-01 0.000000e+00 -9.238795e-01
    outer loop
      vertex   -3.191941e+01 -1.000000e+01 -9.384103e+01
      vertex   -3.191941e+01 1.000000e+01 -9.384103e+01
      vertex   -3.083211e+01 -1.000000e+01 -9.429141e+01
    endloop
  endfacet
  facet normal -3.826834e-01 0.000000e+00 -9.238795e-01
    outer loop
      vertex   -3.083211e+01 -1.000000e+01 -9.429141e+01
      vertex   -3.191941e+01 1.000000e+01 -9.384103e+01
      vertex   -3.083211e+01 1.000000e+01 -9.429141e+01
    endloop
  endfacet
  facet normal -2.334454e-01 0.000000e+00 -9.723699e-01
    outer loop
      vertex   -3.083211e+01 -1.000000e+01 -9.429141e+01
      vertex   -3.083211e+01 1.000000e+01 -9.429141e+01
      vertex   -2.968774e+01 -1.000000e+01 -9.456615e+01
    endloop
  endfacet
  facet normal -2.334454e-01 0.000000e+00 -9.723699e-01
    outer loop
      vertex   -2.968774e+01 -1.000000e+01 -9.456615e+01
      vertex   -3.083211e+01 1.000000e+01 -9.429141e+01
      vertex   -2.968774e+01 1.000000e+01 -9.456615e+01
    endloop
  endfacet
  facet normal -7.845910e-02 0.000000e+00 -9.969173e-01
    outer loop
      vertex   -2.968774e+01 -1.000000e+01 -9.456615e+01
      vertex   -2.968774e+01 1.000000e+01 -9.456615e+01
      vertex   -2.851449e+01 -1.000000e+01 -9.465848e+01
    endloop
  endfacet
  facet normal -7.845910e-02 -1.393714e-17 -9.969173e-01
    outer loop
      vertex   -2.851449e+01 -1.000000e+01 -9.465848e+01
      vertex   -2.968774e+01 1.000000e+01 -9.456615e+01
      vertex   -2.851449e+01 1.000000e+01 -9.465848e+01
    endloop
  endfacet
  facet normal 0.000000e+00 0.000000e+00 -1.000000e+00
    outer loop
      vertex   -2.851449e+01 1.000000e+01 -9.465848e+01
      vertex   2.915968e+01 1.000000e+01 -9.465848e+01
      vertex   -2.851449e+01 -1.000000e+01 -9.465848e+01
    endloop
  endfacet
  facet normal 0.000000e+00 0.000000e+00 -1.000000e+00
    outer loop
      vertex   -2.851449e+01 -1.000000e+01 -9.465848e+01
      vertex   2.915968e+01 1.000000e+01 -9.465848e+01
      vertex   2.915968e+01 -1.000000e+01 -9.465848e+01
    endloop
  endfacet
  facet normal 0.000000e+00 1.000000e+00 -0.000000e+00
    outer loop
      vertex   2.915968e+01 1.250000e+01 -9.215848e+01
      vertex   -2.851449e+01 1.250000e+01 -9.215848e+01
      vertex   3.006347e+01 1.250000e+01 -9.207612e+01
    endloop
  endfacet
  facet normal 0.000000e+00 1.000000e+00 0.000000e+00
    outer loop
      vertex   3.006347e+01 1.250000e+01 -9.207612e+01
      vertex   -2.851449e+01 1.250000e+01 -9.215848e+01
      vertex   -3.351449e+01 1.250000e+01 -6.326490e+01
    endloop
  endfacet
  facet normal 0.000000e+00 1.000000e+00 0.000000e+00
    outer loop
      vertex   3.006347e+01 1.250000e+01 -9.207612e+01
      vertex   -3.351449e+01 1.250000e+01 -6.326490e+01
      vertex   -3.338392e+01 1.250000e+01 -6.212972e+01
    endloop
  endfacet
  facet normal 0.000000e+00 1.000000e+00 0.000000e+00
    outer loop
      vertex   -3.338392e+01 1.250000e+01 -6.212972e+01
      vertex   -3.351449e+01 1.250000e+01 -6.326490e+01
      vertex   -3.345631e+01 1.250000e+01 -6.250442e+01
    endloop
  endfacet
  facet normal 0.000000e+00 1.000000e+00 0.000000e+00
    outer loop
      vertex   -3.345631e+01 1.250000e+01 -6.250442e+01
      vertex   -3.351449e+01 1.250000e+01 -6.326490e+01
      vertex   -3.349992e+01 1.250000e+01 -6.288355e+01
    endloop
  endfacet
  facet normal 0.000000e+00 1.000000e+00 0.000000e+00
    outer loop
      vertex   -2.851449e+01 1.250000e+01 -9.215848e+01
      vertex   -2.948994e+01 1.250000e+01 -9.206241e+01
      vertex   -3.351449e+01 1.250000e+01 -6.326490e+01
    endloop
  endfacet
  facet normal 0.000000e+00 1.000000e+00 0.000000e+00
    outer loop
      vertex   -3.351449e+01 1.250000e+01 -6.326490e+01
      vertex   -2.948994e+01 1.250000e+01 -9.206241e+01
      vertex   -3.351449e+01 1.250000e+01 -8.715848e+01
    endloop
  endfacet
  facet normal 0.000000e+00 1.000000e+00 0.000000e+00
    outer loop
      vertex   -3.351449e+01 1.250000e+01 -8.715848e+01
      vertex   -2.948994e+01 1.250000e+01 -9.206241e+01
      vertex   -3.042790e+01 1.250000e+01 -9.177788e+01
    endloop
  endfacet
  facet normal 0.000000e+00 1.000000e+00 0.000000e+00
    outer loop
      vertex   -3.351449e+01 1.250000e+01 -8.715848e+01
      vertex   -3.042790e+01 1.250000e+01 -9.177788e+01
      vertex   -3.129234e+01 1.250000e+01 -9.131583e+01
    endloop
  endfacet
  facet normal 0.000000e+00 1.000000e+00 0.000000e+00
    outer loop
      vertex   -3.129234e+01 1.250000e+01 -9.131583e+01
      vertex   -3.205002e+01 1.250000e+01 -9.069402e+01
      vertex   -3.351449e+01 1.250000e+01 -8.715848e+01
    endloop
  endfacet
  facet normal 0.000000e+00 1.000000e+00 0.000000e+00
    outer loop
      vertex   -3.351449e+01 1.250000e+01 -8.715848e+01
      vertex   -3.205002e+01 1.250000e+01 -9.069402e+01
      vertex   -3.267183e+01 1.250000e+01 -8.993633e+01
    endloop
  endfacet
  facet normal 0.000000e+00 1.000000e+00 0.000000e+00
    outer loop
      vertex   -3.351449e+01 1.250000e+01 -8.715848e+01
      vertex   -3.267183e+01 1.250000e+01 -8.993633e+01
      vertex   -3.313388e+01 1.250000e+01 -8.907190e+01
    endloop
  endfacet
  facet normal 0.000000e+00 1.000000e+00 0.000000e+00
    outer loop
      vertex   -3.313388e+01 1.250000e+01 -8.907190e+01
      vertex   -3.341841e+01 1.250000e+01 -8.813394e+01
      vertex   -3.351449e+01 1.250000e+01 -8.715848e+01
    endloop
  endfacet
  facet normal 0.000000e+00 1.000000e+00 -0.000000e+00
    outer loop
      vertex   3.006347e+01 1.250000e+01 -9.207612e+01
      vertex   -3.338392e+01 1.250000e+01 -6.212972e+01
      vertex   3.310347e+01 1.250000e+01 -9.023200e+01
    endloop
  endfacet
  facet normal 0.000000e+00 1.000000e+00 0.000000e+00
    outer loop
      vertex   3.310347e+01 1.250000e+01 -9.023200e+01
      vertex   -3.338392e+01 1.250000e+01 -6.212972e+01
      vertex   -1.673886e+01 1.250000e+01 9.270360e+00
    endloop
  endfacet
  facet normal 0.000000e+00 1.000000e+00 -0.000000e+00
    outer loop
      vertex   3.310347e+01 1.250000e+01 -9.023200e+01
      vertex   -1.673886e+01 1.250000e+01 9.270360e+00
      vertex   5.888758e+01 1.250000e+01 -5.714703e+01
    endloop
  endfacet
  facet normal 0.000000e+00 1.000000e+00 -0.000000e+00
    outer loop
      vertex   5.888758e+01 1.250000e+01 -5.714703e+01
      vertex   -1.673886e+01 1.250000e+01 9.270360e+00
      vertex   6.100000e+01 1.250000e+01 -5.100000e+01
    endloop
  endfacet
  facet normal 0.000000e+00 1.000000e+00 0.000000e+00
    outer loop
      vertex   5.888758e+01 1.250000e+01 -5.714703e+01
      vertex   6.100000e+01 1.250000e+01 -5.100000e+01
      vertex   5.963005e+01 1.250000e+01 -5.605195e+01
    endloop
  endfacet
  facet normal 0.000000e+00 1.000000e+00 0.000000e+00
    outer loop
      vertex   5.963005e+01 1.250000e+01 -5.605195e+01
      vertex   6.100000e+01 1.250000e+01 -5.100000e+01
      vertex   6.022145e+01 1.250000e+01 -5.486843e+01
    endloop
  endfacet
  facet normal 0.000000e+00 1.000000e+00 0.000000e+00
    outer loop
      vertex   6.022145e+01 1.250000e+01 -5.486843e+01
      vertex   6.100000e+01 1.250000e+01 -5.100000e+01
      vertex   6.065144e+01 1.250000e+01 -5.361720e+01
    endloop
  endfacet
  facet normal 0.000000e+00 1.000000e+00 0.000000e+00
    outer loop
      vertex   6.065144e+01 1.250000e+01 -5.361720e+01
      vertex   6.100000e+01 1.250000e+01 -5.100000e+01
      vertex   6.091248e+01 1.250000e+01 -5.232015e+01
    endloop
  endfacet
  facet normal -0.000000e+00 1.000000e+00 0.000000e+00
    outer loop
      vertex   -1.634761e+01 1.250000e+01 1.055276e+01
      vertex   -1.578833e+01 1.250000e+01 1.177130e+01
      vertex   -1.673886e+01 1.250000e+01 9.270360e+00
    endloop
  endfacet
  facet normal 0.000000e+00 1.000000e+00 0.000000e+00
    outer loop
      vertex   -1.673886e+01 1.250000e+01 9.270360e+00
      vertex   -1.578833e+01 1.250000e+01 1.177130e+01
      vertex   -1.507106e+01 1.250000e+01 1.290406e+01
    endloop
  endfacet
  facet normal 0.000000e+00 1.000000e+00 0.000000e+00
    outer loop
      vertex   -1.673886e+01 1.250000e+01 9.270360e+00
      vertex   -1.507106e+01 1.250000e+01 1.290406e+01
      vertex   -1.420871e+01 1.250000e+01 1.393069e+01
    endloop
  endfacet
  facet normal -0.000000e+00 1.000000e+00 0.000000e+00
    outer loop
      vertex   -1.420871e+01 1.250000e+01 1.393069e+01
      vertex   -1.321677e+01 1.250000e+01 1.483274e+01
      vertex   -1.673886e+01 1.250000e+01 9.270360e+00
    endloop
  endfacet
  facet normal 0.000000e+00 1.000000e+00 0.000000e+00
    outer loop
      vertex   -1.673886e+01 1.250000e+01 9.270360e+00
      vertex   -1.321677e+01 1.250000e+01 1.483274e+01
      vertex   -1.211307e+01 1.250000e+01 1.559398e+01
    endloop
  endfacet
  facet normal 0.000000e+00 1.000000e+00 0.000000e+00
    outer loop
      vertex   -1.673886e+01 1.250000e+01 9.270360e+00
      vertex   -1.211307e+01 1.250000e+01 1.559398e+01
      vertex   -1.091746e+01 1.250000e+01 1.620073e+01
    endloop
  endfacet
  facet normal -0.000000e+00 1.000000e+00 0.000000e+00
    outer loop
      vertex   -1.091746e+01 1.250000e+01 1.620073e+01
      vertex   -9.651434e+00 1.250000e+01 1.664209e+01
      vertex   -1.673886e+01 1.250000e+01 9.270360e+00
    endloop
  endfacet
  facet normal 0.000000e+00 1.000000e+00 0.000000e+00
    outer loop
      vertex   -1.673886e+01 1.250000e+01 9.270360e+00
      vertex   -9.651434e+00 1.250000e+01 1.664209e+01
      vertex   -8.337741e+00 1.250000e+01 1.691012e+01
    endloop
  endfacet
  facet normal 0.000000e+00 1.000000e+00 0.000000e+00
    outer loop
      vertex   -1.673886e+01 1.250000e+01 9.270360e+00
      vertex   -8.337741e+00 1.250000e+01 1.691012e+01
      vertex   -7.000000e+00 1.250000e+01 1.700000e+01
    endloop
  endfacet
  facet normal -0.000000e+00 1.000000e+00 0.000000e+00
    outer loop
      vertex   -1.673886e+01 1.250000e+01 9.270360e+00
      vertex   -7.000000e+00 1.250000e+01 1.700000e+01
      vertex   6.100000e+01 1.250000e+01 -5.100000e+01
    endloop
  endfacet
  facet normal 0.000000e+00 1.000000e+00 0.000000e+00
    outer loop
      vertex   6.100000e+01 1.250000e+01 -5.100000e+01
      vertex   -7.000000e+00 1.250000e+01 1.700000e+01
      vertex   5.100000e+01 1.250000e+01 1.700000e+01
    endloop
  endfacet
  facet normal 0.000000e+00 1.000000e+00 -0.000000e+00
    outer loop
      vertex   6.100000e+01 1.250000e+01 -5.100000e+01
      vertex   5.100000e+01 1.250000e+01 1.700000e+01
      vertex   6.100000e+01 1.250000e+01 7.000000e+00
    endloop
  endfacet
  facet normal 0.000000e+00 1.000000e+00 0.000000e+00
    outer loop
      vertex   6.100000e+01 1.250000e+01 7.000000e+00
      vertex   5.100000e+01 1.250000e+01 1.700000e+01
      vertex   5.230526e+01 1.250000e+01 1.691445e+01
    endloop
  endfacet
  facet normal 0.000000e+00 1.000000e+00 0.000000e+00
    outer loop
      vertex   6.100000e+01 1.250000e+01 7.000000e+00
      vertex   5.230526e+01 1.250000e+01 1.691445e+01
      vertex   5.358819e+01 1.250000e+01 1.665926e+01
    endloop
  endfacet
  facet normal 0.000000e+00 1.000000e+00 0.000000e+00
    outer loop
      vertex   5.358819e+01 1.250000e+01 1.665926e+01
      vertex   5.482683e+01 1.250000e+01 1.623880e+01
      vertex   6.100000e+01 1.250000e+01 7.000000e+00
    endloop
  endfacet
  facet normal 0.000000e+00 1.000000e+00 0.000000e+00
    outer loop
      vertex   6.100000e+01 1.250000e+01 7.000000e+00
      vertex   5.482683e+01 1.250000e+01 1.623880e+01
      vertex   5.600000e+01 1.250000e+01 1.566025e+01
    endloop
  endfacet
  facet normal 0.000000e+00 1.000000e+00 0.000000e+00
    outer loop
      vertex   6.100000e+01 1.250000e+01 7.000000e+00
      vertex   5.600000e+01 1.250000e+01 1.566025e+01
      vertex   5.708761e+01 1.250000e+01 1.493353e+01
    endloop
  endfacet
  facet normal 0.000000e+00 1.000000e+00 0.000000e+00
    outer loop
      vertex   5.708761e+01 1.250000e+01 1.493353e+01
      vertex   5.807107e+01 1.250000e+01 1.407107e+01
      vertex   6.100000e+01 1.250000e+01 7.000000e+00
    endloop
  endfacet
  facet normal 0.000000e+00 1.000000e+00 0.000000e+00
    outer loop
      vertex   6.100000e+01 1.250000e+01 7.000000e+00
      vertex   5.807107e+01 1.250000e+01 1.407107e+01
      vertex   5.893353e+01 1.250000e+01 1.308761e+01
    endloop
  endfacet
  facet normal 0.000000e+00 1.000000e+00 0.000000e+00
    outer loop
      vertex   6.100000e+01 1.250000e+01 7.000000e+00
      vertex   5.893353e+01 1.250000e+01 1.308761e+01
      vertex   5.966025e+01 1.250000e+01 1.200000e+01
    endloop
  endfacet
  facet normal 0.000000e+00 1.000000e+00 0.000000e+00
    outer loop
      vertex   5.966025e+01 1.250000e+01 1.200000e+01
      vertex   6.023880e+01 1.250000e+01 1.082683e+01
      vertex   6.100000e+01 1.250000e+01 7.000000e+00
    endloop
  endfacet
  facet normal 0.000000e+00 1.000000e+00 0.000000e+00
    outer loop
      vertex   6.100000e+01 1.250000e+01 7.000000e+00
      vertex   6.023880e+01 1.250000e+01 1.082683e+01
      vertex   6.065926e+01 1.250000e+01 9.588190e+00
    endloop
  endfacet
  facet normal 0.000000e+00 1.000000e+00 0.000000e+00
    outer loop
      vertex   6.100000e+01 1.250000e+01 7.000000e+00
      vertex   6.065926e+01 1.250000e+01 9.588190e+00
      vertex   6.091445e+01 1.250000e+01 8.305262e+00
    endloop
  endfacet
  facet normal 0.000000e+00 1.000000e+00 -0.000000e+00
    outer loop
      vertex   3.248294e+01 1.250000e+01 -9.089424e+01
      vertex   3.175293e+01 1.250000e+01 -9.143341e+01
      vertex   3.310347e+01 1.250000e+01 -9.023200e+01
    endloop
  endfacet
  facet normal 0.000000e+00 1.000000e+00 0.000000e+00
    outer loop
      vertex   3.310347e+01 1.250000e+01 -9.023200e+01
      vertex   3.175293e+01 1.250000e+01 -9.143341e+01
      vertex   3.093748e+01 1.250000e+01 -9.183175e+01
    endloop
  endfacet
  facet normal 0.000000e+00 1.000000e+00 0.000000e+00
    outer loop
      vertex   3.310347e+01 1.250000e+01 -9.023200e+01
      vertex   3.093748e+01 1.250000e+01 -9.183175e+01
      vertex   3.006347e+01 1.250000e+01 -9.207612e+01
    endloop
  endfacet
  facet normal 7.565984e-02 2.687978e-17 -9.971337e-01
    outer loop
      vertex   2.915968e+01 -1.000000e+01 -9.465848e+01
      vertex   2.915968e+01 1.000000e+01 -9.465848e+01
      vertex   3.029132e+01 -1.000000e+01 -9.457262e+01
    endloop
  endfacet
  facet normal 7.565984e-02 0.000000e+00 -9.971337e-01
    outer loop
      vertex   3.029132e+01 -1.000000e+01 -9.457262e+01
      vertex   2.915968e+01 1.000000e+01 -9.465848e+01
      vertex   3.029132e+01 1.000000e+01 -9.457262e+01
    endloop
  endfacet
  facet normal 2.252471e-01 0.000000e+00 -9.743017e-01
    outer loop
      vertex   3.029132e+01 -1.000000e+01 -9.457262e+01
      vertex   3.029132e+01 1.000000e+01 -9.457262e+01
      vertex   3.139705e+01 -1.000000e+01 -9.431698e+01
    endloop
  endfacet
  facet normal 2.252471e-01 0.000000e+00 -9.743017e-01
    outer loop
      vertex   3.139705e+01 -1.000000e+01 -9.431698e+01
      vertex   3.029132e+01 1.000000e+01 -9.457262e+01
      vertex   3.139705e+01 1.000000e+01 -9.431698e+01
    endloop
  endfacet
  facet normal 3.696767e-01 0.000000e+00 -9.291604e-01
    outer loop
      vertex   3.139705e+01 -1.000000e+01 -9.431698e+01
      vertex   3.139705e+01 1.000000e+01 -9.431698e+01
      vertex   3.245156e+01 -1.000000e+01 -9.389744e+01
    endloop
  endfacet
  facet normal 3.696767e-01 -1.313356e-16 -9.291604e-01
    outer loop
      vertex   3.245156e+01 -1.000000e+01 -9.389744e+01
      vertex   3.139705e+01 1.000000e+01 -9.431698e+01
      vertex   3.245156e+01 1.000000e+01 -9.389744e+01
    endloop
  endfacet
  facet normal 5.056416e-01 -1.796400e-16 -8.627436e-01
    outer loop
      vertex   3.245156e+01 -1.000000e+01 -9.389744e+01
      vertex   3.245156e+01 1.000000e+01 -9.389744e+01
      vertex   3.343068e+01 -1.000000e+01 -9.332359e+01
    endloop
  endfacet
  facet normal 5.056416e-01 0.000000e+00 -8.627436e-01
    outer loop
      vertex   3.343068e+01 -1.000000e+01 -9.332359e+01
      vertex   3.245156e+01 1.000000e+01 -9.389744e+01
      vertex   3.343068e+01 1.000000e+01 -9.332359e+01
    endloop
  endfacet
  facet normal 6.300285e-01 0.000000e+00 -7.765720e-01
    outer loop
      vertex   3.343068e+01 -1.000000e+01 -9.332359e+01
      vertex   3.343068e+01 1.000000e+01 -9.332359e+01
      vertex   3.431201e+01 -1.000000e+01 -9.260857e+01
    endloop
  endfacet
  facet normal 6.300285e-01 -2.238311e-16 -7.765720e-01
    outer loop
      vertex   3.431201e+01 -1.000000e+01 -9.260857e+01
      vertex   3.343068e+01 1.000000e+01 -9.332359e+01
      vertex   3.431201e+01 1.000000e+01 -9.260857e+01
    endloop
  endfacet
  facet normal 7.399892e-01 -2.628970e-16 -6.726187e-01
    outer loop
      vertex   3.431201e+01 -1.000000e+01 -9.260857e+01
      vertex   3.431201e+01 1.000000e+01 -9.260857e+01
      vertex   3.507536e+01 -1.000000e+01 -9.176876e+01
    endloop
  endfacet
  facet normal 7.399892e-01 -2.628970e-16 -6.726187e-01
    outer loop
      vertex   3.507536e+01 -1.000000e+01 -9.176876e+01
      vertex   3.431201e+01 1.000000e+01 -9.260857e+01
      vertex   3.507536e+01 1.000000e+01 -9.176876e+01
    endloop
  endfacet
  facet normal -0.000000e+00 -1.000000e+00 0.000000e+00
    outer loop
      vertex   -1.252789e+01 -1.000000e+01 5.377261e+00
      vertex   -1.917358e+01 -1.000000e+01 9.837950e+00
      vertex   -1.279229e+01 -1.000000e+01 4.176539e+00
    endloop
  endfacet
  facet normal -0.000000e+00 -1.000000e+00 0.000000e+00
    outer loop
      vertex   -1.279229e+01 -1.000000e+01 4.176539e+00
      vertex   -1.917358e+01 -1.000000e+01 9.837950e+00
      vertex   -3.581863e+01 -1.000000e+01 -6.156213e+01
    endloop
  endfacet
  facet normal 0.000000e+00 -1.000000e+00 0.000000e+00
    outer loop
      vertex   -1.279229e+01 -1.000000e+01 4.176539e+00
      vertex   -3.581863e+01 -1.000000e+01 -6.156213e+01
      vertex   -3.223992e+01 -1.000000e+01 -6.148640e+01
    endloop
  endfacet
  facet normal 0.000000e+00 -1.000000e+00 0.000000e+00
    outer loop
      vertex   -3.223992e+01 -1.000000e+01 -6.148640e+01
      vertex   -3.581863e+01 -1.000000e+01 -6.156213e+01
      vertex   -3.258933e+01 -1.000000e+01 -6.153240e+01
    endloop
  endfacet
  facet normal 0.000000e+00 -1.000000e+00 0.000000e+00
    outer loop
      vertex   -3.258933e+01 -1.000000e+01 -6.153240e+01
      vertex   -3.581863e+01 -1.000000e+01 -6.156213e+01
      vertex   -3.291492e+01 -1.000000e+01 -6.166727e+01
    endloop
  endfacet
  facet normal -0.000000e+00 -1.000000e+00 0.000000e+00
    outer loop
      vertex   -3.291492e+01 -1.000000e+01 -6.166727e+01
      vertex   -3.581863e+01 -1.000000e+01 -6.156213e+01
      vertex   -3.319452e+01 -1.000000e+01 -6.188181e+01
    endloop
  endfacet
  facet normal -0.000000e+00 -1.000000e+00 0.000000e+00
    outer loop
      vertex   -3.319452e+01 -1.000000e+01 -6.188181e+01
      vertex   -3.581863e+01 -1.000000e+01 -6.156213e+01
      vertex   -3.340906e+01 -1.000000e+01 -6.216140e+01
    endloop
  endfacet
  facet normal -0.000000e+00 -1.000000e+00 0.000000e+00
    outer loop
      vertex   -3.340906e+01 -1.000000e+01 -6.216140e+01
      vertex   -3.581863e+01 -1.000000e+01 -6.156213e+01
      vertex   -3.354392e+01 -1.000000e+01 -6.248700e+01
    endloop
  endfacet
  facet normal 0.000000e+00 -1.000000e+00 0.000000e+00
    outer loop
      vertex   -3.354392e+01 -1.000000e+01 -6.248700e+01
      vertex   -3.581863e+01 -1.000000e+01 -6.156213e+01
      vertex   -3.592723e+01 -1.000000e+01 -6.212418e+01
    endloop
  endfacet
  facet normal -0.000000e+00 -1.000000e+00 0.000000e+00
    outer loop
      vertex   -3.354392e+01 -1.000000e+01 -6.248700e+01
      vertex   -3.592723e+01 -1.000000e+01 -6.212418e+01
      vertex   -3.358992e+01 -1.000000e+01 -6.283640e+01
    endloop
  endfacet
  facet normal 0.000000e+00 -1.000000e+00 0.000000e+00
    outer loop
      vertex   -3.358992e+01 -1.000000e+01 -6.283640e+01
      vertex   -3.592723e+01 -1.000000e+01 -6.212418e+01
      vertex   -3.599264e+01 -1.000000e+01 -6.269288e+01
    endloop
  endfacet
  facet normal -0.000000e+00 -1.000000e+00 0.000000e+00
    outer loop
      vertex   -3.358992e+01 -1.000000e+01 -6.283640e+01
      vertex   -3.599264e+01 -1.000000e+01 -6.269288e+01
      vertex   -3.601449e+01 -1.000000e+01 -6.326490e+01
    endloop
  endfacet
  facet normal 0.000000e+00 -1.000000e+00 0.000000e+00
    outer loop
      vertex   -1.252789e+01 -1.000000e+01 5.377261e+00
      vertex   -1.229310e+01 -1.000000e+01 6.584122e+00
      vertex   -1.917358e+01 -1.000000e+01 9.837950e+00
    endloop
  endfacet
  facet normal 0.000000e+00 -1.000000e+00 0.000000e+00
    outer loop
      vertex   -1.917358e+01 -1.000000e+01 9.837950e+00
      vertex   -1.229310e+01 -1.000000e+01 6.584122e+00
      vertex   -1.208805e+01 -1.000000e+01 7.796391e+00
    endloop
  endfacet
  facet normal 0.000000e+00 -1.000000e+00 0.000000e+00
    outer loop
      vertex   -1.917358e+01 -1.000000e+01 9.837950e+00
      vertex   -1.208805e+01 -1.000000e+01 7.796391e+00
      vertex   -1.873782e+01 -1.000000e+01 1.129810e+01
    endloop
  endfacet
  facet normal 0.000000e+00 -1.000000e+00 0.000000e+00
    outer loop
      vertex   -1.873782e+01 -1.000000e+01 1.129810e+01
      vertex   -1.208805e+01 -1.000000e+01 7.796391e+00
      vertex   -1.186843e+01 -1.000000e+01 8.679555e+00
    endloop
  endfacet
  facet normal 0.000000e+00 -1.000000e+00 0.000000e+00
    outer loop
      vertex   -1.873782e+01 -1.000000e+01 1.129810e+01
      vertex   -1.186843e+01 -1.000000e+01 8.679555e+00
      vertex   -1.351418e+01 -1.000000e+01 1.289739e+01
    endloop
  endfacet
  facet normal 0.000000e+00 -1.000000e+00 0.000000e+00
    outer loop
      vertex   -1.351418e+01 -1.000000e+01 1.289739e+01
      vertex   -1.186843e+01 -1.000000e+01 8.679555e+00
      vertex   -1.323459e+01 -1.000000e+01 1.268285e+01
    endloop
  endfacet
  facet normal 0.000000e+00 -1.000000e+00 0.000000e+00
    outer loop
      vertex   -1.323459e+01 -1.000000e+01 1.268285e+01
      vertex   -1.186843e+01 -1.000000e+01 8.679555e+00
      vertex   -1.290899e+01 -1.000000e+01 1.254799e+01
    endloop
  endfacet
  facet normal 0.000000e+00 -1.000000e+00 0.000000e+00
    outer loop
      vertex   -1.290899e+01 -1.000000e+01 1.254799e+01
      vertex   -1.186843e+01 -1.000000e+01 8.679555e+00
      vertex   -1.149678e+01 -1.000000e+01 9.510272e+00
    endloop
  endfacet
  facet normal 0.000000e+00 -1.000000e+00 0.000000e+00
    outer loop
      vertex   -1.290899e+01 -1.000000e+01 1.254799e+01
      vertex   -1.149678e+01 -1.000000e+01 9.510272e+00
      vertex   -1.255959e+01 -1.000000e+01 1.250199e+01
    endloop
  endfacet
  facet normal 0.000000e+00 -1.000000e+00 0.000000e+00
    outer loop
      vertex   -1.255959e+01 -1.000000e+01 1.250199e+01
      vertex   -1.149678e+01 -1.000000e+01 9.510272e+00
      vertex   -1.098471e+01 -1.000000e+01 1.026260e+01
    endloop
  endfacet
  facet normal 0.000000e+00 -1.000000e+00 0.000000e+00
    outer loop
      vertex   -1.255959e+01 -1.000000e+01 1.250199e+01
      vertex   -1.098471e+01 -1.000000e+01 1.026260e+01
      vertex   -1.221018e+01 -1.000000e+01 1.254799e+01
    endloop
  endfacet
  facet normal 0.000000e+00 -1.000000e+00 0.000000e+00
    outer loop
      vertex   -1.221018e+01 -1.000000e+01 1.254799e+01
      vertex   -1.098471e+01 -1.000000e+01 1.026260e+01
      vertex   -1.188459e+01 -1.000000e+01 1.268285e+01
    endloop
  endfacet
  facet normal 0.000000e+00 -1.000000e+00 0.000000e+00
    outer loop
      vertex   -1.188459e+01 -1.000000e+01 1.268285e+01
      vertex   -1.098471e+01 -1.000000e+01 1.026260e+01
      vertex   -1.034822e+01 -1.000000e+01 1.091305e+01
    endloop
  endfacet
  facet normal 0.000000e+00 -1.000000e+00 0.000000e+00
    outer loop
      vertex   -1.188459e+01 -1.000000e+01 1.268285e+01
      vertex   -1.034822e+01 -1.000000e+01 1.091305e+01
      vertex   -1.160499e+01 -1.000000e+01 1.289739e+01
    endloop
  endfacet
  facet normal 0.000000e+00 -1.000000e+00 0.000000e+00
    outer loop
      vertex   -1.160499e+01 -1.000000e+01 1.289739e+01
      vertex   -1.034822e+01 -1.000000e+01 1.091305e+01
      vertex   -1.139045e+01 -1.000000e+01 1.317699e+01
    endloop
  endfacet
  facet normal 0.000000e+00 -1.000000e+00 0.000000e+00
    outer loop
      vertex   -1.139045e+01 -1.000000e+01 1.317699e+01
      vertex   -1.034822e+01 -1.000000e+01 1.091305e+01
      vertex   -9.607163e+00 -1.000000e+01 1.144131e+01
    endloop
  endfacet
  facet normal 0.000000e+00 -1.000000e+00 0.000000e+00
    outer loop
      vertex   -1.139045e+01 -1.000000e+01 1.317699e+01
      vertex   -9.607163e+00 -1.000000e+01 1.144131e+01
      vertex   -1.125559e+01 -1.000000e+01 1.350258e+01
    endloop
  endfacet
  facet normal 0.000000e+00 -1.000000e+00 0.000000e+00
    outer loop
      vertex   -1.125559e+01 -1.000000e+01 1.350258e+01
      vertex   -9.607163e+00 -1.000000e+01 1.144131e+01
      vertex   -8.784698e+00 -1.000000e+01 1.183087e+01
    endloop
  endfacet
  facet normal 0.000000e+00 -1.000000e+00 0.000000e+00
    outer loop
      vertex   -1.125559e+01 -1.000000e+01 1.350258e+01
      vertex   -8.784698e+00 -1.000000e+01 1.183087e+01
      vertex   -1.120959e+01 -1.000000e+01 1.385199e+01
    endloop
  endfacet
  facet normal 0.000000e+00 -1.000000e+00 0.000000e+00
    outer loop
      vertex   -1.120959e+01 -1.000000e+01 1.385199e+01
      vertex   -8.784698e+00 -1.000000e+01 1.183087e+01
      vertex   -1.125559e+01 -1.000000e+01 1.420139e+01
    endloop
  endfacet
  facet normal 0.000000e+00 -1.000000e+00 0.000000e+00
    outer loop
      vertex   -1.125559e+01 -1.000000e+01 1.420139e+01
      vertex   -8.784698e+00 -1.000000e+01 1.183087e+01
      vertex   -7.906503e+00 -1.000000e+01 1.206959e+01
    endloop
  endfacet
  facet normal 0.000000e+00 -1.000000e+00 0.000000e+00
    outer loop
      vertex   -1.125559e+01 -1.000000e+01 1.420139e+01
      vertex   -7.906503e+00 -1.000000e+01 1.206959e+01
      vertex   -8.520953e+00 -1.000000e+01 1.940712e+01
    endloop
  endfacet
  facet normal 0.000000e+00 -1.000000e+00 0.000000e+00
    outer loop
      vertex   -8.520953e+00 -1.000000e+01 1.940712e+01
      vertex   -7.906503e+00 -1.000000e+01 1.206959e+01
      vertex   -7.000000e+00 -1.000000e+01 1.215000e+01
    endloop
  endfacet
  facet normal 0.000000e+00 -1.000000e+00 0.000000e+00
    outer loop
      vertex   -8.520953e+00 -1.000000e+01 1.940712e+01
      vertex   -7.000000e+00 -1.000000e+01 1.215000e+01
      vertex   -7.000000e+00 -1.000000e+01 1.950000e+01
    endloop
  endfacet
  facet normal 0.000000e+00 -1.000000e+00 -0.000000e+00
    outer loop
      vertex   -7.000000e+00 -1.000000e+01 1.950000e+01
      vertex   -7.000000e+00 -1.000000e+01 1.215000e+01
      vertex   5.100000e+01 -1.000000e+01 1.215000e+01
    endloop
  endfacet
  facet normal 0.000000e+00 -1.000000e+00 0.000000e+00
    outer loop
      vertex   -7.000000e+00 -1.000000e+01 1.950000e+01
      vertex   5.100000e+01 -1.000000e+01 1.215000e+01
      vertex   5.100000e+01 -1.000000e+01 1.950000e+01
    endloop
  endfacet
  facet normal 0.000000e+00 -1.000000e+00 0.000000e+00
    outer loop
      vertex   5.100000e+01 -1.000000e+01 1.950000e+01
      vertex   5.100000e+01 -1.000000e+01 1.215000e+01
      vertex   5.250671e+01 -1.000000e+01 1.940886e+01
    endloop
  endfacet
  facet normal 0.000000e+00 -1.000000e+00 0.000000e+00
    outer loop
      vertex   5.250671e+01 -1.000000e+01 1.940886e+01
      vertex   5.100000e+01 -1.000000e+01 1.215000e+01
      vertex   5.189429e+01 -1.000000e+01 1.207176e+01
    endloop
  endfacet
  facet normal 0.000000e+00 -1.000000e+00 -0.000000e+00
    outer loop
      vertex   5.250671e+01 -1.000000e+01 1.940886e+01
      vertex   5.189429e+01 -1.000000e+01 1.207176e+01
      vertex   5.399145e+01 -1.000000e+01 1.913677e+01
    endloop
  endfacet
  facet normal 0.000000e+00 -1.000000e+00 0.000000e+00
    outer loop
      vertex   5.399145e+01 -1.000000e+01 1.913677e+01
      vertex   5.189429e+01 -1.000000e+01 1.207176e+01
      vertex   5.276140e+01 -1.000000e+01 1.183942e+01
    endloop
  endfacet
  facet normal 0.000000e+00 -1.000000e+00 -0.000000e+00
    outer loop
      vertex   5.399145e+01 -1.000000e+01 1.913677e+01
      vertex   5.276140e+01 -1.000000e+01 1.183942e+01
      vertex   5.607108e+01 -1.000000e+01 1.391522e+01
    endloop
  endfacet
  facet normal 0.000000e+00 -1.000000e+00 0.000000e+00
    outer loop
      vertex   5.607108e+01 -1.000000e+01 1.391522e+01
      vertex   5.276140e+01 -1.000000e+01 1.183942e+01
      vertex   5.593622e+01 -1.000000e+01 1.358962e+01
    endloop
  endfacet
  facet normal 0.000000e+00 -1.000000e+00 0.000000e+00
    outer loop
      vertex   5.593622e+01 -1.000000e+01 1.358962e+01
      vertex   5.276140e+01 -1.000000e+01 1.183942e+01
      vertex   5.589022e+01 -1.000000e+01 1.324022e+01
    endloop
  endfacet
  facet normal 0.000000e+00 -1.000000e+00 0.000000e+00
    outer loop
      vertex   5.589022e+01 -1.000000e+01 1.324022e+01
      vertex   5.276140e+01 -1.000000e+01 1.183942e+01
      vertex   5.357500e+01 -1.000000e+01 1.146003e+01
    endloop
  endfacet
  facet normal 0.000000e+00 -1.000000e+00 -0.000000e+00
    outer loop
      vertex   5.589022e+01 -1.000000e+01 1.324022e+01
      vertex   5.357500e+01 -1.000000e+01 1.146003e+01
      vertex   5.593622e+01 -1.000000e+01 1.289081e+01
    endloop
  endfacet
  facet normal 0.000000e+00 -1.000000e+00 0.000000e+00
    outer loop
      vertex   5.593622e+01 -1.000000e+01 1.289081e+01
      vertex   5.357500e+01 -1.000000e+01 1.146003e+01
      vertex   5.431036e+01 -1.000000e+01 1.094513e+01
    endloop
  endfacet
  facet normal 0.000000e+00 -1.000000e+00 -0.000000e+00
    outer loop
      vertex   5.593622e+01 -1.000000e+01 1.289081e+01
      vertex   5.431036e+01 -1.000000e+01 1.094513e+01
      vertex   5.607108e+01 -1.000000e+01 1.256522e+01
    endloop
  endfacet
  facet normal 0.000000e+00 -1.000000e+00 -0.000000e+00
    outer loop
      vertex   5.607108e+01 -1.000000e+01 1.256522e+01
      vertex   5.431036e+01 -1.000000e+01 1.094513e+01
      vertex   5.628562e+01 -1.000000e+01 1.228562e+01
    endloop
  endfacet
  facet normal 0.000000e+00 -1.000000e+00 0.000000e+00
    outer loop
      vertex   5.628562e+01 -1.000000e+01 1.228562e+01
      vertex   5.431036e+01 -1.000000e+01 1.094513e+01
      vertex   5.494513e+01 -1.000000e+01 1.031036e+01
    endloop
  endfacet
  facet normal 0.000000e+00 -1.000000e+00 -0.000000e+00
    outer loop
      vertex   5.628562e+01 -1.000000e+01 1.228562e+01
      vertex   5.494513e+01 -1.000000e+01 1.031036e+01
      vertex   5.656522e+01 -1.000000e+01 1.207108e+01
    endloop
  endfacet
  facet normal 0.000000e+00 -1.000000e+00 0.000000e+00
    outer loop
      vertex   5.656522e+01 -1.000000e+01 1.207108e+01
      vertex   5.494513e+01 -1.000000e+01 1.031036e+01
      vertex   5.546003e+01 -1.000000e+01 9.575000e+00
    endloop
  endfacet
  facet normal 0.000000e+00 -1.000000e+00 -0.000000e+00
    outer loop
      vertex   5.656522e+01 -1.000000e+01 1.207108e+01
      vertex   5.546003e+01 -1.000000e+01 9.575000e+00
      vertex   5.689081e+01 -1.000000e+01 1.193622e+01
    endloop
  endfacet
  facet normal 0.000000e+00 -1.000000e+00 -0.000000e+00
    outer loop
      vertex   5.689081e+01 -1.000000e+01 1.193622e+01
      vertex   5.546003e+01 -1.000000e+01 9.575000e+00
      vertex   5.724022e+01 -1.000000e+01 1.189022e+01
    endloop
  endfacet
  facet normal 0.000000e+00 -1.000000e+00 0.000000e+00
    outer loop
      vertex   5.724022e+01 -1.000000e+01 1.189022e+01
      vertex   5.546003e+01 -1.000000e+01 9.575000e+00
      vertex   5.583942e+01 -1.000000e+01 8.761404e+00
    endloop
  endfacet
  facet normal 0.000000e+00 -1.000000e+00 -0.000000e+00
    outer loop
      vertex   5.724022e+01 -1.000000e+01 1.189022e+01
      vertex   5.583942e+01 -1.000000e+01 8.761404e+00
      vertex   5.758962e+01 -1.000000e+01 1.193622e+01
    endloop
  endfacet
  facet normal 0.000000e+00 -1.000000e+00 0.000000e+00
    outer loop
      vertex   5.758962e+01 -1.000000e+01 1.193622e+01
      vertex   5.583942e+01 -1.000000e+01 8.761404e+00
      vertex   5.607176e+01 -1.000000e+01 7.894288e+00
    endloop
  endfacet
  facet normal 0.000000e+00 -1.000000e+00 -0.000000e+00
    outer loop
      vertex   5.758962e+01 -1.000000e+01 1.193622e+01
      vertex   5.607176e+01 -1.000000e+01 7.894288e+00
      vertex   5.791522e+01 -1.000000e+01 1.207108e+01
    endloop
  endfacet
  facet normal 0.000000e+00 -1.000000e+00 -0.000000e+00
    outer loop
      vertex   5.791522e+01 -1.000000e+01 1.207108e+01
      vertex   5.607176e+01 -1.000000e+01 7.894288e+00
      vertex   6.313677e+01 -1.000000e+01 9.991446e+00
    endloop
  endfacet
  facet normal 0.000000e+00 -1.000000e+00 0.000000e+00
    outer loop
      vertex   5.791522e+01 -1.000000e+01 1.207108e+01
      vertex   6.313677e+01 -1.000000e+01 9.991446e+00
      vertex   5.819481e+01 -1.000000e+01 1.228562e+01
    endloop
  endfacet
  facet normal 0.000000e+00 -1.000000e+00 0.000000e+00
    outer loop
      vertex   5.819481e+01 -1.000000e+01 1.228562e+01
      vertex   6.313677e+01 -1.000000e+01 9.991446e+00
      vertex   6.268770e+01 -1.000000e+01 1.143256e+01
    endloop
  endfacet
  facet normal 0.000000e+00 -1.000000e+00 0.000000e+00
    outer loop
      vertex   5.819481e+01 -1.000000e+01 1.228562e+01
      vertex   6.268770e+01 -1.000000e+01 1.143256e+01
      vertex   5.840935e+01 -1.000000e+01 1.256522e+01
    endloop
  endfacet
  facet normal 0.000000e+00 -1.000000e+00 0.000000e+00
    outer loop
      vertex   5.840935e+01 -1.000000e+01 1.256522e+01
      vertex   6.268770e+01 -1.000000e+01 1.143256e+01
      vertex   6.206820e+01 -1.000000e+01 1.280904e+01
    endloop
  endfacet
  facet normal 0.000000e+00 -1.000000e+00 0.000000e+00
    outer loop
      vertex   5.840935e+01 -1.000000e+01 1.256522e+01
      vertex   6.206820e+01 -1.000000e+01 1.280904e+01
      vertex   5.854422e+01 -1.000000e+01 1.289081e+01
    endloop
  endfacet
  facet normal 0.000000e+00 -1.000000e+00 0.000000e+00
    outer loop
      vertex   5.854422e+01 -1.000000e+01 1.289081e+01
      vertex   6.206820e+01 -1.000000e+01 1.280904e+01
      vertex   6.128730e+01 -1.000000e+01 1.410081e+01
    endloop
  endfacet
  facet normal 0.000000e+00 -1.000000e+00 0.000000e+00
    outer loop
      vertex   5.854422e+01 -1.000000e+01 1.289081e+01
      vertex   6.128730e+01 -1.000000e+01 1.410081e+01
      vertex   5.859022e+01 -1.000000e+01 1.324022e+01
    endloop
  endfacet
  facet normal 0.000000e+00 -1.000000e+00 0.000000e+00
    outer loop
      vertex   5.859022e+01 -1.000000e+01 1.324022e+01
      vertex   6.128730e+01 -1.000000e+01 1.410081e+01
      vertex   5.854422e+01 -1.000000e+01 1.358962e+01
    endloop
  endfacet
  facet normal 0.000000e+00 -1.000000e+00 0.000000e+00
    outer loop
      vertex   5.854422e+01 -1.000000e+01 1.358962e+01
      vertex   6.128730e+01 -1.000000e+01 1.410081e+01
      vertex   6.035638e+01 -1.000000e+01 1.528903e+01
    endloop
  endfacet
  facet normal 0.000000e+00 -1.000000e+00 0.000000e+00
    outer loop
      vertex   5.854422e+01 -1.000000e+01 1.358962e+01
      vertex   6.035638e+01 -1.000000e+01 1.528903e+01
      vertex   5.840935e+01 -1.000000e+01 1.391522e+01
    endloop
  endfacet
  facet normal 0.000000e+00 -1.000000e+00 0.000000e+00
    outer loop
      vertex   5.840935e+01 -1.000000e+01 1.391522e+01
      vertex   6.035638e+01 -1.000000e+01 1.528903e+01
      vertex   5.819481e+01 -1.000000e+01 1.419481e+01
    endloop
  endfacet
  facet normal 0.000000e+00 -1.000000e+00 0.000000e+00
    outer loop
      vertex   5.819481e+01 -1.000000e+01 1.419481e+01
      vertex   6.035638e+01 -1.000000e+01 1.528903e+01
      vertex   5.928903e+01 -1.000000e+01 1.635638e+01
    endloop
  endfacet
  facet normal 0.000000e+00 -1.000000e+00 0.000000e+00
    outer loop
      vertex   5.819481e+01 -1.000000e+01 1.419481e+01
      vertex   5.928903e+01 -1.000000e+01 1.635638e+01
      vertex   5.791522e+01 -1.000000e+01 1.440935e+01
    endloop
  endfacet
  facet normal 0.000000e+00 -1.000000e+00 0.000000e+00
    outer loop
      vertex   5.791522e+01 -1.000000e+01 1.440935e+01
      vertex   5.928903e+01 -1.000000e+01 1.635638e+01
      vertex   5.758962e+01 -1.000000e+01 1.454422e+01
    endloop
  endfacet
  facet normal 0.000000e+00 -1.000000e+00 0.000000e+00
    outer loop
      vertex   5.758962e+01 -1.000000e+01 1.454422e+01
      vertex   5.928903e+01 -1.000000e+01 1.635638e+01
      vertex   5.810081e+01 -1.000000e+01 1.728730e+01
    endloop
  endfacet
  facet normal 0.000000e+00 -1.000000e+00 0.000000e+00
    outer loop
      vertex   5.758962e+01 -1.000000e+01 1.454422e+01
      vertex   5.810081e+01 -1.000000e+01 1.728730e+01
      vertex   5.724022e+01 -1.000000e+01 1.459022e+01
    endloop
  endfacet
  facet normal -0.000000e+00 -1.000000e+00 0.000000e+00
    outer loop
      vertex   5.724022e+01 -1.000000e+01 1.459022e+01
      vertex   5.810081e+01 -1.000000e+01 1.728730e+01
      vertex   5.689081e+01 -1.000000e+01 1.454422e+01
    endloop
  endfacet
  facet normal 0.000000e+00 -1.000000e+00 0.000000e+00
    outer loop
      vertex   5.689081e+01 -1.000000e+01 1.454422e+01
      vertex   5.810081e+01 -1.000000e+01 1.728730e+01
      vertex   5.680904e+01 -1.000000e+01 1.806820e+01
    endloop
  endfacet
  facet normal -0.000000e+00 -1.000000e+00 0.000000e+00
    outer loop
      vertex   5.689081e+01 -1.000000e+01 1.454422e+01
      vertex   5.680904e+01 -1.000000e+01 1.806820e+01
      vertex   5.656522e+01 -1.000000e+01 1.440935e+01
    endloop
  endfacet
  facet normal 0.000000e+00 -1.000000e+00 0.000000e+00
    outer loop
      vertex   5.656522e+01 -1.000000e+01 1.440935e+01
      vertex   5.680904e+01 -1.000000e+01 1.806820e+01
      vertex   5.543256e+01 -1.000000e+01 1.868770e+01
    endloop
  endfacet
  facet normal -0.000000e+00 -1.000000e+00 0.000000e+00
    outer loop
      vertex   5.656522e+01 -1.000000e+01 1.440935e+01
      vertex   5.543256e+01 -1.000000e+01 1.868770e+01
      vertex   5.628562e+01 -1.000000e+01 1.419481e+01
    endloop
  endfacet
  facet normal -0.000000e+00 -1.000000e+00 0.000000e+00
    outer loop
      vertex   5.628562e+01 -1.000000e+01 1.419481e+01
      vertex   5.543256e+01 -1.000000e+01 1.868770e+01
      vertex   5.607108e+01 -1.000000e+01 1.391522e+01
    endloop
  endfacet
  facet normal 0.000000e+00 -1.000000e+00 0.000000e+00
    outer loop
      vertex   5.607108e+01 -1.000000e+01 1.391522e+01
      vertex   5.543256e+01 -1.000000e+01 1.868770e+01
      vertex   5.399145e+01 -1.000000e+01 1.913677e+01
    endloop
  endfacet
  facet normal 0.000000e+00 -1.000000e+00 -0.000000e+00
    outer loop
      vertex   6.313677e+01 -1.000000e+01 9.991446e+00
      vertex   5.607176e+01 -1.000000e+01 7.894288e+00
      vertex   6.340886e+01 -1.000000e+01 8.506709e+00
    endloop
  endfacet
  facet normal 0.000000e+00 -1.000000e+00 0.000000e+00
    outer loop
      vertex   6.340886e+01 -1.000000e+01 8.506709e+00
      vertex   5.607176e+01 -1.000000e+01 7.894288e+00
      vertex   5.615000e+01 -1.000000e+01 7.000000e+00
    endloop
  endfacet
  facet normal 0.000000e+00 -1.000000e+00 -0.000000e+00
    outer loop
      vertex   6.340886e+01 -1.000000e+01 8.506709e+00
      vertex   5.615000e+01 -1.000000e+01 7.000000e+00
      vertex   6.350000e+01 -1.000000e+01 7.000000e+00
    endloop
  endfacet
  facet normal -0.000000e+00 -1.000000e+00 -0.000000e+00
    outer loop
      vertex   6.350000e+01 -1.000000e+01 7.000000e+00
      vertex   5.615000e+01 -1.000000e+01 7.000000e+00
      vertex   6.350000e+01 -1.000000e+01 -5.100000e+01
    endloop
  endfacet
  facet normal 0.000000e+00 -1.000000e+00 0.000000e+00
    outer loop
      vertex   6.350000e+01 -1.000000e+01 -5.100000e+01
      vertex   5.615000e+01 -1.000000e+01 7.000000e+00
      vertex   5.615000e+01 -1.000000e+01 -5.100000e+01
    endloop
  endfacet
  facet normal -0.000000e+00 -1.000000e+00 0.000000e+00
    outer loop
      vertex   6.350000e+01 -1.000000e+01 -5.100000e+01
      vertex   5.615000e+01 -1.000000e+01 -5.100000e+01
      vertex   5.922716e+01 -1.000000e+01 -5.280583e+01
    endloop
  endfacet
  facet normal -0.000000e+00 -1.000000e+00 0.000000e+00
    outer loop
      vertex   5.922716e+01 -1.000000e+01 -5.280583e+01
      vertex   5.615000e+01 -1.000000e+01 -5.100000e+01
      vertex   5.887775e+01 -1.000000e+01 -5.285183e+01
    endloop
  endfacet
  facet normal -0.000000e+00 -1.000000e+00 0.000000e+00
    outer loop
      vertex   5.887775e+01 -1.000000e+01 -5.285183e+01
      vertex   5.615000e+01 -1.000000e+01 -5.100000e+01
      vertex   5.855216e+01 -1.000000e+01 -5.298669e+01
    endloop
  endfacet
  facet normal -0.000000e+00 -1.000000e+00 0.000000e+00
    outer loop
      vertex   5.855216e+01 -1.000000e+01 -5.298669e+01
      vertex   5.615000e+01 -1.000000e+01 -5.100000e+01
      vertex   5.827256e+01 -1.000000e+01 -5.320123e+01
    endloop
  endfacet
  facet normal 0.000000e+00 -1.000000e+00 0.000000e+00
    outer loop
      vertex   5.827256e+01 -1.000000e+01 -5.320123e+01
      vertex   5.615000e+01 -1.000000e+01 -5.100000e+01
      vertex   5.606606e+01 -1.000000e+01 -5.192601e+01
    endloop
  endfacet
  facet normal -0.000000e+00 -1.000000e+00 0.000000e+00
    outer loop
      vertex   5.827256e+01 -1.000000e+01 -5.320123e+01
      vertex   5.606606e+01 -1.000000e+01 -5.192601e+01
      vertex   5.805802e+01 -1.000000e+01 -5.348083e+01
    endloop
  endfacet
  facet normal 0.000000e+00 -1.000000e+00 0.000000e+00
    outer loop
      vertex   5.805802e+01 -1.000000e+01 -5.348083e+01
      vertex   5.606606e+01 -1.000000e+01 -5.192601e+01
      vertex   5.581699e+01 -1.000000e+01 -5.282183e+01
    endloop
  endfacet
  facet normal -0.000000e+00 -1.000000e+00 0.000000e+00
    outer loop
      vertex   5.805802e+01 -1.000000e+01 -5.348083e+01
      vertex   5.581699e+01 -1.000000e+01 -5.282183e+01
      vertex   5.792316e+01 -1.000000e+01 -5.380642e+01
    endloop
  endfacet
  facet normal -0.000000e+00 -1.000000e+00 0.000000e+00
    outer loop
      vertex   5.792316e+01 -1.000000e+01 -5.380642e+01
      vertex   5.581699e+01 -1.000000e+01 -5.282183e+01
      vertex   5.787716e+01 -1.000000e+01 -5.415583e+01
    endloop
  endfacet
  facet normal 0.000000e+00 -1.000000e+00 0.000000e+00
    outer loop
      vertex   5.787716e+01 -1.000000e+01 -5.415583e+01
      vertex   5.581699e+01 -1.000000e+01 -5.282183e+01
      vertex   5.541090e+01 -1.000000e+01 -5.365827e+01
    endloop
  endfacet
  facet normal -0.000000e+00 -1.000000e+00 -0.000000e+00
    outer loop
      vertex   5.787716e+01 -1.000000e+01 -5.415583e+01
      vertex   5.541090e+01 -1.000000e+01 -5.365827e+01
      vertex   5.792316e+01 -1.000000e+01 -5.450523e+01
    endloop
  endfacet
  facet normal 0.000000e+00 -1.000000e+00 0.000000e+00
    outer loop
      vertex   5.792316e+01 -1.000000e+01 -5.450523e+01
      vertex   5.541090e+01 -1.000000e+01 -5.365827e+01
      vertex   5.486104e+01 -1.000000e+01 -5.440806e+01
    endloop
  endfacet
  facet normal -0.000000e+00 -1.000000e+00 -0.000000e+00
    outer loop
      vertex   5.792316e+01 -1.000000e+01 -5.450523e+01
      vertex   5.486104e+01 -1.000000e+01 -5.440806e+01
      vertex   5.805802e+01 -1.000000e+01 -5.483083e+01
    endloop
  endfacet
  facet normal -0.000000e+00 -1.000000e+00 -0.000000e+00
    outer loop
      vertex   5.805802e+01 -1.000000e+01 -5.483083e+01
      vertex   5.486104e+01 -1.000000e+01 -5.440806e+01
      vertex   5.827256e+01 -1.000000e+01 -5.511042e+01
    endloop
  endfacet
  facet normal 0.000000e+00 -1.000000e+00 0.000000e+00
    outer loop
      vertex   5.827256e+01 -1.000000e+01 -5.511042e+01
      vertex   5.486104e+01 -1.000000e+01 -5.440806e+01
      vertex   5.418531e+01 -1.000000e+01 -5.504676e+01
    endloop
  endfacet
  facet normal -0.000000e+00 -1.000000e+00 -0.000000e+00
    outer loop
      vertex   5.827256e+01 -1.000000e+01 -5.511042e+01
      vertex   5.418531e+01 -1.000000e+01 -5.504676e+01
      vertex   5.855216e+01 -1.000000e+01 -5.532496e+01
    endloop
  endfacet
  facet normal -0.000000e+00 -1.000000e+00 -0.000000e+00
    outer loop
      vertex   5.855216e+01 -1.000000e+01 -5.532496e+01
      vertex   5.418531e+01 -1.000000e+01 -5.504676e+01
      vertex   6.085948e+01 -1.000000e+01 -5.868379e+01
    endloop
  endfacet
  facet normal 0.000000e+00 -1.000000e+00 0.000000e+00
    outer loop
      vertex   5.855216e+01 -1.000000e+01 -5.532496e+01
      vertex   6.085948e+01 -1.000000e+01 -5.868379e+01
      vertex   5.887775e+01 -1.000000e+01 -5.545983e+01
    endloop
  endfacet
  facet normal 0.000000e+00 -1.000000e+00 0.000000e+00
    outer loop
      vertex   5.887775e+01 -1.000000e+01 -5.545983e+01
      vertex   6.085948e+01 -1.000000e+01 -5.868379e+01
      vertex   5.922716e+01 -1.000000e+01 -5.550583e+01
    endloop
  endfacet
  facet normal 0.000000e+00 -1.000000e+00 0.000000e+00
    outer loop
      vertex   5.922716e+01 -1.000000e+01 -5.550583e+01
      vertex   6.085948e+01 -1.000000e+01 -5.868379e+01
      vertex   5.957656e+01 -1.000000e+01 -5.545983e+01
    endloop
  endfacet
  facet normal 0.000000e+00 -1.000000e+00 0.000000e+00
    outer loop
      vertex   5.957656e+01 -1.000000e+01 -5.545983e+01
      vertex   6.085948e+01 -1.000000e+01 -5.868379e+01
      vertex   6.164560e+01 -1.000000e+01 -5.755143e+01
    endloop
  endfacet
  facet normal 0.000000e+00 -1.000000e+00 0.000000e+00
    outer loop
      vertex   5.957656e+01 -1.000000e+01 -5.545983e+01
      vertex   6.164560e+01 -1.000000e+01 -5.755143e+01
      vertex   5.990216e+01 -1.000000e+01 -5.532496e+01
    endloop
  endfacet
  facet normal 0.000000e+00 -1.000000e+00 0.000000e+00
    outer loop
      vertex   5.990216e+01 -1.000000e+01 -5.532496e+01
      vertex   6.164560e+01 -1.000000e+01 -5.755143e+01
      vertex   6.018175e+01 -1.000000e+01 -5.511042e+01
    endloop
  endfacet
  facet normal 0.000000e+00 -1.000000e+00 0.000000e+00
    outer loop
      vertex   6.018175e+01 -1.000000e+01 -5.511042e+01
      vertex   6.164560e+01 -1.000000e+01 -5.755143e+01
      vertex   6.230225e+01 -1.000000e+01 -5.633939e+01
    endloop
  endfacet
  facet normal 0.000000e+00 -1.000000e+00 0.000000e+00
    outer loop
      vertex   6.018175e+01 -1.000000e+01 -5.511042e+01
      vertex   6.230225e+01 -1.000000e+01 -5.633939e+01
      vertex   6.039629e+01 -1.000000e+01 -5.483083e+01
    endloop
  endfacet
  facet normal 0.000000e+00 -1.000000e+00 0.000000e+00
    outer loop
      vertex   6.039629e+01 -1.000000e+01 -5.483083e+01
      vertex   6.230225e+01 -1.000000e+01 -5.633939e+01
      vertex   6.053116e+01 -1.000000e+01 -5.450523e+01
    endloop
  endfacet
  facet normal 0.000000e+00 -1.000000e+00 0.000000e+00
    outer loop
      vertex   6.053116e+01 -1.000000e+01 -5.450523e+01
      vertex   6.230225e+01 -1.000000e+01 -5.633939e+01
      vertex   6.282145e+01 -1.000000e+01 -5.506242e+01
    endloop
  endfacet
  facet normal 0.000000e+00 -1.000000e+00 0.000000e+00
    outer loop
      vertex   6.053116e+01 -1.000000e+01 -5.450523e+01
      vertex   6.282145e+01 -1.000000e+01 -5.506242e+01
      vertex   6.057716e+01 -1.000000e+01 -5.415583e+01
    endloop
  endfacet
  facet normal 0.000000e+00 -1.000000e+00 0.000000e+00
    outer loop
      vertex   6.057716e+01 -1.000000e+01 -5.415583e+01
      vertex   6.282145e+01 -1.000000e+01 -5.506242e+01
      vertex   6.319689e+01 -1.000000e+01 -5.373604e+01
    endloop
  endfacet
  facet normal 0.000000e+00 -1.000000e+00 0.000000e+00
    outer loop
      vertex   6.057716e+01 -1.000000e+01 -5.415583e+01
      vertex   6.319689e+01 -1.000000e+01 -5.373604e+01
      vertex   6.053116e+01 -1.000000e+01 -5.380642e+01
    endloop
  endfacet
  facet normal 0.000000e+00 -1.000000e+00 0.000000e+00
    outer loop
      vertex   6.053116e+01 -1.000000e+01 -5.380642e+01
      vertex   6.319689e+01 -1.000000e+01 -5.373604e+01
      vertex   6.039629e+01 -1.000000e+01 -5.348083e+01
    endloop
  endfacet
  facet normal 0.000000e+00 -1.000000e+00 0.000000e+00
    outer loop
      vertex   6.039629e+01 -1.000000e+01 -5.348083e+01
      vertex   6.319689e+01 -1.000000e+01 -5.373604e+01
      vertex   6.342399e+01 -1.000000e+01 -5.237639e+01
    endloop
  endfacet
  facet normal 0.000000e+00 -1.000000e+00 0.000000e+00
    outer loop
      vertex   6.039629e+01 -1.000000e+01 -5.348083e+01
      vertex   6.342399e+01 -1.000000e+01 -5.237639e+01
      vertex   6.018175e+01 -1.000000e+01 -5.320123e+01
    endloop
  endfacet
  facet normal 0.000000e+00 -1.000000e+00 0.000000e+00
    outer loop
      vertex   6.018175e+01 -1.000000e+01 -5.320123e+01
      vertex   6.342399e+01 -1.000000e+01 -5.237639e+01
      vertex   6.350000e+01 -1.000000e+01 -5.100000e+01
    endloop
  endfacet
  facet normal 0.000000e+00 -1.000000e+00 0.000000e+00
    outer loop
      vertex   6.018175e+01 -1.000000e+01 -5.320123e+01
      vertex   6.350000e+01 -1.000000e+01 -5.100000e+01
      vertex   5.990216e+01 -1.000000e+01 -5.298669e+01
    endloop
  endfacet
  facet normal 0.000000e+00 -1.000000e+00 0.000000e+00
    outer loop
      vertex   5.990216e+01 -1.000000e+01 -5.298669e+01
      vertex   6.350000e+01 -1.000000e+01 -5.100000e+01
      vertex   5.957656e+01 -1.000000e+01 -5.285183e+01
    endloop
  endfacet
  facet normal 0.000000e+00 -1.000000e+00 0.000000e+00
    outer loop
      vertex   5.957656e+01 -1.000000e+01 -5.285183e+01
      vertex   6.350000e+01 -1.000000e+01 -5.100000e+01
      vertex   5.922716e+01 -1.000000e+01 -5.280583e+01
    endloop
  endfacet
  facet normal 0.000000e+00 -1.000000e+00 0.000000e+00
    outer loop
      vertex   2.915968e+01 -1.000000e+01 -8.715848e+01
      vertex   3.176021e+01 -1.000000e+01 -8.957337e+01
      vertex   5.418531e+01 -1.000000e+01 -5.504676e+01
    endloop
  endfacet
  facet normal 0.000000e+00 -1.000000e+00 0.000000e+00
    outer loop
      vertex   5.418531e+01 -1.000000e+01 -5.504676e+01
      vertex   3.176021e+01 -1.000000e+01 -8.957337e+01
      vertex   3.507536e+01 -1.000000e+01 -9.176876e+01
    endloop
  endfacet
  facet normal 0.000000e+00 -1.000000e+00 -0.000000e+00
    outer loop
      vertex   5.418531e+01 -1.000000e+01 -5.504676e+01
      vertex   3.507536e+01 -1.000000e+01 -9.176876e+01
      vertex   6.085948e+01 -1.000000e+01 -5.868379e+01
    endloop
  endfacet
  facet normal 0.000000e+00 -1.000000e+00 0.000000e+00
    outer loop
      vertex   -2.851449e+01 -1.000000e+01 -8.715848e+01
      vertex   -2.851449e+01 -1.000000e+01 -9.465848e+01
      vertex   2.915968e+01 -1.000000e+01 -8.715848e+01
    endloop
  endfacet
  facet normal 0.000000e+00 -1.000000e+00 -0.000000e+00
    outer loop
      vertex   2.915968e+01 -1.000000e+01 -8.715848e+01
      vertex   -2.851449e+01 -1.000000e+01 -9.465848e+01
      vertex   2.915968e+01 -1.000000e+01 -9.465848e+01
    endloop
  endfacet
  facet normal 0.000000e+00 -1.000000e+00 0.000000e+00
    outer loop
      vertex   2.915968e+01 -1.000000e+01 -8.715848e+01
      vertex   2.915968e+01 -1.000000e+01 -9.465848e+01
      vertex   2.945562e+01 -1.000000e+01 -9.052796e+01
    endloop
  endfacet
  facet normal 0.000000e+00 -1.000000e+00 -0.000000e+00
    outer loop
      vertex   2.945562e+01 -1.000000e+01 -9.052796e+01
      vertex   2.915968e+01 -1.000000e+01 -9.465848e+01
      vertex   2.950162e+01 -1.000000e+01 -9.087737e+01
    endloop
  endfacet
  facet normal 0.000000e+00 -1.000000e+00 -0.000000e+00
    outer loop
      vertex   2.950162e+01 -1.000000e+01 -9.087737e+01
      vertex   2.915968e+01 -1.000000e+01 -9.465848e+01
      vertex   2.963648e+01 -1.000000e+01 -9.120296e+01
    endloop
  endfacet
  facet normal 0.000000e+00 -1.000000e+00 -0.000000e+00
    outer loop
      vertex   2.963648e+01 -1.000000e+01 -9.120296e+01
      vertex   2.915968e+01 -1.000000e+01 -9.465848e+01
      vertex   2.985102e+01 -1.000000e+01 -9.148256e+01
    endloop
  endfacet
  facet normal 0.000000e+00 -1.000000e+00 -0.000000e+00
    outer loop
      vertex   2.985102e+01 -1.000000e+01 -9.148256e+01
      vertex   2.915968e+01 -1.000000e+01 -9.465848e+01
      vertex   3.013062e+01 -1.000000e+01 -9.169710e+01
    endloop
  endfacet
  facet normal 0.000000e+00 -1.000000e+00 -0.000000e+00
    outer loop
      vertex   3.013062e+01 -1.000000e+01 -9.169710e+01
      vertex   2.915968e+01 -1.000000e+01 -9.465848e+01
      vertex   3.029132e+01 -1.000000e+01 -9.457262e+01
    endloop
  endfacet
  facet normal 0.000000e+00 -1.000000e+00 0.000000e+00
    outer loop
      vertex   3.013062e+01 -1.000000e+01 -9.169710e+01
      vertex   3.029132e+01 -1.000000e+01 -9.457262e+01
      vertex   3.045621e+01 -1.000000e+01 -9.183196e+01
    endloop
  endfacet
  facet normal 0.000000e+00 -1.000000e+00 -0.000000e+00
    outer loop
      vertex   3.045621e+01 -1.000000e+01 -9.183196e+01
      vertex   3.029132e+01 -1.000000e+01 -9.457262e+01
      vertex   3.080562e+01 -1.000000e+01 -9.187796e+01
    endloop
  endfacet
  facet normal 0.000000e+00 -1.000000e+00 -0.000000e+00
    outer loop
      vertex   3.080562e+01 -1.000000e+01 -9.187796e+01
      vertex   3.029132e+01 -1.000000e+01 -9.457262e+01
      vertex   3.139705e+01 -1.000000e+01 -9.431698e+01
    endloop
  endfacet
  facet normal 0.000000e+00 -1.000000e+00 0.000000e+00
    outer loop
      vertex   3.080562e+01 -1.000000e+01 -9.187796e+01
      vertex   3.139705e+01 -1.000000e+01 -9.431698e+01
      vertex   3.115502e+01 -1.000000e+01 -9.183196e+01
    endloop
  endfacet
  facet normal 0.000000e+00 -1.000000e+00 0.000000e+00
    outer loop
      vertex   3.115502e+01 -1.000000e+01 -9.183196e+01
      vertex   3.139705e+01 -1.000000e+01 -9.431698e+01
      vertex   3.245156e+01 -1.000000e+01 -9.389744e+01
    endloop
  endfacet
  facet normal 0.000000e+00 -1.000000e+00 0.000000e+00
    outer loop
      vertex   3.115502e+01 -1.000000e+01 -9.183196e+01
      vertex   3.245156e+01 -1.000000e+01 -9.389744e+01
      vertex   3.148062e+01 -1.000000e+01 -9.169710e+01
    endloop
  endfacet
  facet normal 0.000000e+00 -1.000000e+00 0.000000e+00
    outer loop
      vertex   3.148062e+01 -1.000000e+01 -9.169710e+01
      vertex   3.245156e+01 -1.000000e+01 -9.389744e+01
      vertex   3.176021e+01 -1.000000e+01 -9.148256e+01
    endloop
  endfacet
  facet normal 0.000000e+00 -1.000000e+00 0.000000e+00
    outer loop
      vertex   3.176021e+01 -1.000000e+01 -9.148256e+01
      vertex   3.245156e+01 -1.000000e+01 -9.389744e+01
      vertex   3.343068e+01 -1.000000e+01 -9.332359e+01
    endloop
  endfacet
  facet normal 0.000000e+00 -1.000000e+00 0.000000e+00
    outer loop
      vertex   3.176021e+01 -1.000000e+01 -9.148256e+01
      vertex   3.343068e+01 -1.000000e+01 -9.332359e+01
      vertex   3.197475e+01 -1.000000e+01 -9.120296e+01
    endloop
  endfacet
  facet normal 0.000000e+00 -1.000000e+00 0.000000e+00
    outer loop
      vertex   3.197475e+01 -1.000000e+01 -9.120296e+01
      vertex   3.343068e+01 -1.000000e+01 -9.332359e+01
      vertex   3.431201e+01 -1.000000e+01 -9.260857e+01
    endloop
  endfacet
  facet normal 0.000000e+00 -1.000000e+00 0.000000e+00
    outer loop
      vertex   3.197475e+01 -1.000000e+01 -9.120296e+01
      vertex   3.431201e+01 -1.000000e+01 -9.260857e+01
      vertex   3.210962e+01 -1.000000e+01 -9.087737e+01
    endloop
  endfacet
  facet normal 0.000000e+00 -1.000000e+00 0.000000e+00
    outer loop
      vertex   3.210962e+01 -1.000000e+01 -9.087737e+01
      vertex   3.431201e+01 -1.000000e+01 -9.260857e+01
      vertex   3.507536e+01 -1.000000e+01 -9.176876e+01
    endloop
  endfacet
  facet normal 0.000000e+00 -1.000000e+00 0.000000e+00
    outer loop
      vertex   3.210962e+01 -1.000000e+01 -9.087737e+01
      vertex   3.507536e+01 -1.000000e+01 -9.176876e+01
      vertex   3.215562e+01 -1.000000e+01 -9.052796e+01
    endloop
  endfacet
  facet normal 0.000000e+00 -1.000000e+00 0.000000e+00
    outer loop
      vertex   3.215562e+01 -1.000000e+01 -9.052796e+01
      vertex   3.507536e+01 -1.000000e+01 -9.176876e+01
      vertex   3.210962e+01 -1.000000e+01 -9.017856e+01
    endloop
  endfacet
  facet normal 0.000000e+00 -1.000000e+00 0.000000e+00
    outer loop
      vertex   3.210962e+01 -1.000000e+01 -9.017856e+01
      vertex   3.507536e+01 -1.000000e+01 -9.176876e+01
      vertex   3.197475e+01 -1.000000e+01 -8.985296e+01
    endloop
  endfacet
  facet normal 0.000000e+00 -1.000000e+00 0.000000e+00
    outer loop
      vertex   3.197475e+01 -1.000000e+01 -8.985296e+01
      vertex   3.507536e+01 -1.000000e+01 -9.176876e+01
      vertex   3.176021e+01 -1.000000e+01 -8.957337e+01
    endloop
  endfacet
  facet normal 0.000000e+00 -1.000000e+00 0.000000e+00
    outer loop
      vertex   -2.851449e+01 -1.000000e+01 -6.326490e+01
      vertex   -3.156492e+01 -1.000000e+01 -6.400554e+01
      vertex   -2.851449e+01 -1.000000e+01 -8.715848e+01
    endloop
  endfacet
  facet normal 0.000000e+00 -1.000000e+00 0.000000e+00
    outer loop
      vertex   -2.851449e+01 -1.000000e+01 -8.715848e+01
      vertex   -3.156492e+01 -1.000000e+01 -6.400554e+01
      vertex   -3.189052e+01 -1.000000e+01 -6.414040e+01
    endloop
  endfacet
  facet normal 0.000000e+00 -1.000000e+00 0.000000e+00
    outer loop
      vertex   -2.851449e+01 -1.000000e+01 -8.715848e+01
      vertex   -3.189052e+01 -1.000000e+01 -6.414040e+01
      vertex   -3.223992e+01 -1.000000e+01 -6.418640e+01
    endloop
  endfacet
  facet normal 0.000000e+00 -1.000000e+00 0.000000e+00
    outer loop
      vertex   -1.279229e+01 -1.000000e+01 4.176539e+00
      vertex   -3.156492e+01 -1.000000e+01 -6.166727e+01
      vertex   -2.851449e+01 -1.000000e+01 -6.326490e+01
    endloop
  endfacet
  facet normal 0.000000e+00 -1.000000e+00 0.000000e+00
    outer loop
      vertex   -2.851449e+01 -1.000000e+01 -6.326490e+01
      vertex   -3.156492e+01 -1.000000e+01 -6.166727e+01
      vertex   -3.128533e+01 -1.000000e+01 -6.188181e+01
    endloop
  endfacet
  facet normal 0.000000e+00 -1.000000e+00 0.000000e+00
    outer loop
      vertex   -2.851449e+01 -1.000000e+01 -6.326490e+01
      vertex   -3.128533e+01 -1.000000e+01 -6.188181e+01
      vertex   -3.107079e+01 -1.000000e+01 -6.216140e+01
    endloop
  endfacet
  facet normal 0.000000e+00 -1.000000e+00 0.000000e+00
    outer loop
      vertex   -1.125559e+01 -1.000000e+01 1.420139e+01
      vertex   -8.520953e+00 -1.000000e+01 1.940712e+01
      vertex   -1.139045e+01 -1.000000e+01 1.452699e+01
    endloop
  endfacet
  facet normal 0.000000e+00 -1.000000e+00 0.000000e+00
    outer loop
      vertex   -1.139045e+01 -1.000000e+01 1.452699e+01
      vertex   -8.520953e+00 -1.000000e+01 1.940712e+01
      vertex   -1.001930e+01 -1.000000e+01 1.912987e+01
    endloop
  endfacet
  facet normal 0.000000e+00 -1.000000e+00 0.000000e+00
    outer loop
      vertex   -1.139045e+01 -1.000000e+01 1.452699e+01
      vertex   -1.001930e+01 -1.000000e+01 1.912987e+01
      vertex   -1.160499e+01 -1.000000e+01 1.480658e+01
    endloop
  endfacet
  facet normal 0.000000e+00 -1.000000e+00 0.000000e+00
    outer loop
      vertex   -1.160499e+01 -1.000000e+01 1.480658e+01
      vertex   -1.001930e+01 -1.000000e+01 1.912987e+01
      vertex   -1.147279e+01 -1.000000e+01 1.867237e+01
    endloop
  endfacet
  facet normal 0.000000e+00 -1.000000e+00 0.000000e+00
    outer loop
      vertex   -1.160499e+01 -1.000000e+01 1.480658e+01
      vertex   -1.147279e+01 -1.000000e+01 1.867237e+01
      vertex   -1.188459e+01 -1.000000e+01 1.502112e+01
    endloop
  endfacet
  facet normal 0.000000e+00 -1.000000e+00 0.000000e+00
    outer loop
      vertex   -1.188459e+01 -1.000000e+01 1.502112e+01
      vertex   -1.147279e+01 -1.000000e+01 1.867237e+01
      vertex   -1.221018e+01 -1.000000e+01 1.515599e+01
    endloop
  endfacet
  facet normal 0.000000e+00 -1.000000e+00 0.000000e+00
    outer loop
      vertex   -1.221018e+01 -1.000000e+01 1.515599e+01
      vertex   -1.147279e+01 -1.000000e+01 1.867237e+01
      vertex   -1.285980e+01 -1.000000e+01 1.804141e+01
    endloop
  endfacet
  facet normal 0.000000e+00 -1.000000e+00 0.000000e+00
    outer loop
      vertex   -1.221018e+01 -1.000000e+01 1.515599e+01
      vertex   -1.285980e+01 -1.000000e+01 1.804141e+01
      vertex   -1.255959e+01 -1.000000e+01 1.520199e+01
    endloop
  endfacet
  facet normal -0.000000e+00 -1.000000e+00 0.000000e+00
    outer loop
      vertex   -1.255959e+01 -1.000000e+01 1.520199e+01
      vertex   -1.285980e+01 -1.000000e+01 1.804141e+01
      vertex   -1.290899e+01 -1.000000e+01 1.515599e+01
    endloop
  endfacet
  facet normal 0.000000e+00 -1.000000e+00 0.000000e+00
    outer loop
      vertex   -1.290899e+01 -1.000000e+01 1.515599e+01
      vertex   -1.285980e+01 -1.000000e+01 1.804141e+01
      vertex   -1.415974e+01 -1.000000e+01 1.724637e+01
    endloop
  endfacet
  facet normal -0.000000e+00 -1.000000e+00 0.000000e+00
    outer loop
      vertex   -1.290899e+01 -1.000000e+01 1.515599e+01
      vertex   -1.415974e+01 -1.000000e+01 1.724637e+01
      vertex   -1.323459e+01 -1.000000e+01 1.502112e+01
    endloop
  endfacet
  facet normal -0.000000e+00 -1.000000e+00 0.000000e+00
    outer loop
      vertex   -1.323459e+01 -1.000000e+01 1.502112e+01
      vertex   -1.415974e+01 -1.000000e+01 1.724637e+01
      vertex   -1.351418e+01 -1.000000e+01 1.480658e+01
    endloop
  endfacet
  facet normal 0.000000e+00 -1.000000e+00 0.000000e+00
    outer loop
      vertex   -1.351418e+01 -1.000000e+01 1.480658e+01
      vertex   -1.415974e+01 -1.000000e+01 1.724637e+01
      vertex   -1.535328e+01 -1.000000e+01 1.629907e+01
    endloop
  endfacet
  facet normal -0.000000e+00 -1.000000e+00 0.000000e+00
    outer loop
      vertex   -1.351418e+01 -1.000000e+01 1.480658e+01
      vertex   -1.535328e+01 -1.000000e+01 1.629907e+01
      vertex   -1.372872e+01 -1.000000e+01 1.452699e+01
    endloop
  endfacet
  facet normal -0.000000e+00 -1.000000e+00 0.000000e+00
    outer loop
      vertex   -1.372872e+01 -1.000000e+01 1.452699e+01
      vertex   -1.535328e+01 -1.000000e+01 1.629907e+01
      vertex   -1.386359e+01 -1.000000e+01 1.420139e+01
    endloop
  endfacet
  facet normal 0.000000e+00 -1.000000e+00 0.000000e+00
    outer loop
      vertex   -1.386359e+01 -1.000000e+01 1.420139e+01
      vertex   -1.535328e+01 -1.000000e+01 1.629907e+01
      vertex   -1.642269e+01 -1.000000e+01 1.521358e+01
    endloop
  endfacet
  facet normal -0.000000e+00 -1.000000e+00 0.000000e+00
    outer loop
      vertex   -1.386359e+01 -1.000000e+01 1.420139e+01
      vertex   -1.642269e+01 -1.000000e+01 1.521358e+01
      vertex   -1.390959e+01 -1.000000e+01 1.385199e+01
    endloop
  endfacet
  facet normal 0.000000e+00 -1.000000e+00 0.000000e+00
    outer loop
      vertex   -1.390959e+01 -1.000000e+01 1.385199e+01
      vertex   -1.642269e+01 -1.000000e+01 1.521358e+01
      vertex   -1.735208e+01 -1.000000e+01 1.400603e+01
    endloop
  endfacet
  facet normal -0.000000e+00 -1.000000e+00 -0.000000e+00
    outer loop
      vertex   -1.390959e+01 -1.000000e+01 1.385199e+01
      vertex   -1.735208e+01 -1.000000e+01 1.400603e+01
      vertex   -1.386359e+01 -1.000000e+01 1.350258e+01
    endloop
  endfacet
  facet normal -0.000000e+00 -1.000000e+00 -0.000000e+00
    outer loop
      vertex   -1.386359e+01 -1.000000e+01 1.350258e+01
      vertex   -1.735208e+01 -1.000000e+01 1.400603e+01
      vertex   -1.372872e+01 -1.000000e+01 1.317699e+01
    endloop
  endfacet
  facet normal -0.000000e+00 -1.000000e+00 0.000000e+00
    outer loop
      vertex   -1.372872e+01 -1.000000e+01 1.317699e+01
      vertex   -1.735208e+01 -1.000000e+01 1.400603e+01
      vertex   -1.812763e+01 -1.000000e+01 1.269438e+01
    endloop
  endfacet
  facet normal 0.000000e+00 -1.000000e+00 -0.000000e+00
    outer loop
      vertex   -1.372872e+01 -1.000000e+01 1.317699e+01
      vertex   -1.812763e+01 -1.000000e+01 1.269438e+01
      vertex   -1.351418e+01 -1.000000e+01 1.289739e+01
    endloop
  endfacet
  facet normal 0.000000e+00 -1.000000e+00 0.000000e+00
    outer loop
      vertex   -1.351418e+01 -1.000000e+01 1.289739e+01
      vertex   -1.812763e+01 -1.000000e+01 1.269438e+01
      vertex   -1.873782e+01 -1.000000e+01 1.129810e+01
    endloop
  endfacet
  facet normal 0.000000e+00 -1.000000e+00 0.000000e+00
    outer loop
      vertex   -3.601449e+01 -1.000000e+01 -8.715848e+01
      vertex   -3.291492e+01 -1.000000e+01 -6.400554e+01
      vertex   -3.601449e+01 -1.000000e+01 -6.326490e+01
    endloop
  endfacet
  facet normal 0.000000e+00 -1.000000e+00 0.000000e+00
    outer loop
      vertex   -3.601449e+01 -1.000000e+01 -6.326490e+01
      vertex   -3.291492e+01 -1.000000e+01 -6.400554e+01
      vertex   -3.319452e+01 -1.000000e+01 -6.379100e+01
    endloop
  endfacet
  facet normal 0.000000e+00 -1.000000e+00 0.000000e+00
    outer loop
      vertex   -3.601449e+01 -1.000000e+01 -6.326490e+01
      vertex   -3.319452e+01 -1.000000e+01 -6.379100e+01
      vertex   -3.340906e+01 -1.000000e+01 -6.351140e+01
    endloop
  endfacet
  facet normal 0.000000e+00 -1.000000e+00 0.000000e+00
    outer loop
      vertex   -3.592215e+01 -1.000000e+01 -8.833174e+01
      vertex   -3.233527e+01 -1.000000e+01 -8.913513e+01
      vertex   -3.601449e+01 -1.000000e+01 -8.715848e+01
    endloop
  endfacet
  facet normal 0.000000e+00 -1.000000e+00 0.000000e+00
    outer loop
      vertex   -3.601449e+01 -1.000000e+01 -8.715848e+01
      vertex   -3.233527e+01 -1.000000e+01 -8.913513e+01
      vertex   -3.212073e+01 -1.000000e+01 -8.885554e+01
    endloop
  endfacet
  facet normal 0.000000e+00 -1.000000e+00 0.000000e+00
    outer loop
      vertex   -3.601449e+01 -1.000000e+01 -8.715848e+01
      vertex   -3.212073e+01 -1.000000e+01 -8.885554e+01
      vertex   -3.184114e+01 -1.000000e+01 -8.864100e+01
    endloop
  endfacet
  facet normal 0.000000e+00 -1.000000e+00 0.000000e+00
    outer loop
      vertex   -3.592215e+01 -1.000000e+01 -8.833174e+01
      vertex   -3.564741e+01 -1.000000e+01 -8.947611e+01
      vertex   -3.233527e+01 -1.000000e+01 -8.913513e+01
    endloop
  endfacet
  facet normal 0.000000e+00 -1.000000e+00 0.000000e+00
    outer loop
      vertex   -3.233527e+01 -1.000000e+01 -8.913513e+01
      vertex   -3.564741e+01 -1.000000e+01 -8.947611e+01
      vertex   -3.247014e+01 -1.000000e+01 -8.946073e+01
    endloop
  endfacet
  facet normal 0.000000e+00 -1.000000e+00 0.000000e+00
    outer loop
      vertex   -3.247014e+01 -1.000000e+01 -8.946073e+01
      vertex   -3.564741e+01 -1.000000e+01 -8.947611e+01
      vertex   -3.519703e+01 -1.000000e+01 -9.056341e+01
    endloop
  endfacet
  facet normal 0.000000e+00 -1.000000e+00 0.000000e+00
    outer loop
      vertex   -3.247014e+01 -1.000000e+01 -8.946073e+01
      vertex   -3.519703e+01 -1.000000e+01 -9.056341e+01
      vertex   -3.251614e+01 -1.000000e+01 -8.981013e+01
    endloop
  endfacet
  facet normal 0.000000e+00 -1.000000e+00 -0.000000e+00
    outer loop
      vertex   -3.251614e+01 -1.000000e+01 -8.981013e+01
      vertex   -3.519703e+01 -1.000000e+01 -9.056341e+01
      vertex   -3.247014e+01 -1.000000e+01 -9.015954e+01
    endloop
  endfacet
  facet normal 0.000000e+00 -1.000000e+00 0.000000e+00
    outer loop
      vertex   -3.247014e+01 -1.000000e+01 -9.015954e+01
      vertex   -3.519703e+01 -1.000000e+01 -9.056341e+01
      vertex   -3.458211e+01 -1.000000e+01 -9.156687e+01
    endloop
  endfacet
  facet normal 0.000000e+00 -1.000000e+00 -0.000000e+00
    outer loop
      vertex   -3.247014e+01 -1.000000e+01 -9.015954e+01
      vertex   -3.458211e+01 -1.000000e+01 -9.156687e+01
      vertex   -3.233527e+01 -1.000000e+01 -9.048513e+01
    endloop
  endfacet
  facet normal 0.000000e+00 -1.000000e+00 0.000000e+00
    outer loop
      vertex   -3.233527e+01 -1.000000e+01 -9.048513e+01
      vertex   -3.458211e+01 -1.000000e+01 -9.156687e+01
      vertex   -3.381779e+01 -1.000000e+01 -9.246178e+01
    endloop
  endfacet
  facet normal 0.000000e+00 -1.000000e+00 -0.000000e+00
    outer loop
      vertex   -3.233527e+01 -1.000000e+01 -9.048513e+01
      vertex   -3.381779e+01 -1.000000e+01 -9.246178e+01
      vertex   -3.212073e+01 -1.000000e+01 -9.076473e+01
    endloop
  endfacet
  facet normal 0.000000e+00 -1.000000e+00 0.000000e+00
    outer loop
      vertex   -3.212073e+01 -1.000000e+01 -9.076473e+01
      vertex   -3.381779e+01 -1.000000e+01 -9.246178e+01
      vertex   -3.292287e+01 -1.000000e+01 -9.322611e+01
    endloop
  endfacet
  facet normal 0.000000e+00 -1.000000e+00 -0.000000e+00
    outer loop
      vertex   -3.212073e+01 -1.000000e+01 -9.076473e+01
      vertex   -3.292287e+01 -1.000000e+01 -9.322611e+01
      vertex   -3.184114e+01 -1.000000e+01 -9.097927e+01
    endloop
  endfacet
  facet normal 0.000000e+00 -1.000000e+00 -0.000000e+00
    outer loop
      vertex   -3.184114e+01 -1.000000e+01 -9.097927e+01
      vertex   -3.292287e+01 -1.000000e+01 -9.322611e+01
      vertex   -3.151554e+01 -1.000000e+01 -9.111413e+01
    endloop
  endfacet
  facet normal 0.000000e+00 -1.000000e+00 0.000000e+00
    outer loop
      vertex   -3.151554e+01 -1.000000e+01 -9.111413e+01
      vertex   -3.292287e+01 -1.000000e+01 -9.322611e+01
      vertex   -3.191941e+01 -1.000000e+01 -9.384103e+01
    endloop
  endfacet
  facet normal 0.000000e+00 -1.000000e+00 -0.000000e+00
    outer loop
      vertex   -3.151554e+01 -1.000000e+01 -9.111413e+01
      vertex   -3.191941e+01 -1.000000e+01 -9.384103e+01
      vertex   -3.116614e+01 -1.000000e+01 -9.116013e+01
    endloop
  endfacet
  facet normal 0.000000e+00 -1.000000e+00 -0.000000e+00
    outer loop
      vertex   -3.116614e+01 -1.000000e+01 -9.116013e+01
      vertex   -3.191941e+01 -1.000000e+01 -9.384103e+01
      vertex   -3.083211e+01 -1.000000e+01 -9.429141e+01
    endloop
  endfacet
  facet normal 0.000000e+00 -1.000000e+00 0.000000e+00
    outer loop
      vertex   -3.116614e+01 -1.000000e+01 -9.116013e+01
      vertex   -3.083211e+01 -1.000000e+01 -9.429141e+01
      vertex   -3.081673e+01 -1.000000e+01 -9.111413e+01
    endloop
  endfacet
  facet normal 0.000000e+00 -1.000000e+00 -0.000000e+00
    outer loop
      vertex   -3.081673e+01 -1.000000e+01 -9.111413e+01
      vertex   -3.083211e+01 -1.000000e+01 -9.429141e+01
      vertex   -3.049114e+01 -1.000000e+01 -9.097927e+01
    endloop
  endfacet
  facet normal 0.000000e+00 -1.000000e+00 -0.000000e+00
    outer loop
      vertex   -3.049114e+01 -1.000000e+01 -9.097927e+01
      vertex   -3.083211e+01 -1.000000e+01 -9.429141e+01
      vertex   -2.968774e+01 -1.000000e+01 -9.456615e+01
    endloop
  endfacet
  facet normal 0.000000e+00 -1.000000e+00 0.000000e+00
    outer loop
      vertex   -3.049114e+01 -1.000000e+01 -9.097927e+01
      vertex   -2.968774e+01 -1.000000e+01 -9.456615e+01
      vertex   -3.021154e+01 -1.000000e+01 -9.076473e+01
    endloop
  endfacet
  facet normal 0.000000e+00 -1.000000e+00 0.000000e+00
    outer loop
      vertex   -3.021154e+01 -1.000000e+01 -9.076473e+01
      vertex   -2.968774e+01 -1.000000e+01 -9.456615e+01
      vertex   -2.851449e+01 -1.000000e+01 -9.465848e+01
    endloop
  endfacet
  facet normal 0.000000e+00 -1.000000e+00 0.000000e+00
    outer loop
      vertex   -3.021154e+01 -1.000000e+01 -9.076473e+01
      vertex   -2.851449e+01 -1.000000e+01 -9.465848e+01
      vertex   -2.999700e+01 -1.000000e+01 -9.048513e+01
    endloop
  endfacet
  facet normal 0.000000e+00 -1.000000e+00 0.000000e+00
    outer loop
      vertex   -2.999700e+01 -1.000000e+01 -9.048513e+01
      vertex   -2.851449e+01 -1.000000e+01 -9.465848e+01
      vertex   -2.986214e+01 -1.000000e+01 -9.015954e+01
    endloop
  endfacet
  facet normal 0.000000e+00 -1.000000e+00 0.000000e+00
    outer loop
      vertex   -2.986214e+01 -1.000000e+01 -9.015954e+01
      vertex   -2.851449e+01 -1.000000e+01 -9.465848e+01
      vertex   -2.851449e+01 -1.000000e+01 -8.715848e+01
    endloop
  endfacet
  facet normal 0.000000e+00 -1.000000e+00 0.000000e+00
    outer loop
      vertex   -2.986214e+01 -1.000000e+01 -9.015954e+01
      vertex   -2.851449e+01 -1.000000e+01 -8.715848e+01
      vertex   -2.981614e+01 -1.000000e+01 -8.981013e+01
    endloop
  endfacet
  facet normal 0.000000e+00 -1.000000e+00 0.000000e+00
    outer loop
      vertex   -2.981614e+01 -1.000000e+01 -8.981013e+01
      vertex   -2.851449e+01 -1.000000e+01 -8.715848e+01
      vertex   -2.986214e+01 -1.000000e+01 -8.946073e+01
    endloop
  endfacet
  facet normal 0.000000e+00 -1.000000e+00 0.000000e+00
    outer loop
      vertex   -2.986214e+01 -1.000000e+01 -8.946073e+01
      vertex   -2.851449e+01 -1.000000e+01 -8.715848e+01
      vertex   -2.999700e+01 -1.000000e+01 -8.913513e+01
    endloop
  endfacet
  facet normal 0.000000e+00 -1.000000e+00 0.000000e+00
    outer loop
      vertex   -2.999700e+01 -1.000000e+01 -8.913513e+01
      vertex   -2.851449e+01 -1.000000e+01 -8.715848e+01
      vertex   -3.021154e+01 -1.000000e+01 -8.885554e+01
    endloop
  endfacet
  facet normal 0.000000e+00 -1.000000e+00 0.000000e+00
    outer loop
      vertex   -3.021154e+01 -1.000000e+01 -8.885554e+01
      vertex   -2.851449e+01 -1.000000e+01 -8.715848e+01
      vertex   -3.049114e+01 -1.000000e+01 -8.864100e+01
    endloop
  endfacet
  facet normal 0.000000e+00 -1.000000e+00 0.000000e+00
    outer loop
      vertex   -3.049114e+01 -1.000000e+01 -8.864100e+01
      vertex   -2.851449e+01 -1.000000e+01 -8.715848e+01
      vertex   -3.081673e+01 -1.000000e+01 -8.850613e+01
    endloop
  endfacet
  facet normal 0.000000e+00 -1.000000e+00 0.000000e+00
    outer loop
      vertex   -3.081673e+01 -1.000000e+01 -8.850613e+01
      vertex   -2.851449e+01 -1.000000e+01 -8.715848e+01
      vertex   -3.116614e+01 -1.000000e+01 -8.846013e+01
    endloop
  endfacet
  facet normal -0.000000e+00 -1.000000e+00 0.000000e+00
    outer loop
      vertex   -3.116614e+01 -1.000000e+01 -8.846013e+01
      vertex   -2.851449e+01 -1.000000e+01 -8.715848e+01
      vertex   -3.151554e+01 -1.000000e+01 -8.850613e+01
    endloop
  endfacet
  facet normal 0.000000e+00 -1.000000e+00 0.000000e+00
    outer loop
      vertex   -3.151554e+01 -1.000000e+01 -8.850613e+01
      vertex   -2.851449e+01 -1.000000e+01 -8.715848e+01
      vertex   -3.601449e+01 -1.000000e+01 -8.715848e+01
    endloop
  endfacet
  facet normal -0.000000e+00 -1.000000e+00 0.000000e+00
    outer loop
      vertex   -3.151554e+01 -1.000000e+01 -8.850613e+01
      vertex   -3.601449e+01 -1.000000e+01 -8.715848e+01
      vertex   -3.184114e+01 -1.000000e+01 -8.864100e+01
    endloop
  endfacet
  facet normal 0.000000e+00 -1.000000e+00 0.000000e+00
    outer loop
      vertex   2.945562e+01 -1.000000e+01 -9.052796e+01
      vertex   2.950162e+01 -1.000000e+01 -9.017856e+01
      vertex   2.915968e+01 -1.000000e+01 -8.715848e+01
    endloop
  endfacet
  facet normal 0.000000e+00 -1.000000e+00 0.000000e+00
    outer loop
      vertex   2.915968e+01 -1.000000e+01 -8.715848e+01
      vertex   2.950162e+01 -1.000000e+01 -9.017856e+01
      vertex   2.963648e+01 -1.000000e+01 -8.985296e+01
    endloop
  endfacet
  facet normal 0.000000e+00 -1.000000e+00 0.000000e+00
    outer loop
      vertex   2.915968e+01 -1.000000e+01 -8.715848e+01
      vertex   2.963648e+01 -1.000000e+01 -8.985296e+01
      vertex   2.985102e+01 -1.000000e+01 -8.957337e+01
    endloop
  endfacet
  facet normal 0.000000e+00 -1.000000e+00 0.000000e+00
    outer loop
      vertex   2.985102e+01 -1.000000e+01 -8.957337e+01
      vertex   3.013062e+01 -1.000000e+01 -8.935883e+01
      vertex   2.915968e+01 -1.000000e+01 -8.715848e+01
    endloop
  endfacet
  facet normal 0.000000e+00 -1.000000e+00 0.000000e+00
    outer loop
      vertex   2.915968e+01 -1.000000e+01 -8.715848e+01
      vertex   3.013062e+01 -1.000000e+01 -8.935883e+01
      vertex   3.045621e+01 -1.000000e+01 -8.922396e+01
    endloop
  endfacet
  facet normal 0.000000e+00 -1.000000e+00 0.000000e+00
    outer loop
      vertex   2.915968e+01 -1.000000e+01 -8.715848e+01
      vertex   3.045621e+01 -1.000000e+01 -8.922396e+01
      vertex   3.080562e+01 -1.000000e+01 -8.917796e+01
    endloop
  endfacet
  facet normal 0.000000e+00 -1.000000e+00 0.000000e+00
    outer loop
      vertex   3.080562e+01 -1.000000e+01 -8.917796e+01
      vertex   3.115502e+01 -1.000000e+01 -8.922396e+01
      vertex   2.915968e+01 -1.000000e+01 -8.715848e+01
    endloop
  endfacet
  facet normal 0.000000e+00 -1.000000e+00 0.000000e+00
    outer loop
      vertex   2.915968e+01 -1.000000e+01 -8.715848e+01
      vertex   3.115502e+01 -1.000000e+01 -8.922396e+01
      vertex   3.148062e+01 -1.000000e+01 -8.935883e+01
    endloop
  endfacet
  facet normal 0.000000e+00 -1.000000e+00 0.000000e+00
    outer loop
      vertex   2.915968e+01 -1.000000e+01 -8.715848e+01
      vertex   3.148062e+01 -1.000000e+01 -8.935883e+01
      vertex   3.176021e+01 -1.000000e+01 -8.957337e+01
    endloop
  endfacet
  facet normal 0.000000e+00 -1.000000e+00 0.000000e+00
    outer loop
      vertex   -3.223992e+01 -1.000000e+01 -6.148640e+01
      vertex   -3.189052e+01 -1.000000e+01 -6.153240e+01
      vertex   -1.279229e+01 -1.000000e+01 4.176539e+00
    endloop
  endfacet
  facet normal 0.000000e+00 -1.000000e+00 0.000000e+00
    outer loop
      vertex   -1.279229e+01 -1.000000e+01 4.176539e+00
      vertex   -3.189052e+01 -1.000000e+01 -6.153240e+01
      vertex   -3.156492e+01 -1.000000e+01 -6.166727e+01
    endloop
  endfacet
  facet normal 0.000000e+00 -1.000000e+00 0.000000e+00
    outer loop
      vertex   -3.107079e+01 -1.000000e+01 -6.216140e+01
      vertex   -3.093592e+01 -1.000000e+01 -6.248700e+01
      vertex   -2.851449e+01 -1.000000e+01 -6.326490e+01
    endloop
  endfacet
  facet normal 0.000000e+00 -1.000000e+00 0.000000e+00
    outer loop
      vertex   -2.851449e+01 -1.000000e+01 -6.326490e+01
      vertex   -3.093592e+01 -1.000000e+01 -6.248700e+01
      vertex   -3.088992e+01 -1.000000e+01 -6.283640e+01
    endloop
  endfacet
  facet normal 0.000000e+00 -1.000000e+00 0.000000e+00
    outer loop
      vertex   -2.851449e+01 -1.000000e+01 -6.326490e+01
      vertex   -3.088992e+01 -1.000000e+01 -6.283640e+01
      vertex   -3.093592e+01 -1.000000e+01 -6.318581e+01
    endloop
  endfacet
  facet normal 0.000000e+00 -1.000000e+00 -0.000000e+00
    outer loop
      vertex   -3.093592e+01 -1.000000e+01 -6.318581e+01
      vertex   -3.107079e+01 -1.000000e+01 -6.351140e+01
      vertex   -2.851449e+01 -1.000000e+01 -6.326490e+01
    endloop
  endfacet
  facet normal 0.000000e+00 -1.000000e+00 0.000000e+00
    outer loop
      vertex   -2.851449e+01 -1.000000e+01 -6.326490e+01
      vertex   -3.107079e+01 -1.000000e+01 -6.351140e+01
      vertex   -3.128533e+01 -1.000000e+01 -6.379100e+01
    endloop
  endfacet
  facet normal 0.000000e+00 -1.000000e+00 0.000000e+00
    outer loop
      vertex   -2.851449e+01 -1.000000e+01 -6.326490e+01
      vertex   -3.128533e+01 -1.000000e+01 -6.379100e+01
      vertex   -3.156492e+01 -1.000000e+01 -6.400554e+01
    endloop
  endfacet
  facet normal 0.000000e+00 -1.000000e+00 0.000000e+00
    outer loop
      vertex   -2.851449e+01 -1.000000e+01 -8.715848e+01
      vertex   -3.223992e+01 -1.000000e+01 -6.418640e+01
      vertex   -3.601449e+01 -1.000000e+01 -8.715848e+01
    endloop
  endfacet
  facet normal 0.000000e+00 -1.000000e+00 0.000000e+00
    outer loop
      vertex   -3.601449e+01 -1.000000e+01 -8.715848e+01
      vertex   -3.223992e+01 -1.000000e+01 -6.418640e+01
      vertex   -3.258933e+01 -1.000000e+01 -6.414040e+01
    endloop
  endfacet
  facet normal 0.000000e+00 -1.000000e+00 0.000000e+00
    outer loop
      vertex   -3.601449e+01 -1.000000e+01 -8.715848e+01
      vertex   -3.258933e+01 -1.000000e+01 -6.414040e+01
      vertex   -3.291492e+01 -1.000000e+01 -6.400554e+01
    endloop
  endfacet
  facet normal 0.000000e+00 -1.000000e+00 0.000000e+00
    outer loop
      vertex   -3.340906e+01 -1.000000e+01 -6.351140e+01
      vertex   -3.354392e+01 -1.000000e+01 -6.318581e+01
      vertex   -3.601449e+01 -1.000000e+01 -6.326490e+01
    endloop
  endfacet
  facet normal 0.000000e+00 -1.000000e+00 0.000000e+00
    outer loop
      vertex   -3.601449e+01 -1.000000e+01 -6.326490e+01
      vertex   -3.354392e+01 -1.000000e+01 -6.318581e+01
      vertex   -3.358992e+01 -1.000000e+01 -6.283640e+01
    endloop
  endfacet
  facet normal 9.766041e-01 -8.297062e-17 -2.150450e-01
    outer loop
      vertex   -1.279229e+01 -1.000000e+01 4.176539e+00
      vertex   -1.279229e+01 1.510000e+00 4.176539e+00
      vertex   -1.252789e+01 -1.000000e+01 5.377261e+00
    endloop
  endfacet
  facet normal 9.766041e-01 2.769317e-17 -2.150450e-01
    outer loop
      vertex   -1.252789e+01 -1.000000e+01 5.377261e+00
      vertex   -1.279229e+01 1.510000e+00 4.176539e+00
      vertex   -1.252789e+01 1.510000e+00 5.377261e+00
    endloop
  endfacet
  facet normal 9.815964e-01 -4.599160e-17 -1.909674e-01
    outer loop
      vertex   -1.252789e+01 -1.000000e+01 5.377261e+00
      vertex   -1.252789e+01 1.510000e+00 5.377261e+00
      vertex   -1.229310e+01 1.510000e+00 6.584122e+00
    endloop
  endfacet
  facet normal 9.859951e-01 -1.083434e-16 -1.667743e-01
    outer loop
      vertex   -1.208805e+01 1.510000e+00 7.796391e+00
      vertex   -1.208805e+01 -1.000000e+01 7.796391e+00
      vertex   -1.229310e+01 1.510000e+00 6.584122e+00
    endloop
  endfacet
  facet normal 9.859951e-01 -4.065976e-16 -1.667743e-01
    outer loop
      vertex   -1.229310e+01 1.510000e+00 6.584122e+00
      vertex   -1.208805e+01 -1.000000e+01 7.796391e+00
      vertex   -1.229310e+01 -1.000000e+01 6.584122e+00
    endloop
  endfacet
  facet normal 9.815964e-01 -2.835532e-16 -1.909674e-01
    outer loop
      vertex   -1.229310e+01 1.510000e+00 6.584122e+00
      vertex   -1.229310e+01 -1.000000e+01 6.584122e+00
      vertex   -1.252789e+01 -1.000000e+01 5.377261e+00
    endloop
  endfacet
  facet normal 9.704439e-01 4.770425e-16 -2.413269e-01
    outer loop
      vertex   -1.208805e+01 -1.000000e+01 7.796391e+00
      vertex   -1.208805e+01 1.510000e+00 7.796391e+00
      vertex   -1.186843e+01 -1.000000e+01 8.679555e+00
    endloop
  endfacet
  facet normal 9.704439e-01 -5.697633e-16 -2.413269e-01
    outer loop
      vertex   -1.186843e+01 -1.000000e+01 8.679555e+00
      vertex   -1.208805e+01 1.510000e+00 7.796391e+00
      vertex   -1.186843e+01 1.510000e+00 8.679555e+00
    endloop
  endfacet
  facet normal 9.128136e-01 6.117771e-16 -4.083764e-01
    outer loop
      vertex   -1.186843e+01 -1.000000e+01 8.679555e+00
      vertex   -1.186843e+01 1.510000e+00 8.679555e+00
      vertex   -1.149678e+01 -1.000000e+01 9.510272e+00
    endloop
  endfacet
  facet normal 9.128136e-01 -4.559300e-16 -4.083764e-01
    outer loop
      vertex   -1.149678e+01 -1.000000e+01 9.510272e+00
      vertex   -1.186843e+01 1.510000e+00 8.679555e+00
      vertex   -1.149678e+01 1.510000e+00 9.510272e+00
    endloop
  endfacet
  facet normal 8.266791e-01 5.691762e-16 -5.626737e-01
    outer loop
      vertex   -1.149678e+01 -1.000000e+01 9.510272e+00
      vertex   -1.149678e+01 1.510000e+00 9.510272e+00
      vertex   -1.098471e+01 -1.000000e+01 1.026260e+01
    endloop
  endfacet
  facet normal 8.266791e-01 -4.267899e-16 -5.626737e-01
    outer loop
      vertex   -1.098471e+01 -1.000000e+01 1.026260e+01
      vertex   -1.149678e+01 1.510000e+00 9.510272e+00
      vertex   -1.098471e+01 1.510000e+00 1.026260e+01
    endloop
  endfacet
  facet normal 7.147300e-01 3.868074e-16 -6.994004e-01
    outer loop
      vertex   -1.098471e+01 -1.000000e+01 1.026260e+01
      vertex   -1.098471e+01 1.510000e+00 1.026260e+01
      vertex   -1.034822e+01 -1.000000e+01 1.091305e+01
    endloop
  endfacet
  facet normal 7.147300e-01 -3.687698e-16 -6.994004e-01
    outer loop
      vertex   -1.034822e+01 -1.000000e+01 1.091305e+01
      vertex   -1.098471e+01 1.510000e+00 1.026260e+01
      vertex   -1.034822e+01 1.510000e+00 1.091305e+01
    endloop
  endfacet
  facet normal 5.804623e-01 3.086341e-16 -8.142872e-01
    outer loop
      vertex   -1.034822e+01 -1.000000e+01 1.091305e+01
      vertex   -1.034822e+01 1.510000e+00 1.091305e+01
      vertex   -9.607163e+00 -1.000000e+01 1.144131e+01
    endloop
  endfacet
  facet normal 5.804623e-01 -1.766363e-16 -8.142872e-01
    outer loop
      vertex   -9.607163e+00 -1.000000e+01 1.144131e+01
      vertex   -1.034822e+01 1.510000e+00 1.091305e+01
      vertex   -9.607163e+00 1.510000e+00 1.144131e+01
    endloop
  endfacet
  facet normal 4.280685e-01 3.377342e-16 -9.037463e-01
    outer loop
      vertex   -9.607163e+00 -1.000000e+01 1.144131e+01
      vertex   -9.607163e+00 1.510000e+00 1.144131e+01
      vertex   -8.784698e+00 -1.000000e+01 1.183087e+01
    endloop
  endfacet
  facet normal 4.280685e-01 -3.743441e-16 -9.037463e-01
    outer loop
      vertex   -8.784698e+00 -1.000000e+01 1.183087e+01
      vertex   -9.607163e+00 1.510000e+00 1.144131e+01
      vertex   -8.784698e+00 1.510000e+00 1.183087e+01
    endloop
  endfacet
  facet normal 2.623075e-01 -3.900535e-17 -9.649843e-01
    outer loop
      vertex   -8.784698e+00 -1.000000e+01 1.183087e+01
      vertex   -8.784698e+00 1.510000e+00 1.183087e+01
      vertex   -7.906503e+00 -1.000000e+01 1.206959e+01
    endloop
  endfacet
  facet normal 2.623075e-01 -2.428941e-16 -9.649843e-01
    outer loop
      vertex   -7.906503e+00 -1.000000e+01 1.206959e+01
      vertex   -8.784698e+00 1.510000e+00 1.183087e+01
      vertex   -7.906503e+00 1.510000e+00 1.206959e+01
    endloop
  endfacet
  facet normal 8.835553e-02 -8.181631e-17 -9.960890e-01
    outer loop
      vertex   -7.906503e+00 -1.000000e+01 1.206959e+01
      vertex   -7.906503e+00 1.510000e+00 1.206959e+01
      vertex   -7.000000e+00 -1.000000e+01 1.215000e+01
    endloop
  endfacet
  facet normal 8.835553e-02 0.000000e+00 -9.960890e-01
    outer loop
      vertex   -7.000000e+00 -1.000000e+01 1.215000e+01
      vertex   -7.906503e+00 1.510000e+00 1.206959e+01
      vertex   -7.000000e+00 1.510000e+00 1.215000e+01
    endloop
  endfacet
  facet normal -0.000000e+00 -1.000000e+00 0.000000e+00
    outer loop
      vertex   -1.176044e+01 1.510000e+00 -2.164967e+01
      vertex   -1.096737e+01 1.510000e+00 -2.053208e+01
      vertex   -1.269885e+01 1.510000e+00 -2.264834e+01
    endloop
  endfacet
  facet normal 0.000000e+00 -1.000000e+00 0.000000e+00
    outer loop
      vertex   -1.269885e+01 1.510000e+00 -2.264834e+01
      vertex   -1.096737e+01 1.510000e+00 -2.053208e+01
      vertex   -1.033454e+01 1.510000e+00 -1.931656e+01
    endloop
  endfacet
  facet normal 0.000000e+00 -1.000000e+00 0.000000e+00
    outer loop
      vertex   -1.269885e+01 1.510000e+00 -2.264834e+01
      vertex   -1.033454e+01 1.510000e+00 -1.931656e+01
      vertex   -9.873829e+00 1.510000e+00 -1.802594e+01
    endloop
  endfacet
  facet normal -0.000000e+00 -1.000000e+00 0.000000e+00
    outer loop
      vertex   -9.873829e+00 1.510000e+00 -1.802594e+01
      vertex   -9.593898e+00 1.510000e+00 -1.668445e+01
      vertex   -1.269885e+01 1.510000e+00 -2.264834e+01
    endloop
  endfacet
  facet normal 0.000000e+00 -1.000000e+00 0.000000e+00
    outer loop
      vertex   -1.269885e+01 1.510000e+00 -2.264834e+01
      vertex   -9.593898e+00 1.510000e+00 -1.668445e+01
      vertex   -9.500000e+00 1.510000e+00 -1.531728e+01
    endloop
  endfacet
  facet normal -3.764020e-17 -1.000000e+00 1.642402e-17
    outer loop
      vertex   -1.269885e+01 1.510000e+00 -2.264834e+01
      vertex   -9.500000e+00 1.510000e+00 -1.531728e+01
      vertex   -1.279229e+01 1.510000e+00 4.176539e+00
    endloop
  endfacet
  facet normal -1.348878e-16 -1.000000e+00 0.000000e+00
    outer loop
      vertex   -1.279229e+01 1.510000e+00 4.176539e+00
      vertex   -9.500000e+00 1.510000e+00 -1.531728e+01
      vertex   -9.500000e+00 1.510000e+00 7.000000e+00
    endloop
  endfacet
  facet normal 2.247359e-16 -1.000000e+00 -4.193377e-16
    outer loop
      vertex   -1.279229e+01 1.510000e+00 4.176539e+00
      vertex   -9.500000e+00 1.510000e+00 7.000000e+00
      vertex   -1.252789e+01 1.510000e+00 5.377261e+00
    endloop
  endfacet
  facet normal 0.000000e+00 -1.000000e+00 0.000000e+00
    outer loop
      vertex   -1.252789e+01 1.510000e+00 5.377261e+00
      vertex   -9.500000e+00 1.510000e+00 7.000000e+00
      vertex   -1.229310e+01 1.510000e+00 6.584122e+00
    endloop
  endfacet
  facet normal -5.595369e-17 -1.000000e+00 3.757932e-16
    outer loop
      vertex   -1.229310e+01 1.510000e+00 6.584122e+00
      vertex   -9.500000e+00 1.510000e+00 7.000000e+00
      vertex   -1.208805e+01 1.510000e+00 7.796391e+00
    endloop
  endfacet
  facet normal -1.649113e-16 -1.000000e+00 2.171098e-17
    outer loop
      vertex   -1.208805e+01 1.510000e+00 7.796391e+00
      vertex   -9.500000e+00 1.510000e+00 7.000000e+00
      vertex   -9.414815e+00 1.510000e+00 7.647048e+00
    endloop
  endfacet
  facet normal -1.915546e-16 -1.000000e+00 -4.552037e-16
    outer loop
      vertex   -1.208805e+01 1.510000e+00 7.796391e+00
      vertex   -9.414815e+00 1.510000e+00 7.647048e+00
      vertex   -1.186843e+01 1.510000e+00 8.679555e+00
    endloop
  endfacet
  facet normal 0.000000e+00 -1.000000e+00 0.000000e+00
    outer loop
      vertex   -1.186843e+01 1.510000e+00 8.679555e+00
      vertex   -9.414815e+00 1.510000e+00 7.647048e+00
      vertex   -9.165064e+00 1.510000e+00 8.250000e+00
    endloop
  endfacet
  facet normal 0.000000e+00 -1.000000e+00 0.000000e+00
    outer loop
      vertex   -1.186843e+01 1.510000e+00 8.679555e+00
      vertex   -9.165064e+00 1.510000e+00 8.250000e+00
      vertex   -1.149678e+01 1.510000e+00 9.510272e+00
    endloop
  endfacet
  facet normal 0.000000e+00 -1.000000e+00 0.000000e+00
    outer loop
      vertex   -1.149678e+01 1.510000e+00 9.510272e+00
      vertex   -9.165064e+00 1.510000e+00 8.250000e+00
      vertex   -8.767767e+00 1.510000e+00 8.767767e+00
    endloop
  endfacet
  facet normal 0.000000e+00 -1.000000e+00 0.000000e+00
    outer loop
      vertex   -1.149678e+01 1.510000e+00 9.510272e+00
      vertex   -8.767767e+00 1.510000e+00 8.767767e+00
      vertex   -1.098471e+01 1.510000e+00 1.026260e+01
    endloop
  endfacet
  facet normal 0.000000e+00 -1.000000e+00 0.000000e+00
    outer loop
      vertex   -1.098471e+01 1.510000e+00 1.026260e+01
      vertex   -8.767767e+00 1.510000e+00 8.767767e+00
      vertex   -1.034822e+01 1.510000e+00 1.091305e+01
    endloop
  endfacet
  facet normal 0.000000e+00 -1.000000e+00 0.000000e+00
    outer loop
      vertex   -1.034822e+01 1.510000e+00 1.091305e+01
      vertex   -8.767767e+00 1.510000e+00 8.767767e+00
      vertex   -8.250000e+00 1.510000e+00 9.165064e+00
    endloop
  endfacet
  facet normal 0.000000e+00 -1.000000e+00 0.000000e+00
    outer loop
      vertex   -1.034822e+01 1.510000e+00 1.091305e+01
      vertex   -8.250000e+00 1.510000e+00 9.165064e+00
      vertex   -9.607163e+00 1.510000e+00 1.144131e+01
    endloop
  endfacet
  facet normal 0.000000e+00 -1.000000e+00 0.000000e+00
    outer loop
      vertex   -9.607163e+00 1.510000e+00 1.144131e+01
      vertex   -8.250000e+00 1.510000e+00 9.165064e+00
      vertex   -7.647048e+00 1.510000e+00 9.414815e+00
    endloop
  endfacet
  facet normal 0.000000e+00 -1.000000e+00 0.000000e+00
    outer loop
      vertex   -9.607163e+00 1.510000e+00 1.144131e+01
      vertex   -7.647048e+00 1.510000e+00 9.414815e+00
      vertex   -8.784698e+00 1.510000e+00 1.183087e+01
    endloop
  endfacet
  facet normal 0.000000e+00 -1.000000e+00 0.000000e+00
    outer loop
      vertex   -8.784698e+00 1.510000e+00 1.183087e+01
      vertex   -7.647048e+00 1.510000e+00 9.414815e+00
      vertex   -7.906503e+00 1.510000e+00 1.206959e+01
    endloop
  endfacet
  facet normal 0.000000e+00 -1.000000e+00 0.000000e+00
    outer loop
      vertex   -7.906503e+00 1.510000e+00 1.206959e+01
      vertex   -7.647048e+00 1.510000e+00 9.414815e+00
      vertex   -7.000000e+00 1.510000e+00 9.500000e+00
    endloop
  endfacet
  facet normal 0.000000e+00 -1.000000e+00 0.000000e+00
    outer loop
      vertex   -7.906503e+00 1.510000e+00 1.206959e+01
      vertex   -7.000000e+00 1.510000e+00 9.500000e+00
      vertex   -7.000000e+00 1.510000e+00 1.215000e+01
    endloop
  endfacet
  facet normal 0.000000e+00 -1.000000e+00 -0.000000e+00
    outer loop
      vertex   -7.000000e+00 1.510000e+00 1.215000e+01
      vertex   -7.000000e+00 1.510000e+00 9.500000e+00
      vertex   5.100000e+01 1.510000e+00 9.500000e+00
    endloop
  endfacet
  facet normal 0.000000e+00 -1.000000e+00 0.000000e+00
    outer loop
      vertex   -7.000000e+00 1.510000e+00 1.215000e+01
      vertex   5.100000e+01 1.510000e+00 9.500000e+00
      vertex   5.100000e+01 1.510000e+00 1.215000e+01
    endloop
  endfacet
  facet normal 0.000000e+00 -1.000000e+00 0.000000e+00
    outer loop
      vertex   5.100000e+01 1.510000e+00 1.215000e+01
      vertex   5.100000e+01 1.510000e+00 9.500000e+00
      vertex   5.189429e+01 1.510000e+00 1.207176e+01
    endloop
  endfacet
  facet normal 0.000000e+00 -1.000000e+00 0.000000e+00
    outer loop
      vertex   5.189429e+01 1.510000e+00 1.207176e+01
      vertex   5.100000e+01 1.510000e+00 9.500000e+00
      vertex   5.164705e+01 1.510000e+00 9.414815e+00
    endloop
  endfacet
  facet normal 0.000000e+00 -1.000000e+00 -0.000000e+00
    outer loop
      vertex   5.189429e+01 1.510000e+00 1.207176e+01
      vertex   5.164705e+01 1.510000e+00 9.414815e+00
      vertex   5.276140e+01 1.510000e+00 1.183942e+01
    endloop
  endfacet
  facet normal 0.000000e+00 -1.000000e+00 -0.000000e+00
    outer loop
      vertex   5.276140e+01 1.510000e+00 1.183942e+01
      vertex   5.164705e+01 1.510000e+00 9.414815e+00
      vertex   5.357500e+01 1.510000e+00 1.146003e+01
    endloop
  endfacet
  facet normal 0.000000e+00 -1.000000e+00 0.000000e+00
    outer loop
      vertex   5.357500e+01 1.510000e+00 1.146003e+01
      vertex   5.164705e+01 1.510000e+00 9.414815e+00
      vertex   5.225000e+01 1.510000e+00 9.165064e+00
    endloop
  endfacet
  facet normal 0.000000e+00 -1.000000e+00 -0.000000e+00
    outer loop
      vertex   5.357500e+01 1.510000e+00 1.146003e+01
      vertex   5.225000e+01 1.510000e+00 9.165064e+00
      vertex   5.431036e+01 1.510000e+00 1.094513e+01
    endloop
  endfacet
  facet normal 0.000000e+00 -1.000000e+00 0.000000e+00
    outer loop
      vertex   5.431036e+01 1.510000e+00 1.094513e+01
      vertex   5.225000e+01 1.510000e+00 9.165064e+00
      vertex   5.276777e+01 1.510000e+00 8.767767e+00
    endloop
  endfacet
  facet normal 0.000000e+00 -1.000000e+00 -0.000000e+00
    outer loop
      vertex   5.431036e+01 1.510000e+00 1.094513e+01
      vertex   5.276777e+01 1.510000e+00 8.767767e+00
      vertex   5.494513e+01 1.510000e+00 1.031036e+01
    endloop
  endfacet
  facet normal 0.000000e+00 -1.000000e+00 -0.000000e+00
    outer loop
      vertex   5.494513e+01 1.510000e+00 1.031036e+01
      vertex   5.276777e+01 1.510000e+00 8.767767e+00
      vertex   5.546003e+01 1.510000e+00 9.575000e+00
    endloop
  endfacet
  facet normal 0.000000e+00 -1.000000e+00 0.000000e+00
    outer loop
      vertex   5.546003e+01 1.510000e+00 9.575000e+00
      vertex   5.276777e+01 1.510000e+00 8.767767e+00
      vertex   5.316506e+01 1.510000e+00 8.250000e+00
    endloop
  endfacet
  facet normal 0.000000e+00 -1.000000e+00 -0.000000e+00
    outer loop
      vertex   5.546003e+01 1.510000e+00 9.575000e+00
      vertex   5.316506e+01 1.510000e+00 8.250000e+00
      vertex   5.583942e+01 1.510000e+00 8.761404e+00
    endloop
  endfacet
  facet normal 0.000000e+00 -1.000000e+00 0.000000e+00
    outer loop
      vertex   5.583942e+01 1.510000e+00 8.761404e+00
      vertex   5.316506e+01 1.510000e+00 8.250000e+00
      vertex   5.341481e+01 1.510000e+00 7.647048e+00
    endloop
  endfacet
  facet normal 0.000000e+00 -1.000000e+00 -0.000000e+00
    outer loop
      vertex   5.583942e+01 1.510000e+00 8.761404e+00
      vertex   5.341481e+01 1.510000e+00 7.647048e+00
      vertex   5.607176e+01 1.510000e+00 7.894288e+00
    endloop
  endfacet
  facet normal 0.000000e+00 -1.000000e+00 0.000000e+00
    outer loop
      vertex   5.607176e+01 1.510000e+00 7.894288e+00
      vertex   5.341481e+01 1.510000e+00 7.647048e+00
      vertex   5.350000e+01 1.510000e+00 7.000000e+00
    endloop
  endfacet
  facet normal 0.000000e+00 -1.000000e+00 -0.000000e+00
    outer loop
      vertex   5.607176e+01 1.510000e+00 7.894288e+00
      vertex   5.350000e+01 1.510000e+00 7.000000e+00
      vertex   5.615000e+01 1.510000e+00 7.000000e+00
    endloop
  endfacet
  facet normal -0.000000e+00 -1.000000e+00 -0.000000e+00
    outer loop
      vertex   5.615000e+01 1.510000e+00 7.000000e+00
      vertex   5.350000e+01 1.510000e+00 7.000000e+00
      vertex   5.615000e+01 1.510000e+00 -5.100000e+01
    endloop
  endfacet
  facet normal -0.000000e+00 -1.000000e+00 0.000000e+00
    outer loop
      vertex   5.615000e+01 1.510000e+00 -5.100000e+01
      vertex   5.350000e+01 1.510000e+00 7.000000e+00
      vertex   5.350000e+01 1.510000e+00 -5.420788e+01
    endloop
  endfacet
  facet normal 0.000000e+00 -1.000000e+00 0.000000e+00
    outer loop
      vertex   5.615000e+01 1.510000e+00 -5.100000e+01
      vertex   5.350000e+01 1.510000e+00 -5.420788e+01
      vertex   5.606606e+01 1.510000e+00 -5.192601e+01
    endloop
  endfacet
  facet normal 0.000000e+00 -1.000000e+00 0.000000e+00
    outer loop
      vertex   5.606606e+01 1.510000e+00 -5.192601e+01
      vertex   5.350000e+01 1.510000e+00 -5.420788e+01
      vertex   5.581699e+01 1.510000e+00 -5.282183e+01
    endloop
  endfacet
  facet normal 0.000000e+00 -1.000000e+00 0.000000e+00
    outer loop
      vertex   5.581699e+01 1.510000e+00 -5.282183e+01
      vertex   5.350000e+01 1.510000e+00 -5.420788e+01
      vertex   5.541090e+01 1.510000e+00 -5.365827e+01
    endloop
  endfacet
  facet normal 0.000000e+00 -1.000000e+00 0.000000e+00
    outer loop
      vertex   5.541090e+01 1.510000e+00 -5.365827e+01
      vertex   5.350000e+01 1.510000e+00 -5.420788e+01
      vertex   5.486104e+01 1.510000e+00 -5.440806e+01
    endloop
  endfacet
  facet normal -0.000000e+00 -1.000000e+00 0.000000e+00
    outer loop
      vertex   5.486104e+01 1.510000e+00 -5.440806e+01
      vertex   5.350000e+01 1.510000e+00 -5.420788e+01
      vertex   5.418531e+01 1.510000e+00 -5.504676e+01
    endloop
  endfacet
  facet normal 0.000000e+00 -1.000000e+00 0.000000e+00
    outer loop
      vertex   5.418531e+01 1.510000e+00 -5.504676e+01
      vertex   5.350000e+01 1.510000e+00 -5.420788e+01
      vertex   5.343168e+01 1.510000e+00 -5.503162e+01
    endloop
  endfacet
  facet normal -0.000000e+00 -1.000000e+00 0.000000e+00
    outer loop
      vertex   5.418531e+01 1.510000e+00 -5.504676e+01
      vertex   5.343168e+01 1.510000e+00 -5.503162e+01
      vertex   5.322858e+01 1.510000e+00 -5.583285e+01
    endloop
  endfacet
  facet normal 0.000000e+00 -1.000000e+00 -0.000000e+00
    outer loop
      vertex   5.322858e+01 1.510000e+00 -5.583285e+01
      vertex   5.289626e+01 1.510000e+00 -5.658967e+01
      vertex   5.418531e+01 1.510000e+00 -5.504676e+01
    endloop
  endfacet
  facet normal 0.000000e+00 -1.000000e+00 0.000000e+00
    outer loop
      vertex   5.418531e+01 1.510000e+00 -5.504676e+01
      vertex   5.289626e+01 1.510000e+00 -5.658967e+01
      vertex   5.244379e+01 1.510000e+00 -5.728140e+01
    endloop
  endfacet
  facet normal -1.872092e-16 -1.000000e+00 5.554315e-17
    outer loop
      vertex   -2.149192e+01 1.510000e+00 -3.314115e+01
      vertex   -2.115430e+01 1.510000e+00 -3.200319e+01
      vertex   -1.279229e+01 1.510000e+00 4.176539e+00
    endloop
  endfacet
  facet normal -6.132184e-17 -1.000000e+00 2.644751e-17
    outer loop
      vertex   -1.279229e+01 1.510000e+00 4.176539e+00
      vertex   -2.115430e+01 1.510000e+00 -3.200319e+01
      vertex   -2.068422e+01 1.510000e+00 -3.091325e+01
    endloop
  endfacet
  facet normal -3.559104e-17 -1.000000e+00 2.066047e-17
    outer loop
      vertex   -1.279229e+01 1.510000e+00 4.176539e+00
      vertex   -2.068422e+01 1.510000e+00 -3.091325e+01
      vertex   -2.008830e+01 1.510000e+00 -2.988668e+01
    endloop
  endfacet
  facet normal -2.424526e-17 -1.000000e+00 1.823031e-17
    outer loop
      vertex   -2.008830e+01 1.510000e+00 -2.988668e+01
      vertex   -1.937495e+01 1.510000e+00 -2.893796e+01
      vertex   -1.279229e+01 1.510000e+00 4.176539e+00
    endloop
  endfacet
  facet normal -1.768438e-17 -1.000000e+00 1.692611e-17
    outer loop
      vertex   -1.279229e+01 1.510000e+00 4.176539e+00
      vertex   -1.937495e+01 1.510000e+00 -2.893796e+01
      vertex   -1.855421e+01 1.510000e+00 -2.808045e+01
    endloop
  endfacet
  facet normal -1.530901e-17 -1.000000e+00 1.650180e-17
    outer loop
      vertex   -1.279229e+01 1.510000e+00 4.176539e+00
      vertex   -1.855421e+01 1.510000e+00 -2.808045e+01
      vertex   -1.269885e+01 1.510000e+00 -2.264834e+01
    endloop
  endfacet
  facet normal -6.869161e-01 4.486338e-16 7.267367e-01
    outer loop
      vertex   5.418531e+01 1.510000e+00 -5.504676e+01
      vertex   5.418531e+01 -1.000000e+01 -5.504676e+01
      vertex   5.486104e+01 1.510000e+00 -5.440806e+01
    endloop
  endfacet
  facet normal -6.869161e-01 0.000000e+00 7.267367e-01
    outer loop
      vertex   5.486104e+01 1.510000e+00 -5.440806e+01
      vertex   5.418531e+01 -1.000000e+01 -5.504676e+01
      vertex   5.486104e+01 -1.000000e+01 -5.440806e+01
    endloop
  endfacet
  facet normal -8.063934e-01 0.000000e+00 5.913794e-01
    outer loop
      vertex   5.486104e+01 1.510000e+00 -5.440806e+01
      vertex   5.486104e+01 -1.000000e+01 -5.440806e+01
      vertex   5.541090e+01 1.510000e+00 -5.365827e+01
    endloop
  endfacet
  facet normal -8.063934e-01 0.000000e+00 5.913794e-01
    outer loop
      vertex   5.541090e+01 1.510000e+00 -5.365827e+01
      vertex   5.486104e+01 -1.000000e+01 -5.440806e+01
      vertex   5.541090e+01 -1.000000e+01 -5.365827e+01
    endloop
  endfacet
  facet normal -8.995852e-01 0.000000e+00 4.367452e-01
    outer loop
      vertex   5.541090e+01 1.510000e+00 -5.365827e+01
      vertex   5.541090e+01 -1.000000e+01 -5.365827e+01
      vertex   5.581699e+01 1.510000e+00 -5.282183e+01
    endloop
  endfacet
  facet normal -8.995852e-01 0.000000e+00 4.367452e-01
    outer loop
      vertex   5.581699e+01 1.510000e+00 -5.282183e+01
      vertex   5.541090e+01 -1.000000e+01 -5.365827e+01
      vertex   5.581699e+01 -1.000000e+01 -5.282183e+01
    endloop
  endfacet
  facet normal -9.634538e-01 0.000000e+00 2.678747e-01
    outer loop
      vertex   5.581699e+01 1.510000e+00 -5.282183e+01
      vertex   5.581699e+01 -1.000000e+01 -5.282183e+01
      vertex   5.606606e+01 1.510000e+00 -5.192601e+01
    endloop
  endfacet
  facet normal -9.634538e-01 0.000000e+00 2.678747e-01
    outer loop
      vertex   5.606606e+01 1.510000e+00 -5.192601e+01
      vertex   5.581699e+01 -1.000000e+01 -5.282183e+01
      vertex   5.606606e+01 -1.000000e+01 -5.192601e+01
    endloop
  endfacet
  facet normal -9.959171e-01 0.000000e+00 9.027243e-02
    outer loop
      vertex   5.606606e+01 1.510000e+00 -5.192601e+01
      vertex   5.606606e+01 -1.000000e+01 -5.192601e+01
      vertex   5.615000e+01 1.510000e+00 -5.100000e+01
    endloop
  endfacet
  facet normal -9.959171e-01 0.000000e+00 9.027243e-02
    outer loop
      vertex   5.615000e+01 1.510000e+00 -5.100000e+01
      vertex   5.606606e+01 -1.000000e+01 -5.192601e+01
      vertex   5.615000e+01 -1.000000e+01 -5.100000e+01
    endloop
  endfacet
  facet normal -1.000000e+00 -0.000000e+00 -0.000000e+00
    outer loop
      vertex   5.615000e+01 1.510000e+00 7.000000e+00
      vertex   5.615000e+01 1.510000e+00 -5.100000e+01
      vertex   5.615000e+01 -1.000000e+01 7.000000e+00
    endloop
  endfacet
  facet normal -1.000000e+00 0.000000e+00 0.000000e+00
    outer loop
      vertex   5.615000e+01 -1.000000e+01 7.000000e+00
      vertex   5.615000e+01 1.510000e+00 -5.100000e+01
      vertex   5.615000e+01 -1.000000e+01 -5.100000e+01
    endloop
  endfacet
  facet normal -8.715574e-02 0.000000e+00 -9.961947e-01
    outer loop
      vertex   5.100000e+01 -1.000000e+01 1.215000e+01
      vertex   5.100000e+01 1.510000e+00 1.215000e+01
      vertex   5.189429e+01 -1.000000e+01 1.207176e+01
    endloop
  endfacet
  facet normal -8.715574e-02 0.000000e+00 -9.961947e-01
    outer loop
      vertex   5.189429e+01 -1.000000e+01 1.207176e+01
      vertex   5.100000e+01 1.510000e+00 1.215000e+01
      vertex   5.189429e+01 1.510000e+00 1.207176e+01
    endloop
  endfacet
  facet normal -2.588190e-01 0.000000e+00 -9.659258e-01
    outer loop
      vertex   5.189429e+01 -1.000000e+01 1.207176e+01
      vertex   5.189429e+01 1.510000e+00 1.207176e+01
      vertex   5.276140e+01 1.510000e+00 1.183942e+01
    endloop
  endfacet
  facet normal -2.588190e-01 4.288042e-19 -9.659258e-01
    outer loop
      vertex   5.189429e+01 -1.000000e+01 1.207176e+01
      vertex   5.276140e+01 1.510000e+00 1.183942e+01
      vertex   5.276140e+01 -1.000000e+01 1.183942e+01
    endloop
  endfacet
  facet normal -4.226183e-01 0.000000e+00 -9.063078e-01
    outer loop
      vertex   5.276140e+01 -1.000000e+01 1.183942e+01
      vertex   5.276140e+01 1.510000e+00 1.183942e+01
      vertex   5.357500e+01 1.510000e+00 1.146003e+01
    endloop
  endfacet
  facet normal -4.226183e-01 2.280079e-18 -9.063078e-01
    outer loop
      vertex   5.276140e+01 -1.000000e+01 1.183942e+01
      vertex   5.357500e+01 1.510000e+00 1.146003e+01
      vertex   5.357500e+01 -1.000000e+01 1.146003e+01
    endloop
  endfacet
  facet normal -5.735764e-01 0.000000e+00 -8.191520e-01
    outer loop
      vertex   5.357500e+01 -1.000000e+01 1.146003e+01
      vertex   5.357500e+01 1.510000e+00 1.146003e+01
      vertex   5.431036e+01 1.510000e+00 1.094513e+01
    endloop
  endfacet
  facet normal -5.735764e-01 -1.137167e-18 -8.191520e-01
    outer loop
      vertex   5.357500e+01 -1.000000e+01 1.146003e+01
      vertex   5.431036e+01 1.510000e+00 1.094513e+01
      vertex   5.431036e+01 -1.000000e+01 1.094513e+01
    endloop
  endfacet
  facet normal -7.071068e-01 0.000000e+00 -7.071068e-01
    outer loop
      vertex   5.431036e+01 -1.000000e+01 1.094513e+01
      vertex   5.431036e+01 1.510000e+00 1.094513e+01
      vertex   5.494513e+01 1.510000e+00 1.031036e+01
    endloop
  endfacet
  facet normal -7.071068e-01 -1.240742e-18 -7.071068e-01
    outer loop
      vertex   5.431036e+01 -1.000000e+01 1.094513e+01
      vertex   5.494513e+01 1.510000e+00 1.031036e+01
      vertex   5.494513e+01 -1.000000e+01 1.031036e+01
    endloop
  endfacet
  facet normal -8.191520e-01 0.000000e+00 -5.735764e-01
    outer loop
      vertex   5.494513e+01 -1.000000e+01 1.031036e+01
      vertex   5.494513e+01 1.510000e+00 1.031036e+01
      vertex   5.546003e+01 1.510000e+00 9.575000e+00
    endloop
  endfacet
  facet normal -8.191520e-01 1.717738e-18 -5.735764e-01
    outer loop
      vertex   5.494513e+01 -1.000000e+01 1.031036e+01
      vertex   5.546003e+01 1.510000e+00 9.575000e+00
      vertex   5.546003e+01 -1.000000e+01 9.575000e+00
    endloop
  endfacet
  facet normal -9.063078e-01 0.000000e+00 -4.226183e-01
    outer loop
      vertex   5.546003e+01 -1.000000e+01 9.575000e+00
      vertex   5.546003e+01 1.510000e+00 9.575000e+00
      vertex   5.583942e+01 1.510000e+00 8.761404e+00
    endloop
  endfacet
  facet normal -9.063078e-01 7.721479e-19 -4.226183e-01
    outer loop
      vertex   5.546003e+01 -1.000000e+01 9.575000e+00
      vertex   5.583942e+01 1.510000e+00 8.761404e+00
      vertex   5.583942e+01 -1.000000e+01 8.761404e+00
    endloop
  endfacet
  facet normal -9.659258e-01 0.000000e+00 -2.588190e-01
    outer loop
      vertex   5.583942e+01 -1.000000e+01 8.761404e+00
      vertex   5.583942e+01 1.510000e+00 8.761404e+00
      vertex   5.607176e+01 1.510000e+00 7.894288e+00
    endloop
  endfacet
  facet normal -9.659258e-01 1.751279e-19 -2.588190e-01
    outer loop
      vertex   5.583942e+01 -1.000000e+01 8.761404e+00
      vertex   5.607176e+01 1.510000e+00 7.894288e+00
      vertex   5.607176e+01 -1.000000e+01 7.894288e+00
    endloop
  endfacet
  facet normal -9.961947e-01 0.000000e+00 -8.715574e-02
    outer loop
      vertex   5.607176e+01 -1.000000e+01 7.894288e+00
      vertex   5.607176e+01 1.510000e+00 7.894288e+00
      vertex   5.615000e+01 -1.000000e+01 7.000000e+00
    endloop
  endfacet
  facet normal -9.961947e-01 -6.725443e-17 -8.715574e-02
    outer loop
      vertex   5.615000e+01 -1.000000e+01 7.000000e+00
      vertex   5.607176e+01 1.510000e+00 7.894288e+00
      vertex   5.615000e+01 1.510000e+00 7.000000e+00
    endloop
  endfacet
  facet normal 0.000000e+00 0.000000e+00 -1.000000e+00
    outer loop
      vertex   -7.000000e+00 1.510000e+00 1.215000e+01
      vertex   5.100000e+01 1.510000e+00 1.215000e+01
      vertex   -7.000000e+00 -1.000000e+01 1.215000e+01
    endloop
  endfacet
  facet normal 0.000000e+00 0.000000e+00 -1.000000e+00
    outer loop
      vertex   -7.000000e+00 -1.000000e+01 1.215000e+01
      vertex   5.100000e+01 1.510000e+00 1.215000e+01
      vertex   5.100000e+01 -1.000000e+01 1.215000e+01
    endloop
  endfacet
  facet normal -7.887584e-01 0.000000e+00 6.147033e-01
    outer loop
      vertex   5.244379e+01 1.000000e+01 -5.728140e+01
      vertex   2.915968e+01 1.000000e+01 -8.715848e+01
      vertex   5.244379e+01 1.510000e+00 -5.728140e+01
    endloop
  endfacet
  facet normal -7.887584e-01 2.383325e-17 6.147033e-01
    outer loop
      vertex   5.244379e+01 1.510000e+00 -5.728140e+01
      vertex   2.915968e+01 1.000000e+01 -8.715848e+01
      vertex   2.915968e+01 -1.000000e+01 -8.715848e+01
    endloop
  endfacet
  facet normal -7.887584e-01 7.317952e-16 6.147033e-01
    outer loop
      vertex   5.244379e+01 1.510000e+00 -5.728140e+01
      vertex   2.915968e+01 -1.000000e+01 -8.715848e+01
      vertex   5.418531e+01 -1.000000e+01 -5.504676e+01
    endloop
  endfacet
  facet normal -7.887584e-01 3.794726e-16 6.147033e-01
    outer loop
      vertex   5.418531e+01 -1.000000e+01 -5.504676e+01
      vertex   5.418531e+01 1.510000e+00 -5.504676e+01
      vertex   5.244379e+01 1.510000e+00 -5.728140e+01
    endloop
  endfacet
  facet normal 0.000000e+00 0.000000e+00 1.000000e+00
    outer loop
      vertex   -2.851449e+01 -1.000000e+01 -8.715848e+01
      vertex   2.915968e+01 -1.000000e+01 -8.715848e+01
      vertex   -2.851449e+01 1.000000e+01 -8.715848e+01
    endloop
  endfacet
  facet normal -0.000000e+00 0.000000e+00 1.000000e+00
    outer loop
      vertex   -2.851449e+01 1.000000e+01 -8.715848e+01
      vertex   2.915968e+01 -1.000000e+01 -8.715848e+01
      vertex   2.915968e+01 1.000000e+01 -8.715848e+01
    endloop
  endfacet
  facet normal 1.000000e+00 0.000000e+00 -0.000000e+00
    outer loop
      vertex   6.350000e+01 1.000000e+01 -5.100000e+01
      vertex   6.350000e+01 1.000000e+01 7.000000e+00
      vertex   6.350000e+01 -1.000000e+01 -5.100000e+01
    endloop
  endfacet
  facet normal 1.000000e+00 0.000000e+00 0.000000e+00
    outer loop
      vertex   6.350000e+01 -1.000000e+01 -5.100000e+01
      vertex   6.350000e+01 1.000000e+01 7.000000e+00
      vertex   6.350000e+01 -1.000000e+01 7.000000e+00
    endloop
  endfacet
  facet normal 8.214529e-01 0.000000e+00 -5.702764e-01
    outer loop
      vertex   6.085948e+01 -1.000000e+01 -5.868379e+01
      vertex   6.085948e+01 1.000000e+01 -5.868379e+01
      vertex   6.164560e+01 -1.000000e+01 -5.755143e+01
    endloop
  endfacet
  facet normal 8.214529e-01 0.000000e+00 -5.702764e-01
    outer loop
      vertex   6.164560e+01 -1.000000e+01 -5.755143e+01
      vertex   6.085948e+01 1.000000e+01 -5.868379e+01
      vertex   6.164560e+01 1.000000e+01 -5.755143e+01
    endloop
  endfacet
  facet normal 8.792517e-01 0.000000e+00 -4.763575e-01
    outer loop
      vertex   6.164560e+01 -1.000000e+01 -5.755143e+01
      vertex   6.164560e+01 1.000000e+01 -5.755143e+01
      vertex   6.230225e+01 -1.000000e+01 -5.633939e+01
    endloop
  endfacet
  facet normal 8.792517e-01 4.555097e-16 -4.763575e-01
    outer loop
      vertex   6.230225e+01 -1.000000e+01 -5.633939e+01
      vertex   6.164560e+01 1.000000e+01 -5.755143e+01
      vertex   6.230225e+01 1.000000e+01 -5.633939e+01
    endloop
  endfacet
  facet normal 9.263575e-01 5.244053e-16 -3.766454e-01
    outer loop
      vertex   6.230225e+01 -1.000000e+01 -5.633939e+01
      vertex   6.230225e+01 1.000000e+01 -5.633939e+01
      vertex   6.282145e+01 -1.000000e+01 -5.506242e+01
    endloop
  endfacet
  facet normal 9.263575e-01 6.148563e-17 -3.766454e-01
    outer loop
      vertex   6.282145e+01 -1.000000e+01 -5.506242e+01
      vertex   6.230225e+01 1.000000e+01 -5.633939e+01
      vertex   6.282145e+01 1.000000e+01 -5.506242e+01
    endloop
  endfacet
  facet normal 9.621975e-01 1.483229e-16 -2.723528e-01
    outer loop
      vertex   6.282145e+01 -1.000000e+01 -5.506242e+01
      vertex   6.282145e+01 1.000000e+01 -5.506242e+01
      vertex   6.319689e+01 -1.000000e+01 -5.373604e+01
    endloop
  endfacet
  facet normal 9.621975e-01 -9.675914e-17 -2.723528e-01
    outer loop
      vertex   6.319689e+01 -1.000000e+01 -5.373604e+01
      vertex   6.282145e+01 1.000000e+01 -5.506242e+01
      vertex   6.319689e+01 1.000000e+01 -5.373604e+01
    endloop
  endfacet
  facet normal 9.863357e-01 -5.853022e-17 -1.647479e-01
    outer loop
      vertex   6.319689e+01 -1.000000e+01 -5.373604e+01
      vertex   6.319689e+01 1.000000e+01 -5.373604e+01
      vertex   6.342399e+01 -1.000000e+01 -5.237639e+01
    endloop
  endfacet
  facet normal 9.863357e-01 -1.170604e-16 -1.647479e-01
    outer loop
      vertex   6.342399e+01 -1.000000e+01 -5.237639e+01
      vertex   6.319689e+01 1.000000e+01 -5.373604e+01
      vertex   6.342399e+01 1.000000e+01 -5.237639e+01
    endloop
  endfacet
  facet normal 9.984787e-01 -3.917897e-17 -5.513950e-02
    outer loop
      vertex   6.342399e+01 -1.000000e+01 -5.237639e+01
      vertex   6.342399e+01 1.000000e+01 -5.237639e+01
      vertex   6.350000e+01 -1.000000e+01 -5.100000e+01
    endloop
  endfacet
  facet normal 9.984787e-01 0.000000e+00 -5.513950e-02
    outer loop
      vertex   6.350000e+01 -1.000000e+01 -5.100000e+01
      vertex   6.342399e+01 1.000000e+01 -5.237639e+01
      vertex   6.350000e+01 1.000000e+01 -5.100000e+01
    endloop
  endfacet
  facet normal 7.887584e-01 -2.802233e-16 -6.147033e-01
    outer loop
      vertex   3.507536e+01 1.000000e+01 -9.176876e+01
      vertex   6.085948e+01 1.000000e+01 -5.868379e+01
      vertex   3.507536e+01 -1.000000e+01 -9.176876e+01
    endloop
  endfacet
  facet normal 7.887584e-01 2.751530e-18 -6.147033e-01
    outer loop
      vertex   3.507536e+01 -1.000000e+01 -9.176876e+01
      vertex   6.085948e+01 1.000000e+01 -5.868379e+01
      vertex   6.085948e+01 -1.000000e+01 -5.868379e+01
    endloop
  endfacet
  facet normal 0.000000e+00 5.329071e-16 1.000000e+00
    outer loop
      vertex   5.100000e+01 1.000000e+01 1.950000e+01
      vertex   -7.000000e+00 1.000000e+01 1.950000e+01
      vertex   5.100000e+01 -1.000000e+01 1.950000e+01
    endloop
  endfacet
  facet normal 0.000000e+00 5.329071e-16 1.000000e+00
    outer loop
      vertex   5.100000e+01 -1.000000e+01 1.950000e+01
      vertex   -7.000000e+00 1.000000e+01 1.950000e+01
      vertex   -7.000000e+00 -1.000000e+01 1.950000e+01
    endloop
  endfacet
  facet normal 9.981756e-01 2.949478e-17 6.037850e-02
    outer loop
      vertex   6.350000e+01 -1.000000e+01 7.000000e+00
      vertex   6.350000e+01 1.000000e+01 7.000000e+00
      vertex   6.340886e+01 -1.000000e+01 8.506709e+00
    endloop
  endfacet
  facet normal 9.981756e-01 5.362688e-18 6.037850e-02
    outer loop
      vertex   6.340886e+01 -1.000000e+01 8.506709e+00
      vertex   6.350000e+01 1.000000e+01 7.000000e+00
      vertex   6.340886e+01 1.000000e+01 8.506709e+00
    endloop
  endfacet
  facet normal 9.836199e-01 1.600986e-17 1.802550e-01
    outer loop
      vertex   6.340886e+01 -1.000000e+01 8.506709e+00
      vertex   6.340886e+01 1.000000e+01 8.506709e+00
      vertex   6.313677e+01 -1.000000e+01 9.991446e+00
    endloop
  endfacet
  facet normal 9.836199e-01 -0.000000e+00 1.802550e-01
    outer loop
      vertex   6.313677e+01 -1.000000e+01 9.991446e+00
      vertex   6.340886e+01 1.000000e+01 8.506709e+00
      vertex   6.313677e+01 1.000000e+01 9.991446e+00
    endloop
  endfacet
  facet normal 9.547209e-01 -0.000000e+00 2.975031e-01
    outer loop
      vertex   6.313677e+01 -1.000000e+01 9.991446e+00
      vertex   6.313677e+01 1.000000e+01 9.991446e+00
      vertex   6.268770e+01 -1.000000e+01 1.143256e+01
    endloop
  endfacet
  facet normal 9.547209e-01 5.284716e-17 2.975031e-01
    outer loop
      vertex   6.268770e+01 -1.000000e+01 1.143256e+01
      vertex   6.313677e+01 1.000000e+01 9.991446e+00
      vertex   6.268770e+01 1.000000e+01 1.143256e+01
    endloop
  endfacet
  facet normal 9.118998e-01 7.290396e-17 4.104128e-01
    outer loop
      vertex   6.268770e+01 -1.000000e+01 1.143256e+01
      vertex   6.268770e+01 1.000000e+01 1.143256e+01
      vertex   6.206820e+01 -1.000000e+01 1.280904e+01
    endloop
  endfacet
  facet normal 9.118998e-01 -0.000000e+00 4.104128e-01
    outer loop
      vertex   6.206820e+01 -1.000000e+01 1.280904e+01
      vertex   6.268770e+01 1.000000e+01 1.143256e+01
      vertex   6.206820e+01 1.000000e+01 1.280904e+01
    endloop
  endfacet
  facet normal 8.557813e-01 -0.000000e+00 5.173378e-01
    outer loop
      vertex   6.206820e+01 -1.000000e+01 1.280904e+01
      vertex   6.206820e+01 1.000000e+01 1.280904e+01
      vertex   6.128730e+01 -1.000000e+01 1.410081e+01
    endloop
  endfacet
  facet normal 8.557813e-01 -0.000000e+00 5.173378e-01
    outer loop
      vertex   6.128730e+01 -1.000000e+01 1.410081e+01
      vertex   6.206820e+01 1.000000e+01 1.280904e+01
      vertex   6.128730e+01 1.000000e+01 1.410081e+01
    endloop
  endfacet
  facet normal 7.871835e-01 -0.000000e+00 6.167189e-01
    outer loop
      vertex   6.128730e+01 -1.000000e+01 1.410081e+01
      vertex   6.128730e+01 1.000000e+01 1.410081e+01
      vertex   6.035638e+01 -1.000000e+01 1.528903e+01
    endloop
  endfacet
  facet normal 7.871835e-01 -0.000000e+00 6.167189e-01
    outer loop
      vertex   6.035638e+01 -1.000000e+01 1.528903e+01
      vertex   6.128730e+01 1.000000e+01 1.410081e+01
      vertex   6.035638e+01 1.000000e+01 1.528903e+01
    endloop
  endfacet
  facet normal 7.071068e-01 -0.000000e+00 7.071068e-01
    outer loop
      vertex   6.035638e+01 -1.000000e+01 1.528903e+01
      vertex   6.035638e+01 1.000000e+01 1.528903e+01
      vertex   5.928903e+01 -1.000000e+01 1.635638e+01
    endloop
  endfacet
  facet normal 7.071068e-01 -0.000000e+00 7.071068e-01
    outer loop
      vertex   5.928903e+01 -1.000000e+01 1.635638e+01
      vertex   6.035638e+01 1.000000e+01 1.528903e+01
      vertex   5.928903e+01 1.000000e+01 1.635638e+01
    endloop
  endfacet
  facet normal 6.167189e-01 -0.000000e+00 7.871835e-01
    outer loop
      vertex   5.928903e+01 -1.000000e+01 1.635638e+01
      vertex   5.928903e+01 1.000000e+01 1.635638e+01
      vertex   5.810081e+01 -1.000000e+01 1.728730e+01
    endloop
  endfacet
  facet normal 6.167189e-01 -0.000000e+00 7.871835e-01
    outer loop
      vertex   5.810081e+01 -1.000000e+01 1.728730e+01
      vertex   5.928903e+01 1.000000e+01 1.635638e+01
      vertex   5.810081e+01 1.000000e+01 1.728730e+01
    endloop
  endfacet
  facet normal 5.173378e-01 -0.000000e+00 8.557813e-01
    outer loop
      vertex   5.810081e+01 -1.000000e+01 1.728730e+01
      vertex   5.810081e+01 1.000000e+01 1.728730e+01
      vertex   5.680904e+01 -1.000000e+01 1.806820e+01
    endloop
  endfacet
  facet normal 5.173378e-01 -1.520173e-16 8.557813e-01
    outer loop
      vertex   5.680904e+01 -1.000000e+01 1.806820e+01
      vertex   5.810081e+01 1.000000e+01 1.728730e+01
      vertex   5.680904e+01 1.000000e+01 1.806820e+01
    endloop
  endfacet
  facet normal 4.104128e-01 -1.619860e-16 9.118998e-01
    outer loop
      vertex   5.680904e+01 -1.000000e+01 1.806820e+01
      vertex   5.680904e+01 1.000000e+01 1.806820e+01
      vertex   5.543256e+01 -1.000000e+01 1.868770e+01
    endloop
  endfacet
  facet normal 4.104128e-01 -0.000000e+00 9.118998e-01
    outer loop
      vertex   5.543256e+01 -1.000000e+01 1.868770e+01
      vertex   5.680904e+01 1.000000e+01 1.806820e+01
      vertex   5.543256e+01 1.000000e+01 1.868770e+01
    endloop
  endfacet
  facet normal 2.975031e-01 -0.000000e+00 9.547209e-01
    outer loop
      vertex   5.543256e+01 -1.000000e+01 1.868770e+01
      vertex   5.543256e+01 1.000000e+01 1.868770e+01
      vertex   5.399145e+01 -1.000000e+01 1.913677e+01
    endloop
  endfacet
  facet normal 2.975031e-01 1.056943e-16 9.547209e-01
    outer loop
      vertex   5.399145e+01 -1.000000e+01 1.913677e+01
      vertex   5.543256e+01 1.000000e+01 1.868770e+01
      vertex   5.399145e+01 1.000000e+01 1.913677e+01
    endloop
  endfacet
  facet normal 1.802550e-01 6.403945e-17 9.836199e-01
    outer loop
      vertex   5.399145e+01 -1.000000e+01 1.913677e+01
      vertex   5.399145e+01 1.000000e+01 1.913677e+01
      vertex   5.250671e+01 -1.000000e+01 1.940886e+01
    endloop
  endfacet
  facet normal 1.802550e-01 -0.000000e+00 9.836199e-01
    outer loop
      vertex   5.250671e+01 -1.000000e+01 1.940886e+01
      vertex   5.399145e+01 1.000000e+01 1.913677e+01
      vertex   5.250671e+01 1.000000e+01 1.940886e+01
    endloop
  endfacet
  facet normal 6.037850e-02 -0.000000e+00 9.981756e-01
    outer loop
      vertex   5.250671e+01 -1.000000e+01 1.940886e+01
      vertex   5.250671e+01 1.000000e+01 1.940886e+01
      vertex   5.100000e+01 -1.000000e+01 1.950000e+01
    endloop
  endfacet
  facet normal 6.037850e-02 5.319348e-16 9.981756e-01
    outer loop
      vertex   5.100000e+01 -1.000000e+01 1.950000e+01
      vertex   5.250671e+01 1.000000e+01 1.940886e+01
      vertex   5.100000e+01 1.000000e+01 1.950000e+01
    endloop
  endfacet
endsolid
