ISO-10303-21;
HEADER;
/* Generated by software containing ST-Developer
 * from STEP Tools, Inc. (www.steptools.com) 
 */

FILE_DESCRIPTION(
/* description */ (''),
/* implementation_level */ '2;1');

FILE_NAME(
/* name */ 'T9 KeyPad Top.step',
/* time_stamp */ '2026-08-19T16:51:34-07:00',
/* author */ (''),
/* organization */ (''),
/* preprocessor_version */ 'ST-DEVELOPER v20.1',
/* originating_system */ 'Autodesk Translation Framework v15.8.0.0',
/* authorisation */ '');

FILE_SCHEMA (('AUTOMOTIVE_DESIGN { 1 0 10303 214 3 1 1 }'));
ENDSEC;

DATA;
#10=MECHANICAL_DESIGN_GEOMETRIC_PRESENTATION_REPRESENTATION('',(#13),#13324);
#11=SHAPE_REPRESENTATION_RELATIONSHIP('SRR','None',#13331,#12);
#12=ADVANCED_BREP_SHAPE_REPRESENTATION('',(#14),#13323);
#13=STYLED_ITEM('',(#13348),#14);
#14=MANIFOLD_SOLID_BREP('CaseTop',#6292);
#15=B_SPLINE_CURVE_WITH_KNOTS('',3,(#7201,#7202,#7203,#7204,#7205),
 .UNSPECIFIED.,.F.,.F.,(4,1,4),(0.,0.0304438108327008,0.0592709931623842),
 .UNSPECIFIED.);
#16=B_SPLINE_CURVE_WITH_KNOTS('',3,(#7209,#7210,#7211,#7212,#7213),
 .UNSPECIFIED.,.F.,.F.,(4,1,4),(0.,0.0304438108327008,0.0592709931623842),
 .UNSPECIFIED.);
#17=B_SPLINE_CURVE_WITH_KNOTS('',3,(#7226,#7227,#7228,#7229,#7230),
 .UNSPECIFIED.,.F.,.F.,(4,1,4),(0.,0.0286259046110701,0.0593129392880323),
 .UNSPECIFIED.);
#18=B_SPLINE_CURVE_WITH_KNOTS('',3,(#7233,#7234,#7235,#7236,#7237),
 .UNSPECIFIED.,.F.,.F.,(4,1,4),(0.,0.0286259046110701,0.0593129392880323),
 .UNSPECIFIED.);
#19=B_SPLINE_CURVE_WITH_KNOTS('',3,(#7249,#7250,#7251,#7252,#7253),
 .UNSPECIFIED.,.F.,.F.,(4,1,4),(0.,0.0392569087351111,0.07062258847342),
 .UNSPECIFIED.);
#20=B_SPLINE_CURVE_WITH_KNOTS('',3,(#7256,#7257,#7258,#7259,#7260),
 .UNSPECIFIED.,.F.,.F.,(4,1,4),(0.,0.0392569087351111,0.07062258847342),
 .UNSPECIFIED.);
#21=B_SPLINE_CURVE_WITH_KNOTS('',3,(#7278,#7279,#7280,#7281,#7282),
 .UNSPECIFIED.,.F.,.F.,(4,1,4),(0.,0.0224139699454974,0.0529652724994124),
 .UNSPECIFIED.);
#22=B_SPLINE_CURVE_WITH_KNOTS('',3,(#7285,#7286,#7287,#7288,#7289),
 .UNSPECIFIED.,.F.,.F.,(4,1,4),(0.,0.0224139699454974,0.0529652724994124),
 .UNSPECIFIED.);
#23=B_SPLINE_CURVE_WITH_KNOTS('',3,(#7301,#7302,#7303,#7304,#7305),
 .UNSPECIFIED.,.F.,.F.,(4,1,4),(0.,0.0159667247023997,0.0333921336352051),
 .UNSPECIFIED.);
#24=B_SPLINE_CURVE_WITH_KNOTS('',3,(#7308,#7309,#7310,#7311,#7312),
 .UNSPECIFIED.,.F.,.F.,(4,1,4),(0.,0.0159667247023997,0.0333921336352051),
 .UNSPECIFIED.);
#25=B_SPLINE_CURVE_WITH_KNOTS('',3,(#7324,#7325,#7326,#7327,#7328),
 .UNSPECIFIED.,.F.,.F.,(4,1,4),(0.,0.0192449908365478,0.0381434577596978),
 .UNSPECIFIED.);
#26=B_SPLINE_CURVE_WITH_KNOTS('',3,(#7331,#7332,#7333,#7334,#7335),
 .UNSPECIFIED.,.F.,.F.,(4,1,4),(0.,0.0192449908365478,0.0381434577596978),
 .UNSPECIFIED.);
#27=B_SPLINE_CURVE_WITH_KNOTS('',3,(#7347,#7348,#7349,#7350,#7351),
 .UNSPECIFIED.,.F.,.F.,(4,1,4),(0.,0.0185937150988867,0.037773815311616),
 .UNSPECIFIED.);
#28=B_SPLINE_CURVE_WITH_KNOTS('',3,(#7354,#7355,#7356,#7357,#7358),
 .UNSPECIFIED.,.F.,.F.,(4,1,4),(0.,0.0185937150988867,0.037773815311616),
 .UNSPECIFIED.);
#29=B_SPLINE_CURVE_WITH_KNOTS('',3,(#7370,#7371,#7372,#7373,#7374),
 .UNSPECIFIED.,.F.,.F.,(4,1,4),(0.,0.0288173419478471,0.058995444261427),
 .UNSPECIFIED.);
#30=B_SPLINE_CURVE_WITH_KNOTS('',3,(#7377,#7378,#7379,#7380,#7381),
 .UNSPECIFIED.,.F.,.F.,(4,1,4),(0.,0.0288173419478471,0.058995444261427),
 .UNSPECIFIED.);
#31=B_SPLINE_CURVE_WITH_KNOTS('',3,(#7393,#7394,#7395,#7396,#7397),
 .UNSPECIFIED.,.F.,.F.,(4,1,4),(0.,0.0400399712041573,0.0721504851308416),
 .UNSPECIFIED.);
#32=B_SPLINE_CURVE_WITH_KNOTS('',3,(#7400,#7401,#7402,#7403,#7404),
 .UNSPECIFIED.,.F.,.F.,(4,1,4),(0.,0.0400399712041573,0.0721504851308416),
 .UNSPECIFIED.);
#33=B_SPLINE_CURVE_WITH_KNOTS('',3,(#7434,#7435,#7436,#7437,#7438),
 .UNSPECIFIED.,.F.,.F.,(4,1,4),(0.,0.024308168736125,0.046156014697802),
 .UNSPECIFIED.);
#34=B_SPLINE_CURVE_WITH_KNOTS('',3,(#7441,#7442,#7443,#7444,#7445),
 .UNSPECIFIED.,.F.,.F.,(4,1,4),(0.,0.024308168736125,0.046156014697802),
 .UNSPECIFIED.);
#35=B_SPLINE_CURVE_WITH_KNOTS('',3,(#7457,#7458,#7459,#7460,#7461),
 .UNSPECIFIED.,.F.,.F.,(4,1,4),(0.,0.0235841788483463,0.0482214890181065),
 .UNSPECIFIED.);
#36=B_SPLINE_CURVE_WITH_KNOTS('',3,(#7464,#7465,#7466,#7467,#7468),
 .UNSPECIFIED.,.F.,.F.,(4,1,4),(0.,0.0235841788483463,0.0482214890181065),
 .UNSPECIFIED.);
#37=B_SPLINE_CURVE_WITH_KNOTS('',3,(#7480,#7481,#7482,#7483,#7484),
 .UNSPECIFIED.,.F.,.F.,(4,1,4),(0.,0.0280133335474879,0.0521627663926314),
 .UNSPECIFIED.);
#38=B_SPLINE_CURVE_WITH_KNOTS('',3,(#7487,#7488,#7489,#7490,#7491),
 .UNSPECIFIED.,.F.,.F.,(4,1,4),(0.,0.0280133335474879,0.0521627663926314),
 .UNSPECIFIED.);
#39=B_SPLINE_CURVE_WITH_KNOTS('',3,(#7503,#7504,#7505,#7506,#7507),
 .UNSPECIFIED.,.F.,.F.,(4,1,4),(0.,0.0259623864596065,0.0554886587682226),
 .UNSPECIFIED.);
#40=B_SPLINE_CURVE_WITH_KNOTS('',3,(#7510,#7511,#7512,#7513,#7514),
 .UNSPECIFIED.,.F.,.F.,(4,1,4),(0.,0.0259623864596065,0.0554886587682226),
 .UNSPECIFIED.);
#41=B_SPLINE_CURVE_WITH_KNOTS('',3,(#7526,#7527,#7528,#7529,#7530),
 .UNSPECIFIED.,.F.,.F.,(4,1,4),(0.,0.0231418216666387,0.0473587542832327),
 .UNSPECIFIED.);
#42=B_SPLINE_CURVE_WITH_KNOTS('',3,(#7533,#7534,#7535,#7536,#7537),
 .UNSPECIFIED.,.F.,.F.,(4,1,4),(0.,0.0231418216666387,0.0473587542832327),
 .UNSPECIFIED.);
#43=B_SPLINE_CURVE_WITH_KNOTS('',3,(#7549,#7550,#7551,#7552,#7553),
 .UNSPECIFIED.,.F.,.F.,(4,1,4),(0.,0.0239443157095536,0.0461269283036742),
 .UNSPECIFIED.);
#44=B_SPLINE_CURVE_WITH_KNOTS('',3,(#7556,#7557,#7558,#7559,#7560),
 .UNSPECIFIED.,.F.,.F.,(4,1,4),(0.,0.0239443157095536,0.0461269283036742),
 .UNSPECIFIED.);
#45=B_SPLINE_CURVE_WITH_KNOTS('',3,(#7572,#7573,#7574,#7575,#7576),
 .UNSPECIFIED.,.F.,.F.,(4,1,4),(0.,0.0345432973597139,0.0630995836818935),
 .UNSPECIFIED.);
#46=B_SPLINE_CURVE_WITH_KNOTS('',3,(#7579,#7580,#7581,#7582,#7583),
 .UNSPECIFIED.,.F.,.F.,(4,1,4),(0.,0.0345432973597139,0.0630995836818935),
 .UNSPECIFIED.);
#47=B_SPLINE_CURVE_WITH_KNOTS('',3,(#7607,#7608,#7609,#7610,#7611),
 .UNSPECIFIED.,.F.,.F.,(4,1,4),(0.,0.0330878000510283,0.073440653001811),
 .UNSPECIFIED.);
#48=B_SPLINE_CURVE_WITH_KNOTS('',3,(#7614,#7615,#7616,#7617,#7618),
 .UNSPECIFIED.,.F.,.F.,(4,1,4),(0.,0.0330878000510283,0.073440653001811),
 .UNSPECIFIED.);
#49=B_SPLINE_CURVE_WITH_KNOTS('',3,(#7630,#7631,#7632,#7633,#7634),
 .UNSPECIFIED.,.F.,.F.,(4,1,4),(0.,0.0252336239998492,0.0503383870832842),
 .UNSPECIFIED.);
#50=B_SPLINE_CURVE_WITH_KNOTS('',3,(#7637,#7638,#7639,#7640,#7641),
 .UNSPECIFIED.,.F.,.F.,(4,1,4),(0.,0.0252336239998492,0.0503383870832842),
 .UNSPECIFIED.);
#51=B_SPLINE_CURVE_WITH_KNOTS('',3,(#7653,#7654,#7655,#7656,#7657),
 .UNSPECIFIED.,.F.,.F.,(4,1,4),(0.,0.0289542854846802,0.0554106705585929),
 .UNSPECIFIED.);
#52=B_SPLINE_CURVE_WITH_KNOTS('',3,(#7660,#7661,#7662,#7663,#7664),
 .UNSPECIFIED.,.F.,.F.,(4,1,4),(0.,0.0289542854846802,0.0554106705585929),
 .UNSPECIFIED.);
#53=B_SPLINE_CURVE_WITH_KNOTS('',3,(#7676,#7677,#7678,#7679,#7680),
 .UNSPECIFIED.,.F.,.F.,(4,1,4),(0.,0.0188749834700694,0.0409199940049489),
 .UNSPECIFIED.);
#54=B_SPLINE_CURVE_WITH_KNOTS('',3,(#7683,#7684,#7685,#7686,#7687),
 .UNSPECIFIED.,.F.,.F.,(4,1,4),(0.,0.0188749834700694,0.0409199940049489),
 .UNSPECIFIED.);
#55=B_SPLINE_CURVE_WITH_KNOTS('',3,(#7699,#7700,#7701,#7702,#7703),
 .UNSPECIFIED.,.F.,.F.,(4,1,4),(0.,0.0269368716408176,0.0476658812441246),
 .UNSPECIFIED.);
#56=B_SPLINE_CURVE_WITH_KNOTS('',3,(#7706,#7707,#7708,#7709,#7710),
 .UNSPECIFIED.,.F.,.F.,(4,1,4),(0.,0.0269368716408176,0.0476658812441246),
 .UNSPECIFIED.);
#57=B_SPLINE_CURVE_WITH_KNOTS('',3,(#7733,#7734,#7735,#7736,#7737),
 .UNSPECIFIED.,.F.,.F.,(4,1,4),(0.,0.0316789242319634,0.0712283508947508),
 .UNSPECIFIED.);
#58=B_SPLINE_CURVE_WITH_KNOTS('',3,(#7738,#7739,#7740,#7741,#7742),
 .UNSPECIFIED.,.F.,.F.,(4,1,4),(0.,0.0316789242319634,0.0712283508947508),
 .UNSPECIFIED.);
#59=B_SPLINE_CURVE_WITH_KNOTS('',3,(#7756,#7757,#7758,#7759,#7760),
 .UNSPECIFIED.,.F.,.F.,(4,1,4),(0.,0.0158065380241407,0.0342598086590254),
 .UNSPECIFIED.);
#60=B_SPLINE_CURVE_WITH_KNOTS('',3,(#7764,#7765,#7766,#7767,#7768),
 .UNSPECIFIED.,.F.,.F.,(4,1,4),(0.,0.0158065380241407,0.0342598086590254),
 .UNSPECIFIED.);
#61=B_SPLINE_CURVE_WITH_KNOTS('',3,(#7781,#7782,#7783,#7784,#7785),
 .UNSPECIFIED.,.F.,.F.,(4,1,4),(0.,0.0208503196004314,0.0375119883188201),
 .UNSPECIFIED.);
#62=B_SPLINE_CURVE_WITH_KNOTS('',3,(#7788,#7789,#7790,#7791,#7792),
 .UNSPECIFIED.,.F.,.F.,(4,1,4),(0.,0.0208503196004314,0.0375119883188201),
 .UNSPECIFIED.);
#63=B_SPLINE_CURVE_WITH_KNOTS('',3,(#7804,#7805,#7806,#7807,#7808),
 .UNSPECIFIED.,.F.,.F.,(4,1,4),(0.,0.012201910198531,0.0224940478356707),
 .UNSPECIFIED.);
#64=B_SPLINE_CURVE_WITH_KNOTS('',3,(#7811,#7812,#7813,#7814,#7815),
 .UNSPECIFIED.,.F.,.F.,(4,1,4),(0.,0.012201910198531,0.0224940478356707),
 .UNSPECIFIED.);
#65=B_SPLINE_CURVE_WITH_KNOTS('',3,(#7827,#7828,#7829,#7830,#7831),
 .UNSPECIFIED.,.F.,.F.,(4,1,4),(0.,0.0107857464974828,0.0215318244764338),
 .UNSPECIFIED.);
#66=B_SPLINE_CURVE_WITH_KNOTS('',3,(#7834,#7835,#7836,#7837,#7838),
 .UNSPECIFIED.,.F.,.F.,(4,1,4),(0.,0.0107857464974828,0.0215318244764338),
 .UNSPECIFIED.);
#67=B_SPLINE_CURVE_WITH_KNOTS('',3,(#7850,#7851,#7852,#7853,#7854),
 .UNSPECIFIED.,.F.,.F.,(4,1,4),(0.,0.0199712883126388,0.0445317705965955),
 .UNSPECIFIED.);
#68=B_SPLINE_CURVE_WITH_KNOTS('',3,(#7857,#7858,#7859,#7860,#7861),
 .UNSPECIFIED.,.F.,.F.,(4,1,4),(0.,0.0199712883126388,0.0445317705965955),
 .UNSPECIFIED.);
#69=B_SPLINE_CURVE_WITH_KNOTS('',3,(#7873,#7874,#7875,#7876,#7877),
 .UNSPECIFIED.,.F.,.F.,(4,1,4),(0.,0.0209429776618659,0.0395696088339423),
 .UNSPECIFIED.);
#70=B_SPLINE_CURVE_WITH_KNOTS('',3,(#7880,#7881,#7882,#7883,#7884),
 .UNSPECIFIED.,.F.,.F.,(4,1,4),(0.,0.0209429776618659,0.0395696088339423),
 .UNSPECIFIED.);
#71=B_SPLINE_CURVE_WITH_KNOTS('',3,(#7896,#7897,#7898,#7899,#7900),
 .UNSPECIFIED.,.F.,.F.,(4,1,4),(0.,0.0287432433881276,0.0585009019281994),
 .UNSPECIFIED.);
#72=B_SPLINE_CURVE_WITH_KNOTS('',3,(#7903,#7904,#7905,#7906,#7907),
 .UNSPECIFIED.,.F.,.F.,(4,1,4),(0.,0.0287432433881276,0.0585009019281994),
 .UNSPECIFIED.);
#73=B_SPLINE_CURVE_WITH_KNOTS('',3,(#7919,#7920,#7921,#7922,#7923),
 .UNSPECIFIED.,.F.,.F.,(4,1,4),(0.,0.0520453613338764,0.0903832333375951),
 .UNSPECIFIED.);
#74=B_SPLINE_CURVE_WITH_KNOTS('',3,(#7926,#7927,#7928,#7929,#7930),
 .UNSPECIFIED.,.F.,.F.,(4,1,4),(0.,0.0520453613338764,0.0903832333375951),
 .UNSPECIFIED.);
#75=B_SPLINE_CURVE_WITH_KNOTS('',3,(#7942,#7943,#7944,#7945,#7946),
 .UNSPECIFIED.,.F.,.F.,(4,1,4),(0.,0.0442350572418305,0.0989803158590679),
 .UNSPECIFIED.);
#76=B_SPLINE_CURVE_WITH_KNOTS('',3,(#7949,#7950,#7951,#7952,#7953),
 .UNSPECIFIED.,.F.,.F.,(4,1,4),(0.,0.0442350572418305,0.0989803158590679),
 .UNSPECIFIED.);
#77=B_SPLINE_CURVE_WITH_KNOTS('',3,(#7965,#7966,#7967,#7968,#7969),
 .UNSPECIFIED.,.F.,.F.,(4,1,4),(0.,0.0397000670103922,0.0791869663230369),
 .UNSPECIFIED.);
#78=B_SPLINE_CURVE_WITH_KNOTS('',3,(#7972,#7973,#7974,#7975,#7976),
 .UNSPECIFIED.,.F.,.F.,(4,1,4),(0.,0.0397000670103922,0.0791869663230369),
 .UNSPECIFIED.);
#79=B_SPLINE_CURVE_WITH_KNOTS('',3,(#7988,#7989,#7990,#7991,#7992),
 .UNSPECIFIED.,.F.,.F.,(4,1,4),(0.,0.0587770951335603,0.105477515914065),
 .UNSPECIFIED.);
#80=B_SPLINE_CURVE_WITH_KNOTS('',3,(#7995,#7996,#7997,#7998,#7999),
 .UNSPECIFIED.,.F.,.F.,(4,1,4),(0.,0.0587770951335603,0.105477515914065),
 .UNSPECIFIED.);
#81=B_SPLINE_CURVE_WITH_KNOTS('',3,(#8017,#8018,#8019,#8020,#8021),
 .UNSPECIFIED.,.F.,.F.,(4,1,4),(0.,0.018127151904119,0.0367833166342251),
 .UNSPECIFIED.);
#82=B_SPLINE_CURVE_WITH_KNOTS('',3,(#8024,#8025,#8026,#8027,#8028),
 .UNSPECIFIED.,.F.,.F.,(4,1,4),(0.,0.018127151904119,0.0367833166342251),
 .UNSPECIFIED.);
#83=B_SPLINE_CURVE_WITH_KNOTS('',3,(#8040,#8041,#8042,#8043,#8044),
 .UNSPECIFIED.,.F.,.F.,(4,1,4),(0.,0.0116712937042702,0.027479694346482),
 .UNSPECIFIED.);
#84=B_SPLINE_CURVE_WITH_KNOTS('',3,(#8047,#8048,#8049,#8050,#8051),
 .UNSPECIFIED.,.F.,.F.,(4,1,4),(0.,0.0116712937042702,0.027479694346482),
 .UNSPECIFIED.);
#85=B_SPLINE_CURVE_WITH_KNOTS('',3,(#8063,#8064,#8065,#8066,#8067),
 .UNSPECIFIED.,.F.,.F.,(4,1,4),(0.,0.0154124985945662,0.0305081206507126),
 .UNSPECIFIED.);
#86=B_SPLINE_CURVE_WITH_KNOTS('',3,(#8070,#8071,#8072,#8073,#8074),
 .UNSPECIFIED.,.F.,.F.,(4,1,4),(0.,0.0154124985945662,0.0305081206507126),
 .UNSPECIFIED.);
#87=B_SPLINE_CURVE_WITH_KNOTS('',3,(#8086,#8087,#8088,#8089,#8090),
 .UNSPECIFIED.,.F.,.F.,(4,1,4),(0.,0.0157322589323217,0.0311184907681365),
 .UNSPECIFIED.);
#88=B_SPLINE_CURVE_WITH_KNOTS('',3,(#8093,#8094,#8095,#8096,#8097),
 .UNSPECIFIED.,.F.,.F.,(4,1,4),(0.,0.0157322589323217,0.0311184907681365),
 .UNSPECIFIED.);
#89=B_SPLINE_CURVE_WITH_KNOTS('',3,(#8109,#8110,#8111,#8112,#8113),
 .UNSPECIFIED.,.F.,.F.,(4,1,4),(0.,0.0151122735152484,0.0306715607176645),
 .UNSPECIFIED.);
#90=B_SPLINE_CURVE_WITH_KNOTS('',3,(#8116,#8117,#8118,#8119,#8120),
 .UNSPECIFIED.,.F.,.F.,(4,1,4),(0.,0.0151122735152484,0.0306715607176645),
 .UNSPECIFIED.);
#91=B_SPLINE_CURVE_WITH_KNOTS('',3,(#8132,#8133,#8134,#8135,#8136),
 .UNSPECIFIED.,.F.,.F.,(4,1,4),(0.,0.0152734968429047,0.0342873886496988),
 .UNSPECIFIED.);
#92=B_SPLINE_CURVE_WITH_KNOTS('',3,(#8139,#8140,#8141,#8142,#8143),
 .UNSPECIFIED.,.F.,.F.,(4,1,4),(0.,0.0152734968429047,0.0342873886496988),
 .UNSPECIFIED.);
#93=B_SPLINE_CURVE_WITH_KNOTS('',3,(#8155,#8156,#8157,#8158,#8159),
 .UNSPECIFIED.,.F.,.F.,(4,1,4),(0.,0.0207445015072495,0.0363124642816514),
 .UNSPECIFIED.);
#94=B_SPLINE_CURVE_WITH_KNOTS('',3,(#8162,#8163,#8164,#8165,#8166),
 .UNSPECIFIED.,.F.,.F.,(4,1,4),(0.,0.0207445015072495,0.0363124642816514),
 .UNSPECIFIED.);
#95=B_SPLINE_CURVE_WITH_KNOTS('',3,(#8178,#8179,#8180,#8181,#8182),
 .UNSPECIFIED.,.F.,.F.,(4,1,4),(0.,0.0356840066691449,0.0633249188203586),
 .UNSPECIFIED.);
#96=B_SPLINE_CURVE_WITH_KNOTS('',3,(#8185,#8186,#8187,#8188,#8189),
 .UNSPECIFIED.,.F.,.F.,(4,1,4),(0.,0.0356840066691449,0.0633249188203586),
 .UNSPECIFIED.);
#97=B_SPLINE_CURVE_WITH_KNOTS('',3,(#8213,#8214,#8215,#8216,#8217),
 .UNSPECIFIED.,.F.,.F.,(4,1,4),(0.,0.0263906474994974,0.0593023258931734),
 .UNSPECIFIED.);
#98=B_SPLINE_CURVE_WITH_KNOTS('',3,(#8220,#8221,#8222,#8223,#8224),
 .UNSPECIFIED.,.F.,.F.,(4,1,4),(0.,0.0263906474994974,0.0593023258931734),
 .UNSPECIFIED.);
#99=B_SPLINE_CURVE_WITH_KNOTS('',3,(#8236,#8237,#8238,#8239,#8240),
 .UNSPECIFIED.,.F.,.F.,(4,1,4),(0.,0.0260296822900173,0.0492332648120876),
 .UNSPECIFIED.);
#100=B_SPLINE_CURVE_WITH_KNOTS('',3,(#8243,#8244,#8245,#8246,#8247),
 .UNSPECIFIED.,.F.,.F.,(4,1,4),(0.,0.0260296822900173,0.0492332648120876),
 .UNSPECIFIED.);
#101=B_SPLINE_CURVE_WITH_KNOTS('',3,(#8259,#8260,#8261,#8262,#8263),
 .UNSPECIFIED.,.F.,.F.,(4,1,4),(0.,0.0174105409314023,0.0341325931537249),
 .UNSPECIFIED.);
#102=B_SPLINE_CURVE_WITH_KNOTS('',3,(#8266,#8267,#8268,#8269,#8270),
 .UNSPECIFIED.,.F.,.F.,(4,1,4),(0.,0.0174105409314023,0.0341325931537249),
 .UNSPECIFIED.);
#103=B_SPLINE_CURVE_WITH_KNOTS('',3,(#8282,#8283,#8284,#8285,#8286),
 .UNSPECIFIED.,.F.,.F.,(4,1,4),(0.,0.016998247169002,0.0342147912512141),
 .UNSPECIFIED.);
#104=B_SPLINE_CURVE_WITH_KNOTS('',3,(#8289,#8290,#8291,#8292,#8293),
 .UNSPECIFIED.,.F.,.F.,(4,1,4),(0.,0.016998247169002,0.0342147912512141),
 .UNSPECIFIED.);
#105=B_SPLINE_CURVE_WITH_KNOTS('',3,(#8305,#8306,#8307,#8308,#8309),
 .UNSPECIFIED.,.F.,.F.,(4,1,4),(0.,0.0168446901028218,0.0336857268427935),
 .UNSPECIFIED.);
#106=B_SPLINE_CURVE_WITH_KNOTS('',3,(#8312,#8313,#8314,#8315,#8316),
 .UNSPECIFIED.,.F.,.F.,(4,1,4),(0.,0.0168446901028218,0.0336857268427935),
 .UNSPECIFIED.);
#107=B_SPLINE_CURVE_WITH_KNOTS('',3,(#8328,#8329,#8330,#8331,#8332),
 .UNSPECIFIED.,.F.,.F.,(4,1,4),(0.,0.0332222717507711,0.0548381068182839),
 .UNSPECIFIED.);
#108=B_SPLINE_CURVE_WITH_KNOTS('',3,(#8335,#8336,#8337,#8338,#8339),
 .UNSPECIFIED.,.F.,.F.,(4,1,4),(0.,0.0332222717507711,0.0548381068182839),
 .UNSPECIFIED.);
#109=B_SPLINE_CURVE_WITH_KNOTS('',3,(#8362,#8363,#8364,#8365,#8366),
 .UNSPECIFIED.,.F.,.F.,(4,1,4),(0.,0.0239178627058378,0.0558027237534997),
 .UNSPECIFIED.);
#110=B_SPLINE_CURVE_WITH_KNOTS('',3,(#8367,#8368,#8369,#8370,#8371),
 .UNSPECIFIED.,.F.,.F.,(4,1,4),(0.,0.0239178627058378,0.0558027237534997),
 .UNSPECIFIED.);
#111=B_SPLINE_CURVE_WITH_KNOTS('',3,(#8385,#8386,#8387,#8388,#8389),
 .UNSPECIFIED.,.F.,.F.,(4,1,4),(0.,0.0363827530773277,0.0763621406070446),
 .UNSPECIFIED.);
#112=B_SPLINE_CURVE_WITH_KNOTS('',3,(#8393,#8394,#8395,#8396,#8397),
 .UNSPECIFIED.,.F.,.F.,(4,1,4),(0.,0.0363827530773277,0.0763621406070446),
 .UNSPECIFIED.);
#113=B_SPLINE_CURVE_WITH_KNOTS('',3,(#8410,#8411,#8412,#8413,#8414),
 .UNSPECIFIED.,.F.,.F.,(4,1,4),(0.,0.0355251210714193,0.0705394114803168),
 .UNSPECIFIED.);
#114=B_SPLINE_CURVE_WITH_KNOTS('',3,(#8417,#8418,#8419,#8420,#8421),
 .UNSPECIFIED.,.F.,.F.,(4,1,4),(0.,0.0355251210714193,0.0705394114803168),
 .UNSPECIFIED.);
#115=B_SPLINE_CURVE_WITH_KNOTS('',3,(#8433,#8434,#8435,#8436,#8437),
 .UNSPECIFIED.,.F.,.F.,(4,1,4),(0.,0.0348463323624894,0.0693756125775044),
 .UNSPECIFIED.);
#116=B_SPLINE_CURVE_WITH_KNOTS('',3,(#8440,#8441,#8442,#8443,#8444),
 .UNSPECIFIED.,.F.,.F.,(4,1,4),(0.,0.0348463323624894,0.0693756125775044),
 .UNSPECIFIED.);
#117=B_SPLINE_CURVE_WITH_KNOTS('',3,(#8456,#8457,#8458,#8459,#8460),
 .UNSPECIFIED.,.F.,.F.,(4,1,4),(0.,0.0400463804013156,0.0768042515688509),
 .UNSPECIFIED.);
#118=B_SPLINE_CURVE_WITH_KNOTS('',3,(#8463,#8464,#8465,#8466,#8467),
 .UNSPECIFIED.,.F.,.F.,(4,1,4),(0.,0.0400463804013156,0.0768042515688509),
 .UNSPECIFIED.);
#119=B_SPLINE_CURVE_WITH_KNOTS('',3,(#8479,#8480,#8481,#8482,#8483),
 .UNSPECIFIED.,.F.,.F.,(4,1,4),(0.,0.0502881881255311,0.0947641431597241),
 .UNSPECIFIED.);
#120=B_SPLINE_CURVE_WITH_KNOTS('',3,(#8486,#8487,#8488,#8489,#8490),
 .UNSPECIFIED.,.F.,.F.,(4,1,4),(0.,0.0502881881255311,0.0947641431597241),
 .UNSPECIFIED.);
#121=B_SPLINE_CURVE_WITH_KNOTS('',3,(#8502,#8503,#8504,#8505,#8506),
 .UNSPECIFIED.,.F.,.F.,(4,1,4),(0.,0.0453024304113957,0.0981783678837865),
 .UNSPECIFIED.);
#122=B_SPLINE_CURVE_WITH_KNOTS('',3,(#8509,#8510,#8511,#8512,#8513),
 .UNSPECIFIED.,.F.,.F.,(4,1,4),(0.,0.0453024304113957,0.0981783678837865),
 .UNSPECIFIED.);
#123=B_SPLINE_CURVE_WITH_KNOTS('',3,(#8525,#8526,#8527,#8528,#8529),
 .UNSPECIFIED.,.F.,.F.,(4,1,4),(0.,0.0355688477068837,0.0745987755909215),
 .UNSPECIFIED.);
#124=B_SPLINE_CURVE_WITH_KNOTS('',3,(#8532,#8533,#8534,#8535,#8536),
 .UNSPECIFIED.,.F.,.F.,(4,1,4),(0.,0.0355688477068837,0.0745987755909215),
 .UNSPECIFIED.);
#125=B_SPLINE_CURVE_WITH_KNOTS('',3,(#8548,#8549,#8550,#8551,#8552),
 .UNSPECIFIED.,.F.,.F.,(4,1,4),(0.,0.0343183184208927,0.0680366694273372),
 .UNSPECIFIED.);
#126=B_SPLINE_CURVE_WITH_KNOTS('',3,(#8555,#8556,#8557,#8558,#8559),
 .UNSPECIFIED.,.F.,.F.,(4,1,4),(0.,0.0343183184208927,0.0680366694273372),
 .UNSPECIFIED.);
#127=B_SPLINE_CURVE_WITH_KNOTS('',3,(#8571,#8572,#8573,#8574,#8575),
 .UNSPECIFIED.,.F.,.F.,(4,1,4),(0.,0.034250955253421,0.0683585958681754),
 .UNSPECIFIED.);
#128=B_SPLINE_CURVE_WITH_KNOTS('',3,(#8578,#8579,#8580,#8581,#8582),
 .UNSPECIFIED.,.F.,.F.,(4,1,4),(0.,0.034250955253421,0.0683585958681754),
 .UNSPECIFIED.);
#129=B_SPLINE_CURVE_WITH_KNOTS('',3,(#8594,#8595,#8596,#8597,#8598),
 .UNSPECIFIED.,.F.,.F.,(4,1,4),(0.,0.0395589309150812,0.0757086050736295),
 .UNSPECIFIED.);
#130=B_SPLINE_CURVE_WITH_KNOTS('',3,(#8601,#8602,#8603,#8604,#8605),
 .UNSPECIFIED.,.F.,.F.,(4,1,4),(0.,0.0395589309150812,0.0757086050736295),
 .UNSPECIFIED.);
#131=B_SPLINE_CURVE_WITH_KNOTS('',3,(#8617,#8618,#8619,#8620,#8621),
 .UNSPECIFIED.,.F.,.F.,(4,1,4),(0.,0.0510063548423514,0.0955020071940684),
 .UNSPECIFIED.);
#132=B_SPLINE_CURVE_WITH_KNOTS('',3,(#8624,#8625,#8626,#8627,#8628),
 .UNSPECIFIED.,.F.,.F.,(4,1,4),(0.,0.0510063548423514,0.0955020071940684),
 .UNSPECIFIED.);
#133=B_SPLINE_CURVE_WITH_KNOTS('',3,(#8639,#8640,#8641,#8642,#8643),
 .UNSPECIFIED.,.F.,.F.,(4,1,4),(0.,0.0439336653517972,0.0928242557154847),
 .UNSPECIFIED.);
#134=B_SPLINE_CURVE_WITH_KNOTS('',3,(#8644,#8645,#8646,#8647,#8648),
 .UNSPECIFIED.,.F.,.F.,(4,1,4),(0.,0.0439336653517972,0.0928242557154847),
 .UNSPECIFIED.);
#135=B_SPLINE_CURVE_WITH_KNOTS('',3,(#8661,#8662,#8663,#8664,#8665),
 .UNSPECIFIED.,.F.,.F.,(4,1,4),(0.,0.0258325279894708,0.0512666510407167),
 .UNSPECIFIED.);
#136=B_SPLINE_CURVE_WITH_KNOTS('',3,(#8669,#8670,#8671,#8672,#8673),
 .UNSPECIFIED.,.F.,.F.,(4,1,4),(0.,0.0258325279894708,0.0512666510407167),
 .UNSPECIFIED.);
#137=B_SPLINE_CURVE_WITH_KNOTS('',3,(#8686,#8687,#8688,#8689,#8690),
 .UNSPECIFIED.,.F.,.F.,(4,1,4),(0.,0.0250170913944375,0.0510693891267137),
 .UNSPECIFIED.);
#138=B_SPLINE_CURVE_WITH_KNOTS('',3,(#8693,#8694,#8695,#8696,#8697),
 .UNSPECIFIED.,.F.,.F.,(4,1,4),(0.,0.0250170913944375,0.0510693891267137),
 .UNSPECIFIED.);
#139=B_SPLINE_CURVE_WITH_KNOTS('',3,(#8709,#8710,#8711,#8712,#8713),
 .UNSPECIFIED.,.F.,.F.,(4,1,4),(0.,0.0340571717787316,0.061627139428197),
 .UNSPECIFIED.);
#140=B_SPLINE_CURVE_WITH_KNOTS('',3,(#8716,#8717,#8718,#8719,#8720),
 .UNSPECIFIED.,.F.,.F.,(4,1,4),(0.,0.0340571717787316,0.061627139428197),
 .UNSPECIFIED.);
#141=B_SPLINE_CURVE_WITH_KNOTS('',3,(#8738,#8739,#8740,#8741,#8742),
 .UNSPECIFIED.,.F.,.F.,(4,1,4),(0.,0.0271085164964279,0.0607660539728833),
 .UNSPECIFIED.);
#142=B_SPLINE_CURVE_WITH_KNOTS('',3,(#8745,#8746,#8747,#8748,#8749),
 .UNSPECIFIED.,.F.,.F.,(4,1,4),(0.,0.0271085164964279,0.0607660539728833),
 .UNSPECIFIED.);
#143=B_SPLINE_CURVE_WITH_KNOTS('',3,(#8761,#8762,#8763,#8764,#8765),
 .UNSPECIFIED.,.F.,.F.,(4,1,4),(0.,0.0275343531463035,0.0523696454986189),
 .UNSPECIFIED.);
#144=B_SPLINE_CURVE_WITH_KNOTS('',3,(#8768,#8769,#8770,#8771,#8772),
 .UNSPECIFIED.,.F.,.F.,(4,1,4),(0.,0.0275343531463035,0.0523696454986189),
 .UNSPECIFIED.);
#145=B_SPLINE_CURVE_WITH_KNOTS('',3,(#8784,#8785,#8786,#8787,#8788),
 .UNSPECIFIED.,.F.,.F.,(4,1,4),(0.,0.0258063249692716,0.0535309551159889),
 .UNSPECIFIED.);
#146=B_SPLINE_CURVE_WITH_KNOTS('',3,(#8791,#8792,#8793,#8794,#8795),
 .UNSPECIFIED.,.F.,.F.,(4,1,4),(0.,0.0258063249692716,0.0535309551159889),
 .UNSPECIFIED.);
#147=B_SPLINE_CURVE_WITH_KNOTS('',3,(#8807,#8808,#8809,#8810,#8811),
 .UNSPECIFIED.,.F.,.F.,(4,1,4),(0.,0.0367133960251438,0.065763825263373),
 .UNSPECIFIED.);
#148=B_SPLINE_CURVE_WITH_KNOTS('',3,(#8814,#8815,#8816,#8817,#8818),
 .UNSPECIFIED.,.F.,.F.,(4,1,4),(0.,0.0367133960251438,0.065763825263373),
 .UNSPECIFIED.);
#149=B_SPLINE_CURVE_WITH_KNOTS('',3,(#8836,#8837,#8838,#8839,#8840),
 .UNSPECIFIED.,.F.,.F.,(4,1,4),(0.,0.0469358582046273,0.0997880058167946),
 .UNSPECIFIED.);
#150=B_SPLINE_CURVE_WITH_KNOTS('',3,(#8843,#8844,#8845,#8846,#8847),
 .UNSPECIFIED.,.F.,.F.,(4,1,4),(0.,0.0469358582046273,0.0997880058167946),
 .UNSPECIFIED.);
#151=B_SPLINE_CURVE_WITH_KNOTS('',3,(#8859,#8860,#8861,#8862,#8863),
 .UNSPECIFIED.,.F.,.F.,(4,1,4),(0.,0.0540399816259578,0.101209579617199),
 .UNSPECIFIED.);
#152=B_SPLINE_CURVE_WITH_KNOTS('',3,(#8866,#8867,#8868,#8869,#8870),
 .UNSPECIFIED.,.F.,.F.,(4,1,4),(0.,0.0540399816259578,0.101209579617199),
 .UNSPECIFIED.);
#153=B_SPLINE_CURVE_WITH_KNOTS('',3,(#8882,#8883,#8884,#8885,#8886),
 .UNSPECIFIED.,.F.,.F.,(4,1,4),(0.,0.0891260276385921,0.181978219495044),
 .UNSPECIFIED.);
#154=B_SPLINE_CURVE_WITH_KNOTS('',3,(#8889,#8890,#8891,#8892,#8893),
 .UNSPECIFIED.,.F.,.F.,(4,1,4),(0.,0.0891260276385921,0.181978219495044),
 .UNSPECIFIED.);
#155=B_SPLINE_CURVE_WITH_KNOTS('',3,(#8905,#8906,#8907,#8908,#8909),
 .UNSPECIFIED.,.F.,.F.,(4,1,4),(0.,0.113728860880658,0.210314634216808),
 .UNSPECIFIED.);
#156=B_SPLINE_CURVE_WITH_KNOTS('',3,(#8912,#8913,#8914,#8915,#8916),
 .UNSPECIFIED.,.F.,.F.,(4,1,4),(0.,0.113728860880658,0.210314634216808),
 .UNSPECIFIED.);
#157=B_SPLINE_CURVE_WITH_KNOTS('',3,(#8928,#8929,#8930,#8931,#8932),
 .UNSPECIFIED.,.F.,.F.,(4,1,4),(0.,0.0547751195463388,0.112661022108778),
 .UNSPECIFIED.);
#158=B_SPLINE_CURVE_WITH_KNOTS('',3,(#8935,#8936,#8937,#8938,#8939),
 .UNSPECIFIED.,.F.,.F.,(4,1,4),(0.,0.0547751195463388,0.112661022108778),
 .UNSPECIFIED.);
#159=B_SPLINE_CURVE_WITH_KNOTS('',3,(#8951,#8952,#8953,#8954,#8955),
 .UNSPECIFIED.,.F.,.F.,(4,1,4),(0.,0.0492319900784253,0.101114606936532),
 .UNSPECIFIED.);
#160=B_SPLINE_CURVE_WITH_KNOTS('',3,(#8958,#8959,#8960,#8961,#8962),
 .UNSPECIFIED.,.F.,.F.,(4,1,4),(0.,0.0492319900784253,0.101114606936532),
 .UNSPECIFIED.);
#161=B_SPLINE_CURVE_WITH_KNOTS('',3,(#8974,#8975,#8976,#8977,#8978),
 .UNSPECIFIED.,.F.,.F.,(4,1,4),(0.,0.0458305691813977,0.0929729299188806),
 .UNSPECIFIED.);
#162=B_SPLINE_CURVE_WITH_KNOTS('',3,(#8981,#8982,#8983,#8984,#8985),
 .UNSPECIFIED.,.F.,.F.,(4,1,4),(0.,0.0458305691813977,0.0929729299188806),
 .UNSPECIFIED.);
#163=B_SPLINE_CURVE_WITH_KNOTS('',3,(#8997,#8998,#8999,#9000,#9001),
 .UNSPECIFIED.,.F.,.F.,(4,1,4),(0.,0.0470252311811414,0.0929087732774085),
 .UNSPECIFIED.);
#164=B_SPLINE_CURVE_WITH_KNOTS('',3,(#9004,#9005,#9006,#9007,#9008),
 .UNSPECIFIED.,.F.,.F.,(4,1,4),(0.,0.0470252311811414,0.0929087732774085),
 .UNSPECIFIED.);
#165=B_SPLINE_CURVE_WITH_KNOTS('',3,(#9020,#9021,#9022,#9023,#9024),
 .UNSPECIFIED.,.F.,.F.,(4,1,4),(0.,0.0330874962645261,0.0683091261486639),
 .UNSPECIFIED.);
#166=B_SPLINE_CURVE_WITH_KNOTS('',3,(#9027,#9028,#9029,#9030,#9031),
 .UNSPECIFIED.,.F.,.F.,(4,1,4),(0.,0.0330874962645261,0.0683091261486639),
 .UNSPECIFIED.);
#167=B_SPLINE_CURVE_WITH_KNOTS('',3,(#9043,#9044,#9045,#9046,#9047),
 .UNSPECIFIED.,.F.,.F.,(4,1,4),(0.,0.0322646055915931,0.0646033707216274),
 .UNSPECIFIED.);
#168=B_SPLINE_CURVE_WITH_KNOTS('',3,(#9050,#9051,#9052,#9053,#9054),
 .UNSPECIFIED.,.F.,.F.,(4,1,4),(0.,0.0322646055915931,0.0646033707216274),
 .UNSPECIFIED.);
#169=B_SPLINE_CURVE_WITH_KNOTS('',3,(#9066,#9067,#9068,#9069,#9070),
 .UNSPECIFIED.,.F.,.F.,(4,1,4),(0.,0.0391899734858858,0.0742979809514302),
 .UNSPECIFIED.);
#170=B_SPLINE_CURVE_WITH_KNOTS('',3,(#9073,#9074,#9075,#9076,#9077),
 .UNSPECIFIED.,.F.,.F.,(4,1,4),(0.,0.0391899734858858,0.0742979809514302),
 .UNSPECIFIED.);
#171=B_SPLINE_CURVE_WITH_KNOTS('',3,(#9094,#9095,#9096,#9097,#9098),
 .UNSPECIFIED.,.F.,.F.,(4,1,4),(0.,0.0278946160686824,0.0610937137111499),
 .UNSPECIFIED.);
#172=B_SPLINE_CURVE_WITH_KNOTS('',3,(#9099,#9100,#9101,#9102,#9103),
 .UNSPECIFIED.,.F.,.F.,(4,1,4),(0.,0.0278946160686824,0.0610937137111499),
 .UNSPECIFIED.);
#173=B_SPLINE_CURVE_WITH_KNOTS('',3,(#9117,#9118,#9119,#9120,#9121),
 .UNSPECIFIED.,.F.,.F.,(4,1,4),(0.,0.0428273535171079,0.103356729157823),
 .UNSPECIFIED.);
#174=B_SPLINE_CURVE_WITH_KNOTS('',3,(#9125,#9126,#9127,#9128,#9129),
 .UNSPECIFIED.,.F.,.F.,(4,1,4),(0.,0.0428273535171079,0.103356729157823),
 .UNSPECIFIED.);
#175=B_SPLINE_CURVE_WITH_KNOTS('',3,(#9142,#9143,#9144,#9145,#9146),
 .UNSPECIFIED.,.F.,.F.,(4,1,4),(0.,0.0358498031173078,0.068300555672324),
 .UNSPECIFIED.);
#176=B_SPLINE_CURVE_WITH_KNOTS('',3,(#9149,#9150,#9151,#9152,#9153),
 .UNSPECIFIED.,.F.,.F.,(4,1,4),(0.,0.0358498031173078,0.068300555672324),
 .UNSPECIFIED.);
#177=B_SPLINE_CURVE_WITH_KNOTS('',3,(#9165,#9166,#9167,#9168,#9169),
 .UNSPECIFIED.,.F.,.F.,(4,1,4),(0.,0.0387076035397134,0.0762727307445886),
 .UNSPECIFIED.);
#178=B_SPLINE_CURVE_WITH_KNOTS('',3,(#9172,#9173,#9174,#9175,#9176),
 .UNSPECIFIED.,.F.,.F.,(4,1,4),(0.,0.0387076035397134,0.0762727307445886),
 .UNSPECIFIED.);
#179=B_SPLINE_CURVE_WITH_KNOTS('',3,(#9188,#9189,#9190,#9191,#9192),
 .UNSPECIFIED.,.F.,.F.,(4,1,4),(0.,0.0312229656516551,0.0656483295455444),
 .UNSPECIFIED.);
#180=B_SPLINE_CURVE_WITH_KNOTS('',3,(#9195,#9196,#9197,#9198,#9199),
 .UNSPECIFIED.,.F.,.F.,(4,1,4),(0.,0.0312229656516551,0.0656483295455444),
 .UNSPECIFIED.);
#181=B_SPLINE_CURVE_WITH_KNOTS('',3,(#9211,#9212,#9213,#9214,#9215),
 .UNSPECIFIED.,.F.,.F.,(4,1,4),(0.,0.0290343953330174,0.0586964825264183),
 .UNSPECIFIED.);
#182=B_SPLINE_CURVE_WITH_KNOTS('',3,(#9218,#9219,#9220,#9221,#9222),
 .UNSPECIFIED.,.F.,.F.,(4,1,4),(0.,0.0290343953330174,0.0586964825264183),
 .UNSPECIFIED.);
#183=B_SPLINE_CURVE_WITH_KNOTS('',3,(#9234,#9235,#9236,#9237,#9238),
 .UNSPECIFIED.,.F.,.F.,(4,1,4),(0.,0.0246373819823947,0.0514419373624356),
 .UNSPECIFIED.);
#184=B_SPLINE_CURVE_WITH_KNOTS('',3,(#9241,#9242,#9243,#9244,#9245),
 .UNSPECIFIED.,.F.,.F.,(4,1,4),(0.,0.0246373819823947,0.0514419373624356),
 .UNSPECIFIED.);
#185=B_SPLINE_CURVE_WITH_KNOTS('',3,(#9257,#9258,#9259,#9260,#9261),
 .UNSPECIFIED.,.F.,.F.,(4,1,4),(0.,0.0228301113354505,0.047462273251955),
 .UNSPECIFIED.);
#186=B_SPLINE_CURVE_WITH_KNOTS('',3,(#9264,#9265,#9266,#9267,#9268),
 .UNSPECIFIED.,.F.,.F.,(4,1,4),(0.,0.0228301113354505,0.047462273251955),
 .UNSPECIFIED.);
#187=B_SPLINE_CURVE_WITH_KNOTS('',3,(#9280,#9281,#9282,#9283,#9284),
 .UNSPECIFIED.,.F.,.F.,(4,1,4),(0.,0.0488580586145847,0.0801755253742831),
 .UNSPECIFIED.);
#188=B_SPLINE_CURVE_WITH_KNOTS('',3,(#9287,#9288,#9289,#9290,#9291),
 .UNSPECIFIED.,.F.,.F.,(4,1,4),(0.,0.0488580586145847,0.0801755253742831),
 .UNSPECIFIED.);
#189=B_SPLINE_CURVE_WITH_KNOTS('',3,(#9303,#9304,#9305,#9306,#9307),
 .UNSPECIFIED.,.F.,.F.,(4,1,4),(0.,0.0381824209034756,0.0896896143218988),
 .UNSPECIFIED.);
#190=B_SPLINE_CURVE_WITH_KNOTS('',3,(#9310,#9311,#9312,#9313,#9314),
 .UNSPECIFIED.,.F.,.F.,(4,1,4),(0.,0.0381824209034756,0.0896896143218988),
 .UNSPECIFIED.);
#191=B_SPLINE_CURVE_WITH_KNOTS('',3,(#9330,#9331,#9332,#9333,#9334),
 .UNSPECIFIED.,.F.,.F.,(4,1,4),(0.,0.0212106664315097,0.0462277578259472),
 .UNSPECIFIED.);
#192=B_SPLINE_CURVE_WITH_KNOTS('',3,(#9338,#9339,#9340,#9341,#9342),
 .UNSPECIFIED.,.F.,.F.,(4,1,4),(0.,0.0212106664315097,0.0462277578259472),
 .UNSPECIFIED.);
#193=B_SPLINE_CURVE_WITH_KNOTS('',3,(#9355,#9356,#9357,#9358,#9359),
 .UNSPECIFIED.,.F.,.F.,(4,1,4),(0.,0.0242025850136557,0.0479535555091271),
 .UNSPECIFIED.);
#194=B_SPLINE_CURVE_WITH_KNOTS('',3,(#9362,#9363,#9364,#9365,#9366),
 .UNSPECIFIED.,.F.,.F.,(4,1,4),(0.,0.0242025850136557,0.0479535555091271),
 .UNSPECIFIED.);
#195=B_SPLINE_CURVE_WITH_KNOTS('',3,(#9378,#9379,#9380,#9381,#9382),
 .UNSPECIFIED.,.F.,.F.,(4,1,4),(0.,0.0205179507722812,0.0439875837882593),
 .UNSPECIFIED.);
#196=B_SPLINE_CURVE_WITH_KNOTS('',3,(#9385,#9386,#9387,#9388,#9389),
 .UNSPECIFIED.,.F.,.F.,(4,1,4),(0.,0.0205179507722812,0.0439875837882593),
 .UNSPECIFIED.);
#197=B_SPLINE_CURVE_WITH_KNOTS('',3,(#9401,#9402,#9403,#9404,#9405),
 .UNSPECIFIED.,.F.,.F.,(4,1,4),(0.,0.0351159066544015,0.0545542770646494),
 .UNSPECIFIED.);
#198=B_SPLINE_CURVE_WITH_KNOTS('',3,(#9408,#9409,#9410,#9411,#9412),
 .UNSPECIFIED.,.F.,.F.,(4,1,4),(0.,0.0351159066544015,0.0545542770646494),
 .UNSPECIFIED.);
#199=B_SPLINE_CURVE_WITH_KNOTS('',3,(#9424,#9425,#9426,#9427,#9428),
 .UNSPECIFIED.,.F.,.F.,(4,1,4),(0.,0.039081893192561,0.0808168419040508),
 .UNSPECIFIED.);
#200=B_SPLINE_CURVE_WITH_KNOTS('',3,(#9431,#9432,#9433,#9434,#9435),
 .UNSPECIFIED.,.F.,.F.,(4,1,4),(0.,0.039081893192561,0.0808168419040508),
 .UNSPECIFIED.);
#201=B_SPLINE_CURVE_WITH_KNOTS('',3,(#9447,#9448,#9449,#9450,#9451),
 .UNSPECIFIED.,.F.,.F.,(4,1,4),(0.,0.0350018542748361,0.0737157756833943),
 .UNSPECIFIED.);
#202=B_SPLINE_CURVE_WITH_KNOTS('',3,(#9454,#9455,#9456,#9457,#9458),
 .UNSPECIFIED.,.F.,.F.,(4,1,4),(0.,0.0350018542748361,0.0737157756833943),
 .UNSPECIFIED.);
#203=B_SPLINE_CURVE_WITH_KNOTS('',3,(#9470,#9471,#9472,#9473,#9474),
 .UNSPECIFIED.,.F.,.F.,(4,1,4),(0.,0.0439068623815274,0.0806418885411431),
 .UNSPECIFIED.);
#204=B_SPLINE_CURVE_WITH_KNOTS('',3,(#9477,#9478,#9479,#9480,#9481),
 .UNSPECIFIED.,.F.,.F.,(4,1,4),(0.,0.0439068623815274,0.0806418885411431),
 .UNSPECIFIED.);
#205=B_SPLINE_CURVE_WITH_KNOTS('',3,(#9493,#9494,#9495,#9496,#9497),
 .UNSPECIFIED.,.F.,.F.,(4,1,4),(0.,0.0552874853581508,0.123272849266328),
 .UNSPECIFIED.);
#206=B_SPLINE_CURVE_WITH_KNOTS('',3,(#9500,#9501,#9502,#9503,#9504),
 .UNSPECIFIED.,.F.,.F.,(4,1,4),(0.,0.0552874853581508,0.123272849266328),
 .UNSPECIFIED.);
#207=B_SPLINE_CURVE_WITH_KNOTS('',3,(#9516,#9517,#9518,#9519,#9520),
 .UNSPECIFIED.,.F.,.F.,(4,1,4),(0.,0.0511035237256346,0.0995707375583849),
 .UNSPECIFIED.);
#208=B_SPLINE_CURVE_WITH_KNOTS('',3,(#9523,#9524,#9525,#9526,#9527),
 .UNSPECIFIED.,.F.,.F.,(4,1,4),(0.,0.0511035237256346,0.0995707375583849),
 .UNSPECIFIED.);
#209=B_SPLINE_CURVE_WITH_KNOTS('',3,(#9539,#9540,#9541,#9542,#9543),
 .UNSPECIFIED.,.F.,.F.,(4,1,4),(0.,0.0797042925155222,0.142253258257554),
 .UNSPECIFIED.);
#210=B_SPLINE_CURVE_WITH_KNOTS('',3,(#9546,#9547,#9548,#9549,#9550),
 .UNSPECIFIED.,.F.,.F.,(4,1,4),(0.,0.0797042925155222,0.142253258257554),
 .UNSPECIFIED.);
#211=B_SPLINE_CURVE_WITH_KNOTS('',3,(#9562,#9563,#9564,#9565,#9566),
 .UNSPECIFIED.,.F.,.F.,(4,1,4),(0.,0.0621671475704511,0.135464767016803),
 .UNSPECIFIED.);
#212=B_SPLINE_CURVE_WITH_KNOTS('',3,(#9569,#9570,#9571,#9572,#9573),
 .UNSPECIFIED.,.F.,.F.,(4,1,4),(0.,0.0621671475704511,0.135464767016803),
 .UNSPECIFIED.);
#213=B_SPLINE_CURVE_WITH_KNOTS('',3,(#9585,#9586,#9587,#9588,#9589),
 .UNSPECIFIED.,.F.,.F.,(4,1,4),(0.,0.0445293441460916,0.0970936706007048),
 .UNSPECIFIED.);
#214=B_SPLINE_CURVE_WITH_KNOTS('',3,(#9592,#9593,#9594,#9595,#9596),
 .UNSPECIFIED.,.F.,.F.,(4,1,4),(0.,0.0445293441460916,0.0970936706007048),
 .UNSPECIFIED.);
#215=B_SPLINE_CURVE_WITH_KNOTS('',3,(#9608,#9609,#9610,#9611,#9612),
 .UNSPECIFIED.,.F.,.F.,(4,1,4),(0.,0.0356871630876296,0.0747173163958947),
 .UNSPECIFIED.);
#216=B_SPLINE_CURVE_WITH_KNOTS('',3,(#9615,#9616,#9617,#9618,#9619),
 .UNSPECIFIED.,.F.,.F.,(4,1,4),(0.,0.0356871630876296,0.0747173163958947),
 .UNSPECIFIED.);
#217=B_SPLINE_CURVE_WITH_KNOTS('',3,(#9631,#9632,#9633,#9634,#9635),
 .UNSPECIFIED.,.F.,.F.,(4,1,4),(0.,0.0208051421788314,0.0419805105337846),
 .UNSPECIFIED.);
#218=B_SPLINE_CURVE_WITH_KNOTS('',3,(#9638,#9639,#9640,#9641,#9642),
 .UNSPECIFIED.,.F.,.F.,(4,1,4),(0.,0.0208051421788314,0.0419805105337846),
 .UNSPECIFIED.);
#219=B_SPLINE_CURVE_WITH_KNOTS('',3,(#9654,#9655,#9656,#9657,#9658),
 .UNSPECIFIED.,.F.,.F.,(4,1,4),(0.,0.0215733818910631,0.0428065997995193),
 .UNSPECIFIED.);
#220=B_SPLINE_CURVE_WITH_KNOTS('',3,(#9661,#9662,#9663,#9664,#9665),
 .UNSPECIFIED.,.F.,.F.,(4,1,4),(0.,0.0215733818910631,0.0428065997995193),
 .UNSPECIFIED.);
#221=B_SPLINE_CURVE_WITH_KNOTS('',3,(#9677,#9678,#9679,#9680,#9681),
 .UNSPECIFIED.,.F.,.F.,(4,1,4),(0.,0.0136227380571388,0.0345200828248515),
 .UNSPECIFIED.);
#222=B_SPLINE_CURVE_WITH_KNOTS('',3,(#9684,#9685,#9686,#9687,#9688),
 .UNSPECIFIED.,.F.,.F.,(4,1,4),(0.,0.0136227380571388,0.0345200828248515),
 .UNSPECIFIED.);
#223=B_SPLINE_CURVE_WITH_KNOTS('',3,(#9700,#9701,#9702,#9703,#9704),
 .UNSPECIFIED.,.F.,.F.,(4,1,4),(0.,0.0285747946451126,0.046261594533554),
 .UNSPECIFIED.);
#224=B_SPLINE_CURVE_WITH_KNOTS('',3,(#9707,#9708,#9709,#9710,#9711),
 .UNSPECIFIED.,.F.,.F.,(4,1,4),(0.,0.0285747946451126,0.046261594533554),
 .UNSPECIFIED.);
#225=B_SPLINE_CURVE_WITH_KNOTS('',3,(#9723,#9724,#9725,#9726,#9727),
 .UNSPECIFIED.,.F.,.F.,(4,1,4),(0.,0.0299554516910608,0.0623884286740387),
 .UNSPECIFIED.);
#226=B_SPLINE_CURVE_WITH_KNOTS('',3,(#9730,#9731,#9732,#9733,#9734),
 .UNSPECIFIED.,.F.,.F.,(4,1,4),(0.,0.0299554516910608,0.0623884286740387),
 .UNSPECIFIED.);
#227=B_SPLINE_CURVE_WITH_KNOTS('',3,(#9746,#9747,#9748,#9749,#9750),
 .UNSPECIFIED.,.F.,.F.,(4,1,4),(0.,0.0452856264856884,0.0795473289242555),
 .UNSPECIFIED.);
#228=B_SPLINE_CURVE_WITH_KNOTS('',3,(#9753,#9754,#9755,#9756,#9757),
 .UNSPECIFIED.,.F.,.F.,(4,1,4),(0.,0.0452856264856884,0.0795473289242555),
 .UNSPECIFIED.);
#229=B_SPLINE_CURVE_WITH_KNOTS('',3,(#9769,#9770,#9771,#9772,#9773),
 .UNSPECIFIED.,.F.,.F.,(4,1,4),(0.,0.034682355227984,0.0846776948060993),
 .UNSPECIFIED.);
#230=B_SPLINE_CURVE_WITH_KNOTS('',3,(#9776,#9777,#9778,#9779,#9780),
 .UNSPECIFIED.,.F.,.F.,(4,1,4),(0.,0.034682355227984,0.0846776948060993),
 .UNSPECIFIED.);
#231=B_SPLINE_CURVE_WITH_KNOTS('',3,(#9792,#9793,#9794,#9795,#9796),
 .UNSPECIFIED.,.F.,.F.,(4,1,4),(0.,0.0467362797305622,0.0820335487756777),
 .UNSPECIFIED.);
#232=B_SPLINE_CURVE_WITH_KNOTS('',3,(#9799,#9800,#9801,#9802,#9803),
 .UNSPECIFIED.,.F.,.F.,(4,1,4),(0.,0.0467362797305622,0.0820335487756777),
 .UNSPECIFIED.);
#233=B_SPLINE_CURVE_WITH_KNOTS('',3,(#9815,#9816,#9817,#9818,#9819),
 .UNSPECIFIED.,.F.,.F.,(4,1,4),(0.,0.039326675601192,0.0819693879242099),
 .UNSPECIFIED.);
#234=B_SPLINE_CURVE_WITH_KNOTS('',3,(#9822,#9823,#9824,#9825,#9826),
 .UNSPECIFIED.,.F.,.F.,(4,1,4),(0.,0.039326675601192,0.0819693879242099),
 .UNSPECIFIED.);
#235=B_SPLINE_CURVE_WITH_KNOTS('',3,(#9838,#9839,#9840,#9841,#9842),
 .UNSPECIFIED.,.F.,.F.,(4,1,4),(0.,0.0482711717976546,0.0890795976281961),
 .UNSPECIFIED.);
#236=B_SPLINE_CURVE_WITH_KNOTS('',3,(#9845,#9846,#9847,#9848,#9849),
 .UNSPECIFIED.,.F.,.F.,(4,1,4),(0.,0.0482711717976546,0.0890795976281961),
 .UNSPECIFIED.);
#237=B_SPLINE_CURVE_WITH_KNOTS('',3,(#9861,#9862,#9863,#9864,#9865),
 .UNSPECIFIED.,.F.,.F.,(4,1,4),(0.,0.0229000572187222,0.0652026583584913),
 .UNSPECIFIED.);
#238=B_SPLINE_CURVE_WITH_KNOTS('',3,(#9868,#9869,#9870,#9871,#9872),
 .UNSPECIFIED.,.F.,.F.,(4,1,4),(0.,0.0229000572187222,0.0652026583584913),
 .UNSPECIFIED.);
#239=B_SPLINE_CURVE_WITH_KNOTS('',3,(#9884,#9885,#9886,#9887,#9888),
 .UNSPECIFIED.,.F.,.F.,(4,1,4),(0.,0.0529471563833085,0.111201789598661),
 .UNSPECIFIED.);
#240=B_SPLINE_CURVE_WITH_KNOTS('',3,(#9891,#9892,#9893,#9894,#9895),
 .UNSPECIFIED.,.F.,.F.,(4,1,4),(0.,0.0529471563833085,0.111201789598661),
 .UNSPECIFIED.);
#241=B_SPLINE_CURVE_WITH_KNOTS('',3,(#9907,#9908,#9909,#9910,#9911),
 .UNSPECIFIED.,.F.,.F.,(4,1,4),(0.,0.0520733183365494,0.102642015922304),
 .UNSPECIFIED.);
#242=B_SPLINE_CURVE_WITH_KNOTS('',3,(#9914,#9915,#9916,#9917,#9918),
 .UNSPECIFIED.,.F.,.F.,(4,1,4),(0.,0.0520733183365494,0.102642015922304),
 .UNSPECIFIED.);
#243=B_SPLINE_CURVE_WITH_KNOTS('',3,(#9930,#9931,#9932,#9933,#9934),
 .UNSPECIFIED.,.F.,.F.,(4,1,4),(0.,0.0399350875977185,0.0798685514503111),
 .UNSPECIFIED.);
#244=B_SPLINE_CURVE_WITH_KNOTS('',3,(#9937,#9938,#9939,#9940,#9941),
 .UNSPECIFIED.,.F.,.F.,(4,1,4),(0.,0.0399350875977185,0.0798685514503111),
 .UNSPECIFIED.);
#245=B_SPLINE_CURVE_WITH_KNOTS('',3,(#9953,#9954,#9955,#9956,#9957),
 .UNSPECIFIED.,.F.,.F.,(4,1,4),(0.,0.0423432063238657,0.0830430593585968),
 .UNSPECIFIED.);
#246=B_SPLINE_CURVE_WITH_KNOTS('',3,(#9960,#9961,#9962,#9963,#9964),
 .UNSPECIFIED.,.F.,.F.,(4,1,4),(0.,0.0423432063238657,0.0830430593585968),
 .UNSPECIFIED.);
#247=B_SPLINE_CURVE_WITH_KNOTS('',3,(#9976,#9977,#9978,#9979,#9980),
 .UNSPECIFIED.,.F.,.F.,(4,1,4),(0.,0.0491163445596195,0.0944168747745574),
 .UNSPECIFIED.);
#248=B_SPLINE_CURVE_WITH_KNOTS('',3,(#9983,#9984,#9985,#9986,#9987),
 .UNSPECIFIED.,.F.,.F.,(4,1,4),(0.,0.0491163445596195,0.0944168747745574),
 .UNSPECIFIED.);
#249=B_SPLINE_CURVE_WITH_KNOTS('',3,(#9999,#10000,#10001,#10002,#10003),
 .UNSPECIFIED.,.F.,.F.,(4,1,4),(0.,0.0503726770925352,0.104625168732217),
 .UNSPECIFIED.);
#250=B_SPLINE_CURVE_WITH_KNOTS('',3,(#10006,#10007,#10008,#10009,#10010),
 .UNSPECIFIED.,.F.,.F.,(4,1,4),(0.,0.0503726770925352,0.104625168732217),
 .UNSPECIFIED.);
#251=B_SPLINE_CURVE_WITH_KNOTS('',3,(#10022,#10023,#10024,#10025,#10026),
 .UNSPECIFIED.,.F.,.F.,(4,1,4),(0.,0.0586670970266754,0.11121608987773),
 .UNSPECIFIED.);
#252=B_SPLINE_CURVE_WITH_KNOTS('',3,(#10029,#10030,#10031,#10032,#10033),
 .UNSPECIFIED.,.F.,.F.,(4,1,4),(0.,0.0586670970266754,0.11121608987773),
 .UNSPECIFIED.);
#253=B_SPLINE_CURVE_WITH_KNOTS('',3,(#10044,#10045,#10046,#10047,#10048),
 .UNSPECIFIED.,.F.,.F.,(4,1,4),(0.,0.0319147934724485,0.071466720753606),
 .UNSPECIFIED.);
#254=B_SPLINE_CURVE_WITH_KNOTS('',3,(#10049,#10050,#10051,#10052,#10053),
 .UNSPECIFIED.,.F.,.F.,(4,1,4),(0.,0.0319147934724485,0.071466720753606),
 .UNSPECIFIED.);
#255=B_SPLINE_CURVE_WITH_KNOTS('',3,(#10116,#10117,#10118,#10119,#10120),
 .UNSPECIFIED.,.F.,.F.,(4,1,4),(0.,0.0347683934372647,0.0747355953120058),
 .UNSPECIFIED.);
#256=B_SPLINE_CURVE_WITH_KNOTS('',3,(#10124,#10125,#10126,#10127,#10128),
 .UNSPECIFIED.,.F.,.F.,(4,1,4),(0.,0.0347683934372647,0.0747355953120058),
 .UNSPECIFIED.);
#257=B_SPLINE_CURVE_WITH_KNOTS('',3,(#10141,#10142,#10143,#10144,#10145),
 .UNSPECIFIED.,.F.,.F.,(4,1,4),(0.,0.0254223604203661,0.0550257771949263),
 .UNSPECIFIED.);
#258=B_SPLINE_CURVE_WITH_KNOTS('',3,(#10148,#10149,#10150,#10151,#10152),
 .UNSPECIFIED.,.F.,.F.,(4,1,4),(0.,0.0254223604203661,0.0550257771949263),
 .UNSPECIFIED.);
#259=B_SPLINE_CURVE_WITH_KNOTS('',3,(#10164,#10165,#10166,#10167,#10168),
 .UNSPECIFIED.,.F.,.F.,(4,1,4),(0.,0.0272516883020152,0.051829994055132),
 .UNSPECIFIED.);
#260=B_SPLINE_CURVE_WITH_KNOTS('',3,(#10171,#10172,#10173,#10174,#10175),
 .UNSPECIFIED.,.F.,.F.,(4,1,4),(0.,0.0272516883020152,0.051829994055132),
 .UNSPECIFIED.);
#261=B_SPLINE_CURVE_WITH_KNOTS('',3,(#10187,#10188,#10189,#10190,#10191),
 .UNSPECIFIED.,.F.,.F.,(4,1,4),(0.,0.0275099427922024,0.0510032740609929),
 .UNSPECIFIED.);
#262=B_SPLINE_CURVE_WITH_KNOTS('',3,(#10194,#10195,#10196,#10197,#10198),
 .UNSPECIFIED.,.F.,.F.,(4,1,4),(0.,0.0275099427922024,0.0510032740609929),
 .UNSPECIFIED.);
#263=B_SPLINE_CURVE_WITH_KNOTS('',3,(#10210,#10211,#10212,#10213,#10214),
 .UNSPECIFIED.,.F.,.F.,(4,1,4),(0.,0.0129322411545977,0.0372431678015739),
 .UNSPECIFIED.);
#264=B_SPLINE_CURVE_WITH_KNOTS('',3,(#10217,#10218,#10219,#10220,#10221),
 .UNSPECIFIED.,.F.,.F.,(4,1,4),(0.,0.0129322411545977,0.0372431678015739),
 .UNSPECIFIED.);
#265=B_SPLINE_CURVE_WITH_KNOTS('',3,(#10233,#10234,#10235,#10236,#10237),
 .UNSPECIFIED.,.F.,.F.,(4,1,4),(0.,0.0211997555990519,0.0406533980341396),
 .UNSPECIFIED.);
#266=B_SPLINE_CURVE_WITH_KNOTS('',3,(#10240,#10241,#10242,#10243,#10244),
 .UNSPECIFIED.,.F.,.F.,(4,1,4),(0.,0.0211997555990519,0.0406533980341396),
 .UNSPECIFIED.);
#267=B_SPLINE_CURVE_WITH_KNOTS('',3,(#10256,#10257,#10258,#10259,#10260),
 .UNSPECIFIED.,.F.,.F.,(4,1,4),(0.,0.0230438339457005,0.0455882020512661),
 .UNSPECIFIED.);
#268=B_SPLINE_CURVE_WITH_KNOTS('',3,(#10263,#10264,#10265,#10266,#10267),
 .UNSPECIFIED.,.F.,.F.,(4,1,4),(0.,0.0230438339457005,0.0455882020512661),
 .UNSPECIFIED.);
#269=B_SPLINE_CURVE_WITH_KNOTS('',3,(#10279,#10280,#10281,#10282,#10283),
 .UNSPECIFIED.,.F.,.F.,(4,1,4),(0.,0.0389246243247098,0.0721340183014538),
 .UNSPECIFIED.);
#270=B_SPLINE_CURVE_WITH_KNOTS('',3,(#10286,#10287,#10288,#10289,#10290),
 .UNSPECIFIED.,.F.,.F.,(4,1,4),(0.,0.0389246243247098,0.0721340183014538),
 .UNSPECIFIED.);
#271=B_SPLINE_CURVE_WITH_KNOTS('',3,(#10302,#10303,#10304,#10305,#10306),
 .UNSPECIFIED.,.F.,.F.,(4,1,4),(0.,0.0422637642957747,0.0859708181723637),
 .UNSPECIFIED.);
#272=B_SPLINE_CURVE_WITH_KNOTS('',3,(#10309,#10310,#10311,#10312,#10313),
 .UNSPECIFIED.,.F.,.F.,(4,1,4),(0.,0.0422637642957747,0.0859708181723637),
 .UNSPECIFIED.);
#273=B_SPLINE_CURVE_WITH_KNOTS('',3,(#10325,#10326,#10327,#10328,#10329),
 .UNSPECIFIED.,.F.,.F.,(4,1,4),(0.,0.033917511969334,0.0726256494326319),
 .UNSPECIFIED.);
#274=B_SPLINE_CURVE_WITH_KNOTS('',3,(#10332,#10333,#10334,#10335,#10336),
 .UNSPECIFIED.,.F.,.F.,(4,1,4),(0.,0.033917511969334,0.0726256494326319),
 .UNSPECIFIED.);
#275=B_SPLINE_CURVE_WITH_KNOTS('',3,(#10348,#10349,#10350,#10351,#10352),
 .UNSPECIFIED.,.F.,.F.,(4,1,4),(0.,0.0439421070975673,0.0802489782917605),
 .UNSPECIFIED.);
#276=B_SPLINE_CURVE_WITH_KNOTS('',3,(#10355,#10356,#10357,#10358,#10359),
 .UNSPECIFIED.,.F.,.F.,(4,1,4),(0.,0.0439421070975673,0.0802489782917605),
 .UNSPECIFIED.);
#277=B_SPLINE_CURVE_WITH_KNOTS('',3,(#10371,#10372,#10373,#10374,#10375),
 .UNSPECIFIED.,.F.,.F.,(4,1,4),(0.,0.0287455827156744,0.0655488555859724),
 .UNSPECIFIED.);
#278=B_SPLINE_CURVE_WITH_KNOTS('',3,(#10378,#10379,#10380,#10381,#10382),
 .UNSPECIFIED.,.F.,.F.,(4,1,4),(0.,0.0287455827156744,0.0655488555859724),
 .UNSPECIFIED.);
#279=B_SPLINE_CURVE_WITH_KNOTS('',3,(#10394,#10395,#10396,#10397,#10398),
 .UNSPECIFIED.,.F.,.F.,(4,1,4),(0.,0.0294257466805542,0.0546534482050822),
 .UNSPECIFIED.);
#280=B_SPLINE_CURVE_WITH_KNOTS('',3,(#10401,#10402,#10403,#10404,#10405),
 .UNSPECIFIED.,.F.,.F.,(4,1,4),(0.,0.0294257466805542,0.0546534482050822),
 .UNSPECIFIED.);
#281=B_SPLINE_CURVE_WITH_KNOTS('',3,(#10417,#10418,#10419,#10420,#10421),
 .UNSPECIFIED.,.F.,.F.,(4,1,4),(0.,0.0702255294568293,0.124568462813577),
 .UNSPECIFIED.);
#282=B_SPLINE_CURVE_WITH_KNOTS('',3,(#10424,#10425,#10426,#10427,#10428),
 .UNSPECIFIED.,.F.,.F.,(4,1,4),(0.,0.0702255294568293,0.124568462813577),
 .UNSPECIFIED.);
#283=B_SPLINE_CURVE_WITH_KNOTS('',3,(#10446,#10447,#10448,#10449,#10450),
 .UNSPECIFIED.,.F.,.F.,(4,1,4),(0.,0.0293359708107919,0.0652647968030732),
 .UNSPECIFIED.);
#284=B_SPLINE_CURVE_WITH_KNOTS('',3,(#10453,#10454,#10455,#10456,#10457),
 .UNSPECIFIED.,.F.,.F.,(4,1,4),(0.,0.0293359708107919,0.0652647968030732),
 .UNSPECIFIED.);
#285=B_SPLINE_CURVE_WITH_KNOTS('',3,(#10469,#10470,#10471,#10472,#10473),
 .UNSPECIFIED.,.F.,.F.,(4,1,4),(0.,0.0270939215060288,0.0535641531751274),
 .UNSPECIFIED.);
#286=B_SPLINE_CURVE_WITH_KNOTS('',3,(#10476,#10477,#10478,#10479,#10480),
 .UNSPECIFIED.,.F.,.F.,(4,1,4),(0.,0.0270939215060288,0.0535641531751274),
 .UNSPECIFIED.);
#287=B_SPLINE_CURVE_WITH_KNOTS('',3,(#10492,#10493,#10494,#10495,#10496),
 .UNSPECIFIED.,.F.,.F.,(4,1,4),(0.,0.026658206005998,0.0542150499255874),
 .UNSPECIFIED.);
#288=B_SPLINE_CURVE_WITH_KNOTS('',3,(#10499,#10500,#10501,#10502,#10503),
 .UNSPECIFIED.,.F.,.F.,(4,1,4),(0.,0.026658206005998,0.0542150499255874),
 .UNSPECIFIED.);
#289=B_SPLINE_CURVE_WITH_KNOTS('',3,(#10515,#10516,#10517,#10518,#10519),
 .UNSPECIFIED.,.F.,.F.,(4,1,4),(0.,0.0363128482054754,0.0659369404718325),
 .UNSPECIFIED.);
#290=B_SPLINE_CURVE_WITH_KNOTS('',3,(#10522,#10523,#10524,#10525,#10526),
 .UNSPECIFIED.,.F.,.F.,(4,1,4),(0.,0.0363128482054754,0.0659369404718325),
 .UNSPECIFIED.);
#291=B_SPLINE_CURVE_WITH_KNOTS('',3,(#10543,#10544,#10545,#10546,#10547),
 .UNSPECIFIED.,.F.,.F.,(4,1,4),(0.,0.0468455163364231,0.103005265541142),
 .UNSPECIFIED.);
#292=B_SPLINE_CURVE_WITH_KNOTS('',3,(#10548,#10549,#10550,#10551,#10552),
 .UNSPECIFIED.,.F.,.F.,(4,1,4),(0.,0.0468455163364231,0.103005265541142),
 .UNSPECIFIED.);
#293=B_SPLINE_CURVE_WITH_KNOTS('',3,(#10566,#10567,#10568,#10569,#10570),
 .UNSPECIFIED.,.F.,.F.,(4,1,4),(0.,0.056227071684924,0.110911533855504),
 .UNSPECIFIED.);
#294=B_SPLINE_CURVE_WITH_KNOTS('',3,(#10574,#10575,#10576,#10577,#10578),
 .UNSPECIFIED.,.F.,.F.,(4,1,4),(0.,0.056227071684924,0.110911533855504),
 .UNSPECIFIED.);
#295=B_SPLINE_CURVE_WITH_KNOTS('',3,(#10591,#10592,#10593,#10594,#10595),
 .UNSPECIFIED.,.F.,.F.,(4,1,4),(0.,0.0362913864180098,0.0746151285761074),
 .UNSPECIFIED.);
#296=B_SPLINE_CURVE_WITH_KNOTS('',3,(#10598,#10599,#10600,#10601,#10602),
 .UNSPECIFIED.,.F.,.F.,(4,1,4),(0.,0.0362913864180098,0.0746151285761074),
 .UNSPECIFIED.);
#297=B_SPLINE_CURVE_WITH_KNOTS('',3,(#10614,#10615,#10616,#10617,#10618),
 .UNSPECIFIED.,.F.,.F.,(4,1,4),(0.,0.0401476799374676,0.0770556471575548),
 .UNSPECIFIED.);
#298=B_SPLINE_CURVE_WITH_KNOTS('',3,(#10621,#10622,#10623,#10624,#10625),
 .UNSPECIFIED.,.F.,.F.,(4,1,4),(0.,0.0401476799374676,0.0770556471575548),
 .UNSPECIFIED.);
#299=B_SPLINE_CURVE_WITH_KNOTS('',3,(#10637,#10638,#10639,#10640,#10641),
 .UNSPECIFIED.,.F.,.F.,(4,1,4),(0.,0.0497536342181968,0.0942830002173443),
 .UNSPECIFIED.);
#300=B_SPLINE_CURVE_WITH_KNOTS('',3,(#10644,#10645,#10646,#10647,#10648),
 .UNSPECIFIED.,.F.,.F.,(4,1,4),(0.,0.0497536342181968,0.0942830002173443),
 .UNSPECIFIED.);
#301=B_SPLINE_CURVE_WITH_KNOTS('',3,(#10660,#10661,#10662,#10663,#10664),
 .UNSPECIFIED.,.F.,.F.,(4,1,4),(0.,0.045105605798532,0.095362403983078),
 .UNSPECIFIED.);
#302=B_SPLINE_CURVE_WITH_KNOTS('',3,(#10667,#10668,#10669,#10670,#10671),
 .UNSPECIFIED.,.F.,.F.,(4,1,4),(0.,0.045105605798532,0.095362403983078),
 .UNSPECIFIED.);
#303=B_SPLINE_CURVE_WITH_KNOTS('',3,(#10683,#10684,#10685,#10686,#10687),
 .UNSPECIFIED.,.F.,.F.,(4,1,4),(0.,0.0367462228403926,0.0770624193749852),
 .UNSPECIFIED.);
#304=B_SPLINE_CURVE_WITH_KNOTS('',3,(#10690,#10691,#10692,#10693,#10694),
 .UNSPECIFIED.,.F.,.F.,(4,1,4),(0.,0.0367462228403926,0.0770624193749852),
 .UNSPECIFIED.);
#305=B_SPLINE_CURVE_WITH_KNOTS('',3,(#10706,#10707,#10708,#10709,#10710),
 .UNSPECIFIED.,.F.,.F.,(4,1,4),(0.,0.0375885292130017,0.0736568380724359),
 .UNSPECIFIED.);
#306=B_SPLINE_CURVE_WITH_KNOTS('',3,(#10713,#10714,#10715,#10716,#10717),
 .UNSPECIFIED.,.F.,.F.,(4,1,4),(0.,0.0375885292130017,0.0736568380724359),
 .UNSPECIFIED.);
#307=B_SPLINE_CURVE_WITH_KNOTS('',3,(#10729,#10730,#10731,#10732,#10733),
 .UNSPECIFIED.,.F.,.F.,(4,1,4),(0.,0.0546845373936868,0.110911609078611),
 .UNSPECIFIED.);
#308=B_SPLINE_CURVE_WITH_KNOTS('',3,(#10736,#10737,#10738,#10739,#10740),
 .UNSPECIFIED.,.F.,.F.,(4,1,4),(0.,0.0546845373936868,0.110911609078611),
 .UNSPECIFIED.);
#309=B_SPLINE_CURVE_WITH_KNOTS('',3,(#10752,#10753,#10754,#10755,#10756),
 .UNSPECIFIED.,.F.,.F.,(4,1,4),(0.,0.0740342085146541,0.135651481948613),
 .UNSPECIFIED.);
#310=B_SPLINE_CURVE_WITH_KNOTS('',3,(#10759,#10760,#10761,#10762,#10763),
 .UNSPECIFIED.,.F.,.F.,(4,1,4),(0.,0.0740342085146541,0.135651481948613),
 .UNSPECIFIED.);
#311=B_SPLINE_CURVE_WITH_KNOTS('',3,(#10774,#10775,#10776,#10777,#10778),
 .UNSPECIFIED.,.F.,.F.,(4,1,4),(0.,0.061728073069612,0.135148725994008),
 .UNSPECIFIED.);
#312=B_SPLINE_CURVE_WITH_KNOTS('',3,(#10779,#10780,#10781,#10782,#10783),
 .UNSPECIFIED.,.F.,.F.,(4,1,4),(0.,0.061728073069612,0.135148725994008),
 .UNSPECIFIED.);
#313=B_SPLINE_CURVE_WITH_KNOTS('',3,(#10796,#10797,#10798,#10799,#10800),
 .UNSPECIFIED.,.F.,.F.,(4,1,4),(0.,0.0508422783833375,0.103007059427387),
 .UNSPECIFIED.);
#314=B_SPLINE_CURVE_WITH_KNOTS('',3,(#10804,#10805,#10806,#10807,#10808),
 .UNSPECIFIED.,.F.,.F.,(4,1,4),(0.,0.0508422783833375,0.103007059427387),
 .UNSPECIFIED.);
#315=B_SPLINE_CURVE_WITH_KNOTS('',3,(#10821,#10822,#10823,#10824,#10825),
 .UNSPECIFIED.,.F.,.F.,(4,1,4),(0.,0.0522190340682015,0.10308381854048),
 .UNSPECIFIED.);
#316=B_SPLINE_CURVE_WITH_KNOTS('',3,(#10828,#10829,#10830,#10831,#10832),
 .UNSPECIFIED.,.F.,.F.,(4,1,4),(0.,0.0522190340682015,0.10308381854048),
 .UNSPECIFIED.);
#317=B_SPLINE_CURVE_WITH_KNOTS('',3,(#10844,#10845,#10846,#10847,#10848),
 .UNSPECIFIED.,.F.,.F.,(4,1,4),(0.,0.0587100565151909,0.113567533881858),
 .UNSPECIFIED.);
#318=B_SPLINE_CURVE_WITH_KNOTS('',3,(#10851,#10852,#10853,#10854,#10855),
 .UNSPECIFIED.,.F.,.F.,(4,1,4),(0.,0.0587100565151909,0.113567533881858),
 .UNSPECIFIED.);
#319=B_SPLINE_CURVE_WITH_KNOTS('',3,(#10867,#10868,#10869,#10870,#10871),
 .UNSPECIFIED.,.F.,.F.,(4,1,4),(0.,0.0546194988305921,0.112589794254861),
 .UNSPECIFIED.);
#320=B_SPLINE_CURVE_WITH_KNOTS('',3,(#10874,#10875,#10876,#10877,#10878),
 .UNSPECIFIED.,.F.,.F.,(4,1,4),(0.,0.0546194988305921,0.112589794254861),
 .UNSPECIFIED.);
#321=B_SPLINE_CURVE_WITH_KNOTS('',3,(#10890,#10891,#10892,#10893,#10894),
 .UNSPECIFIED.,.F.,.F.,(4,1,4),(0.,0.050263724283642,0.102147132705172),
 .UNSPECIFIED.);
#322=B_SPLINE_CURVE_WITH_KNOTS('',3,(#10897,#10898,#10899,#10900,#10901),
 .UNSPECIFIED.,.F.,.F.,(4,1,4),(0.,0.050263724283642,0.102147132705172),
 .UNSPECIFIED.);
#323=B_SPLINE_CURVE_WITH_KNOTS('',3,(#10913,#10914,#10915,#10916,#10917),
 .UNSPECIFIED.,.F.,.F.,(4,1,4),(0.,0.052494941316817,0.102990257610067),
 .UNSPECIFIED.);
#324=B_SPLINE_CURVE_WITH_KNOTS('',3,(#10920,#10921,#10922,#10923,#10924),
 .UNSPECIFIED.,.F.,.F.,(4,1,4),(0.,0.052494941316817,0.102990257610067),
 .UNSPECIFIED.);
#325=B_SPLINE_CURVE_WITH_KNOTS('',3,(#10936,#10937,#10938,#10939,#10940),
 .UNSPECIFIED.,.F.,.F.,(4,1,4),(0.,0.0589360060511694,0.114314737324929),
 .UNSPECIFIED.);
#326=B_SPLINE_CURVE_WITH_KNOTS('',3,(#10943,#10944,#10945,#10946,#10947),
 .UNSPECIFIED.,.F.,.F.,(4,1,4),(0.,0.0589360060511694,0.114314737324929),
 .UNSPECIFIED.);
#327=B_SPLINE_CURVE_WITH_KNOTS('',3,(#10959,#10960,#10961,#10962,#10963),
 .UNSPECIFIED.,.F.,.F.,(4,1,4),(0.,0.0548063000853451,0.113239533885127),
 .UNSPECIFIED.);
#328=B_SPLINE_CURVE_WITH_KNOTS('',3,(#10966,#10967,#10968,#10969,#10970),
 .UNSPECIFIED.,.F.,.F.,(4,1,4),(0.,0.0548063000853451,0.113239533885127),
 .UNSPECIFIED.);
#329=B_SPLINE_CURVE_WITH_KNOTS('',3,(#10982,#10983,#10984,#10985,#10986),
 .UNSPECIFIED.,.F.,.F.,(4,1,4),(0.,0.0511135719672303,0.103218167431783),
 .UNSPECIFIED.);
#330=B_SPLINE_CURVE_WITH_KNOTS('',3,(#10989,#10990,#10991,#10992,#10993),
 .UNSPECIFIED.,.F.,.F.,(4,1,4),(0.,0.0511135719672303,0.103218167431783),
 .UNSPECIFIED.);
#331=B_SPLINE_CURVE_WITH_KNOTS('',3,(#11005,#11006,#11007,#11008,#11009),
 .UNSPECIFIED.,.F.,.F.,(4,1,4),(0.,0.051670640123605,0.102630756555457),
 .UNSPECIFIED.);
#332=B_SPLINE_CURVE_WITH_KNOTS('',3,(#11012,#11013,#11014,#11015,#11016),
 .UNSPECIFIED.,.F.,.F.,(4,1,4),(0.,0.051670640123605,0.102630756555457),
 .UNSPECIFIED.);
#333=B_SPLINE_CURVE_WITH_KNOTS('',3,(#11028,#11029,#11030,#11031,#11032),
 .UNSPECIFIED.,.F.,.F.,(4,1,4),(0.,0.0584632193441206,0.112606813490494),
 .UNSPECIFIED.);
#334=B_SPLINE_CURVE_WITH_KNOTS('',3,(#11035,#11036,#11037,#11038,#11039),
 .UNSPECIFIED.,.F.,.F.,(4,1,4),(0.,0.0584632193441206,0.112606813490494),
 .UNSPECIFIED.);
#335=B_SPLINE_CURVE_WITH_KNOTS('',3,(#11051,#11052,#11053,#11054,#11055),
 .UNSPECIFIED.,.F.,.F.,(4,1,4),(0.,0.054519632283444,0.113466041246006),
 .UNSPECIFIED.);
#336=B_SPLINE_CURVE_WITH_KNOTS('',3,(#11058,#11059,#11060,#11061,#11062),
 .UNSPECIFIED.,.F.,.F.,(4,1,4),(0.,0.054519632283444,0.113466041246006),
 .UNSPECIFIED.);
#337=B_SPLINE_CURVE_WITH_KNOTS('',3,(#11074,#11075,#11076,#11077,#11078),
 .UNSPECIFIED.,.F.,.F.,(4,1,4),(0.,0.0507694664772527,0.102659255566294),
 .UNSPECIFIED.);
#338=B_SPLINE_CURVE_WITH_KNOTS('',3,(#11081,#11082,#11083,#11084,#11085),
 .UNSPECIFIED.,.F.,.F.,(4,1,4),(0.,0.0507694664772527,0.102659255566294),
 .UNSPECIFIED.);
#339=B_SPLINE_CURVE_WITH_KNOTS('',3,(#11097,#11098,#11099,#11100,#11101),
 .UNSPECIFIED.,.F.,.F.,(4,1,4),(0.,0.0526602164583547,0.103676182996149),
 .UNSPECIFIED.);
#340=B_SPLINE_CURVE_WITH_KNOTS('',3,(#11104,#11105,#11106,#11107,#11108),
 .UNSPECIFIED.,.F.,.F.,(4,1,4),(0.,0.0526602164583547,0.103676182996149),
 .UNSPECIFIED.);
#341=B_SPLINE_CURVE_WITH_KNOTS('',3,(#11120,#11121,#11122,#11123,#11124),
 .UNSPECIFIED.,.F.,.F.,(4,1,4),(0.,0.0581963811142914,0.113335937305482),
 .UNSPECIFIED.);
#342=B_SPLINE_CURVE_WITH_KNOTS('',3,(#11127,#11128,#11129,#11130,#11131),
 .UNSPECIFIED.,.F.,.F.,(4,1,4),(0.,0.0581963811142914,0.113335937305482),
 .UNSPECIFIED.);
#343=B_SPLINE_CURVE_WITH_KNOTS('',3,(#11142,#11143,#11144,#11145,#11146),
 .UNSPECIFIED.,.F.,.F.,(4,1,4),(0.,0.0549004603507266,0.11334331758829),
 .UNSPECIFIED.);
#344=B_SPLINE_CURVE_WITH_KNOTS('',3,(#11147,#11148,#11149,#11150,#11151),
 .UNSPECIFIED.,.F.,.F.,(4,1,4),(0.,0.0549004603507266,0.11334331758829),
 .UNSPECIFIED.);
#345=B_SPLINE_CURVE_WITH_KNOTS('',3,(#11165,#11166,#11167,#11168,#11169),
 .UNSPECIFIED.,.F.,.F.,(4,1,4),(0.,0.0371809499971212,0.0779732421213703),
 .UNSPECIFIED.);
#346=B_SPLINE_CURVE_WITH_KNOTS('',3,(#11173,#11174,#11175,#11176,#11177),
 .UNSPECIFIED.,.F.,.F.,(4,1,4),(0.,0.0371809499971212,0.0779732421213703),
 .UNSPECIFIED.);
#347=B_SPLINE_CURVE_WITH_KNOTS('',3,(#11190,#11191,#11192,#11193,#11194),
 .UNSPECIFIED.,.F.,.F.,(4,1,4),(0.,0.0368712409087605,0.0728797847102929),
 .UNSPECIFIED.);
#348=B_SPLINE_CURVE_WITH_KNOTS('',3,(#11197,#11198,#11199,#11200,#11201),
 .UNSPECIFIED.,.F.,.F.,(4,1,4),(0.,0.0368712409087605,0.0728797847102929),
 .UNSPECIFIED.);
#349=B_SPLINE_CURVE_WITH_KNOTS('',3,(#11213,#11214,#11215,#11216,#11217),
 .UNSPECIFIED.,.F.,.F.,(4,1,4),(0.,0.0344647107997524,0.0701126529760828),
 .UNSPECIFIED.);
#350=B_SPLINE_CURVE_WITH_KNOTS('',3,(#11220,#11221,#11222,#11223,#11224),
 .UNSPECIFIED.,.F.,.F.,(4,1,4),(0.,0.0344647107997524,0.0701126529760828),
 .UNSPECIFIED.);
#351=B_SPLINE_CURVE_WITH_KNOTS('',3,(#11236,#11237,#11238,#11239,#11240),
 .UNSPECIFIED.,.F.,.F.,(4,1,4),(0.,0.0388514248810754,0.0743587215112019),
 .UNSPECIFIED.);
#352=B_SPLINE_CURVE_WITH_KNOTS('',3,(#11243,#11244,#11245,#11246,#11247),
 .UNSPECIFIED.,.F.,.F.,(4,1,4),(0.,0.0388514248810754,0.0743587215112019),
 .UNSPECIFIED.);
#353=B_SPLINE_CURVE_WITH_KNOTS('',3,(#11259,#11260,#11261,#11262,#11263),
 .UNSPECIFIED.,.F.,.F.,(4,1,4),(0.,0.0498673155003363,0.0937021199124461),
 .UNSPECIFIED.);
#354=B_SPLINE_CURVE_WITH_KNOTS('',3,(#11266,#11267,#11268,#11269,#11270),
 .UNSPECIFIED.,.F.,.F.,(4,1,4),(0.,0.0498673155003363,0.0937021199124461),
 .UNSPECIFIED.);
#355=B_SPLINE_CURVE_WITH_KNOTS('',3,(#11282,#11283,#11284,#11285,#11286),
 .UNSPECIFIED.,.F.,.F.,(4,1,4),(0.,0.0607918918847601,0.134473456997436),
 .UNSPECIFIED.);
#356=B_SPLINE_CURVE_WITH_KNOTS('',3,(#11289,#11290,#11291,#11292,#11293),
 .UNSPECIFIED.,.F.,.F.,(4,1,4),(0.,0.0607918918847601,0.134473456997436),
 .UNSPECIFIED.);
#357=B_SPLINE_CURVE_WITH_KNOTS('',3,(#11305,#11306,#11307,#11308,#11309),
 .UNSPECIFIED.,.F.,.F.,(4,1,4),(0.,0.0486318718472773,0.100653288666071),
 .UNSPECIFIED.);
#358=B_SPLINE_CURVE_WITH_KNOTS('',3,(#11312,#11313,#11314,#11315,#11316),
 .UNSPECIFIED.,.F.,.F.,(4,1,4),(0.,0.0486318718472773,0.100653288666071),
 .UNSPECIFIED.);
#359=B_SPLINE_CURVE_WITH_KNOTS('',3,(#11328,#11329,#11330,#11331,#11332),
 .UNSPECIFIED.,.F.,.F.,(4,1,4),(0.,0.0536036158548539,0.108833964947437),
 .UNSPECIFIED.);
#360=B_SPLINE_CURVE_WITH_KNOTS('',3,(#11335,#11336,#11337,#11338,#11339),
 .UNSPECIFIED.,.F.,.F.,(4,1,4),(0.,0.0536036158548539,0.108833964947437),
 .UNSPECIFIED.);
#361=B_SPLINE_CURVE_WITH_KNOTS('',3,(#11351,#11352,#11353,#11354,#11355),
 .UNSPECIFIED.,.F.,.F.,(4,1,4),(0.,0.0719483996593589,0.131471230243701),
 .UNSPECIFIED.);
#362=B_SPLINE_CURVE_WITH_KNOTS('',3,(#11358,#11359,#11360,#11361,#11362),
 .UNSPECIFIED.,.F.,.F.,(4,1,4),(0.,0.0719483996593589,0.131471230243701),
 .UNSPECIFIED.);
#363=B_SPLINE_CURVE_WITH_KNOTS('',3,(#11373,#11374,#11375,#11376,#11377),
 .UNSPECIFIED.,.F.,.F.,(4,1,4),(0.,0.0453127037572167,0.0965759200956181),
 .UNSPECIFIED.);
#364=B_SPLINE_CURVE_WITH_KNOTS('',3,(#11378,#11379,#11380,#11381,#11382),
 .UNSPECIFIED.,.F.,.F.,(4,1,4),(0.,0.0453127037572167,0.0965759200956181),
 .UNSPECIFIED.);
#365=B_SPLINE_CURVE_WITH_KNOTS('',3,(#11395,#11396,#11397,#11398,#11399),
 .UNSPECIFIED.,.F.,.F.,(4,1,4),(0.,0.0280432619686653,0.0534967586597846),
 .UNSPECIFIED.);
#366=B_SPLINE_CURVE_WITH_KNOTS('',3,(#11403,#11404,#11405,#11406,#11407),
 .UNSPECIFIED.,.F.,.F.,(4,1,4),(0.,0.0280432619686653,0.0534967586597846),
 .UNSPECIFIED.);
#367=B_SPLINE_CURVE_WITH_KNOTS('',3,(#11420,#11421,#11422,#11423,#11424),
 .UNSPECIFIED.,.F.,.F.,(4,1,4),(0.,0.0256126421834267,0.0526094677254269),
 .UNSPECIFIED.);
#368=B_SPLINE_CURVE_WITH_KNOTS('',3,(#11427,#11428,#11429,#11430,#11431),
 .UNSPECIFIED.,.F.,.F.,(4,1,4),(0.,0.0256126421834267,0.0526094677254269),
 .UNSPECIFIED.);
#369=B_SPLINE_CURVE_WITH_KNOTS('',3,(#11443,#11444,#11445,#11446,#11447),
 .UNSPECIFIED.,.F.,.F.,(4,1,4),(0.,0.0362217593763855,0.0648243196296668),
 .UNSPECIFIED.);
#370=B_SPLINE_CURVE_WITH_KNOTS('',3,(#11450,#11451,#11452,#11453,#11454),
 .UNSPECIFIED.,.F.,.F.,(4,1,4),(0.,0.0362217593763855,0.0648243196296668),
 .UNSPECIFIED.);
#371=B_SPLINE_CURVE_WITH_KNOTS('',3,(#11472,#11473,#11474,#11475,#11476),
 .UNSPECIFIED.,.F.,.F.,(4,1,4),(0.,0.0274373084908353,0.061217559997901),
 .UNSPECIFIED.);
#372=B_SPLINE_CURVE_WITH_KNOTS('',3,(#11479,#11480,#11481,#11482,#11483),
 .UNSPECIFIED.,.F.,.F.,(4,1,4),(0.,0.0274373084908353,0.061217559997901),
 .UNSPECIFIED.);
#373=B_SPLINE_CURVE_WITH_KNOTS('',3,(#11495,#11496,#11497,#11498,#11499),
 .UNSPECIFIED.,.F.,.F.,(4,1,4),(0.,0.0262955373343138,0.0511111659103774),
 .UNSPECIFIED.);
#374=B_SPLINE_CURVE_WITH_KNOTS('',3,(#11502,#11503,#11504,#11505,#11506),
 .UNSPECIFIED.,.F.,.F.,(4,1,4),(0.,0.0262955373343138,0.0511111659103774),
 .UNSPECIFIED.);
#375=B_SPLINE_CURVE_WITH_KNOTS('',3,(#11518,#11519,#11520,#11521,#11522),
 .UNSPECIFIED.,.F.,.F.,(4,1,4),(0.,0.0253208154125928,0.0514947230118716),
 .UNSPECIFIED.);
#376=B_SPLINE_CURVE_WITH_KNOTS('',3,(#11525,#11526,#11527,#11528,#11529),
 .UNSPECIFIED.,.F.,.F.,(4,1,4),(0.,0.0253208154125928,0.0514947230118716),
 .UNSPECIFIED.);
#377=B_SPLINE_CURVE_WITH_KNOTS('',3,(#11541,#11542,#11543,#11544,#11545),
 .UNSPECIFIED.,.F.,.F.,(4,1,4),(0.,0.0338284365862041,0.0617950503008765),
 .UNSPECIFIED.);
#378=B_SPLINE_CURVE_WITH_KNOTS('',3,(#11548,#11549,#11550,#11551,#11552),
 .UNSPECIFIED.,.F.,.F.,(4,1,4),(0.,0.0338284365862041,0.0617950503008765),
 .UNSPECIFIED.);
#379=B_SPLINE_CURVE_WITH_KNOTS('',3,(#11570,#11571,#11572,#11573,#11574),
 .UNSPECIFIED.,.F.,.F.,(4,1,4),(0.,0.0223913072887272,0.0525267879703908),
 .UNSPECIFIED.);
#380=B_SPLINE_CURVE_WITH_KNOTS('',3,(#11577,#11578,#11579,#11580,#11581),
 .UNSPECIFIED.,.F.,.F.,(4,1,4),(0.,0.0223913072887272,0.0525267879703908),
 .UNSPECIFIED.);
#381=B_SPLINE_CURVE_WITH_KNOTS('',3,(#11593,#11594,#11595,#11596,#11597),
 .UNSPECIFIED.,.F.,.F.,(4,1,4),(0.,0.0218553633770905,0.0416976224963926),
 .UNSPECIFIED.);
#382=B_SPLINE_CURVE_WITH_KNOTS('',3,(#11600,#11601,#11602,#11603,#11604),
 .UNSPECIFIED.,.F.,.F.,(4,1,4),(0.,0.0218553633770905,0.0416976224963926),
 .UNSPECIFIED.);
#383=B_SPLINE_CURVE_WITH_KNOTS('',3,(#11616,#11617,#11618,#11619,#11620),
 .UNSPECIFIED.,.F.,.F.,(4,1,4),(0.,0.0266350505300598,0.0504746807535095),
 .UNSPECIFIED.);
#384=B_SPLINE_CURVE_WITH_KNOTS('',3,(#11623,#11624,#11625,#11626,#11627),
 .UNSPECIFIED.,.F.,.F.,(4,1,4),(0.,0.0266350505300598,0.0504746807535095),
 .UNSPECIFIED.);
#385=B_SPLINE_CURVE_WITH_KNOTS('',3,(#11639,#11640,#11641,#11642,#11643),
 .UNSPECIFIED.,.F.,.F.,(4,1,4),(0.,0.0303585509463546,0.0594657887877585),
 .UNSPECIFIED.);
#386=B_SPLINE_CURVE_WITH_KNOTS('',3,(#11646,#11647,#11648,#11649,#11650),
 .UNSPECIFIED.,.F.,.F.,(4,1,4),(0.,0.0303585509463546,0.0594657887877585),
 .UNSPECIFIED.);
#387=B_SPLINE_CURVE_WITH_KNOTS('',3,(#11662,#11663,#11664,#11665,#11666),
 .UNSPECIFIED.,.F.,.F.,(4,1,4),(0.,0.0468181629781456,0.0958116683427862),
 .UNSPECIFIED.);
#388=B_SPLINE_CURVE_WITH_KNOTS('',3,(#11669,#11670,#11671,#11672,#11673),
 .UNSPECIFIED.,.F.,.F.,(4,1,4),(0.,0.0468181629781456,0.0958116683427862),
 .UNSPECIFIED.);
#389=B_SPLINE_CURVE_WITH_KNOTS('',3,(#11685,#11686,#11687,#11688,#11689),
 .UNSPECIFIED.,.F.,.F.,(4,1,4),(0.,0.0468774510176234,0.0934721222533369),
 .UNSPECIFIED.);
#390=B_SPLINE_CURVE_WITH_KNOTS('',3,(#11692,#11693,#11694,#11695,#11696),
 .UNSPECIFIED.,.F.,.F.,(4,1,4),(0.,0.0468774510176234,0.0934721222533369),
 .UNSPECIFIED.);
#391=B_SPLINE_CURVE_WITH_KNOTS('',3,(#11708,#11709,#11710,#11711,#11712),
 .UNSPECIFIED.,.F.,.F.,(4,1,4),(0.,0.0512393179384665,0.0997880806020149),
 .UNSPECIFIED.);
#392=B_SPLINE_CURVE_WITH_KNOTS('',3,(#11715,#11716,#11717,#11718,#11719),
 .UNSPECIFIED.,.F.,.F.,(4,1,4),(0.,0.0512393179384665,0.0997880806020149),
 .UNSPECIFIED.);
#393=B_SPLINE_CURVE_WITH_KNOTS('',3,(#11731,#11732,#11733,#11734,#11735),
 .UNSPECIFIED.,.F.,.F.,(4,1,4),(0.,0.0590048669969515,0.114221382258579),
 .UNSPECIFIED.);
#394=B_SPLINE_CURVE_WITH_KNOTS('',3,(#11738,#11739,#11740,#11741,#11742),
 .UNSPECIFIED.,.F.,.F.,(4,1,4),(0.,0.0590048669969515,0.114221382258579),
 .UNSPECIFIED.);
#395=B_SPLINE_CURVE_WITH_KNOTS('',3,(#11754,#11755,#11756,#11757,#11758),
 .UNSPECIFIED.,.F.,.F.,(4,1,4),(0.,0.0693491748793834,0.147093638005704),
 .UNSPECIFIED.);
#396=B_SPLINE_CURVE_WITH_KNOTS('',3,(#11761,#11762,#11763,#11764,#11765),
 .UNSPECIFIED.,.F.,.F.,(4,1,4),(0.,0.0693491748793834,0.147093638005704),
 .UNSPECIFIED.);
#397=B_SPLINE_CURVE_WITH_KNOTS('',3,(#11777,#11778,#11779,#11780,#11781),
 .UNSPECIFIED.,.F.,.F.,(4,1,4),(0.,0.0596303497068059,0.122808075743969),
 .UNSPECIFIED.);
#398=B_SPLINE_CURVE_WITH_KNOTS('',3,(#11784,#11785,#11786,#11787,#11788),
 .UNSPECIFIED.,.F.,.F.,(4,1,4),(0.,0.0596303497068059,0.122808075743969),
 .UNSPECIFIED.);
#399=B_SPLINE_CURVE_WITH_KNOTS('',3,(#11800,#11801,#11802,#11803,#11804),
 .UNSPECIFIED.,.F.,.F.,(4,1,4),(0.,0.063587450900681,0.123338135424145),
 .UNSPECIFIED.);
#400=B_SPLINE_CURVE_WITH_KNOTS('',3,(#11807,#11808,#11809,#11810,#11811),
 .UNSPECIFIED.,.F.,.F.,(4,1,4),(0.,0.063587450900681,0.123338135424145),
 .UNSPECIFIED.);
#401=B_SPLINE_CURVE_WITH_KNOTS('',3,(#11823,#11824,#11825,#11826,#11827),
 .UNSPECIFIED.,.F.,.F.,(4,1,4),(0.,0.0470645013482222,0.101004642977846),
 .UNSPECIFIED.);
#402=B_SPLINE_CURVE_WITH_KNOTS('',3,(#11830,#11831,#11832,#11833,#11834),
 .UNSPECIFIED.,.F.,.F.,(4,1,4),(0.,0.0470645013482222,0.101004642977846),
 .UNSPECIFIED.);
#403=B_SPLINE_CURVE_WITH_KNOTS('',3,(#11846,#11847,#11848,#11849,#11850),
 .UNSPECIFIED.,.F.,.F.,(4,1,4),(0.,0.0519229537233486,0.0986811435873066),
 .UNSPECIFIED.);
#404=B_SPLINE_CURVE_WITH_KNOTS('',3,(#11853,#11854,#11855,#11856,#11857),
 .UNSPECIFIED.,.F.,.F.,(4,1,4),(0.,0.0519229537233486,0.0986811435873066),
 .UNSPECIFIED.);
#405=B_SPLINE_CURVE_WITH_KNOTS('',3,(#11874,#11875,#11876,#11877,#11878),
 .UNSPECIFIED.,.F.,.F.,(4,1,4),(0.,0.0272179372472605,0.0602620125718314),
 .UNSPECIFIED.);
#406=B_SPLINE_CURVE_WITH_KNOTS('',3,(#11879,#11880,#11881,#11882,#11883),
 .UNSPECIFIED.,.F.,.F.,(4,1,4),(0.,0.0272179372472605,0.0602620125718314),
 .UNSPECIFIED.);
#407=B_SPLINE_CURVE_WITH_KNOTS('',3,(#11897,#11898,#11899,#11900,#11901),
 .UNSPECIFIED.,.F.,.F.,(4,1,4),(0.,0.0468396881675013,0.0923449467381746),
 .UNSPECIFIED.);
#408=B_SPLINE_CURVE_WITH_KNOTS('',3,(#11905,#11906,#11907,#11908,#11909),
 .UNSPECIFIED.,.F.,.F.,(4,1,4),(0.,0.0468396881675013,0.0923449467381746),
 .UNSPECIFIED.);
#409=B_SPLINE_CURVE_WITH_KNOTS('',3,(#11922,#11923,#11924,#11925,#11926),
 .UNSPECIFIED.,.F.,.F.,(4,1,4),(0.,0.0454942987985662,0.0940137925875152),
 .UNSPECIFIED.);
#410=B_SPLINE_CURVE_WITH_KNOTS('',3,(#11929,#11930,#11931,#11932,#11933),
 .UNSPECIFIED.,.F.,.F.,(4,1,4),(0.,0.0454942987985662,0.0940137925875152),
 .UNSPECIFIED.);
#411=B_SPLINE_CURVE_WITH_KNOTS('',3,(#11945,#11946,#11947,#11948,#11949),
 .UNSPECIFIED.,.F.,.F.,(4,1,4),(0.,0.061634345888144,0.11167130361761),
 .UNSPECIFIED.);
#412=B_SPLINE_CURVE_WITH_KNOTS('',3,(#11952,#11953,#11954,#11955,#11956),
 .UNSPECIFIED.,.F.,.F.,(4,1,4),(0.,0.061634345888144,0.11167130361761),
 .UNSPECIFIED.);
#413=B_SPLINE_CURVE_WITH_KNOTS('',3,(#11973,#11974,#11975,#11976,#11977),
 .UNSPECIFIED.,.F.,.F.,(4,1,4),(0.,0.0502066958665351,0.111513500771493),
 .UNSPECIFIED.);
#414=B_SPLINE_CURVE_WITH_KNOTS('',3,(#11978,#11979,#11980,#11981,#11982),
 .UNSPECIFIED.,.F.,.F.,(4,1,4),(0.,0.0502066958665351,0.111513500771493),
 .UNSPECIFIED.);
#415=B_SPLINE_CURVE_WITH_KNOTS('',3,(#11995,#11996,#11997,#11998,#11999),
 .UNSPECIFIED.,.F.,.F.,(4,1,4),(0.,0.0426798742187446,0.075343071245261),
 .UNSPECIFIED.);
#416=B_SPLINE_CURVE_WITH_KNOTS('',3,(#12003,#12004,#12005,#12006,#12007),
 .UNSPECIFIED.,.F.,.F.,(4,1,4),(0.,0.0426798742187446,0.075343071245261),
 .UNSPECIFIED.);
#417=B_SPLINE_CURVE_WITH_KNOTS('',3,(#12020,#12021,#12022,#12023,#12024),
 .UNSPECIFIED.,.F.,.F.,(4,1,4),(0.,0.0574636448731453,0.112337897052525),
 .UNSPECIFIED.);
#418=B_SPLINE_CURVE_WITH_KNOTS('',3,(#12027,#12028,#12029,#12030,#12031),
 .UNSPECIFIED.,.F.,.F.,(4,1,4),(0.,0.0574636448731453,0.112337897052525),
 .UNSPECIFIED.);
#419=B_SPLINE_CURVE_WITH_KNOTS('',3,(#12043,#12044,#12045,#12046,#12047),
 .UNSPECIFIED.,.F.,.F.,(4,1,4),(0.,0.0626351719685351,0.122251406205297),
 .UNSPECIFIED.);
#420=B_SPLINE_CURVE_WITH_KNOTS('',3,(#12050,#12051,#12052,#12053,#12054),
 .UNSPECIFIED.,.F.,.F.,(4,1,4),(0.,0.0626351719685351,0.122251406205297),
 .UNSPECIFIED.);
#421=B_SPLINE_CURVE_WITH_KNOTS('',3,(#12066,#12067,#12068,#12069,#12070),
 .UNSPECIFIED.,.F.,.F.,(4,1,4),(0.,0.0739461297341904,0.140964703651539),
 .UNSPECIFIED.);
#422=B_SPLINE_CURVE_WITH_KNOTS('',3,(#12073,#12074,#12075,#12076,#12077),
 .UNSPECIFIED.,.F.,.F.,(4,1,4),(0.,0.0739461297341904,0.140964703651539),
 .UNSPECIFIED.);
#423=B_SPLINE_CURVE_WITH_KNOTS('',3,(#12089,#12090,#12091,#12092,#12093),
 .UNSPECIFIED.,.F.,.F.,(4,1,4),(0.,0.0547384204646181,0.1130785879412),
 .UNSPECIFIED.);
#424=B_SPLINE_CURVE_WITH_KNOTS('',3,(#12096,#12097,#12098,#12099,#12100),
 .UNSPECIFIED.,.F.,.F.,(4,1,4),(0.,0.0547384204646181,0.1130785879412),
 .UNSPECIFIED.);
#425=B_SPLINE_CURVE_WITH_KNOTS('',3,(#12112,#12113,#12114,#12115,#12116),
 .UNSPECIFIED.,.F.,.F.,(4,1,4),(0.,0.0499316678004109,0.101651064924021),
 .UNSPECIFIED.);
#426=B_SPLINE_CURVE_WITH_KNOTS('',3,(#12119,#12120,#12121,#12122,#12123),
 .UNSPECIFIED.,.F.,.F.,(4,1,4),(0.,0.0499316678004109,0.101651064924021),
 .UNSPECIFIED.);
#427=B_SPLINE_CURVE_WITH_KNOTS('',3,(#12135,#12136,#12137,#12138,#12139),
 .UNSPECIFIED.,.F.,.F.,(4,1,4),(0.,0.0525206843071887,0.10280950893402),
 .UNSPECIFIED.);
#428=B_SPLINE_CURVE_WITH_KNOTS('',3,(#12142,#12143,#12144,#12145,#12146),
 .UNSPECIFIED.,.F.,.F.,(4,1,4),(0.,0.0525206843071887,0.10280950893402),
 .UNSPECIFIED.);
#429=B_SPLINE_CURVE_WITH_KNOTS('',3,(#12158,#12159,#12160,#12161,#12162),
 .UNSPECIFIED.,.F.,.F.,(4,1,4),(0.,0.057806914549283,0.112641439904724),
 .UNSPECIFIED.);
#430=B_SPLINE_CURVE_WITH_KNOTS('',3,(#12165,#12166,#12167,#12168,#12169),
 .UNSPECIFIED.,.F.,.F.,(4,1,4),(0.,0.057806914549283,0.112641439904724),
 .UNSPECIFIED.);
#431=B_SPLINE_CURVE_WITH_KNOTS('',3,(#12181,#12182,#12183,#12184,#12185),
 .UNSPECIFIED.,.F.,.F.,(4,1,4),(0.,0.102862893509259,0.218195234375373),
 .UNSPECIFIED.);
#432=B_SPLINE_CURVE_WITH_KNOTS('',3,(#12188,#12189,#12190,#12191,#12192),
 .UNSPECIFIED.,.F.,.F.,(4,1,4),(0.,0.102862893509259,0.218195234375373),
 .UNSPECIFIED.);
#433=B_SPLINE_CURVE_WITH_KNOTS('',3,(#12204,#12205,#12206,#12207,#12208),
 .UNSPECIFIED.,.F.,.F.,(4,1,4),(0.,0.117120151076536,0.220147104200407),
 .UNSPECIFIED.);
#434=B_SPLINE_CURVE_WITH_KNOTS('',3,(#12211,#12212,#12213,#12214,#12215),
 .UNSPECIFIED.,.F.,.F.,(4,1,4),(0.,0.117120151076536,0.220147104200407),
 .UNSPECIFIED.);
#435=B_SPLINE_CURVE_WITH_KNOTS('',3,(#12227,#12228,#12229,#12230,#12231),
 .UNSPECIFIED.,.F.,.F.,(4,1,4),(0.,0.0481785342952745,0.101860734206765),
 .UNSPECIFIED.);
#436=B_SPLINE_CURVE_WITH_KNOTS('',3,(#12234,#12235,#12236,#12237,#12238),
 .UNSPECIFIED.,.F.,.F.,(4,1,4),(0.,0.0481785342952745,0.101860734206765),
 .UNSPECIFIED.);
#437=B_SPLINE_CURVE_WITH_KNOTS('',3,(#12250,#12251,#12252,#12253,#12254),
 .UNSPECIFIED.,.F.,.F.,(4,1,4),(0.,0.0383996385339928,0.0819257270713238),
 .UNSPECIFIED.);
#438=B_SPLINE_CURVE_WITH_KNOTS('',3,(#12257,#12258,#12259,#12260,#12261),
 .UNSPECIFIED.,.F.,.F.,(4,1,4),(0.,0.0383996385339928,0.0819257270713238),
 .UNSPECIFIED.);
#439=B_SPLINE_CURVE_WITH_KNOTS('',3,(#12273,#12274,#12275,#12276,#12277),
 .UNSPECIFIED.,.F.,.F.,(4,1,4),(0.,0.0299310143540962,0.0643411557772191),
 .UNSPECIFIED.);
#440=B_SPLINE_CURVE_WITH_KNOTS('',3,(#12280,#12281,#12282,#12283,#12284),
 .UNSPECIFIED.,.F.,.F.,(4,1,4),(0.,0.0299310143540962,0.0643411557772191),
 .UNSPECIFIED.);
#441=B_SPLINE_CURVE_WITH_KNOTS('',3,(#12296,#12297,#12298,#12299,#12300),
 .UNSPECIFIED.,.F.,.F.,(4,1,4),(0.,0.0202331737380488,0.0457419677553176),
 .UNSPECIFIED.);
#442=B_SPLINE_CURVE_WITH_KNOTS('',3,(#12303,#12304,#12305,#12306,#12307),
 .UNSPECIFIED.,.F.,.F.,(4,1,4),(0.,0.0202331737380488,0.0457419677553176),
 .UNSPECIFIED.);
#443=B_SPLINE_CURVE_WITH_KNOTS('',3,(#12319,#12320,#12321,#12322,#12323),
 .UNSPECIFIED.,.F.,.F.,(4,1,4),(0.,0.0167792164638969,0.035485999289683),
 .UNSPECIFIED.);
#444=B_SPLINE_CURVE_WITH_KNOTS('',3,(#12326,#12327,#12328,#12329,#12330),
 .UNSPECIFIED.,.F.,.F.,(4,1,4),(0.,0.0167792164638969,0.035485999289683),
 .UNSPECIFIED.);
#445=B_SPLINE_CURVE_WITH_KNOTS('',3,(#12342,#12343,#12344,#12345,#12346),
 .UNSPECIFIED.,.F.,.F.,(4,1,4),(0.,0.0190135504255019,0.0361338226423428),
 .UNSPECIFIED.);
#446=B_SPLINE_CURVE_WITH_KNOTS('',3,(#12349,#12350,#12351,#12352,#12353),
 .UNSPECIFIED.,.F.,.F.,(4,1,4),(0.,0.0190135504255019,0.0361338226423428),
 .UNSPECIFIED.);
#447=B_SPLINE_CURVE_WITH_KNOTS('',3,(#12365,#12366,#12367,#12368,#12369),
 .UNSPECIFIED.,.F.,.F.,(4,1,4),(0.,0.0142743131470994,0.0314867981904489),
 .UNSPECIFIED.);
#448=B_SPLINE_CURVE_WITH_KNOTS('',3,(#12372,#12373,#12374,#12375,#12376),
 .UNSPECIFIED.,.F.,.F.,(4,1,4),(0.,0.0142743131470994,0.0314867981904489),
 .UNSPECIFIED.);
#449=B_SPLINE_CURVE_WITH_KNOTS('',3,(#12388,#12389,#12390,#12391,#12392),
 .UNSPECIFIED.,.F.,.F.,(4,1,4),(0.,0.0244351471732454,0.0556775526899866),
 .UNSPECIFIED.);
#450=B_SPLINE_CURVE_WITH_KNOTS('',3,(#12395,#12396,#12397,#12398,#12399),
 .UNSPECIFIED.,.F.,.F.,(4,1,4),(0.,0.0244351471732454,0.0556775526899866),
 .UNSPECIFIED.);
#451=B_SPLINE_CURVE_WITH_KNOTS('',3,(#12411,#12412,#12413,#12414,#12415),
 .UNSPECIFIED.,.F.,.F.,(4,1,4),(0.,0.0220987730593209,0.043462644505554),
 .UNSPECIFIED.);
#452=B_SPLINE_CURVE_WITH_KNOTS('',3,(#12418,#12419,#12420,#12421,#12422),
 .UNSPECIFIED.,.F.,.F.,(4,1,4),(0.,0.0220987730593209,0.043462644505554),
 .UNSPECIFIED.);
#453=B_SPLINE_CURVE_WITH_KNOTS('',3,(#12434,#12435,#12436,#12437,#12438),
 .UNSPECIFIED.,.F.,.F.,(4,1,4),(0.,0.0212504442030267,0.0430551363484968),
 .UNSPECIFIED.);
#454=B_SPLINE_CURVE_WITH_KNOTS('',3,(#12441,#12442,#12443,#12444,#12445),
 .UNSPECIFIED.,.F.,.F.,(4,1,4),(0.,0.0212504442030267,0.0430551363484968),
 .UNSPECIFIED.);
#455=B_SPLINE_CURVE_WITH_KNOTS('',3,(#12457,#12458,#12459,#12460,#12461),
 .UNSPECIFIED.,.F.,.F.,(4,1,4),(0.,0.0231682467404093,0.0444650473962306),
 .UNSPECIFIED.);
#456=B_SPLINE_CURVE_WITH_KNOTS('',3,(#12464,#12465,#12466,#12467,#12468),
 .UNSPECIFIED.,.F.,.F.,(4,1,4),(0.,0.0231682467404093,0.0444650473962306),
 .UNSPECIFIED.);
#457=B_SPLINE_CURVE_WITH_KNOTS('',3,(#12480,#12481,#12482,#12483,#12484),
 .UNSPECIFIED.,.F.,.F.,(4,1,4),(0.,0.0343645148527559,0.0692802249822832),
 .UNSPECIFIED.);
#458=B_SPLINE_CURVE_WITH_KNOTS('',3,(#12487,#12488,#12489,#12490,#12491),
 .UNSPECIFIED.,.F.,.F.,(4,1,4),(0.,0.0343645148527559,0.0692802249822832),
 .UNSPECIFIED.);
#459=B_SPLINE_CURVE_WITH_KNOTS('',3,(#12503,#12504,#12505,#12506,#12507),
 .UNSPECIFIED.,.F.,.F.,(4,1,4),(0.,0.0373594116478932,0.072150813665501),
 .UNSPECIFIED.);
#460=B_SPLINE_CURVE_WITH_KNOTS('',3,(#12510,#12511,#12512,#12513,#12514),
 .UNSPECIFIED.,.F.,.F.,(4,1,4),(0.,0.0373594116478932,0.072150813665501),
 .UNSPECIFIED.);
#461=B_SPLINE_CURVE_WITH_KNOTS('',3,(#12526,#12527,#12528,#12529,#12530),
 .UNSPECIFIED.,.F.,.F.,(4,1,4),(0.,0.0435561444353694,0.0837318485466672),
 .UNSPECIFIED.);
#462=B_SPLINE_CURVE_WITH_KNOTS('',3,(#12533,#12534,#12535,#12536,#12537),
 .UNSPECIFIED.,.F.,.F.,(4,1,4),(0.,0.0435561444353694,0.0837318485466672),
 .UNSPECIFIED.);
#463=B_SPLINE_CURVE_WITH_KNOTS('',3,(#12554,#12555,#12556,#12557,#12558),
 .UNSPECIFIED.,.F.,.F.,(4,1,4),(0.,0.0368468332660029,0.0839918062529452),
 .UNSPECIFIED.);
#464=B_SPLINE_CURVE_WITH_KNOTS('',3,(#12559,#12560,#12561,#12562,#12563),
 .UNSPECIFIED.,.F.,.F.,(4,1,4),(0.,0.0368468332660029,0.0839918062529452),
 .UNSPECIFIED.);
#465=B_SPLINE_CURVE_WITH_KNOTS('',3,(#12577,#12578,#12579,#12580,#12581),
 .UNSPECIFIED.,.F.,.F.,(4,1,4),(0.,0.109562736967533,0.218367100396286),
 .UNSPECIFIED.);
#466=B_SPLINE_CURVE_WITH_KNOTS('',3,(#12585,#12586,#12587,#12588,#12589),
 .UNSPECIFIED.,.F.,.F.,(4,1,4),(0.,0.109562736967533,0.218367100396286),
 .UNSPECIFIED.);
#467=B_SPLINE_CURVE_WITH_KNOTS('',3,(#12602,#12603,#12604,#12605,#12606),
 .UNSPECIFIED.,.F.,.F.,(4,1,4),(0.,0.108405908974578,0.214766602411716),
 .UNSPECIFIED.);
#468=B_SPLINE_CURVE_WITH_KNOTS('',3,(#12609,#12610,#12611,#12612,#12613),
 .UNSPECIFIED.,.F.,.F.,(4,1,4),(0.,0.108405908974578,0.214766602411716),
 .UNSPECIFIED.);
#469=B_SPLINE_CURVE_WITH_KNOTS('',3,(#12625,#12626,#12627,#12628,#12629),
 .UNSPECIFIED.,.F.,.F.,(4,1,4),(0.,0.149205582094036,0.271394595152756),
 .UNSPECIFIED.);
#470=B_SPLINE_CURVE_WITH_KNOTS('',3,(#12632,#12633,#12634,#12635,#12636),
 .UNSPECIFIED.,.F.,.F.,(4,1,4),(0.,0.149205582094036,0.271394595152756),
 .UNSPECIFIED.);
#471=B_SPLINE_CURVE_WITH_KNOTS('',3,(#12648,#12649,#12650,#12651,#12652),
 .UNSPECIFIED.,.F.,.F.,(4,1,4),(0.,0.117311134955124,0.264063099628293),
 .UNSPECIFIED.);
#472=B_SPLINE_CURVE_WITH_KNOTS('',3,(#12655,#12656,#12657,#12658,#12659),
 .UNSPECIFIED.,.F.,.F.,(4,1,4),(0.,0.117311134955124,0.264063099628293),
 .UNSPECIFIED.);
#473=B_SPLINE_CURVE_WITH_KNOTS('',3,(#12671,#12672,#12673,#12674,#12675),
 .UNSPECIFIED.,.F.,.F.,(4,1,4),(0.,0.103410523424611,0.207162456195859),
 .UNSPECIFIED.);
#474=B_SPLINE_CURVE_WITH_KNOTS('',3,(#12678,#12679,#12680,#12681,#12682),
 .UNSPECIFIED.,.F.,.F.,(4,1,4),(0.,0.103410523424611,0.207162456195859),
 .UNSPECIFIED.);
#475=B_SPLINE_CURVE_WITH_KNOTS('',3,(#12694,#12695,#12696,#12697,#12698),
 .UNSPECIFIED.,.F.,.F.,(4,1,4),(0.,0.114331209806488,0.225241588777204),
 .UNSPECIFIED.);
#476=B_SPLINE_CURVE_WITH_KNOTS('',3,(#12701,#12702,#12703,#12704,#12705),
 .UNSPECIFIED.,.F.,.F.,(4,1,4),(0.,0.114331209806488,0.225241588777204),
 .UNSPECIFIED.);
#477=B_SPLINE_CURVE_WITH_KNOTS('',3,(#12717,#12718,#12719,#12720,#12721),
 .UNSPECIFIED.,.F.,.F.,(4,1,4),(0.,0.146051972510725,0.271274035345184),
 .UNSPECIFIED.);
#478=B_SPLINE_CURVE_WITH_KNOTS('',3,(#12724,#12725,#12726,#12727,#12728),
 .UNSPECIFIED.,.F.,.F.,(4,1,4),(0.,0.146051972510725,0.271274035345184),
 .UNSPECIFIED.);
#479=B_SPLINE_CURVE_WITH_KNOTS('',3,(#12739,#12740,#12741,#12742,#12743),
 .UNSPECIFIED.,.F.,.F.,(4,1,4),(0.,0.119556057405003,0.26208850435064),
 .UNSPECIFIED.);
#480=B_SPLINE_CURVE_WITH_KNOTS('',3,(#12744,#12745,#12746,#12747,#12748),
 .UNSPECIFIED.,.F.,.F.,(4,1,4),(0.,0.119556057405003,0.26208850435064),
 .UNSPECIFIED.);
#481=B_SPLINE_CURVE_WITH_KNOTS('',3,(#12761,#12762,#12763,#12764,#12765),
 .UNSPECIFIED.,.F.,.F.,(4,1,4),(0.,0.143612241850813,0.282918829785913),
 .UNSPECIFIED.);
#482=B_SPLINE_CURVE_WITH_KNOTS('',3,(#12769,#12770,#12771,#12772,#12773),
 .UNSPECIFIED.,.F.,.F.,(4,1,4),(0.,0.143612241850813,0.282918829785913),
 .UNSPECIFIED.);
#483=B_SPLINE_CURVE_WITH_KNOTS('',3,(#12786,#12787,#12788,#12789,#12790),
 .UNSPECIFIED.,.F.,.F.,(4,1,4),(0.,0.213941522357062,0.382029161733926),
 .UNSPECIFIED.);
#484=B_SPLINE_CURVE_WITH_KNOTS('',3,(#12793,#12794,#12795,#12796,#12797),
 .UNSPECIFIED.,.F.,.F.,(4,1,4),(0.,0.213941522357062,0.382029161733926),
 .UNSPECIFIED.);
#485=B_SPLINE_CURVE_WITH_KNOTS('',3,(#12809,#12810,#12811,#12812,#12813),
 .UNSPECIFIED.,.F.,.F.,(4,1,4),(0.,0.33065873122919,0.695912797933512),
 .UNSPECIFIED.);
#486=B_SPLINE_CURVE_WITH_KNOTS('',3,(#12816,#12817,#12818,#12819,#12820),
 .UNSPECIFIED.,.F.,.F.,(4,1,4),(0.,0.33065873122919,0.695912797933512),
 .UNSPECIFIED.);
#487=B_SPLINE_CURVE_WITH_KNOTS('',3,(#12832,#12833,#12834,#12835,#12836),
 .UNSPECIFIED.,.F.,.F.,(4,1,4),(0.,0.472747825009884,0.839658113489931),
 .UNSPECIFIED.);
#488=B_SPLINE_CURVE_WITH_KNOTS('',3,(#12839,#12840,#12841,#12842,#12843),
 .UNSPECIFIED.,.F.,.F.,(4,1,4),(0.,0.472747825009884,0.839658113489931),
 .UNSPECIFIED.);
#489=B_SPLINE_CURVE_WITH_KNOTS('',3,(#12855,#12856,#12857,#12858,#12859),
 .UNSPECIFIED.,.F.,.F.,(4,1,4),(0.,0.272476817094335,0.605791944289493),
 .UNSPECIFIED.);
#490=B_SPLINE_CURVE_WITH_KNOTS('',3,(#12862,#12863,#12864,#12865,#12866),
 .UNSPECIFIED.,.F.,.F.,(4,1,4),(0.,0.272476817094335,0.605791944289493),
 .UNSPECIFIED.);
#491=B_SPLINE_CURVE_WITH_KNOTS('',3,(#12878,#12879,#12880,#12881,#12882),
 .UNSPECIFIED.,.F.,.F.,(4,1,4),(0.,0.210407425722356,0.442180496678736),
 .UNSPECIFIED.);
#492=B_SPLINE_CURVE_WITH_KNOTS('',3,(#12885,#12886,#12887,#12888,#12889),
 .UNSPECIFIED.,.F.,.F.,(4,1,4),(0.,0.210407425722356,0.442180496678736),
 .UNSPECIFIED.);
#493=B_SPLINE_CURVE_WITH_KNOTS('',3,(#12901,#12902,#12903,#12904,#12905),
 .UNSPECIFIED.,.F.,.F.,(4,1,4),(0.,0.271703213299469,0.496687939979818),
 .UNSPECIFIED.);
#494=B_SPLINE_CURVE_WITH_KNOTS('',3,(#12908,#12909,#12910,#12911,#12912),
 .UNSPECIFIED.,.F.,.F.,(4,1,4),(0.,0.271703213299469,0.496687939979818),
 .UNSPECIFIED.);
#495=B_SPLINE_CURVE_WITH_KNOTS('',3,(#12924,#12925,#12926,#12927,#12928),
 .UNSPECIFIED.,.F.,.F.,(4,1,4),(0.,0.196729850866302,0.426219041359666),
 .UNSPECIFIED.);
#496=B_SPLINE_CURVE_WITH_KNOTS('',3,(#12931,#12932,#12933,#12934,#12935),
 .UNSPECIFIED.,.F.,.F.,(4,1,4),(0.,0.196729850866302,0.426219041359666),
 .UNSPECIFIED.);
#497=B_SPLINE_CURVE_WITH_KNOTS('',3,(#12947,#12948,#12949,#12950,#12951),
 .UNSPECIFIED.,.F.,.F.,(4,1,4),(0.,0.18202256508415,0.361991061656386),
 .UNSPECIFIED.);
#498=B_SPLINE_CURVE_WITH_KNOTS('',3,(#12954,#12955,#12956,#12957,#12958),
 .UNSPECIFIED.,.F.,.F.,(4,1,4),(0.,0.18202256508415,0.361991061656386),
 .UNSPECIFIED.);
#499=B_SPLINE_CURVE_WITH_KNOTS('',3,(#12970,#12971,#12972,#12973,#12974),
 .UNSPECIFIED.,.F.,.F.,(4,1,4),(0.,0.191763316839296,0.378224250930765),
 .UNSPECIFIED.);
#500=B_SPLINE_CURVE_WITH_KNOTS('',3,(#12977,#12978,#12979,#12980,#12981),
 .UNSPECIFIED.,.F.,.F.,(4,1,4),(0.,0.191763316839296,0.378224250930765),
 .UNSPECIFIED.);
#501=B_SPLINE_CURVE_WITH_KNOTS('',3,(#12993,#12994,#12995,#12996,#12997),
 .UNSPECIFIED.,.F.,.F.,(4,1,4),(0.,0.256588389172154,0.527245751684797),
 .UNSPECIFIED.);
#502=B_SPLINE_CURVE_WITH_KNOTS('',3,(#13000,#13001,#13002,#13003,#13004),
 .UNSPECIFIED.,.F.,.F.,(4,1,4),(0.,0.256588389172154,0.527245751684797),
 .UNSPECIFIED.);
#503=B_SPLINE_CURVE_WITH_KNOTS('',3,(#13016,#13017,#13018,#13019,#13020),
 .UNSPECIFIED.,.F.,.F.,(4,1,4),(0.,0.252509376584658,0.503701244216925),
 .UNSPECIFIED.);
#504=B_SPLINE_CURVE_WITH_KNOTS('',3,(#13023,#13024,#13025,#13026,#13027),
 .UNSPECIFIED.,.F.,.F.,(4,1,4),(0.,0.252509376584658,0.503701244216925),
 .UNSPECIFIED.);
#505=B_SPLINE_CURVE_WITH_KNOTS('',3,(#13039,#13040,#13041,#13042,#13043),
 .UNSPECIFIED.,.F.,.F.,(4,1,4),(0.,0.11876143649931,0.248914347293864),
 .UNSPECIFIED.);
#506=B_SPLINE_CURVE_WITH_KNOTS('',3,(#13046,#13047,#13048,#13049,#13050),
 .UNSPECIFIED.,.F.,.F.,(4,1,4),(0.,0.11876143649931,0.248914347293864),
 .UNSPECIFIED.);
#507=B_SPLINE_CURVE_WITH_KNOTS('',3,(#13062,#13063,#13064,#13065,#13066),
 .UNSPECIFIED.,.F.,.F.,(4,1,4),(0.,0.134370642149527,0.254866121721476),
 .UNSPECIFIED.);
#508=B_SPLINE_CURVE_WITH_KNOTS('',3,(#13069,#13070,#13071,#13072,#13073),
 .UNSPECIFIED.,.F.,.F.,(4,1,4),(0.,0.134370642149527,0.254866121721476),
 .UNSPECIFIED.);
#509=B_SPLINE_CURVE_WITH_KNOTS('',3,(#13085,#13086,#13087,#13088,#13089),
 .UNSPECIFIED.,.F.,.F.,(4,1,4),(0.,0.162364149387901,0.430909789131117),
 .UNSPECIFIED.);
#510=B_SPLINE_CURVE_WITH_KNOTS('',3,(#13092,#13093,#13094,#13095,#13096),
 .UNSPECIFIED.,.F.,.F.,(4,1,4),(0.,0.162364149387901,0.430909789131117),
 .UNSPECIFIED.);
#511=B_SPLINE_CURVE_WITH_KNOTS('',3,(#13108,#13109,#13110,#13111,#13112),
 .UNSPECIFIED.,.F.,.F.,(4,1,4),(0.,0.123727837305219,0.259031038096154),
 .UNSPECIFIED.);
#512=B_SPLINE_CURVE_WITH_KNOTS('',3,(#13115,#13116,#13117,#13118,#13119),
 .UNSPECIFIED.,.F.,.F.,(4,1,4),(0.,0.123727837305219,0.259031038096154),
 .UNSPECIFIED.);
#513=B_SPLINE_CURVE_WITH_KNOTS('',3,(#13131,#13132,#13133,#13134,#13135),
 .UNSPECIFIED.,.F.,.F.,(4,1,4),(0.,0.0678588929868782,0.138116451983042),
 .UNSPECIFIED.);
#514=B_SPLINE_CURVE_WITH_KNOTS('',3,(#13138,#13139,#13140,#13141,#13142),
 .UNSPECIFIED.,.F.,.F.,(4,1,4),(0.,0.0678588929868782,0.138116451983042),
 .UNSPECIFIED.);
#515=B_SPLINE_CURVE_WITH_KNOTS('',3,(#13154,#13155,#13156,#13157,#13158),
 .UNSPECIFIED.,.F.,.F.,(4,1,4),(0.,0.103165968771209,0.181684753299631),
 .UNSPECIFIED.);
#516=B_SPLINE_CURVE_WITH_KNOTS('',3,(#13161,#13162,#13163,#13164,#13165),
 .UNSPECIFIED.,.F.,.F.,(4,1,4),(0.,0.103165968771209,0.181684753299631),
 .UNSPECIFIED.);
#517=B_SPLINE_CURVE_WITH_KNOTS('',3,(#13182,#13183,#13184,#13185,#13186),
 .UNSPECIFIED.,.F.,.F.,(4,1,4),(0.,0.14444766262751,0.302469929352749),
 .UNSPECIFIED.);
#518=B_SPLINE_CURVE_WITH_KNOTS('',3,(#13187,#13188,#13189,#13190,#13191),
 .UNSPECIFIED.,.F.,.F.,(4,1,4),(0.,0.14444766262751,0.302469929352749),
 .UNSPECIFIED.);
#519=B_SPLINE_SURFACE_WITH_KNOTS('',3,1,((#7189,#7190),(#7191,#7192),(#7193,
#7194),(#7195,#7196),(#7197,#7198)),.UNSPECIFIED.,.F.,.F.,.F.,(4,1,4),(2,
2),(0.,0.0304438108327008,0.0592709931623842),(0.,0.05),.UNSPECIFIED.);
#520=B_SPLINE_SURFACE_WITH_KNOTS('',3,1,((#7215,#7216),(#7217,#7218),(#7219,
#7220),(#7221,#7222),(#7223,#7224)),.UNSPECIFIED.,.F.,.F.,.F.,(4,1,4),(2,
2),(0.,0.0286259046110701,0.0593129392880323),(0.,0.05),.UNSPECIFIED.);
#521=B_SPLINE_SURFACE_WITH_KNOTS('',3,1,((#7238,#7239),(#7240,#7241),(#7242,
#7243),(#7244,#7245),(#7246,#7247)),.UNSPECIFIED.,.F.,.F.,.F.,(4,1,4),(2,
2),(0.,0.0392569087351111,0.07062258847342),(0.,0.05),.UNSPECIFIED.);
#522=B_SPLINE_SURFACE_WITH_KNOTS('',3,1,((#7267,#7268),(#7269,#7270),(#7271,
#7272),(#7273,#7274),(#7275,#7276)),.UNSPECIFIED.,.F.,.F.,.F.,(4,1,4),(2,
2),(0.,0.0224139699454974,0.0529652724994124),(0.,0.05),.UNSPECIFIED.);
#523=B_SPLINE_SURFACE_WITH_KNOTS('',3,1,((#7290,#7291),(#7292,#7293),(#7294,
#7295),(#7296,#7297),(#7298,#7299)),.UNSPECIFIED.,.F.,.F.,.F.,(4,1,4),(2,
2),(0.,0.0159667247023997,0.0333921336352051),(0.,0.05),.UNSPECIFIED.);
#524=B_SPLINE_SURFACE_WITH_KNOTS('',3,1,((#7313,#7314),(#7315,#7316),(#7317,
#7318),(#7319,#7320),(#7321,#7322)),.UNSPECIFIED.,.F.,.F.,.F.,(4,1,4),(2,
2),(0.,0.0192449908365478,0.0381434577596978),(0.,0.05),.UNSPECIFIED.);
#525=B_SPLINE_SURFACE_WITH_KNOTS('',3,1,((#7336,#7337),(#7338,#7339),(#7340,
#7341),(#7342,#7343),(#7344,#7345)),.UNSPECIFIED.,.F.,.F.,.F.,(4,1,4),(2,
2),(0.,0.0185937150988867,0.037773815311616),(0.,0.05),.UNSPECIFIED.);
#526=B_SPLINE_SURFACE_WITH_KNOTS('',3,1,((#7359,#7360),(#7361,#7362),(#7363,
#7364),(#7365,#7366),(#7367,#7368)),.UNSPECIFIED.,.F.,.F.,.F.,(4,1,4),(2,
2),(0.,0.0288173419478471,0.058995444261427),(0.,0.05),.UNSPECIFIED.);
#527=B_SPLINE_SURFACE_WITH_KNOTS('',3,1,((#7382,#7383),(#7384,#7385),(#7386,
#7387),(#7388,#7389),(#7390,#7391)),.UNSPECIFIED.,.F.,.F.,.F.,(4,1,4),(2,
2),(0.,0.0400399712041573,0.0721504851308416),(0.,0.05),.UNSPECIFIED.);
#528=B_SPLINE_SURFACE_WITH_KNOTS('',3,1,((#7423,#7424),(#7425,#7426),(#7427,
#7428),(#7429,#7430),(#7431,#7432)),.UNSPECIFIED.,.F.,.F.,.F.,(4,1,4),(2,
2),(0.,0.024308168736125,0.046156014697802),(0.,0.05),.UNSPECIFIED.);
#529=B_SPLINE_SURFACE_WITH_KNOTS('',3,1,((#7446,#7447),(#7448,#7449),(#7450,
#7451),(#7452,#7453),(#7454,#7455)),.UNSPECIFIED.,.F.,.F.,.F.,(4,1,4),(2,
2),(0.,0.0235841788483463,0.0482214890181065),(0.,0.05),.UNSPECIFIED.);
#530=B_SPLINE_SURFACE_WITH_KNOTS('',3,1,((#7469,#7470),(#7471,#7472),(#7473,
#7474),(#7475,#7476),(#7477,#7478)),.UNSPECIFIED.,.F.,.F.,.F.,(4,1,4),(2,
2),(0.,0.0280133335474879,0.0521627663926314),(0.,0.05),.UNSPECIFIED.);
#531=B_SPLINE_SURFACE_WITH_KNOTS('',3,1,((#7492,#7493),(#7494,#7495),(#7496,
#7497),(#7498,#7499),(#7500,#7501)),.UNSPECIFIED.,.F.,.F.,.F.,(4,1,4),(2,
2),(0.,0.0259623864596065,0.0554886587682226),(0.,0.05),.UNSPECIFIED.);
#532=B_SPLINE_SURFACE_WITH_KNOTS('',3,1,((#7515,#7516),(#7517,#7518),(#7519,
#7520),(#7521,#7522),(#7523,#7524)),.UNSPECIFIED.,.F.,.F.,.F.,(4,1,4),(2,
2),(0.,0.0231418216666387,0.0473587542832327),(0.,0.05),.UNSPECIFIED.);
#533=B_SPLINE_SURFACE_WITH_KNOTS('',3,1,((#7538,#7539),(#7540,#7541),(#7542,
#7543),(#7544,#7545),(#7546,#7547)),.UNSPECIFIED.,.F.,.F.,.F.,(4,1,4),(2,
2),(0.,0.0239443157095536,0.0461269283036742),(0.,0.05),.UNSPECIFIED.);
#534=B_SPLINE_SURFACE_WITH_KNOTS('',3,1,((#7561,#7562),(#7563,#7564),(#7565,
#7566),(#7567,#7568),(#7569,#7570)),.UNSPECIFIED.,.F.,.F.,.F.,(4,1,4),(2,
2),(0.,0.0345432973597139,0.0630995836818935),(0.,0.05),.UNSPECIFIED.);
#535=B_SPLINE_SURFACE_WITH_KNOTS('',3,1,((#7596,#7597),(#7598,#7599),(#7600,
#7601),(#7602,#7603),(#7604,#7605)),.UNSPECIFIED.,.F.,.F.,.F.,(4,1,4),(2,
2),(0.,0.0330878000510283,0.073440653001811),(0.,0.05),.UNSPECIFIED.);
#536=B_SPLINE_SURFACE_WITH_KNOTS('',3,1,((#7619,#7620),(#7621,#7622),(#7623,
#7624),(#7625,#7626),(#7627,#7628)),.UNSPECIFIED.,.F.,.F.,.F.,(4,1,4),(2,
2),(0.,0.0252336239998492,0.0503383870832842),(0.,0.05),.UNSPECIFIED.);
#537=B_SPLINE_SURFACE_WITH_KNOTS('',3,1,((#7642,#7643),(#7644,#7645),(#7646,
#7647),(#7648,#7649),(#7650,#7651)),.UNSPECIFIED.,.F.,.F.,.F.,(4,1,4),(2,
2),(0.,0.0289542854846802,0.0554106705585929),(0.,0.05),.UNSPECIFIED.);
#538=B_SPLINE_SURFACE_WITH_KNOTS('',3,1,((#7665,#7666),(#7667,#7668),(#7669,
#7670),(#7671,#7672),(#7673,#7674)),.UNSPECIFIED.,.F.,.F.,.F.,(4,1,4),(2,
2),(0.,0.0188749834700694,0.0409199940049489),(0.,0.05),.UNSPECIFIED.);
#539=B_SPLINE_SURFACE_WITH_KNOTS('',3,1,((#7688,#7689),(#7690,#7691),(#7692,
#7693),(#7694,#7695),(#7696,#7697)),.UNSPECIFIED.,.F.,.F.,.F.,(4,1,4),(2,
2),(0.,0.0269368716408176,0.0476658812441246),(0.,0.05),.UNSPECIFIED.);
#540=B_SPLINE_SURFACE_WITH_KNOTS('',3,1,((#7723,#7724),(#7725,#7726),(#7727,
#7728),(#7729,#7730),(#7731,#7732)),.UNSPECIFIED.,.F.,.F.,.F.,(4,1,4),(2,
2),(0.,0.0316789242319634,0.0712283508947508),(0.,0.05),.UNSPECIFIED.);
#541=B_SPLINE_SURFACE_WITH_KNOTS('',3,1,((#7744,#7745),(#7746,#7747),(#7748,
#7749),(#7750,#7751),(#7752,#7753)),.UNSPECIFIED.,.F.,.F.,.F.,(4,1,4),(2,
2),(0.,0.0158065380241407,0.0342598086590254),(0.,0.05),.UNSPECIFIED.);
#542=B_SPLINE_SURFACE_WITH_KNOTS('',3,1,((#7770,#7771),(#7772,#7773),(#7774,
#7775),(#7776,#7777),(#7778,#7779)),.UNSPECIFIED.,.F.,.F.,.F.,(4,1,4),(2,
2),(0.,0.0208503196004314,0.0375119883188201),(0.,0.05),.UNSPECIFIED.);
#543=B_SPLINE_SURFACE_WITH_KNOTS('',3,1,((#7793,#7794),(#7795,#7796),(#7797,
#7798),(#7799,#7800),(#7801,#7802)),.UNSPECIFIED.,.F.,.F.,.F.,(4,1,4),(2,
2),(0.,0.012201910198531,0.0224940478356707),(0.,0.05),.UNSPECIFIED.);
#544=B_SPLINE_SURFACE_WITH_KNOTS('',3,1,((#7816,#7817),(#7818,#7819),(#7820,
#7821),(#7822,#7823),(#7824,#7825)),.UNSPECIFIED.,.F.,.F.,.F.,(4,1,4),(2,
2),(0.,0.0107857464974828,0.0215318244764338),(0.,0.05),.UNSPECIFIED.);
#545=B_SPLINE_SURFACE_WITH_KNOTS('',3,1,((#7839,#7840),(#7841,#7842),(#7843,
#7844),(#7845,#7846),(#7847,#7848)),.UNSPECIFIED.,.F.,.F.,.F.,(4,1,4),(2,
2),(0.,0.0199712883126388,0.0445317705965955),(0.,0.05),.UNSPECIFIED.);
#546=B_SPLINE_SURFACE_WITH_KNOTS('',3,1,((#7862,#7863),(#7864,#7865),(#7866,
#7867),(#7868,#7869),(#7870,#7871)),.UNSPECIFIED.,.F.,.F.,.F.,(4,1,4),(2,
2),(0.,0.0209429776618659,0.0395696088339423),(0.,0.05),.UNSPECIFIED.);
#547=B_SPLINE_SURFACE_WITH_KNOTS('',3,1,((#7885,#7886),(#7887,#7888),(#7889,
#7890),(#7891,#7892),(#7893,#7894)),.UNSPECIFIED.,.F.,.F.,.F.,(4,1,4),(2,
2),(0.,0.0287432433881276,0.0585009019281994),(0.,0.05),.UNSPECIFIED.);
#548=B_SPLINE_SURFACE_WITH_KNOTS('',3,1,((#7908,#7909),(#7910,#7911),(#7912,
#7913),(#7914,#7915),(#7916,#7917)),.UNSPECIFIED.,.F.,.F.,.F.,(4,1,4),(2,
2),(0.,0.0520453613338764,0.0903832333375951),(0.,0.05),.UNSPECIFIED.);
#549=B_SPLINE_SURFACE_WITH_KNOTS('',3,1,((#7931,#7932),(#7933,#7934),(#7935,
#7936),(#7937,#7938),(#7939,#7940)),.UNSPECIFIED.,.F.,.F.,.F.,(4,1,4),(2,
2),(0.,0.0442350572418305,0.0989803158590679),(0.,0.05),.UNSPECIFIED.);
#550=B_SPLINE_SURFACE_WITH_KNOTS('',3,1,((#7954,#7955),(#7956,#7957),(#7958,
#7959),(#7960,#7961),(#7962,#7963)),.UNSPECIFIED.,.F.,.F.,.F.,(4,1,4),(2,
2),(0.,0.0397000670103922,0.0791869663230369),(0.,0.05),.UNSPECIFIED.);
#551=B_SPLINE_SURFACE_WITH_KNOTS('',3,1,((#7977,#7978),(#7979,#7980),(#7981,
#7982),(#7983,#7984),(#7985,#7986)),.UNSPECIFIED.,.F.,.F.,.F.,(4,1,4),(2,
2),(0.,0.0587770951335603,0.105477515914065),(0.,0.05),.UNSPECIFIED.);
#552=B_SPLINE_SURFACE_WITH_KNOTS('',3,1,((#8006,#8007),(#8008,#8009),(#8010,
#8011),(#8012,#8013),(#8014,#8015)),.UNSPECIFIED.,.F.,.F.,.F.,(4,1,4),(2,
2),(0.,0.018127151904119,0.0367833166342251),(0.,0.05),.UNSPECIFIED.);
#553=B_SPLINE_SURFACE_WITH_KNOTS('',3,1,((#8029,#8030),(#8031,#8032),(#8033,
#8034),(#8035,#8036),(#8037,#8038)),.UNSPECIFIED.,.F.,.F.,.F.,(4,1,4),(2,
2),(0.,0.0116712937042702,0.027479694346482),(0.,0.05),.UNSPECIFIED.);
#554=B_SPLINE_SURFACE_WITH_KNOTS('',3,1,((#8052,#8053),(#8054,#8055),(#8056,
#8057),(#8058,#8059),(#8060,#8061)),.UNSPECIFIED.,.F.,.F.,.F.,(4,1,4),(2,
2),(0.,0.0154124985945662,0.0305081206507126),(0.,0.05),.UNSPECIFIED.);
#555=B_SPLINE_SURFACE_WITH_KNOTS('',3,1,((#8075,#8076),(#8077,#8078),(#8079,
#8080),(#8081,#8082),(#8083,#8084)),.UNSPECIFIED.,.F.,.F.,.F.,(4,1,4),(2,
2),(0.,0.0157322589323217,0.0311184907681365),(0.,0.05),.UNSPECIFIED.);
#556=B_SPLINE_SURFACE_WITH_KNOTS('',3,1,((#8098,#8099),(#8100,#8101),(#8102,
#8103),(#8104,#8105),(#8106,#8107)),.UNSPECIFIED.,.F.,.F.,.F.,(4,1,4),(2,
2),(0.,0.0151122735152484,0.0306715607176645),(0.,0.05),.UNSPECIFIED.);
#557=B_SPLINE_SURFACE_WITH_KNOTS('',3,1,((#8121,#8122),(#8123,#8124),(#8125,
#8126),(#8127,#8128),(#8129,#8130)),.UNSPECIFIED.,.F.,.F.,.F.,(4,1,4),(2,
2),(0.,0.0152734968429047,0.0342873886496988),(0.,0.05),.UNSPECIFIED.);
#558=B_SPLINE_SURFACE_WITH_KNOTS('',3,1,((#8144,#8145),(#8146,#8147),(#8148,
#8149),(#8150,#8151),(#8152,#8153)),.UNSPECIFIED.,.F.,.F.,.F.,(4,1,4),(2,
2),(0.,0.0207445015072495,0.0363124642816514),(0.,0.05),.UNSPECIFIED.);
#559=B_SPLINE_SURFACE_WITH_KNOTS('',3,1,((#8167,#8168),(#8169,#8170),(#8171,
#8172),(#8173,#8174),(#8175,#8176)),.UNSPECIFIED.,.F.,.F.,.F.,(4,1,4),(2,
2),(0.,0.0356840066691449,0.0633249188203586),(0.,0.05),.UNSPECIFIED.);
#560=B_SPLINE_SURFACE_WITH_KNOTS('',3,1,((#8202,#8203),(#8204,#8205),(#8206,
#8207),(#8208,#8209),(#8210,#8211)),.UNSPECIFIED.,.F.,.F.,.F.,(4,1,4),(2,
2),(0.,0.0263906474994974,0.0593023258931734),(0.,0.05),.UNSPECIFIED.);
#561=B_SPLINE_SURFACE_WITH_KNOTS('',3,1,((#8225,#8226),(#8227,#8228),(#8229,
#8230),(#8231,#8232),(#8233,#8234)),.UNSPECIFIED.,.F.,.F.,.F.,(4,1,4),(2,
2),(0.,0.0260296822900173,0.0492332648120876),(0.,0.05),.UNSPECIFIED.);
#562=B_SPLINE_SURFACE_WITH_KNOTS('',3,1,((#8248,#8249),(#8250,#8251),(#8252,
#8253),(#8254,#8255),(#8256,#8257)),.UNSPECIFIED.,.F.,.F.,.F.,(4,1,4),(2,
2),(0.,0.0174105409314023,0.0341325931537249),(0.,0.05),.UNSPECIFIED.);
#563=B_SPLINE_SURFACE_WITH_KNOTS('',3,1,((#8271,#8272),(#8273,#8274),(#8275,
#8276),(#8277,#8278),(#8279,#8280)),.UNSPECIFIED.,.F.,.F.,.F.,(4,1,4),(2,
2),(0.,0.016998247169002,0.0342147912512141),(0.,0.05),.UNSPECIFIED.);
#564=B_SPLINE_SURFACE_WITH_KNOTS('',3,1,((#8294,#8295),(#8296,#8297),(#8298,
#8299),(#8300,#8301),(#8302,#8303)),.UNSPECIFIED.,.F.,.F.,.F.,(4,1,4),(2,
2),(0.,0.0168446901028218,0.0336857268427935),(0.,0.05),.UNSPECIFIED.);
#565=B_SPLINE_SURFACE_WITH_KNOTS('',3,1,((#8317,#8318),(#8319,#8320),(#8321,
#8322),(#8323,#8324),(#8325,#8326)),.UNSPECIFIED.,.F.,.F.,.F.,(4,1,4),(2,
2),(0.,0.0332222717507711,0.0548381068182839),(0.,0.05),.UNSPECIFIED.);
#566=B_SPLINE_SURFACE_WITH_KNOTS('',3,1,((#8352,#8353),(#8354,#8355),(#8356,
#8357),(#8358,#8359),(#8360,#8361)),.UNSPECIFIED.,.F.,.F.,.F.,(4,1,4),(2,
2),(0.,0.0239178627058378,0.0558027237534997),(0.,0.05),.UNSPECIFIED.);
#567=B_SPLINE_SURFACE_WITH_KNOTS('',3,1,((#8373,#8374),(#8375,#8376),(#8377,
#8378),(#8379,#8380),(#8381,#8382)),.UNSPECIFIED.,.F.,.F.,.F.,(4,1,4),(2,
2),(0.,0.0363827530773277,0.0763621406070446),(0.,0.05),.UNSPECIFIED.);
#568=B_SPLINE_SURFACE_WITH_KNOTS('',3,1,((#8399,#8400),(#8401,#8402),(#8403,
#8404),(#8405,#8406),(#8407,#8408)),.UNSPECIFIED.,.F.,.F.,.F.,(4,1,4),(2,
2),(0.,0.0355251210714193,0.0705394114803168),(0.,0.05),.UNSPECIFIED.);
#569=B_SPLINE_SURFACE_WITH_KNOTS('',3,1,((#8422,#8423),(#8424,#8425),(#8426,
#8427),(#8428,#8429),(#8430,#8431)),.UNSPECIFIED.,.F.,.F.,.F.,(4,1,4),(2,
2),(0.,0.0348463323624894,0.0693756125775044),(0.,0.05),.UNSPECIFIED.);
#570=B_SPLINE_SURFACE_WITH_KNOTS('',3,1,((#8445,#8446),(#8447,#8448),(#8449,
#8450),(#8451,#8452),(#8453,#8454)),.UNSPECIFIED.,.F.,.F.,.F.,(4,1,4),(2,
2),(0.,0.0400463804013156,0.0768042515688509),(0.,0.05),.UNSPECIFIED.);
#571=B_SPLINE_SURFACE_WITH_KNOTS('',3,1,((#8468,#8469),(#8470,#8471),(#8472,
#8473),(#8474,#8475),(#8476,#8477)),.UNSPECIFIED.,.F.,.F.,.F.,(4,1,4),(2,
2),(0.,0.0502881881255311,0.0947641431597241),(0.,0.05),.UNSPECIFIED.);
#572=B_SPLINE_SURFACE_WITH_KNOTS('',3,1,((#8491,#8492),(#8493,#8494),(#8495,
#8496),(#8497,#8498),(#8499,#8500)),.UNSPECIFIED.,.F.,.F.,.F.,(4,1,4),(2,
2),(0.,0.0453024304113957,0.0981783678837865),(0.,0.05),.UNSPECIFIED.);
#573=B_SPLINE_SURFACE_WITH_KNOTS('',3,1,((#8514,#8515),(#8516,#8517),(#8518,
#8519),(#8520,#8521),(#8522,#8523)),.UNSPECIFIED.,.F.,.F.,.F.,(4,1,4),(2,
2),(0.,0.0355688477068837,0.0745987755909215),(0.,0.05),.UNSPECIFIED.);
#574=B_SPLINE_SURFACE_WITH_KNOTS('',3,1,((#8537,#8538),(#8539,#8540),(#8541,
#8542),(#8543,#8544),(#8545,#8546)),.UNSPECIFIED.,.F.,.F.,.F.,(4,1,4),(2,
2),(0.,0.0343183184208927,0.0680366694273372),(0.,0.05),.UNSPECIFIED.);
#575=B_SPLINE_SURFACE_WITH_KNOTS('',3,1,((#8560,#8561),(#8562,#8563),(#8564,
#8565),(#8566,#8567),(#8568,#8569)),.UNSPECIFIED.,.F.,.F.,.F.,(4,1,4),(2,
2),(0.,0.034250955253421,0.0683585958681754),(0.,0.05),.UNSPECIFIED.);
#576=B_SPLINE_SURFACE_WITH_KNOTS('',3,1,((#8583,#8584),(#8585,#8586),(#8587,
#8588),(#8589,#8590),(#8591,#8592)),.UNSPECIFIED.,.F.,.F.,.F.,(4,1,4),(2,
2),(0.,0.0395589309150812,0.0757086050736295),(0.,0.05),.UNSPECIFIED.);
#577=B_SPLINE_SURFACE_WITH_KNOTS('',3,1,((#8606,#8607),(#8608,#8609),(#8610,
#8611),(#8612,#8613),(#8614,#8615)),.UNSPECIFIED.,.F.,.F.,.F.,(4,1,4),(2,
2),(0.,0.0510063548423514,0.0955020071940684),(0.,0.05),.UNSPECIFIED.);
#578=B_SPLINE_SURFACE_WITH_KNOTS('',3,1,((#8629,#8630),(#8631,#8632),(#8633,
#8634),(#8635,#8636),(#8637,#8638)),.UNSPECIFIED.,.F.,.F.,.F.,(4,1,4),(2,
2),(0.,0.0439336653517972,0.0928242557154847),(0.,0.05),.UNSPECIFIED.);
#579=B_SPLINE_SURFACE_WITH_KNOTS('',3,1,((#8649,#8650),(#8651,#8652),(#8653,
#8654),(#8655,#8656),(#8657,#8658)),.UNSPECIFIED.,.F.,.F.,.F.,(4,1,4),(2,
2),(0.,0.0258325279894708,0.0512666510407167),(0.,0.05),.UNSPECIFIED.);
#580=B_SPLINE_SURFACE_WITH_KNOTS('',3,1,((#8675,#8676),(#8677,#8678),(#8679,
#8680),(#8681,#8682),(#8683,#8684)),.UNSPECIFIED.,.F.,.F.,.F.,(4,1,4),(2,
2),(0.,0.0250170913944375,0.0510693891267137),(0.,0.05),.UNSPECIFIED.);
#581=B_SPLINE_SURFACE_WITH_KNOTS('',3,1,((#8698,#8699),(#8700,#8701),(#8702,
#8703),(#8704,#8705),(#8706,#8707)),.UNSPECIFIED.,.F.,.F.,.F.,(4,1,4),(2,
2),(0.,0.0340571717787316,0.061627139428197),(0.,0.05),.UNSPECIFIED.);
#582=B_SPLINE_SURFACE_WITH_KNOTS('',3,1,((#8727,#8728),(#8729,#8730),(#8731,
#8732),(#8733,#8734),(#8735,#8736)),.UNSPECIFIED.,.F.,.F.,.F.,(4,1,4),(2,
2),(0.,0.0271085164964279,0.0607660539728833),(0.,0.05),.UNSPECIFIED.);
#583=B_SPLINE_SURFACE_WITH_KNOTS('',3,1,((#8750,#8751),(#8752,#8753),(#8754,
#8755),(#8756,#8757),(#8758,#8759)),.UNSPECIFIED.,.F.,.F.,.F.,(4,1,4),(2,
2),(0.,0.0275343531463035,0.0523696454986189),(0.,0.05),.UNSPECIFIED.);
#584=B_SPLINE_SURFACE_WITH_KNOTS('',3,1,((#8773,#8774),(#8775,#8776),(#8777,
#8778),(#8779,#8780),(#8781,#8782)),.UNSPECIFIED.,.F.,.F.,.F.,(4,1,4),(2,
2),(0.,0.0258063249692716,0.0535309551159889),(0.,0.05),.UNSPECIFIED.);
#585=B_SPLINE_SURFACE_WITH_KNOTS('',3,1,((#8796,#8797),(#8798,#8799),(#8800,
#8801),(#8802,#8803),(#8804,#8805)),.UNSPECIFIED.,.F.,.F.,.F.,(4,1,4),(2,
2),(0.,0.0367133960251438,0.065763825263373),(0.,0.05),.UNSPECIFIED.);
#586=B_SPLINE_SURFACE_WITH_KNOTS('',3,1,((#8825,#8826),(#8827,#8828),(#8829,
#8830),(#8831,#8832),(#8833,#8834)),.UNSPECIFIED.,.F.,.F.,.F.,(4,1,4),(2,
2),(0.,0.0469358582046273,0.0997880058167946),(0.,0.05),.UNSPECIFIED.);
#587=B_SPLINE_SURFACE_WITH_KNOTS('',3,1,((#8848,#8849),(#8850,#8851),(#8852,
#8853),(#8854,#8855),(#8856,#8857)),.UNSPECIFIED.,.F.,.F.,.F.,(4,1,4),(2,
2),(0.,0.0540399816259578,0.101209579617199),(0.,0.05),.UNSPECIFIED.);
#588=B_SPLINE_SURFACE_WITH_KNOTS('',3,1,((#8871,#8872),(#8873,#8874),(#8875,
#8876),(#8877,#8878),(#8879,#8880)),.UNSPECIFIED.,.F.,.F.,.F.,(4,1,4),(2,
2),(0.,0.0891260276385921,0.181978219495044),(0.,0.05),.UNSPECIFIED.);
#589=B_SPLINE_SURFACE_WITH_KNOTS('',3,1,((#8894,#8895),(#8896,#8897),(#8898,
#8899),(#8900,#8901),(#8902,#8903)),.UNSPECIFIED.,.F.,.F.,.F.,(4,1,4),(2,
2),(0.,0.113728860880658,0.210314634216808),(0.,0.05),.UNSPECIFIED.);
#590=B_SPLINE_SURFACE_WITH_KNOTS('',3,1,((#8917,#8918),(#8919,#8920),(#8921,
#8922),(#8923,#8924),(#8925,#8926)),.UNSPECIFIED.,.F.,.F.,.F.,(4,1,4),(2,
2),(0.,0.0547751195463388,0.112661022108778),(0.,0.05),.UNSPECIFIED.);
#591=B_SPLINE_SURFACE_WITH_KNOTS('',3,1,((#8940,#8941),(#8942,#8943),(#8944,
#8945),(#8946,#8947),(#8948,#8949)),.UNSPECIFIED.,.F.,.F.,.F.,(4,1,4),(2,
2),(0.,0.0492319900784253,0.101114606936532),(0.,0.05),.UNSPECIFIED.);
#592=B_SPLINE_SURFACE_WITH_KNOTS('',3,1,((#8963,#8964),(#8965,#8966),(#8967,
#8968),(#8969,#8970),(#8971,#8972)),.UNSPECIFIED.,.F.,.F.,.F.,(4,1,4),(2,
2),(0.,0.0458305691813977,0.0929729299188806),(0.,0.05),.UNSPECIFIED.);
#593=B_SPLINE_SURFACE_WITH_KNOTS('',3,1,((#8986,#8987),(#8988,#8989),(#8990,
#8991),(#8992,#8993),(#8994,#8995)),.UNSPECIFIED.,.F.,.F.,.F.,(4,1,4),(2,
2),(0.,0.0470252311811414,0.0929087732774085),(0.,0.05),.UNSPECIFIED.);
#594=B_SPLINE_SURFACE_WITH_KNOTS('',3,1,((#9009,#9010),(#9011,#9012),(#9013,
#9014),(#9015,#9016),(#9017,#9018)),.UNSPECIFIED.,.F.,.F.,.F.,(4,1,4),(2,
2),(0.,0.0330874962645261,0.0683091261486639),(0.,0.05),.UNSPECIFIED.);
#595=B_SPLINE_SURFACE_WITH_KNOTS('',3,1,((#9032,#9033),(#9034,#9035),(#9036,
#9037),(#9038,#9039),(#9040,#9041)),.UNSPECIFIED.,.F.,.F.,.F.,(4,1,4),(2,
2),(0.,0.0322646055915931,0.0646033707216274),(0.,0.05),.UNSPECIFIED.);
#596=B_SPLINE_SURFACE_WITH_KNOTS('',3,1,((#9055,#9056),(#9057,#9058),(#9059,
#9060),(#9061,#9062),(#9063,#9064)),.UNSPECIFIED.,.F.,.F.,.F.,(4,1,4),(2,
2),(0.,0.0391899734858858,0.0742979809514302),(0.,0.05),.UNSPECIFIED.);
#597=B_SPLINE_SURFACE_WITH_KNOTS('',3,1,((#9084,#9085),(#9086,#9087),(#9088,
#9089),(#9090,#9091),(#9092,#9093)),.UNSPECIFIED.,.F.,.F.,.F.,(4,1,4),(2,
2),(0.,0.0278946160686824,0.0610937137111499),(0.,0.05),.UNSPECIFIED.);
#598=B_SPLINE_SURFACE_WITH_KNOTS('',3,1,((#9105,#9106),(#9107,#9108),(#9109,
#9110),(#9111,#9112),(#9113,#9114)),.UNSPECIFIED.,.F.,.F.,.F.,(4,1,4),(2,
2),(0.,0.0428273535171079,0.103356729157823),(0.,0.05),.UNSPECIFIED.);
#599=B_SPLINE_SURFACE_WITH_KNOTS('',3,1,((#9131,#9132),(#9133,#9134),(#9135,
#9136),(#9137,#9138),(#9139,#9140)),.UNSPECIFIED.,.F.,.F.,.F.,(4,1,4),(2,
2),(0.,0.0358498031173078,0.068300555672324),(0.,0.05),.UNSPECIFIED.);
#600=B_SPLINE_SURFACE_WITH_KNOTS('',3,1,((#9154,#9155),(#9156,#9157),(#9158,
#9159),(#9160,#9161),(#9162,#9163)),.UNSPECIFIED.,.F.,.F.,.F.,(4,1,4),(2,
2),(0.,0.0387076035397134,0.0762727307445886),(0.,0.05),.UNSPECIFIED.);
#601=B_SPLINE_SURFACE_WITH_KNOTS('',3,1,((#9177,#9178),(#9179,#9180),(#9181,
#9182),(#9183,#9184),(#9185,#9186)),.UNSPECIFIED.,.F.,.F.,.F.,(4,1,4),(2,
2),(0.,0.0312229656516551,0.0656483295455444),(0.,0.05),.UNSPECIFIED.);
#602=B_SPLINE_SURFACE_WITH_KNOTS('',3,1,((#9200,#9201),(#9202,#9203),(#9204,
#9205),(#9206,#9207),(#9208,#9209)),.UNSPECIFIED.,.F.,.F.,.F.,(4,1,4),(2,
2),(0.,0.0290343953330174,0.0586964825264183),(0.,0.05),.UNSPECIFIED.);
#603=B_SPLINE_SURFACE_WITH_KNOTS('',3,1,((#9223,#9224),(#9225,#9226),(#9227,
#9228),(#9229,#9230),(#9231,#9232)),.UNSPECIFIED.,.F.,.F.,.F.,(4,1,4),(2,
2),(0.,0.0246373819823947,0.0514419373624356),(0.,0.05),.UNSPECIFIED.);
#604=B_SPLINE_SURFACE_WITH_KNOTS('',3,1,((#9246,#9247),(#9248,#9249),(#9250,
#9251),(#9252,#9253),(#9254,#9255)),.UNSPECIFIED.,.F.,.F.,.F.,(4,1,4),(2,
2),(0.,0.0228301113354505,0.047462273251955),(0.,0.05),.UNSPECIFIED.);
#605=B_SPLINE_SURFACE_WITH_KNOTS('',3,1,((#9269,#9270),(#9271,#9272),(#9273,
#9274),(#9275,#9276),(#9277,#9278)),.UNSPECIFIED.,.F.,.F.,.F.,(4,1,4),(2,
2),(0.,0.0488580586145847,0.0801755253742831),(0.,0.05),.UNSPECIFIED.);
#606=B_SPLINE_SURFACE_WITH_KNOTS('',3,1,((#9292,#9293),(#9294,#9295),(#9296,
#9297),(#9298,#9299),(#9300,#9301)),.UNSPECIFIED.,.F.,.F.,.F.,(4,1,4),(2,
2),(0.,0.0381824209034756,0.0896896143218988),(0.,0.05),.UNSPECIFIED.);
#607=B_SPLINE_SURFACE_WITH_KNOTS('',3,1,((#9318,#9319),(#9320,#9321),(#9322,
#9323),(#9324,#9325),(#9326,#9327)),.UNSPECIFIED.,.F.,.F.,.F.,(4,1,4),(2,
2),(0.,0.0212106664315097,0.0462277578259472),(0.,0.05),.UNSPECIFIED.);
#608=B_SPLINE_SURFACE_WITH_KNOTS('',3,1,((#9344,#9345),(#9346,#9347),(#9348,
#9349),(#9350,#9351),(#9352,#9353)),.UNSPECIFIED.,.F.,.F.,.F.,(4,1,4),(2,
2),(0.,0.0242025850136557,0.0479535555091271),(0.,0.05),.UNSPECIFIED.);
#609=B_SPLINE_SURFACE_WITH_KNOTS('',3,1,((#9367,#9368),(#9369,#9370),(#9371,
#9372),(#9373,#9374),(#9375,#9376)),.UNSPECIFIED.,.F.,.F.,.F.,(4,1,4),(2,
2),(0.,0.0205179507722812,0.0439875837882593),(0.,0.05),.UNSPECIFIED.);
#610=B_SPLINE_SURFACE_WITH_KNOTS('',3,1,((#9390,#9391),(#9392,#9393),(#9394,
#9395),(#9396,#9397),(#9398,#9399)),.UNSPECIFIED.,.F.,.F.,.F.,(4,1,4),(2,
2),(0.,0.0351159066544015,0.0545542770646494),(0.,0.05),.UNSPECIFIED.);
#611=B_SPLINE_SURFACE_WITH_KNOTS('',3,1,((#9413,#9414),(#9415,#9416),(#9417,
#9418),(#9419,#9420),(#9421,#9422)),.UNSPECIFIED.,.F.,.F.,.F.,(4,1,4),(2,
2),(0.,0.039081893192561,0.0808168419040508),(0.,0.05),.UNSPECIFIED.);
#612=B_SPLINE_SURFACE_WITH_KNOTS('',3,1,((#9436,#9437),(#9438,#9439),(#9440,
#9441),(#9442,#9443),(#9444,#9445)),.UNSPECIFIED.,.F.,.F.,.F.,(4,1,4),(2,
2),(0.,0.0350018542748361,0.0737157756833943),(0.,0.05),.UNSPECIFIED.);
#613=B_SPLINE_SURFACE_WITH_KNOTS('',3,1,((#9459,#9460),(#9461,#9462),(#9463,
#9464),(#9465,#9466),(#9467,#9468)),.UNSPECIFIED.,.F.,.F.,.F.,(4,1,4),(2,
2),(0.,0.0439068623815274,0.0806418885411431),(0.,0.05),.UNSPECIFIED.);
#614=B_SPLINE_SURFACE_WITH_KNOTS('',3,1,((#9482,#9483),(#9484,#9485),(#9486,
#9487),(#9488,#9489),(#9490,#9491)),.UNSPECIFIED.,.F.,.F.,.F.,(4,1,4),(2,
2),(0.,0.0552874853581508,0.123272849266328),(0.,0.05),.UNSPECIFIED.);
#615=B_SPLINE_SURFACE_WITH_KNOTS('',3,1,((#9505,#9506),(#9507,#9508),(#9509,
#9510),(#9511,#9512),(#9513,#9514)),.UNSPECIFIED.,.F.,.F.,.F.,(4,1,4),(2,
2),(0.,0.0511035237256346,0.0995707375583849),(0.,0.05),.UNSPECIFIED.);
#616=B_SPLINE_SURFACE_WITH_KNOTS('',3,1,((#9528,#9529),(#9530,#9531),(#9532,
#9533),(#9534,#9535),(#9536,#9537)),.UNSPECIFIED.,.F.,.F.,.F.,(4,1,4),(2,
2),(0.,0.0797042925155222,0.142253258257554),(0.,0.05),.UNSPECIFIED.);
#617=B_SPLINE_SURFACE_WITH_KNOTS('',3,1,((#9551,#9552),(#9553,#9554),(#9555,
#9556),(#9557,#9558),(#9559,#9560)),.UNSPECIFIED.,.F.,.F.,.F.,(4,1,4),(2,
2),(0.,0.0621671475704511,0.135464767016803),(0.,0.05),.UNSPECIFIED.);
#618=B_SPLINE_SURFACE_WITH_KNOTS('',3,1,((#9574,#9575),(#9576,#9577),(#9578,
#9579),(#9580,#9581),(#9582,#9583)),.UNSPECIFIED.,.F.,.F.,.F.,(4,1,4),(2,
2),(0.,0.0445293441460916,0.0970936706007048),(0.,0.05),.UNSPECIFIED.);
#619=B_SPLINE_SURFACE_WITH_KNOTS('',3,1,((#9597,#9598),(#9599,#9600),(#9601,
#9602),(#9603,#9604),(#9605,#9606)),.UNSPECIFIED.,.F.,.F.,.F.,(4,1,4),(2,
2),(0.,0.0356871630876296,0.0747173163958947),(0.,0.05),.UNSPECIFIED.);
#620=B_SPLINE_SURFACE_WITH_KNOTS('',3,1,((#9620,#9621),(#9622,#9623),(#9624,
#9625),(#9626,#9627),(#9628,#9629)),.UNSPECIFIED.,.F.,.F.,.F.,(4,1,4),(2,
2),(0.,0.0208051421788314,0.0419805105337846),(0.,0.05),.UNSPECIFIED.);
#621=B_SPLINE_SURFACE_WITH_KNOTS('',3,1,((#9643,#9644),(#9645,#9646),(#9647,
#9648),(#9649,#9650),(#9651,#9652)),.UNSPECIFIED.,.F.,.F.,.F.,(4,1,4),(2,
2),(0.,0.0215733818910631,0.0428065997995193),(0.,0.05),.UNSPECIFIED.);
#622=B_SPLINE_SURFACE_WITH_KNOTS('',3,1,((#9666,#9667),(#9668,#9669),(#9670,
#9671),(#9672,#9673),(#9674,#9675)),.UNSPECIFIED.,.F.,.F.,.F.,(4,1,4),(2,
2),(0.,0.0136227380571388,0.0345200828248515),(0.,0.05),.UNSPECIFIED.);
#623=B_SPLINE_SURFACE_WITH_KNOTS('',3,1,((#9689,#9690),(#9691,#9692),(#9693,
#9694),(#9695,#9696),(#9697,#9698)),.UNSPECIFIED.,.F.,.F.,.F.,(4,1,4),(2,
2),(0.,0.0285747946451126,0.046261594533554),(0.,0.05),.UNSPECIFIED.);
#624=B_SPLINE_SURFACE_WITH_KNOTS('',3,1,((#9712,#9713),(#9714,#9715),(#9716,
#9717),(#9718,#9719),(#9720,#9721)),.UNSPECIFIED.,.F.,.F.,.F.,(4,1,4),(2,
2),(0.,0.0299554516910608,0.0623884286740387),(0.,0.05),.UNSPECIFIED.);
#625=B_SPLINE_SURFACE_WITH_KNOTS('',3,1,((#9735,#9736),(#9737,#9738),(#9739,
#9740),(#9741,#9742),(#9743,#9744)),.UNSPECIFIED.,.F.,.F.,.F.,(4,1,4),(2,
2),(0.,0.0452856264856884,0.0795473289242555),(0.,0.05),.UNSPECIFIED.);
#626=B_SPLINE_SURFACE_WITH_KNOTS('',3,1,((#9758,#9759),(#9760,#9761),(#9762,
#9763),(#9764,#9765),(#9766,#9767)),.UNSPECIFIED.,.F.,.F.,.F.,(4,1,4),(2,
2),(0.,0.034682355227984,0.0846776948060993),(0.,0.05),.UNSPECIFIED.);
#627=B_SPLINE_SURFACE_WITH_KNOTS('',3,1,((#9781,#9782),(#9783,#9784),(#9785,
#9786),(#9787,#9788),(#9789,#9790)),.UNSPECIFIED.,.F.,.F.,.F.,(4,1,4),(2,
2),(0.,0.0467362797305622,0.0820335487756777),(0.,0.05),.UNSPECIFIED.);
#628=B_SPLINE_SURFACE_WITH_KNOTS('',3,1,((#9804,#9805),(#9806,#9807),(#9808,
#9809),(#9810,#9811),(#9812,#9813)),.UNSPECIFIED.,.F.,.F.,.F.,(4,1,4),(2,
2),(0.,0.039326675601192,0.0819693879242099),(0.,0.05),.UNSPECIFIED.);
#629=B_SPLINE_SURFACE_WITH_KNOTS('',3,1,((#9827,#9828),(#9829,#9830),(#9831,
#9832),(#9833,#9834),(#9835,#9836)),.UNSPECIFIED.,.F.,.F.,.F.,(4,1,4),(2,
2),(0.,0.0482711717976546,0.0890795976281961),(0.,0.05),.UNSPECIFIED.);
#630=B_SPLINE_SURFACE_WITH_KNOTS('',3,1,((#9850,#9851),(#9852,#9853),(#9854,
#9855),(#9856,#9857),(#9858,#9859)),.UNSPECIFIED.,.F.,.F.,.F.,(4,1,4),(2,
2),(0.,0.0229000572187222,0.0652026583584913),(0.,0.05),.UNSPECIFIED.);
#631=B_SPLINE_SURFACE_WITH_KNOTS('',3,1,((#9873,#9874),(#9875,#9876),(#9877,
#9878),(#9879,#9880),(#9881,#9882)),.UNSPECIFIED.,.F.,.F.,.F.,(4,1,4),(2,
2),(0.,0.0529471563833085,0.111201789598661),(0.,0.05),.UNSPECIFIED.);
#632=B_SPLINE_SURFACE_WITH_KNOTS('',3,1,((#9896,#9897),(#9898,#9899),(#9900,
#9901),(#9902,#9903),(#9904,#9905)),.UNSPECIFIED.,.F.,.F.,.F.,(4,1,4),(2,
2),(0.,0.0520733183365494,0.102642015922304),(0.,0.05),.UNSPECIFIED.);
#633=B_SPLINE_SURFACE_WITH_KNOTS('',3,1,((#9919,#9920),(#9921,#9922),(#9923,
#9924),(#9925,#9926),(#9927,#9928)),.UNSPECIFIED.,.F.,.F.,.F.,(4,1,4),(2,
2),(0.,0.0399350875977185,0.0798685514503111),(0.,0.05),.UNSPECIFIED.);
#634=B_SPLINE_SURFACE_WITH_KNOTS('',3,1,((#9942,#9943),(#9944,#9945),(#9946,
#9947),(#9948,#9949),(#9950,#9951)),.UNSPECIFIED.,.F.,.F.,.F.,(4,1,4),(2,
2),(0.,0.0423432063238657,0.0830430593585968),(0.,0.05),.UNSPECIFIED.);
#635=B_SPLINE_SURFACE_WITH_KNOTS('',3,1,((#9965,#9966),(#9967,#9968),(#9969,
#9970),(#9971,#9972),(#9973,#9974)),.UNSPECIFIED.,.F.,.F.,.F.,(4,1,4),(2,
2),(0.,0.0491163445596195,0.0944168747745574),(0.,0.05),.UNSPECIFIED.);
#636=B_SPLINE_SURFACE_WITH_KNOTS('',3,1,((#9988,#9989),(#9990,#9991),(#9992,
#9993),(#9994,#9995),(#9996,#9997)),.UNSPECIFIED.,.F.,.F.,.F.,(4,1,4),(2,
2),(0.,0.0503726770925352,0.104625168732217),(0.,0.05),.UNSPECIFIED.);
#637=B_SPLINE_SURFACE_WITH_KNOTS('',3,1,((#10011,#10012),(#10013,#10014),
(#10015,#10016),(#10017,#10018),(#10019,#10020)),.UNSPECIFIED.,.F.,.F.,
 .F.,(4,1,4),(2,2),(0.,0.0586670970266754,0.11121608987773),(0.,0.05),
 .UNSPECIFIED.);
#638=B_SPLINE_SURFACE_WITH_KNOTS('',3,1,((#10034,#10035),(#10036,#10037),
(#10038,#10039),(#10040,#10041),(#10042,#10043)),.UNSPECIFIED.,.F.,.F.,
 .F.,(4,1,4),(2,2),(0.,0.0319147934724485,0.071466720753606),(0.,0.05),
 .UNSPECIFIED.);
#639=B_SPLINE_SURFACE_WITH_KNOTS('',3,1,((#10104,#10105),(#10106,#10107),
(#10108,#10109),(#10110,#10111),(#10112,#10113)),.UNSPECIFIED.,.F.,.F.,
 .F.,(4,1,4),(2,2),(0.,0.0347683934372647,0.0747355953120058),(0.,0.05),
 .UNSPECIFIED.);
#640=B_SPLINE_SURFACE_WITH_KNOTS('',3,1,((#10130,#10131),(#10132,#10133),
(#10134,#10135),(#10136,#10137),(#10138,#10139)),.UNSPECIFIED.,.F.,.F.,
 .F.,(4,1,4),(2,2),(0.,0.0254223604203661,0.0550257771949263),(0.,0.05),
 .UNSPECIFIED.);
#641=B_SPLINE_SURFACE_WITH_KNOTS('',3,1,((#10153,#10154),(#10155,#10156),
(#10157,#10158),(#10159,#10160),(#10161,#10162)),.UNSPECIFIED.,.F.,.F.,
 .F.,(4,1,4),(2,2),(0.,0.0272516883020152,0.051829994055132),(0.,0.05),
 .UNSPECIFIED.);
#642=B_SPLINE_SURFACE_WITH_KNOTS('',3,1,((#10176,#10177),(#10178,#10179),
(#10180,#10181),(#10182,#10183),(#10184,#10185)),.UNSPECIFIED.,.F.,.F.,
 .F.,(4,1,4),(2,2),(0.,0.0275099427922024,0.0510032740609929),(0.,0.05),
 .UNSPECIFIED.);
#643=B_SPLINE_SURFACE_WITH_KNOTS('',3,1,((#10199,#10200),(#10201,#10202),
(#10203,#10204),(#10205,#10206),(#10207,#10208)),.UNSPECIFIED.,.F.,.F.,
 .F.,(4,1,4),(2,2),(0.,0.0129322411545977,0.0372431678015739),(0.,0.05),
 .UNSPECIFIED.);
#644=B_SPLINE_SURFACE_WITH_KNOTS('',3,1,((#10222,#10223),(#10224,#10225),
(#10226,#10227),(#10228,#10229),(#10230,#10231)),.UNSPECIFIED.,.F.,.F.,
 .F.,(4,1,4),(2,2),(0.,0.0211997555990519,0.0406533980341396),(0.,0.05),
 .UNSPECIFIED.);
#645=B_SPLINE_SURFACE_WITH_KNOTS('',3,1,((#10245,#10246),(#10247,#10248),
(#10249,#10250),(#10251,#10252),(#10253,#10254)),.UNSPECIFIED.,.F.,.F.,
 .F.,(4,1,4),(2,2),(0.,0.0230438339457005,0.0455882020512661),(0.,0.05),
 .UNSPECIFIED.);
#646=B_SPLINE_SURFACE_WITH_KNOTS('',3,1,((#10268,#10269),(#10270,#10271),
(#10272,#10273),(#10274,#10275),(#10276,#10277)),.UNSPECIFIED.,.F.,.F.,
 .F.,(4,1,4),(2,2),(0.,0.0389246243247098,0.0721340183014538),(0.,0.05),
 .UNSPECIFIED.);
#647=B_SPLINE_SURFACE_WITH_KNOTS('',3,1,((#10291,#10292),(#10293,#10294),
(#10295,#10296),(#10297,#10298),(#10299,#10300)),.UNSPECIFIED.,.F.,.F.,
 .F.,(4,1,4),(2,2),(0.,0.0422637642957747,0.0859708181723637),(0.,0.05),
 .UNSPECIFIED.);
#648=B_SPLINE_SURFACE_WITH_KNOTS('',3,1,((#10314,#10315),(#10316,#10317),
(#10318,#10319),(#10320,#10321),(#10322,#10323)),.UNSPECIFIED.,.F.,.F.,
 .F.,(4,1,4),(2,2),(0.,0.033917511969334,0.0726256494326319),(0.,0.05),
 .UNSPECIFIED.);
#649=B_SPLINE_SURFACE_WITH_KNOTS('',3,1,((#10337,#10338),(#10339,#10340),
(#10341,#10342),(#10343,#10344),(#10345,#10346)),.UNSPECIFIED.,.F.,.F.,
 .F.,(4,1,4),(2,2),(0.,0.0439421070975673,0.0802489782917605),(0.,0.05),
 .UNSPECIFIED.);
#650=B_SPLINE_SURFACE_WITH_KNOTS('',3,1,((#10360,#10361),(#10362,#10363),
(#10364,#10365),(#10366,#10367),(#10368,#10369)),.UNSPECIFIED.,.F.,.F.,
 .F.,(4,1,4),(2,2),(0.,0.0287455827156744,0.0655488555859724),(0.,0.05),
 .UNSPECIFIED.);
#651=B_SPLINE_SURFACE_WITH_KNOTS('',3,1,((#10383,#10384),(#10385,#10386),
(#10387,#10388),(#10389,#10390),(#10391,#10392)),.UNSPECIFIED.,.F.,.F.,
 .F.,(4,1,4),(2,2),(0.,0.0294257466805542,0.0546534482050822),(0.,0.05),
 .UNSPECIFIED.);
#652=B_SPLINE_SURFACE_WITH_KNOTS('',3,1,((#10406,#10407),(#10408,#10409),
(#10410,#10411),(#10412,#10413),(#10414,#10415)),.UNSPECIFIED.,.F.,.F.,
 .F.,(4,1,4),(2,2),(0.,0.0702255294568293,0.124568462813577),(0.,0.05),
 .UNSPECIFIED.);
#653=B_SPLINE_SURFACE_WITH_KNOTS('',3,1,((#10435,#10436),(#10437,#10438),
(#10439,#10440),(#10441,#10442),(#10443,#10444)),.UNSPECIFIED.,.F.,.F.,
 .F.,(4,1,4),(2,2),(0.,0.0293359708107919,0.0652647968030732),(0.,0.05),
 .UNSPECIFIED.);
#654=B_SPLINE_SURFACE_WITH_KNOTS('',3,1,((#10458,#10459),(#10460,#10461),
(#10462,#10463),(#10464,#10465),(#10466,#10467)),.UNSPECIFIED.,.F.,.F.,
 .F.,(4,1,4),(2,2),(0.,0.0270939215060288,0.0535641531751274),(0.,0.05),
 .UNSPECIFIED.);
#655=B_SPLINE_SURFACE_WITH_KNOTS('',3,1,((#10481,#10482),(#10483,#10484),
(#10485,#10486),(#10487,#10488),(#10489,#10490)),.UNSPECIFIED.,.F.,.F.,
 .F.,(4,1,4),(2,2),(0.,0.026658206005998,0.0542150499255874),(0.,0.05),
 .UNSPECIFIED.);
#656=B_SPLINE_SURFACE_WITH_KNOTS('',3,1,((#10504,#10505),(#10506,#10507),
(#10508,#10509),(#10510,#10511),(#10512,#10513)),.UNSPECIFIED.,.F.,.F.,
 .F.,(4,1,4),(2,2),(0.,0.0363128482054754,0.0659369404718325),(0.,0.05),
 .UNSPECIFIED.);
#657=B_SPLINE_SURFACE_WITH_KNOTS('',3,1,((#10533,#10534),(#10535,#10536),
(#10537,#10538),(#10539,#10540),(#10541,#10542)),.UNSPECIFIED.,.F.,.F.,
 .F.,(4,1,4),(2,2),(0.,0.0468455163364231,0.103005265541142),(0.,0.05),
 .UNSPECIFIED.);
#658=B_SPLINE_SURFACE_WITH_KNOTS('',3,1,((#10554,#10555),(#10556,#10557),
(#10558,#10559),(#10560,#10561),(#10562,#10563)),.UNSPECIFIED.,.F.,.F.,
 .F.,(4,1,4),(2,2),(0.,0.056227071684924,0.110911533855504),(0.,0.05),
 .UNSPECIFIED.);
#659=B_SPLINE_SURFACE_WITH_KNOTS('',3,1,((#10580,#10581),(#10582,#10583),
(#10584,#10585),(#10586,#10587),(#10588,#10589)),.UNSPECIFIED.,.F.,.F.,
 .F.,(4,1,4),(2,2),(0.,0.0362913864180098,0.0746151285761074),(0.,0.05),
 .UNSPECIFIED.);
#660=B_SPLINE_SURFACE_WITH_KNOTS('',3,1,((#10603,#10604),(#10605,#10606),
(#10607,#10608),(#10609,#10610),(#10611,#10612)),.UNSPECIFIED.,.F.,.F.,
 .F.,(4,1,4),(2,2),(0.,0.0401476799374676,0.0770556471575548),(0.,0.05),
 .UNSPECIFIED.);
#661=B_SPLINE_SURFACE_WITH_KNOTS('',3,1,((#10626,#10627),(#10628,#10629),
(#10630,#10631),(#10632,#10633),(#10634,#10635)),.UNSPECIFIED.,.F.,.F.,
 .F.,(4,1,4),(2,2),(0.,0.0497536342181968,0.0942830002173443),(0.,0.05),
 .UNSPECIFIED.);
#662=B_SPLINE_SURFACE_WITH_KNOTS('',3,1,((#10649,#10650),(#10651,#10652),
(#10653,#10654),(#10655,#10656),(#10657,#10658)),.UNSPECIFIED.,.F.,.F.,
 .F.,(4,1,4),(2,2),(0.,0.045105605798532,0.095362403983078),(0.,0.05),
 .UNSPECIFIED.);
#663=B_SPLINE_SURFACE_WITH_KNOTS('',3,1,((#10672,#10673),(#10674,#10675),
(#10676,#10677),(#10678,#10679),(#10680,#10681)),.UNSPECIFIED.,.F.,.F.,
 .F.,(4,1,4),(2,2),(0.,0.0367462228403926,0.0770624193749852),(0.,0.05),
 .UNSPECIFIED.);
#664=B_SPLINE_SURFACE_WITH_KNOTS('',3,1,((#10695,#10696),(#10697,#10698),
(#10699,#10700),(#10701,#10702),(#10703,#10704)),.UNSPECIFIED.,.F.,.F.,
 .F.,(4,1,4),(2,2),(0.,0.0375885292130017,0.0736568380724359),(0.,0.05),
 .UNSPECIFIED.);
#665=B_SPLINE_SURFACE_WITH_KNOTS('',3,1,((#10718,#10719),(#10720,#10721),
(#10722,#10723),(#10724,#10725),(#10726,#10727)),.UNSPECIFIED.,.F.,.F.,
 .F.,(4,1,4),(2,2),(0.,0.0546845373936868,0.110911609078611),(0.,0.05),
 .UNSPECIFIED.);
#666=B_SPLINE_SURFACE_WITH_KNOTS('',3,1,((#10741,#10742),(#10743,#10744),
(#10745,#10746),(#10747,#10748),(#10749,#10750)),.UNSPECIFIED.,.F.,.F.,
 .F.,(4,1,4),(2,2),(0.,0.0740342085146541,0.135651481948613),(0.,0.05),
 .UNSPECIFIED.);
#667=B_SPLINE_SURFACE_WITH_KNOTS('',3,1,((#10764,#10765),(#10766,#10767),
(#10768,#10769),(#10770,#10771),(#10772,#10773)),.UNSPECIFIED.,.F.,.F.,
 .F.,(4,1,4),(2,2),(0.,0.061728073069612,0.135148725994008),(0.,0.05),
 .UNSPECIFIED.);
#668=B_SPLINE_SURFACE_WITH_KNOTS('',3,1,((#10784,#10785),(#10786,#10787),
(#10788,#10789),(#10790,#10791),(#10792,#10793)),.UNSPECIFIED.,.F.,.F.,
 .F.,(4,1,4),(2,2),(0.,0.0508422783833375,0.103007059427387),(0.,0.05),
 .UNSPECIFIED.);
#669=B_SPLINE_SURFACE_WITH_KNOTS('',3,1,((#10810,#10811),(#10812,#10813),
(#10814,#10815),(#10816,#10817),(#10818,#10819)),.UNSPECIFIED.,.F.,.F.,
 .F.,(4,1,4),(2,2),(0.,0.0522190340682015,0.10308381854048),(0.,0.05),
 .UNSPECIFIED.);
#670=B_SPLINE_SURFACE_WITH_KNOTS('',3,1,((#10833,#10834),(#10835,#10836),
(#10837,#10838),(#10839,#10840),(#10841,#10842)),.UNSPECIFIED.,.F.,.F.,
 .F.,(4,1,4),(2,2),(0.,0.0587100565151909,0.113567533881858),(0.,0.05),
 .UNSPECIFIED.);
#671=B_SPLINE_SURFACE_WITH_KNOTS('',3,1,((#10856,#10857),(#10858,#10859),
(#10860,#10861),(#10862,#10863),(#10864,#10865)),.UNSPECIFIED.,.F.,.F.,
 .F.,(4,1,4),(2,2),(0.,0.0546194988305921,0.112589794254861),(0.,0.05),
 .UNSPECIFIED.);
#672=B_SPLINE_SURFACE_WITH_KNOTS('',3,1,((#10879,#10880),(#10881,#10882),
(#10883,#10884),(#10885,#10886),(#10887,#10888)),.UNSPECIFIED.,.F.,.F.,
 .F.,(4,1,4),(2,2),(0.,0.050263724283642,0.102147132705172),(0.,0.05),
 .UNSPECIFIED.);
#673=B_SPLINE_SURFACE_WITH_KNOTS('',3,1,((#10902,#10903),(#10904,#10905),
(#10906,#10907),(#10908,#10909),(#10910,#10911)),.UNSPECIFIED.,.F.,.F.,
 .F.,(4,1,4),(2,2),(0.,0.052494941316817,0.102990257610067),(0.,0.05),
 .UNSPECIFIED.);
#674=B_SPLINE_SURFACE_WITH_KNOTS('',3,1,((#10925,#10926),(#10927,#10928),
(#10929,#10930),(#10931,#10932),(#10933,#10934)),.UNSPECIFIED.,.F.,.F.,
 .F.,(4,1,4),(2,2),(0.,0.0589360060511694,0.114314737324929),(0.,0.05),
 .UNSPECIFIED.);
#675=B_SPLINE_SURFACE_WITH_KNOTS('',3,1,((#10948,#10949),(#10950,#10951),
(#10952,#10953),(#10954,#10955),(#10956,#10957)),.UNSPECIFIED.,.F.,.F.,
 .F.,(4,1,4),(2,2),(0.,0.0548063000853451,0.113239533885127),(0.,0.05),
 .UNSPECIFIED.);
#676=B_SPLINE_SURFACE_WITH_KNOTS('',3,1,((#10971,#10972),(#10973,#10974),
(#10975,#10976),(#10977,#10978),(#10979,#10980)),.UNSPECIFIED.,.F.,.F.,
 .F.,(4,1,4),(2,2),(0.,0.0511135719672303,0.103218167431783),(0.,0.05),
 .UNSPECIFIED.);
#677=B_SPLINE_SURFACE_WITH_KNOTS('',3,1,((#10994,#10995),(#10996,#10997),
(#10998,#10999),(#11000,#11001),(#11002,#11003)),.UNSPECIFIED.,.F.,.F.,
 .F.,(4,1,4),(2,2),(0.,0.051670640123605,0.102630756555457),(0.,0.05),
 .UNSPECIFIED.);
#678=B_SPLINE_SURFACE_WITH_KNOTS('',3,1,((#11017,#11018),(#11019,#11020),
(#11021,#11022),(#11023,#11024),(#11025,#11026)),.UNSPECIFIED.,.F.,.F.,
 .F.,(4,1,4),(2,2),(0.,0.0584632193441206,0.112606813490494),(0.,0.05),
 .UNSPECIFIED.);
#679=B_SPLINE_SURFACE_WITH_KNOTS('',3,1,((#11040,#11041),(#11042,#11043),
(#11044,#11045),(#11046,#11047),(#11048,#11049)),.UNSPECIFIED.,.F.,.F.,
 .F.,(4,1,4),(2,2),(0.,0.054519632283444,0.113466041246006),(0.,0.05),
 .UNSPECIFIED.);
#680=B_SPLINE_SURFACE_WITH_KNOTS('',3,1,((#11063,#11064),(#11065,#11066),
(#11067,#11068),(#11069,#11070),(#11071,#11072)),.UNSPECIFIED.,.F.,.F.,
 .F.,(4,1,4),(2,2),(0.,0.0507694664772527,0.102659255566294),(0.,0.05),
 .UNSPECIFIED.);
#681=B_SPLINE_SURFACE_WITH_KNOTS('',3,1,((#11086,#11087),(#11088,#11089),
(#11090,#11091),(#11092,#11093),(#11094,#11095)),.UNSPECIFIED.,.F.,.F.,
 .F.,(4,1,4),(2,2),(0.,0.0526602164583547,0.103676182996149),(0.,0.05),
 .UNSPECIFIED.);
#682=B_SPLINE_SURFACE_WITH_KNOTS('',3,1,((#11109,#11110),(#11111,#11112),
(#11113,#11114),(#11115,#11116),(#11117,#11118)),.UNSPECIFIED.,.F.,.F.,
 .F.,(4,1,4),(2,2),(0.,0.0581963811142914,0.113335937305482),(0.,0.05),
 .UNSPECIFIED.);
#683=B_SPLINE_SURFACE_WITH_KNOTS('',3,1,((#11132,#11133),(#11134,#11135),
(#11136,#11137),(#11138,#11139),(#11140,#11141)),.UNSPECIFIED.,.F.,.F.,
 .F.,(4,1,4),(2,2),(0.,0.0549004603507266,0.11334331758829),(0.,0.05),
 .UNSPECIFIED.);
#684=B_SPLINE_SURFACE_WITH_KNOTS('',3,1,((#11153,#11154),(#11155,#11156),
(#11157,#11158),(#11159,#11160),(#11161,#11162)),.UNSPECIFIED.,.F.,.F.,
 .F.,(4,1,4),(2,2),(0.,0.0371809499971212,0.0779732421213703),(0.,0.05),
 .UNSPECIFIED.);
#685=B_SPLINE_SURFACE_WITH_KNOTS('',3,1,((#11179,#11180),(#11181,#11182),
(#11183,#11184),(#11185,#11186),(#11187,#11188)),.UNSPECIFIED.,.F.,.F.,
 .F.,(4,1,4),(2,2),(0.,0.0368712409087605,0.0728797847102929),(0.,0.05),
 .UNSPECIFIED.);
#686=B_SPLINE_SURFACE_WITH_KNOTS('',3,1,((#11202,#11203),(#11204,#11205),
(#11206,#11207),(#11208,#11209),(#11210,#11211)),.UNSPECIFIED.,.F.,.F.,
 .F.,(4,1,4),(2,2),(0.,0.0344647107997524,0.0701126529760828),(0.,0.05),
 .UNSPECIFIED.);
#687=B_SPLINE_SURFACE_WITH_KNOTS('',3,1,((#11225,#11226),(#11227,#11228),
(#11229,#11230),(#11231,#11232),(#11233,#11234)),.UNSPECIFIED.,.F.,.F.,
 .F.,(4,1,4),(2,2),(0.,0.0388514248810754,0.0743587215112019),(0.,0.05),
 .UNSPECIFIED.);
#688=B_SPLINE_SURFACE_WITH_KNOTS('',3,1,((#11248,#11249),(#11250,#11251),
(#11252,#11253),(#11254,#11255),(#11256,#11257)),.UNSPECIFIED.,.F.,.F.,
 .F.,(4,1,4),(2,2),(0.,0.0498673155003363,0.0937021199124461),(0.,0.05),
 .UNSPECIFIED.);
#689=B_SPLINE_SURFACE_WITH_KNOTS('',3,1,((#11271,#11272),(#11273,#11274),
(#11275,#11276),(#11277,#11278),(#11279,#11280)),.UNSPECIFIED.,.F.,.F.,
 .F.,(4,1,4),(2,2),(0.,0.0607918918847601,0.134473456997436),(0.,0.05),
 .UNSPECIFIED.);
#690=B_SPLINE_SURFACE_WITH_KNOTS('',3,1,((#11294,#11295),(#11296,#11297),
(#11298,#11299),(#11300,#11301),(#11302,#11303)),.UNSPECIFIED.,.F.,.F.,
 .F.,(4,1,4),(2,2),(0.,0.0486318718472773,0.100653288666071),(0.,0.05),
 .UNSPECIFIED.);
#691=B_SPLINE_SURFACE_WITH_KNOTS('',3,1,((#11317,#11318),(#11319,#11320),
(#11321,#11322),(#11323,#11324),(#11325,#11326)),.UNSPECIFIED.,.F.,.F.,
 .F.,(4,1,4),(2,2),(0.,0.0536036158548539,0.108833964947437),(0.,0.05),
 .UNSPECIFIED.);
#692=B_SPLINE_SURFACE_WITH_KNOTS('',3,1,((#11340,#11341),(#11342,#11343),
(#11344,#11345),(#11346,#11347),(#11348,#11349)),.UNSPECIFIED.,.F.,.F.,
 .F.,(4,1,4),(2,2),(0.,0.0719483996593589,0.131471230243701),(0.,0.05),
 .UNSPECIFIED.);
#693=B_SPLINE_SURFACE_WITH_KNOTS('',3,1,((#11363,#11364),(#11365,#11366),
(#11367,#11368),(#11369,#11370),(#11371,#11372)),.UNSPECIFIED.,.F.,.F.,
 .F.,(4,1,4),(2,2),(0.,0.0453127037572167,0.0965759200956181),(0.,0.05),
 .UNSPECIFIED.);
#694=B_SPLINE_SURFACE_WITH_KNOTS('',3,1,((#11383,#11384),(#11385,#11386),
(#11387,#11388),(#11389,#11390),(#11391,#11392)),.UNSPECIFIED.,.F.,.F.,
 .F.,(4,1,4),(2,2),(0.,0.0280432619686653,0.0534967586597846),(0.,0.05),
 .UNSPECIFIED.);
#695=B_SPLINE_SURFACE_WITH_KNOTS('',3,1,((#11409,#11410),(#11411,#11412),
(#11413,#11414),(#11415,#11416),(#11417,#11418)),.UNSPECIFIED.,.F.,.F.,
 .F.,(4,1,4),(2,2),(0.,0.0256126421834267,0.0526094677254269),(0.,0.05),
 .UNSPECIFIED.);
#696=B_SPLINE_SURFACE_WITH_KNOTS('',3,1,((#11432,#11433),(#11434,#11435),
(#11436,#11437),(#11438,#11439),(#11440,#11441)),.UNSPECIFIED.,.F.,.F.,
 .F.,(4,1,4),(2,2),(0.,0.0362217593763855,0.0648243196296668),(0.,0.05),
 .UNSPECIFIED.);
#697=B_SPLINE_SURFACE_WITH_KNOTS('',3,1,((#11461,#11462),(#11463,#11464),
(#11465,#11466),(#11467,#11468),(#11469,#11470)),.UNSPECIFIED.,.F.,.F.,
 .F.,(4,1,4),(2,2),(0.,0.0274373084908353,0.061217559997901),(0.,0.05),
 .UNSPECIFIED.);
#698=B_SPLINE_SURFACE_WITH_KNOTS('',3,1,((#11484,#11485),(#11486,#11487),
(#11488,#11489),(#11490,#11491),(#11492,#11493)),.UNSPECIFIED.,.F.,.F.,
 .F.,(4,1,4),(2,2),(0.,0.0262955373343138,0.0511111659103774),(0.,0.05),
 .UNSPECIFIED.);
#699=B_SPLINE_SURFACE_WITH_KNOTS('',3,1,((#11507,#11508),(#11509,#11510),
(#11511,#11512),(#11513,#11514),(#11515,#11516)),.UNSPECIFIED.,.F.,.F.,
 .F.,(4,1,4),(2,2),(0.,0.0253208154125928,0.0514947230118716),(0.,0.05),
 .UNSPECIFIED.);
#700=B_SPLINE_SURFACE_WITH_KNOTS('',3,1,((#11530,#11531),(#11532,#11533),
(#11534,#11535),(#11536,#11537),(#11538,#11539)),.UNSPECIFIED.,.F.,.F.,
 .F.,(4,1,4),(2,2),(0.,0.0338284365862041,0.0617950503008765),(0.,0.05),
 .UNSPECIFIED.);
#701=B_SPLINE_SURFACE_WITH_KNOTS('',3,1,((#11559,#11560),(#11561,#11562),
(#11563,#11564),(#11565,#11566),(#11567,#11568)),.UNSPECIFIED.,.F.,.F.,
 .F.,(4,1,4),(2,2),(0.,0.0223913072887272,0.0525267879703908),(0.,0.05),
 .UNSPECIFIED.);
#702=B_SPLINE_SURFACE_WITH_KNOTS('',3,1,((#11582,#11583),(#11584,#11585),
(#11586,#11587),(#11588,#11589),(#11590,#11591)),.UNSPECIFIED.,.F.,.F.,
 .F.,(4,1,4),(2,2),(0.,0.0218553633770905,0.0416976224963926),(0.,0.05),
 .UNSPECIFIED.);
#703=B_SPLINE_SURFACE_WITH_KNOTS('',3,1,((#11605,#11606),(#11607,#11608),
(#11609,#11610),(#11611,#11612),(#11613,#11614)),.UNSPECIFIED.,.F.,.F.,
 .F.,(4,1,4),(2,2),(0.,0.0266350505300598,0.0504746807535095),(0.,0.05),
 .UNSPECIFIED.);
#704=B_SPLINE_SURFACE_WITH_KNOTS('',3,1,((#11628,#11629),(#11630,#11631),
(#11632,#11633),(#11634,#11635),(#11636,#11637)),.UNSPECIFIED.,.F.,.F.,
 .F.,(4,1,4),(2,2),(0.,0.0303585509463546,0.0594657887877585),(0.,0.05),
 .UNSPECIFIED.);
#705=B_SPLINE_SURFACE_WITH_KNOTS('',3,1,((#11651,#11652),(#11653,#11654),
(#11655,#11656),(#11657,#11658),(#11659,#11660)),.UNSPECIFIED.,.F.,.F.,
 .F.,(4,1,4),(2,2),(0.,0.0468181629781456,0.0958116683427862),(0.,0.05),
 .UNSPECIFIED.);
#706=B_SPLINE_SURFACE_WITH_KNOTS('',3,1,((#11674,#11675),(#11676,#11677),
(#11678,#11679),(#11680,#11681),(#11682,#11683)),.UNSPECIFIED.,.F.,.F.,
 .F.,(4,1,4),(2,2),(0.,0.0468774510176234,0.0934721222533369),(0.,0.05),
 .UNSPECIFIED.);
#707=B_SPLINE_SURFACE_WITH_KNOTS('',3,1,((#11697,#11698),(#11699,#11700),
(#11701,#11702),(#11703,#11704),(#11705,#11706)),.UNSPECIFIED.,.F.,.F.,
 .F.,(4,1,4),(2,2),(0.,0.0512393179384665,0.0997880806020149),(0.,0.05),
 .UNSPECIFIED.);
#708=B_SPLINE_SURFACE_WITH_KNOTS('',3,1,((#11720,#11721),(#11722,#11723),
(#11724,#11725),(#11726,#11727),(#11728,#11729)),.UNSPECIFIED.,.F.,.F.,
 .F.,(4,1,4),(2,2),(0.,0.0590048669969515,0.114221382258579),(0.,0.05),
 .UNSPECIFIED.);
#709=B_SPLINE_SURFACE_WITH_KNOTS('',3,1,((#11743,#11744),(#11745,#11746),
(#11747,#11748),(#11749,#11750),(#11751,#11752)),.UNSPECIFIED.,.F.,.F.,
 .F.,(4,1,4),(2,2),(0.,0.0693491748793834,0.147093638005704),(0.,0.05),
 .UNSPECIFIED.);
#710=B_SPLINE_SURFACE_WITH_KNOTS('',3,1,((#11766,#11767),(#11768,#11769),
(#11770,#11771),(#11772,#11773),(#11774,#11775)),.UNSPECIFIED.,.F.,.F.,
 .F.,(4,1,4),(2,2),(0.,0.0596303497068059,0.122808075743969),(0.,0.05),
 .UNSPECIFIED.);
#711=B_SPLINE_SURFACE_WITH_KNOTS('',3,1,((#11789,#11790),(#11791,#11792),
(#11793,#11794),(#11795,#11796),(#11797,#11798)),.UNSPECIFIED.,.F.,.F.,
 .F.,(4,1,4),(2,2),(0.,0.063587450900681,0.123338135424145),(0.,0.05),
 .UNSPECIFIED.);
#712=B_SPLINE_SURFACE_WITH_KNOTS('',3,1,((#11812,#11813),(#11814,#11815),
(#11816,#11817),(#11818,#11819),(#11820,#11821)),.UNSPECIFIED.,.F.,.F.,
 .F.,(4,1,4),(2,2),(0.,0.0470645013482222,0.101004642977846),(0.,0.05),
 .UNSPECIFIED.);
#713=B_SPLINE_SURFACE_WITH_KNOTS('',3,1,((#11835,#11836),(#11837,#11838),
(#11839,#11840),(#11841,#11842),(#11843,#11844)),.UNSPECIFIED.,.F.,.F.,
 .F.,(4,1,4),(2,2),(0.,0.0519229537233486,0.0986811435873066),(0.,0.05),
 .UNSPECIFIED.);
#714=B_SPLINE_SURFACE_WITH_KNOTS('',3,1,((#11864,#11865),(#11866,#11867),
(#11868,#11869),(#11870,#11871),(#11872,#11873)),.UNSPECIFIED.,.F.,.F.,
 .F.,(4,1,4),(2,2),(0.,0.0272179372472605,0.0602620125718314),(0.,0.05),
 .UNSPECIFIED.);
#715=B_SPLINE_SURFACE_WITH_KNOTS('',3,1,((#11885,#11886),(#11887,#11888),
(#11889,#11890),(#11891,#11892),(#11893,#11894)),.UNSPECIFIED.,.F.,.F.,
 .F.,(4,1,4),(2,2),(0.,0.0468396881675013,0.0923449467381746),(0.,0.05),
 .UNSPECIFIED.);
#716=B_SPLINE_SURFACE_WITH_KNOTS('',3,1,((#11911,#11912),(#11913,#11914),
(#11915,#11916),(#11917,#11918),(#11919,#11920)),.UNSPECIFIED.,.F.,.F.,
 .F.,(4,1,4),(2,2),(0.,0.0454942987985662,0.0940137925875152),(0.,0.05),
 .UNSPECIFIED.);
#717=B_SPLINE_SURFACE_WITH_KNOTS('',3,1,((#11934,#11935),(#11936,#11937),
(#11938,#11939),(#11940,#11941),(#11942,#11943)),.UNSPECIFIED.,.F.,.F.,
 .F.,(4,1,4),(2,2),(0.,0.061634345888144,0.11167130361761),(0.,0.05),
 .UNSPECIFIED.);
#718=B_SPLINE_SURFACE_WITH_KNOTS('',3,1,((#11963,#11964),(#11965,#11966),
(#11967,#11968),(#11969,#11970),(#11971,#11972)),.UNSPECIFIED.,.F.,.F.,
 .F.,(4,1,4),(2,2),(0.,0.0502066958665351,0.111513500771493),(0.,0.05),
 .UNSPECIFIED.);
#719=B_SPLINE_SURFACE_WITH_KNOTS('',3,1,((#11983,#11984),(#11985,#11986),
(#11987,#11988),(#11989,#11990),(#11991,#11992)),.UNSPECIFIED.,.F.,.F.,
 .F.,(4,1,4),(2,2),(0.,0.0426798742187446,0.075343071245261),(0.,0.05),
 .UNSPECIFIED.);
#720=B_SPLINE_SURFACE_WITH_KNOTS('',3,1,((#12009,#12010),(#12011,#12012),
(#12013,#12014),(#12015,#12016),(#12017,#12018)),.UNSPECIFIED.,.F.,.F.,
 .F.,(4,1,4),(2,2),(0.,0.0574636448731453,0.112337897052525),(0.,0.05),
 .UNSPECIFIED.);
#721=B_SPLINE_SURFACE_WITH_KNOTS('',3,1,((#12032,#12033),(#12034,#12035),
(#12036,#12037),(#12038,#12039),(#12040,#12041)),.UNSPECIFIED.,.F.,.F.,
 .F.,(4,1,4),(2,2),(0.,0.0626351719685351,0.122251406205297),(0.,0.05),
 .UNSPECIFIED.);
#722=B_SPLINE_SURFACE_WITH_KNOTS('',3,1,((#12055,#12056),(#12057,#12058),
(#12059,#12060),(#12061,#12062),(#12063,#12064)),.UNSPECIFIED.,.F.,.F.,
 .F.,(4,1,4),(2,2),(0.,0.0739461297341904,0.140964703651539),(0.,0.05),
 .UNSPECIFIED.);
#723=B_SPLINE_SURFACE_WITH_KNOTS('',3,1,((#12078,#12079),(#12080,#12081),
(#12082,#12083),(#12084,#12085),(#12086,#12087)),.UNSPECIFIED.,.F.,.F.,
 .F.,(4,1,4),(2,2),(0.,0.0547384204646181,0.1130785879412),(0.,0.05),
 .UNSPECIFIED.);
#724=B_SPLINE_SURFACE_WITH_KNOTS('',3,1,((#12101,#12102),(#12103,#12104),
(#12105,#12106),(#12107,#12108),(#12109,#12110)),.UNSPECIFIED.,.F.,.F.,
 .F.,(4,1,4),(2,2),(0.,0.0499316678004109,0.101651064924021),(0.,0.05),
 .UNSPECIFIED.);
#725=B_SPLINE_SURFACE_WITH_KNOTS('',3,1,((#12124,#12125),(#12126,#12127),
(#12128,#12129),(#12130,#12131),(#12132,#12133)),.UNSPECIFIED.,.F.,.F.,
 .F.,(4,1,4),(2,2),(0.,0.0525206843071887,0.10280950893402),(0.,0.05),
 .UNSPECIFIED.);
#726=B_SPLINE_SURFACE_WITH_KNOTS('',3,1,((#12147,#12148),(#12149,#12150),
(#12151,#12152),(#12153,#12154),(#12155,#12156)),.UNSPECIFIED.,.F.,.F.,
 .F.,(4,1,4),(2,2),(0.,0.057806914549283,0.112641439904724),(0.,0.05),
 .UNSPECIFIED.);
#727=B_SPLINE_SURFACE_WITH_KNOTS('',3,1,((#12170,#12171),(#12172,#12173),
(#12174,#12175),(#12176,#12177),(#12178,#12179)),.UNSPECIFIED.,.F.,.F.,
 .F.,(4,1,4),(2,2),(0.,0.102862893509259,0.218195234375373),(0.,0.05),
 .UNSPECIFIED.);
#728=B_SPLINE_SURFACE_WITH_KNOTS('',3,1,((#12193,#12194),(#12195,#12196),
(#12197,#12198),(#12199,#12200),(#12201,#12202)),.UNSPECIFIED.,.F.,.F.,
 .F.,(4,1,4),(2,2),(0.,0.117120151076536,0.220147104200407),(0.,0.05),
 .UNSPECIFIED.);
#729=B_SPLINE_SURFACE_WITH_KNOTS('',3,1,((#12216,#12217),(#12218,#12219),
(#12220,#12221),(#12222,#12223),(#12224,#12225)),.UNSPECIFIED.,.F.,.F.,
 .F.,(4,1,4),(2,2),(0.,0.0481785342952745,0.101860734206765),(0.,0.05),
 .UNSPECIFIED.);
#730=B_SPLINE_SURFACE_WITH_KNOTS('',3,1,((#12239,#12240),(#12241,#12242),
(#12243,#12244),(#12245,#12246),(#12247,#12248)),.UNSPECIFIED.,.F.,.F.,
 .F.,(4,1,4),(2,2),(0.,0.0383996385339928,0.0819257270713238),(0.,0.05),
 .UNSPECIFIED.);
#731=B_SPLINE_SURFACE_WITH_KNOTS('',3,1,((#12262,#12263),(#12264,#12265),
(#12266,#12267),(#12268,#12269),(#12270,#12271)),.UNSPECIFIED.,.F.,.F.,
 .F.,(4,1,4),(2,2),(0.,0.0299310143540962,0.0643411557772191),(0.,0.05),
 .UNSPECIFIED.);
#732=B_SPLINE_SURFACE_WITH_KNOTS('',3,1,((#12285,#12286),(#12287,#12288),
(#12289,#12290),(#12291,#12292),(#12293,#12294)),.UNSPECIFIED.,.F.,.F.,
 .F.,(4,1,4),(2,2),(0.,0.0202331737380488,0.0457419677553176),(0.,0.05),
 .UNSPECIFIED.);
#733=B_SPLINE_SURFACE_WITH_KNOTS('',3,1,((#12308,#12309),(#12310,#12311),
(#12312,#12313),(#12314,#12315),(#12316,#12317)),.UNSPECIFIED.,.F.,.F.,
 .F.,(4,1,4),(2,2),(0.,0.0167792164638969,0.035485999289683),(0.,0.05),
 .UNSPECIFIED.);
#734=B_SPLINE_SURFACE_WITH_KNOTS('',3,1,((#12331,#12332),(#12333,#12334),
(#12335,#12336),(#12337,#12338),(#12339,#12340)),.UNSPECIFIED.,.F.,.F.,
 .F.,(4,1,4),(2,2),(0.,0.0190135504255019,0.0361338226423428),(0.,0.05),
 .UNSPECIFIED.);
#735=B_SPLINE_SURFACE_WITH_KNOTS('',3,1,((#12354,#12355),(#12356,#12357),
(#12358,#12359),(#12360,#12361),(#12362,#12363)),.UNSPECIFIED.,.F.,.F.,
 .F.,(4,1,4),(2,2),(0.,0.0142743131470994,0.0314867981904489),(0.,0.05),
 .UNSPECIFIED.);
#736=B_SPLINE_SURFACE_WITH_KNOTS('',3,1,((#12377,#12378),(#12379,#12380),
(#12381,#12382),(#12383,#12384),(#12385,#12386)),.UNSPECIFIED.,.F.,.F.,
 .F.,(4,1,4),(2,2),(0.,0.0244351471732454,0.0556775526899866),(0.,0.05),
 .UNSPECIFIED.);
#737=B_SPLINE_SURFACE_WITH_KNOTS('',3,1,((#12400,#12401),(#12402,#12403),
(#12404,#12405),(#12406,#12407),(#12408,#12409)),.UNSPECIFIED.,.F.,.F.,
 .F.,(4,1,4),(2,2),(0.,0.0220987730593209,0.043462644505554),(0.,0.05),
 .UNSPECIFIED.);
#738=B_SPLINE_SURFACE_WITH_KNOTS('',3,1,((#12423,#12424),(#12425,#12426),
(#12427,#12428),(#12429,#12430),(#12431,#12432)),.UNSPECIFIED.,.F.,.F.,
 .F.,(4,1,4),(2,2),(0.,0.0212504442030267,0.0430551363484968),(0.,0.05),
 .UNSPECIFIED.);
#739=B_SPLINE_SURFACE_WITH_KNOTS('',3,1,((#12446,#12447),(#12448,#12449),
(#12450,#12451),(#12452,#12453),(#12454,#12455)),.UNSPECIFIED.,.F.,.F.,
 .F.,(4,1,4),(2,2),(0.,0.0231682467404093,0.0444650473962306),(0.,0.05),
 .UNSPECIFIED.);
#740=B_SPLINE_SURFACE_WITH_KNOTS('',3,1,((#12469,#12470),(#12471,#12472),
(#12473,#12474),(#12475,#12476),(#12477,#12478)),.UNSPECIFIED.,.F.,.F.,
 .F.,(4,1,4),(2,2),(0.,0.0343645148527559,0.0692802249822832),(0.,0.05),
 .UNSPECIFIED.);
#741=B_SPLINE_SURFACE_WITH_KNOTS('',3,1,((#12492,#12493),(#12494,#12495),
(#12496,#12497),(#12498,#12499),(#12500,#12501)),.UNSPECIFIED.,.F.,.F.,
 .F.,(4,1,4),(2,2),(0.,0.0373594116478932,0.072150813665501),(0.,0.05),
 .UNSPECIFIED.);
#742=B_SPLINE_SURFACE_WITH_KNOTS('',3,1,((#12515,#12516),(#12517,#12518),
(#12519,#12520),(#12521,#12522),(#12523,#12524)),.UNSPECIFIED.,.F.,.F.,
 .F.,(4,1,4),(2,2),(0.,0.0435561444353694,0.0837318485466672),(0.,0.05),
 .UNSPECIFIED.);
#743=B_SPLINE_SURFACE_WITH_KNOTS('',3,1,((#12544,#12545),(#12546,#12547),
(#12548,#12549),(#12550,#12551),(#12552,#12553)),.UNSPECIFIED.,.F.,.F.,
 .F.,(4,1,4),(2,2),(0.,0.0368468332660029,0.0839918062529452),(0.,0.05),
 .UNSPECIFIED.);
#744=B_SPLINE_SURFACE_WITH_KNOTS('',3,1,((#12565,#12566),(#12567,#12568),
(#12569,#12570),(#12571,#12572),(#12573,#12574)),.UNSPECIFIED.,.F.,.F.,
 .F.,(4,1,4),(2,2),(0.,0.109562736967533,0.218367100396286),(0.,0.05),
 .UNSPECIFIED.);
#745=B_SPLINE_SURFACE_WITH_KNOTS('',3,1,((#12591,#12592),(#12593,#12594),
(#12595,#12596),(#12597,#12598),(#12599,#12600)),.UNSPECIFIED.,.F.,.F.,
 .F.,(4,1,4),(2,2),(0.,0.108405908974578,0.214766602411716),(0.,0.05),
 .UNSPECIFIED.);
#746=B_SPLINE_SURFACE_WITH_KNOTS('',3,1,((#12614,#12615),(#12616,#12617),
(#12618,#12619),(#12620,#12621),(#12622,#12623)),.UNSPECIFIED.,.F.,.F.,
 .F.,(4,1,4),(2,2),(0.,0.149205582094036,0.271394595152756),(0.,0.05),
 .UNSPECIFIED.);
#747=B_SPLINE_SURFACE_WITH_KNOTS('',3,1,((#12637,#12638),(#12639,#12640),
(#12641,#12642),(#12643,#12644),(#12645,#12646)),.UNSPECIFIED.,.F.,.F.,
 .F.,(4,1,4),(2,2),(0.,0.117311134955124,0.264063099628293),(0.,0.05),
 .UNSPECIFIED.);
#748=B_SPLINE_SURFACE_WITH_KNOTS('',3,1,((#12660,#12661),(#12662,#12663),
(#12664,#12665),(#12666,#12667),(#12668,#12669)),.UNSPECIFIED.,.F.,.F.,
 .F.,(4,1,4),(2,2),(0.,0.103410523424611,0.207162456195859),(0.,0.05),
 .UNSPECIFIED.);
#749=B_SPLINE_SURFACE_WITH_KNOTS('',3,1,((#12683,#12684),(#12685,#12686),
(#12687,#12688),(#12689,#12690),(#12691,#12692)),.UNSPECIFIED.,.F.,.F.,
 .F.,(4,1,4),(2,2),(0.,0.114331209806488,0.225241588777204),(0.,0.05),
 .UNSPECIFIED.);
#750=B_SPLINE_SURFACE_WITH_KNOTS('',3,1,((#12706,#12707),(#12708,#12709),
(#12710,#12711),(#12712,#12713),(#12714,#12715)),.UNSPECIFIED.,.F.,.F.,
 .F.,(4,1,4),(2,2),(0.,0.146051972510725,0.271274035345184),(0.,0.05),
 .UNSPECIFIED.);
#751=B_SPLINE_SURFACE_WITH_KNOTS('',3,1,((#12729,#12730),(#12731,#12732),
(#12733,#12734),(#12735,#12736),(#12737,#12738)),.UNSPECIFIED.,.F.,.F.,
 .F.,(4,1,4),(2,2),(0.,0.119556057405003,0.26208850435064),(0.,0.05),
 .UNSPECIFIED.);
#752=B_SPLINE_SURFACE_WITH_KNOTS('',3,1,((#12749,#12750),(#12751,#12752),
(#12753,#12754),(#12755,#12756),(#12757,#12758)),.UNSPECIFIED.,.F.,.F.,
 .F.,(4,1,4),(2,2),(0.,0.143612241850813,0.282918829785913),(0.,0.05),
 .UNSPECIFIED.);
#753=B_SPLINE_SURFACE_WITH_KNOTS('',3,1,((#12775,#12776),(#12777,#12778),
(#12779,#12780),(#12781,#12782),(#12783,#12784)),.UNSPECIFIED.,.F.,.F.,
 .F.,(4,1,4),(2,2),(0.,0.213941522357062,0.382029161733926),(0.,0.05),
 .UNSPECIFIED.);
#754=B_SPLINE_SURFACE_WITH_KNOTS('',3,1,((#12798,#12799),(#12800,#12801),
(#12802,#12803),(#12804,#12805),(#12806,#12807)),.UNSPECIFIED.,.F.,.F.,
 .F.,(4,1,4),(2,2),(0.,0.33065873122919,0.695912797933512),(0.,0.05),
 .UNSPECIFIED.);
#755=B_SPLINE_SURFACE_WITH_KNOTS('',3,1,((#12821,#12822),(#12823,#12824),
(#12825,#12826),(#12827,#12828),(#12829,#12830)),.UNSPECIFIED.,.F.,.F.,
 .F.,(4,1,4),(2,2),(0.,0.472747825009884,0.839658113489931),(0.,0.05),
 .UNSPECIFIED.);
#756=B_SPLINE_SURFACE_WITH_KNOTS('',3,1,((#12844,#12845),(#12846,#12847),
(#12848,#12849),(#12850,#12851),(#12852,#12853)),.UNSPECIFIED.,.F.,.F.,
 .F.,(4,1,4),(2,2),(0.,0.272476817094335,0.605791944289493),(0.,0.05),
 .UNSPECIFIED.);
#757=B_SPLINE_SURFACE_WITH_KNOTS('',3,1,((#12867,#12868),(#12869,#12870),
(#12871,#12872),(#12873,#12874),(#12875,#12876)),.UNSPECIFIED.,.F.,.F.,
 .F.,(4,1,4),(2,2),(0.,0.210407425722356,0.442180496678736),(0.,0.05),
 .UNSPECIFIED.);
#758=B_SPLINE_SURFACE_WITH_KNOTS('',3,1,((#12890,#12891),(#12892,#12893),
(#12894,#12895),(#12896,#12897),(#12898,#12899)),.UNSPECIFIED.,.F.,.F.,
 .F.,(4,1,4),(2,2),(0.,0.271703213299469,0.496687939979818),(0.,0.05),
 .UNSPECIFIED.);
#759=B_SPLINE_SURFACE_WITH_KNOTS('',3,1,((#12913,#12914),(#12915,#12916),
(#12917,#12918),(#12919,#12920),(#12921,#12922)),.UNSPECIFIED.,.F.,.F.,
 .F.,(4,1,4),(2,2),(0.,0.196729850866302,0.426219041359666),(0.,0.05),
 .UNSPECIFIED.);
#760=B_SPLINE_SURFACE_WITH_KNOTS('',3,1,((#12936,#12937),(#12938,#12939),
(#12940,#12941),(#12942,#12943),(#12944,#12945)),.UNSPECIFIED.,.F.,.F.,
 .F.,(4,1,4),(2,2),(0.,0.18202256508415,0.361991061656386),(0.,0.05),
 .UNSPECIFIED.);
#761=B_SPLINE_SURFACE_WITH_KNOTS('',3,1,((#12959,#12960),(#12961,#12962),
(#12963,#12964),(#12965,#12966),(#12967,#12968)),.UNSPECIFIED.,.F.,.F.,
 .F.,(4,1,4),(2,2),(0.,0.191763316839296,0.378224250930765),(0.,0.05),
 .UNSPECIFIED.);
#762=B_SPLINE_SURFACE_WITH_KNOTS('',3,1,((#12982,#12983),(#12984,#12985),
(#12986,#12987),(#12988,#12989),(#12990,#12991)),.UNSPECIFIED.,.F.,.F.,
 .F.,(4,1,4),(2,2),(0.,0.256588389172154,0.527245751684797),(0.,0.05),
 .UNSPECIFIED.);
#763=B_SPLINE_SURFACE_WITH_KNOTS('',3,1,((#13005,#13006),(#13007,#13008),
(#13009,#13010),(#13011,#13012),(#13013,#13014)),.UNSPECIFIED.,.F.,.F.,
 .F.,(4,1,4),(2,2),(0.,0.252509376584658,0.503701244216925),(0.,0.05),
 .UNSPECIFIED.);
#764=B_SPLINE_SURFACE_WITH_KNOTS('',3,1,((#13028,#13029),(#13030,#13031),
(#13032,#13033),(#13034,#13035),(#13036,#13037)),.UNSPECIFIED.,.F.,.F.,
 .F.,(4,1,4),(2,2),(0.,0.11876143649931,0.248914347293864),(0.,0.05),
 .UNSPECIFIED.);
#765=B_SPLINE_SURFACE_WITH_KNOTS('',3,1,((#13051,#13052),(#13053,#13054),
(#13055,#13056),(#13057,#13058),(#13059,#13060)),.UNSPECIFIED.,.F.,.F.,
 .F.,(4,1,4),(2,2),(0.,0.134370642149527,0.254866121721476),(0.,0.05),
 .UNSPECIFIED.);
#766=B_SPLINE_SURFACE_WITH_KNOTS('',3,1,((#13074,#13075),(#13076,#13077),
(#13078,#13079),(#13080,#13081),(#13082,#13083)),.UNSPECIFIED.,.F.,.F.,
 .F.,(4,1,4),(2,2),(0.,0.162364149387901,0.430909789131117),(0.,0.05),
 .UNSPECIFIED.);
#767=B_SPLINE_SURFACE_WITH_KNOTS('',3,1,((#13097,#13098),(#13099,#13100),
(#13101,#13102),(#13103,#13104),(#13105,#13106)),.UNSPECIFIED.,.F.,.F.,
 .F.,(4,1,4),(2,2),(0.,0.123727837305219,0.259031038096154),(0.,0.05),
 .UNSPECIFIED.);
#768=B_SPLINE_SURFACE_WITH_KNOTS('',3,1,((#13120,#13121),(#13122,#13123),
(#13124,#13125),(#13126,#13127),(#13128,#13129)),.UNSPECIFIED.,.F.,.F.,
 .F.,(4,1,4),(2,2),(0.,0.0678588929868782,0.138116451983042),(0.,0.05),
 .UNSPECIFIED.);
#769=B_SPLINE_SURFACE_WITH_KNOTS('',3,1,((#13143,#13144),(#13145,#13146),
(#13147,#13148),(#13149,#13150),(#13151,#13152)),.UNSPECIFIED.,.F.,.F.,
 .F.,(4,1,4),(2,2),(0.,0.103165968771209,0.181684753299631),(0.,0.05),
 .UNSPECIFIED.);
#770=B_SPLINE_SURFACE_WITH_KNOTS('',3,1,((#13172,#13173),(#13174,#13175),
(#13176,#13177),(#13178,#13179),(#13180,#13181)),.UNSPECIFIED.,.F.,.F.,
 .F.,(4,1,4),(2,2),(0.,0.14444766262751,0.302469929352749),(0.,0.05),
 .UNSPECIFIED.);
#771=FACE_BOUND('',#1223,.T.);
#772=FACE_BOUND('',#1226,.T.);
#773=FACE_BOUND('',#1229,.T.);
#774=FACE_BOUND('',#1232,.T.);
#775=FACE_BOUND('',#1235,.T.);
#776=FACE_BOUND('',#1238,.T.);
#777=FACE_BOUND('',#1337,.T.);
#778=FACE_BOUND('',#1381,.T.);
#779=FACE_BOUND('',#1440,.T.);
#780=FACE_BOUND('',#1476,.T.);
#781=FACE_BOUND('',#1509,.T.);
#782=FACE_BOUND('',#1539,.T.);
#783=FACE_BOUND('',#1567,.T.);
#784=FACE_BOUND('',#1568,.T.);
#785=FACE_BOUND('',#1569,.T.);
#786=FACE_BOUND('',#1570,.T.);
#787=FACE_BOUND('',#1571,.T.);
#788=FACE_BOUND('',#1572,.T.);
#789=FACE_BOUND('',#1573,.T.);
#790=FACE_BOUND('',#1574,.T.);
#791=FACE_BOUND('',#1575,.T.);
#792=FACE_BOUND('',#1576,.T.);
#793=FACE_BOUND('',#1577,.T.);
#794=FACE_BOUND('',#1578,.T.);
#795=FACE_BOUND('',#1579,.T.);
#796=FACE_BOUND('',#1580,.T.);
#797=FACE_BOUND('',#1581,.T.);
#798=FACE_BOUND('',#1582,.T.);
#799=FACE_BOUND('',#1583,.T.);
#800=FACE_BOUND('',#1585,.T.);
#801=FACE_BOUND('',#1586,.T.);
#802=FACE_BOUND('',#1587,.T.);
#803=FACE_BOUND('',#1588,.T.);
#804=FACE_BOUND('',#1589,.T.);
#805=FACE_BOUND('',#1590,.T.);
#806=FACE_BOUND('',#1591,.T.);
#807=PLANE('',#6327);
#808=PLANE('',#6331);
#809=PLANE('',#6335);
#810=PLANE('',#6339);
#811=PLANE('',#6343);
#812=PLANE('',#6347);
#813=PLANE('',#6348);
#814=PLANE('',#6349);
#815=PLANE('',#6350);
#816=PLANE('',#6351);
#817=PLANE('',#6352);
#818=PLANE('',#6353);
#819=PLANE('',#6354);
#820=PLANE('',#6355);
#821=PLANE('',#6356);
#822=PLANE('',#6357);
#823=PLANE('',#6358);
#824=PLANE('',#6359);
#825=PLANE('',#6360);
#826=PLANE('',#6361);
#827=PLANE('',#6362);
#828=PLANE('',#6363);
#829=PLANE('',#6364);
#830=PLANE('',#6365);
#831=PLANE('',#6366);
#832=PLANE('',#6367);
#833=PLANE('',#6368);
#834=PLANE('',#6369);
#835=PLANE('',#6370);
#836=PLANE('',#6371);
#837=PLANE('',#6372);
#838=PLANE('',#6373);
#839=PLANE('',#6374);
#840=PLANE('',#6375);
#841=PLANE('',#6376);
#842=PLANE('',#6377);
#843=PLANE('',#6378);
#844=PLANE('',#6379);
#845=PLANE('',#6380);
#846=PLANE('',#6381);
#847=PLANE('',#6382);
#848=PLANE('',#6383);
#849=PLANE('',#6384);
#850=PLANE('',#6385);
#851=PLANE('',#6386);
#852=PLANE('',#6387);
#853=PLANE('',#6388);
#854=PLANE('',#6389);
#855=PLANE('',#6390);
#856=PLANE('',#6391);
#857=PLANE('',#6392);
#858=PLANE('',#6393);
#859=PLANE('',#6394);
#860=PLANE('',#6395);
#861=PLANE('',#6396);
#862=PLANE('',#6397);
#863=PLANE('',#6401);
#864=PLANE('',#6405);
#865=PLANE('',#6409);
#866=PLANE('',#6416);
#867=PLANE('',#6420);
#868=PLANE('',#6424);
#869=PLANE('',#6428);
#870=PLANE('',#6432);
#871=PLANE('',#6436);
#872=PLANE('',#6437);
#873=PLANE('',#6438);
#874=FACE_OUTER_BOUND('',#1215,.T.);
#875=FACE_OUTER_BOUND('',#1216,.T.);
#876=FACE_OUTER_BOUND('',#1217,.T.);
#877=FACE_OUTER_BOUND('',#1218,.T.);
#878=FACE_OUTER_BOUND('',#1219,.T.);
#879=FACE_OUTER_BOUND('',#1220,.T.);
#880=FACE_OUTER_BOUND('',#1221,.T.);
#881=FACE_OUTER_BOUND('',#1222,.T.);
#882=FACE_OUTER_BOUND('',#1224,.T.);
#883=FACE_OUTER_BOUND('',#1225,.T.);
#884=FACE_OUTER_BOUND('',#1227,.T.);
#885=FACE_OUTER_BOUND('',#1228,.T.);
#886=FACE_OUTER_BOUND('',#1230,.T.);
#887=FACE_OUTER_BOUND('',#1231,.T.);
#888=FACE_OUTER_BOUND('',#1233,.T.);
#889=FACE_OUTER_BOUND('',#1234,.T.);
#890=FACE_OUTER_BOUND('',#1236,.T.);
#891=FACE_OUTER_BOUND('',#1237,.T.);
#892=FACE_OUTER_BOUND('',#1239,.T.);
#893=FACE_OUTER_BOUND('',#1240,.T.);
#894=FACE_OUTER_BOUND('',#1241,.T.);
#895=FACE_OUTER_BOUND('',#1242,.T.);
#896=FACE_OUTER_BOUND('',#1243,.T.);
#897=FACE_OUTER_BOUND('',#1244,.T.);
#898=FACE_OUTER_BOUND('',#1245,.T.);
#899=FACE_OUTER_BOUND('',#1246,.T.);
#900=FACE_OUTER_BOUND('',#1247,.T.);
#901=FACE_OUTER_BOUND('',#1248,.T.);
#902=FACE_OUTER_BOUND('',#1249,.T.);
#903=FACE_OUTER_BOUND('',#1250,.T.);
#904=FACE_OUTER_BOUND('',#1251,.T.);
#905=FACE_OUTER_BOUND('',#1252,.T.);
#906=FACE_OUTER_BOUND('',#1253,.T.);
#907=FACE_OUTER_BOUND('',#1254,.T.);
#908=FACE_OUTER_BOUND('',#1255,.T.);
#909=FACE_OUTER_BOUND('',#1256,.T.);
#910=FACE_OUTER_BOUND('',#1257,.T.);
#911=FACE_OUTER_BOUND('',#1258,.T.);
#912=FACE_OUTER_BOUND('',#1259,.T.);
#913=FACE_OUTER_BOUND('',#1260,.T.);
#914=FACE_OUTER_BOUND('',#1261,.T.);
#915=FACE_OUTER_BOUND('',#1262,.T.);
#916=FACE_OUTER_BOUND('',#1263,.T.);
#917=FACE_OUTER_BOUND('',#1264,.T.);
#918=FACE_OUTER_BOUND('',#1265,.T.);
#919=FACE_OUTER_BOUND('',#1266,.T.);
#920=FACE_OUTER_BOUND('',#1267,.T.);
#921=FACE_OUTER_BOUND('',#1268,.T.);
#922=FACE_OUTER_BOUND('',#1269,.T.);
#923=FACE_OUTER_BOUND('',#1270,.T.);
#924=FACE_OUTER_BOUND('',#1271,.T.);
#925=FACE_OUTER_BOUND('',#1272,.T.);
#926=FACE_OUTER_BOUND('',#1273,.T.);
#927=FACE_OUTER_BOUND('',#1274,.T.);
#928=FACE_OUTER_BOUND('',#1275,.T.);
#929=FACE_OUTER_BOUND('',#1276,.T.);
#930=FACE_OUTER_BOUND('',#1277,.T.);
#931=FACE_OUTER_BOUND('',#1278,.T.);
#932=FACE_OUTER_BOUND('',#1279,.T.);
#933=FACE_OUTER_BOUND('',#1280,.T.);
#934=FACE_OUTER_BOUND('',#1281,.T.);
#935=FACE_OUTER_BOUND('',#1282,.T.);
#936=FACE_OUTER_BOUND('',#1283,.T.);
#937=FACE_OUTER_BOUND('',#1284,.T.);
#938=FACE_OUTER_BOUND('',#1285,.T.);
#939=FACE_OUTER_BOUND('',#1286,.T.);
#940=FACE_OUTER_BOUND('',#1287,.T.);
#941=FACE_OUTER_BOUND('',#1288,.T.);
#942=FACE_OUTER_BOUND('',#1289,.T.);
#943=FACE_OUTER_BOUND('',#1290,.T.);
#944=FACE_OUTER_BOUND('',#1291,.T.);
#945=FACE_OUTER_BOUND('',#1292,.T.);
#946=FACE_OUTER_BOUND('',#1293,.T.);
#947=FACE_OUTER_BOUND('',#1294,.T.);
#948=FACE_OUTER_BOUND('',#1295,.T.);
#949=FACE_OUTER_BOUND('',#1296,.T.);
#950=FACE_OUTER_BOUND('',#1297,.T.);
#951=FACE_OUTER_BOUND('',#1298,.T.);
#952=FACE_OUTER_BOUND('',#1299,.T.);
#953=FACE_OUTER_BOUND('',#1300,.T.);
#954=FACE_OUTER_BOUND('',#1301,.T.);
#955=FACE_OUTER_BOUND('',#1302,.T.);
#956=FACE_OUTER_BOUND('',#1303,.T.);
#957=FACE_OUTER_BOUND('',#1304,.T.);
#958=FACE_OUTER_BOUND('',#1305,.T.);
#959=FACE_OUTER_BOUND('',#1306,.T.);
#960=FACE_OUTER_BOUND('',#1307,.T.);
#961=FACE_OUTER_BOUND('',#1308,.T.);
#962=FACE_OUTER_BOUND('',#1309,.T.);
#963=FACE_OUTER_BOUND('',#1310,.T.);
#964=FACE_OUTER_BOUND('',#1311,.T.);
#965=FACE_OUTER_BOUND('',#1312,.T.);
#966=FACE_OUTER_BOUND('',#1313,.T.);
#967=FACE_OUTER_BOUND('',#1314,.T.);
#968=FACE_OUTER_BOUND('',#1315,.T.);
#969=FACE_OUTER_BOUND('',#1316,.T.);
#970=FACE_OUTER_BOUND('',#1317,.T.);
#971=FACE_OUTER_BOUND('',#1318,.T.);
#972=FACE_OUTER_BOUND('',#1319,.T.);
#973=FACE_OUTER_BOUND('',#1320,.T.);
#974=FACE_OUTER_BOUND('',#1321,.T.);
#975=FACE_OUTER_BOUND('',#1322,.T.);
#976=FACE_OUTER_BOUND('',#1323,.T.);
#977=FACE_OUTER_BOUND('',#1324,.T.);
#978=FACE_OUTER_BOUND('',#1325,.T.);
#979=FACE_OUTER_BOUND('',#1326,.T.);
#980=FACE_OUTER_BOUND('',#1327,.T.);
#981=FACE_OUTER_BOUND('',#1328,.T.);
#982=FACE_OUTER_BOUND('',#1329,.T.);
#983=FACE_OUTER_BOUND('',#1330,.T.);
#984=FACE_OUTER_BOUND('',#1331,.T.);
#985=FACE_OUTER_BOUND('',#1332,.T.);
#986=FACE_OUTER_BOUND('',#1333,.T.);
#987=FACE_OUTER_BOUND('',#1334,.T.);
#988=FACE_OUTER_BOUND('',#1335,.T.);
#989=FACE_OUTER_BOUND('',#1336,.T.);
#990=FACE_OUTER_BOUND('',#1338,.T.);
#991=FACE_OUTER_BOUND('',#1339,.T.);
#992=FACE_OUTER_BOUND('',#1340,.T.);
#993=FACE_OUTER_BOUND('',#1341,.T.);
#994=FACE_OUTER_BOUND('',#1342,.T.);
#995=FACE_OUTER_BOUND('',#1343,.T.);
#996=FACE_OUTER_BOUND('',#1344,.T.);
#997=FACE_OUTER_BOUND('',#1345,.T.);
#998=FACE_OUTER_BOUND('',#1346,.T.);
#999=FACE_OUTER_BOUND('',#1347,.T.);
#1000=FACE_OUTER_BOUND('',#1348,.T.);
#1001=FACE_OUTER_BOUND('',#1349,.T.);
#1002=FACE_OUTER_BOUND('',#1350,.T.);
#1003=FACE_OUTER_BOUND('',#1351,.T.);
#1004=FACE_OUTER_BOUND('',#1352,.T.);
#1005=FACE_OUTER_BOUND('',#1353,.T.);
#1006=FACE_OUTER_BOUND('',#1354,.T.);
#1007=FACE_OUTER_BOUND('',#1355,.T.);
#1008=FACE_OUTER_BOUND('',#1356,.T.);
#1009=FACE_OUTER_BOUND('',#1357,.T.);
#1010=FACE_OUTER_BOUND('',#1358,.T.);
#1011=FACE_OUTER_BOUND('',#1359,.T.);
#1012=FACE_OUTER_BOUND('',#1360,.T.);
#1013=FACE_OUTER_BOUND('',#1361,.T.);
#1014=FACE_OUTER_BOUND('',#1362,.T.);
#1015=FACE_OUTER_BOUND('',#1363,.T.);
#1016=FACE_OUTER_BOUND('',#1364,.T.);
#1017=FACE_OUTER_BOUND('',#1365,.T.);
#1018=FACE_OUTER_BOUND('',#1366,.T.);
#1019=FACE_OUTER_BOUND('',#1367,.T.);
#1020=FACE_OUTER_BOUND('',#1368,.T.);
#1021=FACE_OUTER_BOUND('',#1369,.T.);
#1022=FACE_OUTER_BOUND('',#1370,.T.);
#1023=FACE_OUTER_BOUND('',#1371,.T.);
#1024=FACE_OUTER_BOUND('',#1372,.T.);
#1025=FACE_OUTER_BOUND('',#1373,.T.);
#1026=FACE_OUTER_BOUND('',#1374,.T.);
#1027=FACE_OUTER_BOUND('',#1375,.T.);
#1028=FACE_OUTER_BOUND('',#1376,.T.);
#1029=FACE_OUTER_BOUND('',#1377,.T.);
#1030=FACE_OUTER_BOUND('',#1378,.T.);
#1031=FACE_OUTER_BOUND('',#1379,.T.);
#1032=FACE_OUTER_BOUND('',#1380,.T.);
#1033=FACE_OUTER_BOUND('',#1382,.T.);
#1034=FACE_OUTER_BOUND('',#1383,.T.);
#1035=FACE_OUTER_BOUND('',#1384,.T.);
#1036=FACE_OUTER_BOUND('',#1385,.T.);
#1037=FACE_OUTER_BOUND('',#1386,.T.);
#1038=FACE_OUTER_BOUND('',#1387,.T.);
#1039=FACE_OUTER_BOUND('',#1388,.T.);
#1040=FACE_OUTER_BOUND('',#1389,.T.);
#1041=FACE_OUTER_BOUND('',#1390,.T.);
#1042=FACE_OUTER_BOUND('',#1391,.T.);
#1043=FACE_OUTER_BOUND('',#1392,.T.);
#1044=FACE_OUTER_BOUND('',#1393,.T.);
#1045=FACE_OUTER_BOUND('',#1394,.T.);
#1046=FACE_OUTER_BOUND('',#1395,.T.);
#1047=FACE_OUTER_BOUND('',#1396,.T.);
#1048=FACE_OUTER_BOUND('',#1397,.T.);
#1049=FACE_OUTER_BOUND('',#1398,.T.);
#1050=FACE_OUTER_BOUND('',#1399,.T.);
#1051=FACE_OUTER_BOUND('',#1400,.T.);
#1052=FACE_OUTER_BOUND('',#1401,.T.);
#1053=FACE_OUTER_BOUND('',#1402,.T.);
#1054=FACE_OUTER_BOUND('',#1403,.T.);
#1055=FACE_OUTER_BOUND('',#1404,.T.);
#1056=FACE_OUTER_BOUND('',#1405,.T.);
#1057=FACE_OUTER_BOUND('',#1406,.T.);
#1058=FACE_OUTER_BOUND('',#1407,.T.);
#1059=FACE_OUTER_BOUND('',#1408,.T.);
#1060=FACE_OUTER_BOUND('',#1409,.T.);
#1061=FACE_OUTER_BOUND('',#1410,.T.);
#1062=FACE_OUTER_BOUND('',#1411,.T.);
#1063=FACE_OUTER_BOUND('',#1412,.T.);
#1064=FACE_OUTER_BOUND('',#1413,.T.);
#1065=FACE_OUTER_BOUND('',#1414,.T.);
#1066=FACE_OUTER_BOUND('',#1415,.T.);
#1067=FACE_OUTER_BOUND('',#1416,.T.);
#1068=FACE_OUTER_BOUND('',#1417,.T.);
#1069=FACE_OUTER_BOUND('',#1418,.T.);
#1070=FACE_OUTER_BOUND('',#1419,.T.);
#1071=FACE_OUTER_BOUND('',#1420,.T.);
#1072=FACE_OUTER_BOUND('',#1421,.T.);
#1073=FACE_OUTER_BOUND('',#1422,.T.);
#1074=FACE_OUTER_BOUND('',#1423,.T.);
#1075=FACE_OUTER_BOUND('',#1424,.T.);
#1076=FACE_OUTER_BOUND('',#1425,.T.);
#1077=FACE_OUTER_BOUND('',#1426,.T.);
#1078=FACE_OUTER_BOUND('',#1427,.T.);
#1079=FACE_OUTER_BOUND('',#1428,.T.);
#1080=FACE_OUTER_BOUND('',#1429,.T.);
#1081=FACE_OUTER_BOUND('',#1430,.T.);
#1082=FACE_OUTER_BOUND('',#1431,.T.);
#1083=FACE_OUTER_BOUND('',#1432,.T.);
#1084=FACE_OUTER_BOUND('',#1433,.T.);
#1085=FACE_OUTER_BOUND('',#1434,.T.);
#1086=FACE_OUTER_BOUND('',#1435,.T.);
#1087=FACE_OUTER_BOUND('',#1436,.T.);
#1088=FACE_OUTER_BOUND('',#1437,.T.);
#1089=FACE_OUTER_BOUND('',#1438,.T.);
#1090=FACE_OUTER_BOUND('',#1439,.T.);
#1091=FACE_OUTER_BOUND('',#1441,.T.);
#1092=FACE_OUTER_BOUND('',#1442,.T.);
#1093=FACE_OUTER_BOUND('',#1443,.T.);
#1094=FACE_OUTER_BOUND('',#1444,.T.);
#1095=FACE_OUTER_BOUND('',#1445,.T.);
#1096=FACE_OUTER_BOUND('',#1446,.T.);
#1097=FACE_OUTER_BOUND('',#1447,.T.);
#1098=FACE_OUTER_BOUND('',#1448,.T.);
#1099=FACE_OUTER_BOUND('',#1449,.T.);
#1100=FACE_OUTER_BOUND('',#1450,.T.);
#1101=FACE_OUTER_BOUND('',#1451,.T.);
#1102=FACE_OUTER_BOUND('',#1452,.T.);
#1103=FACE_OUTER_BOUND('',#1453,.T.);
#1104=FACE_OUTER_BOUND('',#1454,.T.);
#1105=FACE_OUTER_BOUND('',#1455,.T.);
#1106=FACE_OUTER_BOUND('',#1456,.T.);
#1107=FACE_OUTER_BOUND('',#1457,.T.);
#1108=FACE_OUTER_BOUND('',#1458,.T.);
#1109=FACE_OUTER_BOUND('',#1459,.T.);
#1110=FACE_OUTER_BOUND('',#1460,.T.);
#1111=FACE_OUTER_BOUND('',#1461,.T.);
#1112=FACE_OUTER_BOUND('',#1462,.T.);
#1113=FACE_OUTER_BOUND('',#1463,.T.);
#1114=FACE_OUTER_BOUND('',#1464,.T.);
#1115=FACE_OUTER_BOUND('',#1465,.T.);
#1116=FACE_OUTER_BOUND('',#1466,.T.);
#1117=FACE_OUTER_BOUND('',#1467,.T.);
#1118=FACE_OUTER_BOUND('',#1468,.T.);
#1119=FACE_OUTER_BOUND('',#1469,.T.);
#1120=FACE_OUTER_BOUND('',#1470,.T.);
#1121=FACE_OUTER_BOUND('',#1471,.T.);
#1122=FACE_OUTER_BOUND('',#1472,.T.);
#1123=FACE_OUTER_BOUND('',#1473,.T.);
#1124=FACE_OUTER_BOUND('',#1474,.T.);
#1125=FACE_OUTER_BOUND('',#1475,.T.);
#1126=FACE_OUTER_BOUND('',#1477,.T.);
#1127=FACE_OUTER_BOUND('',#1478,.T.);
#1128=FACE_OUTER_BOUND('',#1479,.T.);
#1129=FACE_OUTER_BOUND('',#1480,.T.);
#1130=FACE_OUTER_BOUND('',#1481,.T.);
#1131=FACE_OUTER_BOUND('',#1482,.T.);
#1132=FACE_OUTER_BOUND('',#1483,.T.);
#1133=FACE_OUTER_BOUND('',#1484,.T.);
#1134=FACE_OUTER_BOUND('',#1485,.T.);
#1135=FACE_OUTER_BOUND('',#1486,.T.);
#1136=FACE_OUTER_BOUND('',#1487,.T.);
#1137=FACE_OUTER_BOUND('',#1488,.T.);
#1138=FACE_OUTER_BOUND('',#1489,.T.);
#1139=FACE_OUTER_BOUND('',#1490,.T.);
#1140=FACE_OUTER_BOUND('',#1491,.T.);
#1141=FACE_OUTER_BOUND('',#1492,.T.);
#1142=FACE_OUTER_BOUND('',#1493,.T.);
#1143=FACE_OUTER_BOUND('',#1494,.T.);
#1144=FACE_OUTER_BOUND('',#1495,.T.);
#1145=FACE_OUTER_BOUND('',#1496,.T.);
#1146=FACE_OUTER_BOUND('',#1497,.T.);
#1147=FACE_OUTER_BOUND('',#1498,.T.);
#1148=FACE_OUTER_BOUND('',#1499,.T.);
#1149=FACE_OUTER_BOUND('',#1500,.T.);
#1150=FACE_OUTER_BOUND('',#1501,.T.);
#1151=FACE_OUTER_BOUND('',#1502,.T.);
#1152=FACE_OUTER_BOUND('',#1503,.T.);
#1153=FACE_OUTER_BOUND('',#1504,.T.);
#1154=FACE_OUTER_BOUND('',#1505,.T.);
#1155=FACE_OUTER_BOUND('',#1506,.T.);
#1156=FACE_OUTER_BOUND('',#1507,.T.);
#1157=FACE_OUTER_BOUND('',#1508,.T.);
#1158=FACE_OUTER_BOUND('',#1510,.T.);
#1159=FACE_OUTER_BOUND('',#1511,.T.);
#1160=FACE_OUTER_BOUND('',#1512,.T.);
#1161=FACE_OUTER_BOUND('',#1513,.T.);
#1162=FACE_OUTER_BOUND('',#1514,.T.);
#1163=FACE_OUTER_BOUND('',#1515,.T.);
#1164=FACE_OUTER_BOUND('',#1516,.T.);
#1165=FACE_OUTER_BOUND('',#1517,.T.);
#1166=FACE_OUTER_BOUND('',#1518,.T.);
#1167=FACE_OUTER_BOUND('',#1519,.T.);
#1168=FACE_OUTER_BOUND('',#1520,.T.);
#1169=FACE_OUTER_BOUND('',#1521,.T.);
#1170=FACE_OUTER_BOUND('',#1522,.T.);
#1171=FACE_OUTER_BOUND('',#1523,.T.);
#1172=FACE_OUTER_BOUND('',#1524,.T.);
#1173=FACE_OUTER_BOUND('',#1525,.T.);
#1174=FACE_OUTER_BOUND('',#1526,.T.);
#1175=FACE_OUTER_BOUND('',#1527,.T.);
#1176=FACE_OUTER_BOUND('',#1528,.T.);
#1177=FACE_OUTER_BOUND('',#1529,.T.);
#1178=FACE_OUTER_BOUND('',#1530,.T.);
#1179=FACE_OUTER_BOUND('',#1531,.T.);
#1180=FACE_OUTER_BOUND('',#1532,.T.);
#1181=FACE_OUTER_BOUND('',#1533,.T.);
#1182=FACE_OUTER_BOUND('',#1534,.T.);
#1183=FACE_OUTER_BOUND('',#1535,.T.);
#1184=FACE_OUTER_BOUND('',#1536,.T.);
#1185=FACE_OUTER_BOUND('',#1537,.T.);
#1186=FACE_OUTER_BOUND('',#1538,.T.);
#1187=FACE_OUTER_BOUND('',#1540,.T.);
#1188=FACE_OUTER_BOUND('',#1541,.T.);
#1189=FACE_OUTER_BOUND('',#1542,.T.);
#1190=FACE_OUTER_BOUND('',#1543,.T.);
#1191=FACE_OUTER_BOUND('',#1544,.T.);
#1192=FACE_OUTER_BOUND('',#1545,.T.);
#1193=FACE_OUTER_BOUND('',#1546,.T.);
#1194=FACE_OUTER_BOUND('',#1547,.T.);
#1195=FACE_OUTER_BOUND('',#1548,.T.);
#1196=FACE_OUTER_BOUND('',#1549,.T.);
#1197=FACE_OUTER_BOUND('',#1550,.T.);
#1198=FACE_OUTER_BOUND('',#1551,.T.);
#1199=FACE_OUTER_BOUND('',#1552,.T.);
#1200=FACE_OUTER_BOUND('',#1553,.T.);
#1201=FACE_OUTER_BOUND('',#1554,.T.);
#1202=FACE_OUTER_BOUND('',#1555,.T.);
#1203=FACE_OUTER_BOUND('',#1556,.T.);
#1204=FACE_OUTER_BOUND('',#1557,.T.);
#1205=FACE_OUTER_BOUND('',#1558,.T.);
#1206=FACE_OUTER_BOUND('',#1559,.T.);
#1207=FACE_OUTER_BOUND('',#1560,.T.);
#1208=FACE_OUTER_BOUND('',#1561,.T.);
#1209=FACE_OUTER_BOUND('',#1562,.T.);
#1210=FACE_OUTER_BOUND('',#1563,.T.);
#1211=FACE_OUTER_BOUND('',#1564,.T.);
#1212=FACE_OUTER_BOUND('',#1565,.T.);
#1213=FACE_OUTER_BOUND('',#1566,.T.);
#1214=FACE_OUTER_BOUND('',#1584,.T.);
#1215=EDGE_LOOP('',(#4027,#4028,#4029,#4030));
#1216=EDGE_LOOP('',(#4031,#4032,#4033,#4034));
#1217=EDGE_LOOP('',(#4035,#4036,#4037,#4038));
#1218=EDGE_LOOP('',(#4039,#4040,#4041,#4042));
#1219=EDGE_LOOP('',(#4043,#4044,#4045,#4046));
#1220=EDGE_LOOP('',(#4047,#4048,#4049,#4050));
#1221=EDGE_LOOP('',(#4051,#4052,#4053,#4054));
#1222=EDGE_LOOP('',(#4055));
#1223=EDGE_LOOP('',(#4056));
#1224=EDGE_LOOP('',(#4057,#4058,#4059,#4060));
#1225=EDGE_LOOP('',(#4061));
#1226=EDGE_LOOP('',(#4062));
#1227=EDGE_LOOP('',(#4063,#4064,#4065,#4066));
#1228=EDGE_LOOP('',(#4067));
#1229=EDGE_LOOP('',(#4068));
#1230=EDGE_LOOP('',(#4069,#4070,#4071,#4072));
#1231=EDGE_LOOP('',(#4073));
#1232=EDGE_LOOP('',(#4074));
#1233=EDGE_LOOP('',(#4075,#4076,#4077,#4078));
#1234=EDGE_LOOP('',(#4079));
#1235=EDGE_LOOP('',(#4080));
#1236=EDGE_LOOP('',(#4081,#4082,#4083,#4084));
#1237=EDGE_LOOP('',(#4085));
#1238=EDGE_LOOP('',(#4086));
#1239=EDGE_LOOP('',(#4087,#4088,#4089,#4090));
#1240=EDGE_LOOP('',(#4091,#4092,#4093,#4094));
#1241=EDGE_LOOP('',(#4095,#4096,#4097,#4098));
#1242=EDGE_LOOP('',(#4099,#4100,#4101,#4102));
#1243=EDGE_LOOP('',(#4103,#4104,#4105,#4106));
#1244=EDGE_LOOP('',(#4107,#4108,#4109,#4110));
#1245=EDGE_LOOP('',(#4111,#4112,#4113,#4114));
#1246=EDGE_LOOP('',(#4115,#4116,#4117,#4118));
#1247=EDGE_LOOP('',(#4119,#4120,#4121,#4122));
#1248=EDGE_LOOP('',(#4123,#4124,#4125,#4126));
#1249=EDGE_LOOP('',(#4127,#4128,#4129,#4130));
#1250=EDGE_LOOP('',(#4131,#4132,#4133,#4134));
#1251=EDGE_LOOP('',(#4135,#4136,#4137,#4138));
#1252=EDGE_LOOP('',(#4139,#4140,#4141,#4142));
#1253=EDGE_LOOP('',(#4143,#4144,#4145,#4146));
#1254=EDGE_LOOP('',(#4147,#4148,#4149,#4150));
#1255=EDGE_LOOP('',(#4151,#4152,#4153,#4154));
#1256=EDGE_LOOP('',(#4155,#4156,#4157,#4158));
#1257=EDGE_LOOP('',(#4159,#4160,#4161,#4162));
#1258=EDGE_LOOP('',(#4163,#4164,#4165,#4166));
#1259=EDGE_LOOP('',(#4167,#4168,#4169,#4170));
#1260=EDGE_LOOP('',(#4171,#4172,#4173,#4174));
#1261=EDGE_LOOP('',(#4175,#4176,#4177,#4178));
#1262=EDGE_LOOP('',(#4179,#4180,#4181,#4182));
#1263=EDGE_LOOP('',(#4183,#4184,#4185,#4186));
#1264=EDGE_LOOP('',(#4187,#4188,#4189,#4190));
#1265=EDGE_LOOP('',(#4191,#4192,#4193,#4194));
#1266=EDGE_LOOP('',(#4195,#4196,#4197,#4198));
#1267=EDGE_LOOP('',(#4199,#4200,#4201,#4202));
#1268=EDGE_LOOP('',(#4203,#4204,#4205,#4206));
#1269=EDGE_LOOP('',(#4207,#4208,#4209,#4210,#4211,#4212,#4213,#4214,#4215,
#4216,#4217,#4218,#4219,#4220,#4221,#4222,#4223,#4224,#4225,#4226,#4227,
#4228,#4229,#4230,#4231,#4232,#4233,#4234,#4235,#4236));
#1270=EDGE_LOOP('',(#4237,#4238,#4239,#4240));
#1271=EDGE_LOOP('',(#4241,#4242,#4243,#4244));
#1272=EDGE_LOOP('',(#4245,#4246,#4247,#4248));
#1273=EDGE_LOOP('',(#4249,#4250,#4251,#4252));
#1274=EDGE_LOOP('',(#4253,#4254,#4255,#4256));
#1275=EDGE_LOOP('',(#4257,#4258,#4259,#4260));
#1276=EDGE_LOOP('',(#4261,#4262,#4263,#4264));
#1277=EDGE_LOOP('',(#4265,#4266,#4267,#4268));
#1278=EDGE_LOOP('',(#4269,#4270,#4271,#4272));
#1279=EDGE_LOOP('',(#4273,#4274,#4275,#4276));
#1280=EDGE_LOOP('',(#4277,#4278,#4279,#4280));
#1281=EDGE_LOOP('',(#4281,#4282,#4283,#4284));
#1282=EDGE_LOOP('',(#4285,#4286,#4287,#4288));
#1283=EDGE_LOOP('',(#4289,#4290,#4291,#4292));
#1284=EDGE_LOOP('',(#4293,#4294,#4295,#4296));
#1285=EDGE_LOOP('',(#4297,#4298,#4299,#4300));
#1286=EDGE_LOOP('',(#4301,#4302,#4303,#4304));
#1287=EDGE_LOOP('',(#4305,#4306,#4307,#4308));
#1288=EDGE_LOOP('',(#4309,#4310,#4311,#4312));
#1289=EDGE_LOOP('',(#4313,#4314,#4315,#4316));
#1290=EDGE_LOOP('',(#4317,#4318,#4319,#4320));
#1291=EDGE_LOOP('',(#4321,#4322,#4323,#4324));
#1292=EDGE_LOOP('',(#4325,#4326,#4327,#4328));
#1293=EDGE_LOOP('',(#4329,#4330,#4331,#4332));
#1294=EDGE_LOOP('',(#4333,#4334,#4335,#4336));
#1295=EDGE_LOOP('',(#4337,#4338,#4339,#4340));
#1296=EDGE_LOOP('',(#4341,#4342,#4343,#4344));
#1297=EDGE_LOOP('',(#4345,#4346,#4347,#4348));
#1298=EDGE_LOOP('',(#4349,#4350,#4351,#4352));
#1299=EDGE_LOOP('',(#4353,#4354,#4355,#4356));
#1300=EDGE_LOOP('',(#4357,#4358,#4359,#4360));
#1301=EDGE_LOOP('',(#4361,#4362,#4363,#4364,#4365,#4366,#4367,#4368,#4369,
#4370,#4371,#4372,#4373,#4374,#4375,#4376,#4377,#4378,#4379,#4380,#4381,
#4382,#4383,#4384,#4385,#4386,#4387,#4388,#4389,#4390,#4391));
#1302=EDGE_LOOP('',(#4392,#4393,#4394,#4395));
#1303=EDGE_LOOP('',(#4396,#4397,#4398,#4399));
#1304=EDGE_LOOP('',(#4400,#4401,#4402,#4403));
#1305=EDGE_LOOP('',(#4404,#4405,#4406,#4407));
#1306=EDGE_LOOP('',(#4408,#4409,#4410,#4411));
#1307=EDGE_LOOP('',(#4412,#4413,#4414,#4415));
#1308=EDGE_LOOP('',(#4416,#4417,#4418,#4419));
#1309=EDGE_LOOP('',(#4420,#4421,#4422,#4423));
#1310=EDGE_LOOP('',(#4424,#4425,#4426,#4427));
#1311=EDGE_LOOP('',(#4428,#4429,#4430,#4431));
#1312=EDGE_LOOP('',(#4432,#4433,#4434,#4435));
#1313=EDGE_LOOP('',(#4436,#4437,#4438,#4439));
#1314=EDGE_LOOP('',(#4440,#4441,#4442,#4443));
#1315=EDGE_LOOP('',(#4444,#4445,#4446,#4447));
#1316=EDGE_LOOP('',(#4448,#4449,#4450,#4451));
#1317=EDGE_LOOP('',(#4452,#4453,#4454,#4455));
#1318=EDGE_LOOP('',(#4456,#4457,#4458,#4459));
#1319=EDGE_LOOP('',(#4460,#4461,#4462,#4463));
#1320=EDGE_LOOP('',(#4464,#4465,#4466,#4467));
#1321=EDGE_LOOP('',(#4468,#4469,#4470,#4471));
#1322=EDGE_LOOP('',(#4472,#4473,#4474,#4475));
#1323=EDGE_LOOP('',(#4476,#4477,#4478,#4479));
#1324=EDGE_LOOP('',(#4480,#4481,#4482,#4483));
#1325=EDGE_LOOP('',(#4484,#4485,#4486,#4487));
#1326=EDGE_LOOP('',(#4488,#4489,#4490,#4491));
#1327=EDGE_LOOP('',(#4492,#4493,#4494,#4495));
#1328=EDGE_LOOP('',(#4496,#4497,#4498,#4499));
#1329=EDGE_LOOP('',(#4500,#4501,#4502,#4503));
#1330=EDGE_LOOP('',(#4504,#4505,#4506,#4507));
#1331=EDGE_LOOP('',(#4508,#4509,#4510,#4511));
#1332=EDGE_LOOP('',(#4512,#4513,#4514,#4515));
#1333=EDGE_LOOP('',(#4516,#4517,#4518,#4519));
#1334=EDGE_LOOP('',(#4520,#4521,#4522,#4523));
#1335=EDGE_LOOP('',(#4524,#4525,#4526,#4527));
#1336=EDGE_LOOP('',(#4528,#4529,#4530,#4531,#4532,#4533,#4534,#4535,#4536,
#4537,#4538,#4539,#4540,#4541,#4542,#4543,#4544,#4545,#4546,#4547,#4548,
#4549));
#1337=EDGE_LOOP('',(#4550,#4551,#4552,#4553,#4554,#4555,#4556,#4557,#4558,
#4559,#4560,#4561));
#1338=EDGE_LOOP('',(#4562,#4563,#4564,#4565));
#1339=EDGE_LOOP('',(#4566,#4567,#4568,#4569));
#1340=EDGE_LOOP('',(#4570,#4571,#4572,#4573));
#1341=EDGE_LOOP('',(#4574,#4575,#4576,#4577));
#1342=EDGE_LOOP('',(#4578,#4579,#4580,#4581));
#1343=EDGE_LOOP('',(#4582,#4583,#4584,#4585));
#1344=EDGE_LOOP('',(#4586,#4587,#4588,#4589));
#1345=EDGE_LOOP('',(#4590,#4591,#4592,#4593));
#1346=EDGE_LOOP('',(#4594,#4595,#4596,#4597));
#1347=EDGE_LOOP('',(#4598,#4599,#4600,#4601));
#1348=EDGE_LOOP('',(#4602,#4603,#4604,#4605));
#1349=EDGE_LOOP('',(#4606,#4607,#4608,#4609));
#1350=EDGE_LOOP('',(#4610,#4611,#4612,#4613));
#1351=EDGE_LOOP('',(#4614,#4615,#4616,#4617));
#1352=EDGE_LOOP('',(#4618,#4619,#4620,#4621));
#1353=EDGE_LOOP('',(#4622,#4623,#4624,#4625));
#1354=EDGE_LOOP('',(#4626,#4627,#4628,#4629));
#1355=EDGE_LOOP('',(#4630,#4631,#4632,#4633));
#1356=EDGE_LOOP('',(#4634,#4635,#4636,#4637));
#1357=EDGE_LOOP('',(#4638,#4639,#4640,#4641));
#1358=EDGE_LOOP('',(#4642,#4643,#4644,#4645));
#1359=EDGE_LOOP('',(#4646,#4647,#4648,#4649));
#1360=EDGE_LOOP('',(#4650,#4651,#4652,#4653));
#1361=EDGE_LOOP('',(#4654,#4655,#4656,#4657));
#1362=EDGE_LOOP('',(#4658,#4659,#4660,#4661));
#1363=EDGE_LOOP('',(#4662,#4663,#4664,#4665));
#1364=EDGE_LOOP('',(#4666,#4667,#4668,#4669));
#1365=EDGE_LOOP('',(#4670,#4671,#4672,#4673));
#1366=EDGE_LOOP('',(#4674,#4675,#4676,#4677));
#1367=EDGE_LOOP('',(#4678,#4679,#4680,#4681));
#1368=EDGE_LOOP('',(#4682,#4683,#4684,#4685));
#1369=EDGE_LOOP('',(#4686,#4687,#4688,#4689));
#1370=EDGE_LOOP('',(#4690,#4691,#4692,#4693));
#1371=EDGE_LOOP('',(#4694,#4695,#4696,#4697));
#1372=EDGE_LOOP('',(#4698,#4699,#4700,#4701));
#1373=EDGE_LOOP('',(#4702,#4703,#4704,#4705));
#1374=EDGE_LOOP('',(#4706,#4707,#4708,#4709));
#1375=EDGE_LOOP('',(#4710,#4711,#4712,#4713));
#1376=EDGE_LOOP('',(#4714,#4715,#4716,#4717));
#1377=EDGE_LOOP('',(#4718,#4719,#4720,#4721));
#1378=EDGE_LOOP('',(#4722,#4723,#4724,#4725));
#1379=EDGE_LOOP('',(#4726,#4727,#4728,#4729));
#1380=EDGE_LOOP('',(#4730,#4731,#4732,#4733,#4734,#4735,#4736,#4737,#4738,
#4739,#4740,#4741,#4742,#4743,#4744,#4745,#4746,#4747,#4748,#4749,#4750,
#4751,#4752,#4753,#4754,#4755,#4756,#4757,#4758,#4759,#4760,#4761));
#1381=EDGE_LOOP('',(#4762,#4763,#4764,#4765,#4766,#4767,#4768,#4769,#4770,
#4771));
#1382=EDGE_LOOP('',(#4772,#4773,#4774,#4775));
#1383=EDGE_LOOP('',(#4776,#4777,#4778,#4779));
#1384=EDGE_LOOP('',(#4780,#4781,#4782,#4783));
#1385=EDGE_LOOP('',(#4784,#4785,#4786,#4787));
#1386=EDGE_LOOP('',(#4788,#4789,#4790,#4791));
#1387=EDGE_LOOP('',(#4792,#4793,#4794,#4795));
#1388=EDGE_LOOP('',(#4796,#4797,#4798,#4799));
#1389=EDGE_LOOP('',(#4800,#4801,#4802,#4803));
#1390=EDGE_LOOP('',(#4804,#4805,#4806,#4807,#4808,#4809,#4810,#4811));
#1391=EDGE_LOOP('',(#4812,#4813,#4814,#4815));
#1392=EDGE_LOOP('',(#4816,#4817,#4818,#4819));
#1393=EDGE_LOOP('',(#4820,#4821,#4822,#4823));
#1394=EDGE_LOOP('',(#4824,#4825,#4826,#4827));
#1395=EDGE_LOOP('',(#4828,#4829,#4830,#4831));
#1396=EDGE_LOOP('',(#4832,#4833,#4834,#4835));
#1397=EDGE_LOOP('',(#4836,#4837,#4838,#4839));
#1398=EDGE_LOOP('',(#4840,#4841,#4842,#4843));
#1399=EDGE_LOOP('',(#4844,#4845,#4846,#4847));
#1400=EDGE_LOOP('',(#4848,#4849,#4850,#4851));
#1401=EDGE_LOOP('',(#4852,#4853,#4854,#4855));
#1402=EDGE_LOOP('',(#4856,#4857,#4858,#4859));
#1403=EDGE_LOOP('',(#4860,#4861,#4862,#4863));
#1404=EDGE_LOOP('',(#4864,#4865,#4866,#4867));
#1405=EDGE_LOOP('',(#4868,#4869,#4870,#4871));
#1406=EDGE_LOOP('',(#4872,#4873,#4874,#4875));
#1407=EDGE_LOOP('',(#4876,#4877,#4878,#4879));
#1408=EDGE_LOOP('',(#4880,#4881,#4882,#4883));
#1409=EDGE_LOOP('',(#4884,#4885,#4886,#4887));
#1410=EDGE_LOOP('',(#4888,#4889,#4890,#4891));
#1411=EDGE_LOOP('',(#4892,#4893,#4894,#4895));
#1412=EDGE_LOOP('',(#4896,#4897,#4898,#4899,#4900,#4901,#4902,#4903,#4904,
#4905,#4906,#4907,#4908,#4909,#4910,#4911,#4912,#4913,#4914,#4915,#4916));
#1413=EDGE_LOOP('',(#4917,#4918,#4919,#4920));
#1414=EDGE_LOOP('',(#4921,#4922,#4923,#4924));
#1415=EDGE_LOOP('',(#4925,#4926,#4927,#4928));
#1416=EDGE_LOOP('',(#4929,#4930,#4931,#4932));
#1417=EDGE_LOOP('',(#4933,#4934,#4935,#4936));
#1418=EDGE_LOOP('',(#4937,#4938,#4939,#4940));
#1419=EDGE_LOOP('',(#4941,#4942,#4943,#4944));
#1420=EDGE_LOOP('',(#4945,#4946,#4947,#4948));
#1421=EDGE_LOOP('',(#4949,#4950,#4951,#4952));
#1422=EDGE_LOOP('',(#4953,#4954,#4955,#4956));
#1423=EDGE_LOOP('',(#4957,#4958,#4959,#4960));
#1424=EDGE_LOOP('',(#4961,#4962,#4963,#4964));
#1425=EDGE_LOOP('',(#4965,#4966,#4967,#4968));
#1426=EDGE_LOOP('',(#4969,#4970,#4971,#4972));
#1427=EDGE_LOOP('',(#4973,#4974,#4975,#4976));
#1428=EDGE_LOOP('',(#4977,#4978,#4979,#4980));
#1429=EDGE_LOOP('',(#4981,#4982,#4983,#4984));
#1430=EDGE_LOOP('',(#4985,#4986,#4987,#4988));
#1431=EDGE_LOOP('',(#4989,#4990,#4991,#4992));
#1432=EDGE_LOOP('',(#4993,#4994,#4995,#4996));
#1433=EDGE_LOOP('',(#4997,#4998,#4999,#5000));
#1434=EDGE_LOOP('',(#5001,#5002,#5003,#5004));
#1435=EDGE_LOOP('',(#5005,#5006,#5007,#5008));
#1436=EDGE_LOOP('',(#5009,#5010,#5011,#5012));
#1437=EDGE_LOOP('',(#5013,#5014,#5015,#5016));
#1438=EDGE_LOOP('',(#5017,#5018,#5019,#5020));
#1439=EDGE_LOOP('',(#5021,#5022,#5023,#5024,#5025,#5026,#5027,#5028,#5029,
#5030,#5031,#5032,#5033,#5034,#5035,#5036));
#1440=EDGE_LOOP('',(#5037,#5038,#5039,#5040,#5041,#5042,#5043,#5044,#5045,
#5046));
#1441=EDGE_LOOP('',(#5047,#5048,#5049,#5050));
#1442=EDGE_LOOP('',(#5051,#5052,#5053,#5054));
#1443=EDGE_LOOP('',(#5055,#5056,#5057,#5058));
#1444=EDGE_LOOP('',(#5059,#5060,#5061,#5062));
#1445=EDGE_LOOP('',(#5063,#5064,#5065,#5066));
#1446=EDGE_LOOP('',(#5067,#5068,#5069,#5070));
#1447=EDGE_LOOP('',(#5071,#5072,#5073,#5074));
#1448=EDGE_LOOP('',(#5075,#5076,#5077,#5078));
#1449=EDGE_LOOP('',(#5079,#5080,#5081,#5082));
#1450=EDGE_LOOP('',(#5083,#5084,#5085,#5086));
#1451=EDGE_LOOP('',(#5087,#5088,#5089,#5090));
#1452=EDGE_LOOP('',(#5091,#5092,#5093,#5094));
#1453=EDGE_LOOP('',(#5095,#5096,#5097,#5098));
#1454=EDGE_LOOP('',(#5099,#5100,#5101,#5102));
#1455=EDGE_LOOP('',(#5103,#5104,#5105,#5106));
#1456=EDGE_LOOP('',(#5107,#5108,#5109,#5110));
#1457=EDGE_LOOP('',(#5111,#5112,#5113,#5114));
#1458=EDGE_LOOP('',(#5115,#5116,#5117,#5118));
#1459=EDGE_LOOP('',(#5119,#5120,#5121,#5122));
#1460=EDGE_LOOP('',(#5123,#5124,#5125,#5126));
#1461=EDGE_LOOP('',(#5127,#5128,#5129,#5130));
#1462=EDGE_LOOP('',(#5131,#5132,#5133,#5134));
#1463=EDGE_LOOP('',(#5135,#5136,#5137,#5138));
#1464=EDGE_LOOP('',(#5139,#5140,#5141,#5142));
#1465=EDGE_LOOP('',(#5143,#5144,#5145,#5146));
#1466=EDGE_LOOP('',(#5147,#5148,#5149,#5150));
#1467=EDGE_LOOP('',(#5151,#5152,#5153,#5154));
#1468=EDGE_LOOP('',(#5155,#5156,#5157,#5158));
#1469=EDGE_LOOP('',(#5159,#5160,#5161,#5162));
#1470=EDGE_LOOP('',(#5163,#5164,#5165,#5166));
#1471=EDGE_LOOP('',(#5167,#5168,#5169,#5170));
#1472=EDGE_LOOP('',(#5171,#5172,#5173,#5174));
#1473=EDGE_LOOP('',(#5175,#5176,#5177,#5178));
#1474=EDGE_LOOP('',(#5179,#5180,#5181,#5182));
#1475=EDGE_LOOP('',(#5183,#5184,#5185,#5186,#5187,#5188,#5189,#5190,#5191,
#5192,#5193,#5194,#5195,#5196,#5197,#5198,#5199,#5200,#5201,#5202,#5203,
#5204,#5205,#5206));
#1476=EDGE_LOOP('',(#5207,#5208,#5209,#5210,#5211,#5212,#5213,#5214,#5215,
#5216));
#1477=EDGE_LOOP('',(#5217,#5218,#5219,#5220));
#1478=EDGE_LOOP('',(#5221,#5222,#5223,#5224));
#1479=EDGE_LOOP('',(#5225,#5226,#5227,#5228));
#1480=EDGE_LOOP('',(#5229,#5230,#5231,#5232));
#1481=EDGE_LOOP('',(#5233,#5234,#5235,#5236));
#1482=EDGE_LOOP('',(#5237,#5238,#5239,#5240));
#1483=EDGE_LOOP('',(#5241,#5242,#5243,#5244));
#1484=EDGE_LOOP('',(#5245,#5246,#5247,#5248));
#1485=EDGE_LOOP('',(#5249,#5250,#5251,#5252));
#1486=EDGE_LOOP('',(#5253,#5254,#5255,#5256));
#1487=EDGE_LOOP('',(#5257,#5258,#5259,#5260));
#1488=EDGE_LOOP('',(#5261,#5262,#5263,#5264));
#1489=EDGE_LOOP('',(#5265,#5266,#5267,#5268));
#1490=EDGE_LOOP('',(#5269,#5270,#5271,#5272));
#1491=EDGE_LOOP('',(#5273,#5274,#5275,#5276));
#1492=EDGE_LOOP('',(#5277,#5278,#5279,#5280));
#1493=EDGE_LOOP('',(#5281,#5282,#5283,#5284));
#1494=EDGE_LOOP('',(#5285,#5286,#5287,#5288));
#1495=EDGE_LOOP('',(#5289,#5290,#5291,#5292));
#1496=EDGE_LOOP('',(#5293,#5294,#5295,#5296));
#1497=EDGE_LOOP('',(#5297,#5298,#5299,#5300));
#1498=EDGE_LOOP('',(#5301,#5302,#5303,#5304));
#1499=EDGE_LOOP('',(#5305,#5306,#5307,#5308));
#1500=EDGE_LOOP('',(#5309,#5310,#5311,#5312));
#1501=EDGE_LOOP('',(#5313,#5314,#5315,#5316));
#1502=EDGE_LOOP('',(#5317,#5318,#5319,#5320));
#1503=EDGE_LOOP('',(#5321,#5322,#5323,#5324));
#1504=EDGE_LOOP('',(#5325,#5326,#5327,#5328));
#1505=EDGE_LOOP('',(#5329,#5330,#5331,#5332));
#1506=EDGE_LOOP('',(#5333,#5334,#5335,#5336));
#1507=EDGE_LOOP('',(#5337,#5338,#5339,#5340));
#1508=EDGE_LOOP('',(#5341,#5342,#5343,#5344,#5345,#5346,#5347,#5348,#5349,
#5350,#5351,#5352,#5353,#5354,#5355,#5356,#5357,#5358,#5359,#5360,#5361,
#5362,#5363,#5364,#5365,#5366));
#1509=EDGE_LOOP('',(#5367,#5368,#5369,#5370,#5371));
#1510=EDGE_LOOP('',(#5372,#5373,#5374,#5375));
#1511=EDGE_LOOP('',(#5376,#5377,#5378,#5379));
#1512=EDGE_LOOP('',(#5380,#5381,#5382,#5383));
#1513=EDGE_LOOP('',(#5384,#5385,#5386,#5387));
#1514=EDGE_LOOP('',(#5388,#5389,#5390,#5391));
#1515=EDGE_LOOP('',(#5392,#5393,#5394,#5395));
#1516=EDGE_LOOP('',(#5396,#5397,#5398,#5399));
#1517=EDGE_LOOP('',(#5400,#5401,#5402,#5403));
#1518=EDGE_LOOP('',(#5404,#5405,#5406,#5407));
#1519=EDGE_LOOP('',(#5408,#5409,#5410,#5411));
#1520=EDGE_LOOP('',(#5412,#5413,#5414,#5415));
#1521=EDGE_LOOP('',(#5416,#5417,#5418,#5419));
#1522=EDGE_LOOP('',(#5420,#5421,#5422,#5423));
#1523=EDGE_LOOP('',(#5424,#5425,#5426,#5427));
#1524=EDGE_LOOP('',(#5428,#5429,#5430,#5431));
#1525=EDGE_LOOP('',(#5432,#5433,#5434,#5435));
#1526=EDGE_LOOP('',(#5436,#5437,#5438,#5439));
#1527=EDGE_LOOP('',(#5440,#5441,#5442,#5443));
#1528=EDGE_LOOP('',(#5444,#5445,#5446,#5447));
#1529=EDGE_LOOP('',(#5448,#5449,#5450,#5451));
#1530=EDGE_LOOP('',(#5452,#5453,#5454,#5455));
#1531=EDGE_LOOP('',(#5456,#5457,#5458,#5459));
#1532=EDGE_LOOP('',(#5460,#5461,#5462,#5463));
#1533=EDGE_LOOP('',(#5464,#5465,#5466,#5467));
#1534=EDGE_LOOP('',(#5468,#5469,#5470,#5471));
#1535=EDGE_LOOP('',(#5472,#5473,#5474,#5475));
#1536=EDGE_LOOP('',(#5476,#5477,#5478,#5479));
#1537=EDGE_LOOP('',(#5480,#5481,#5482,#5483));
#1538=EDGE_LOOP('',(#5484,#5485,#5486,#5487,#5488,#5489,#5490,#5491,#5492,
#5493,#5494,#5495,#5496,#5497,#5498,#5499,#5500,#5501,#5502,#5503));
#1539=EDGE_LOOP('',(#5504,#5505,#5506,#5507,#5508,#5509,#5510,#5511));
#1540=EDGE_LOOP('',(#5512,#5513,#5514,#5515,#5516,#5517,#5518,#5519));
#1541=EDGE_LOOP('',(#5520,#5521,#5522,#5523,#5524));
#1542=EDGE_LOOP('',(#5525,#5526,#5527,#5528,#5529,#5530,#5531,#5532,#5533,
#5534));
#1543=EDGE_LOOP('',(#5535,#5536,#5537,#5538,#5539,#5540,#5541,#5542,#5543,
#5544));
#1544=EDGE_LOOP('',(#5545,#5546,#5547,#5548,#5549,#5550,#5551,#5552,#5553,
#5554));
#1545=EDGE_LOOP('',(#5555,#5556,#5557,#5558,#5559,#5560,#5561,#5562,#5563,
#5564,#5565,#5566));
#1546=EDGE_LOOP('',(#5567,#5568,#5569,#5570));
#1547=EDGE_LOOP('',(#5571,#5572,#5573,#5574));
#1548=EDGE_LOOP('',(#5575,#5576,#5577,#5578));
#1549=EDGE_LOOP('',(#5579,#5580,#5581,#5582));
#1550=EDGE_LOOP('',(#5583,#5584,#5585,#5586));
#1551=EDGE_LOOP('',(#5587,#5588,#5589,#5590));
#1552=EDGE_LOOP('',(#5591,#5592,#5593,#5594));
#1553=EDGE_LOOP('',(#5595,#5596,#5597,#5598));
#1554=EDGE_LOOP('',(#5599,#5600,#5601,#5602));
#1555=EDGE_LOOP('',(#5603,#5604,#5605,#5606));
#1556=EDGE_LOOP('',(#5607,#5608,#5609,#5610));
#1557=EDGE_LOOP('',(#5611,#5612,#5613,#5614));
#1558=EDGE_LOOP('',(#5615,#5616,#5617,#5618));
#1559=EDGE_LOOP('',(#5619,#5620,#5621,#5622));
#1560=EDGE_LOOP('',(#5623,#5624,#5625,#5626));
#1561=EDGE_LOOP('',(#5627,#5628,#5629,#5630));
#1562=EDGE_LOOP('',(#5631,#5632,#5633,#5634));
#1563=EDGE_LOOP('',(#5635,#5636,#5637,#5638));
#1564=EDGE_LOOP('',(#5639,#5640,#5641,#5642));
#1565=EDGE_LOOP('',(#5643,#5644,#5645,#5646));
#1566=EDGE_LOOP('',(#5647,#5648,#5649,#5650,#5651,#5652,#5653,#5654,#5655,
#5656,#5657,#5658));
#1567=EDGE_LOOP('',(#5659,#5660,#5661,#5662,#5663,#5664,#5665,#5666,#5667,
#5668,#5669,#5670,#5671,#5672,#5673,#5674,#5675,#5676,#5677,#5678,#5679,
#5680,#5681,#5682,#5683,#5684,#5685,#5686,#5687,#5688));
#1568=EDGE_LOOP('',(#5689,#5690,#5691,#5692,#5693,#5694,#5695,#5696,#5697,
#5698,#5699,#5700,#5701,#5702,#5703,#5704,#5705,#5706,#5707,#5708,#5709,
#5710,#5711,#5712,#5713,#5714,#5715,#5716,#5717,#5718,#5719));
#1569=EDGE_LOOP('',(#5720,#5721,#5722,#5723,#5724,#5725,#5726,#5727,#5728,
#5729,#5730,#5731,#5732,#5733,#5734,#5735,#5736,#5737,#5738,#5739,#5740,
#5741));
#1570=EDGE_LOOP('',(#5742,#5743,#5744,#5745,#5746,#5747,#5748,#5749,#5750,
#5751,#5752,#5753,#5754,#5755,#5756,#5757,#5758,#5759,#5760,#5761,#5762,
#5763,#5764,#5765,#5766,#5767,#5768,#5769,#5770,#5771,#5772,#5773));
#1571=EDGE_LOOP('',(#5774,#5775,#5776,#5777,#5778,#5779,#5780,#5781));
#1572=EDGE_LOOP('',(#5782,#5783,#5784,#5785,#5786,#5787,#5788,#5789,#5790,
#5791,#5792,#5793,#5794,#5795,#5796,#5797,#5798,#5799,#5800,#5801,#5802));
#1573=EDGE_LOOP('',(#5803,#5804,#5805,#5806,#5807,#5808,#5809,#5810,#5811,
#5812,#5813,#5814,#5815,#5816,#5817,#5818));
#1574=EDGE_LOOP('',(#5819,#5820,#5821,#5822,#5823,#5824,#5825,#5826,#5827,
#5828,#5829,#5830,#5831,#5832,#5833,#5834,#5835,#5836,#5837,#5838,#5839,
#5840,#5841,#5842));
#1575=EDGE_LOOP('',(#5843,#5844,#5845,#5846,#5847,#5848,#5849,#5850,#5851,
#5852,#5853,#5854,#5855,#5856,#5857,#5858,#5859,#5860,#5861,#5862,#5863,
#5864,#5865,#5866,#5867,#5868));
#1576=EDGE_LOOP('',(#5869,#5870,#5871,#5872,#5873,#5874,#5875,#5876,#5877,
#5878,#5879,#5880,#5881,#5882,#5883,#5884,#5885,#5886,#5887,#5888));
#1577=EDGE_LOOP('',(#5889,#5890,#5891,#5892,#5893,#5894,#5895,#5896));
#1578=EDGE_LOOP('',(#5897));
#1579=EDGE_LOOP('',(#5898));
#1580=EDGE_LOOP('',(#5899));
#1581=EDGE_LOOP('',(#5900));
#1582=EDGE_LOOP('',(#5901));
#1583=EDGE_LOOP('',(#5902));
#1584=EDGE_LOOP('',(#5903,#5904,#5905,#5906,#5907,#5908,#5909,#5910,#5911,
#5912,#5913,#5914));
#1585=EDGE_LOOP('',(#5915,#5916,#5917,#5918,#5919,#5920,#5921,#5922));
#1586=EDGE_LOOP('',(#5923));
#1587=EDGE_LOOP('',(#5924));
#1588=EDGE_LOOP('',(#5925));
#1589=EDGE_LOOP('',(#5926));
#1590=EDGE_LOOP('',(#5927));
#1591=EDGE_LOOP('',(#5928));
#1592=LINE('',#7115,#1995);
#1593=LINE('',#7121,#1996);
#1594=LINE('',#7127,#1997);
#1595=LINE('',#7133,#1998);
#1596=LINE('',#7139,#1999);
#1597=LINE('',#7145,#2000);
#1598=LINE('',#7151,#2001);
#1599=LINE('',#7158,#2002);
#1600=LINE('',#7165,#2003);
#1601=LINE('',#7172,#2004);
#1602=LINE('',#7179,#2005);
#1603=LINE('',#7186,#2006);
#1604=LINE('',#7207,#2007);
#1605=LINE('',#7214,#2008);
#1606=LINE('',#7232,#2009);
#1607=LINE('',#7255,#2010);
#1608=LINE('',#7263,#2011);
#1609=LINE('',#7265,#2012);
#1610=LINE('',#7266,#2013);
#1611=LINE('',#7284,#2014);
#1612=LINE('',#7307,#2015);
#1613=LINE('',#7330,#2016);
#1614=LINE('',#7353,#2017);
#1615=LINE('',#7376,#2018);
#1616=LINE('',#7399,#2019);
#1617=LINE('',#7407,#2020);
#1618=LINE('',#7409,#2021);
#1619=LINE('',#7410,#2022);
#1620=LINE('',#7413,#2023);
#1621=LINE('',#7415,#2024);
#1622=LINE('',#7416,#2025);
#1623=LINE('',#7419,#2026);
#1624=LINE('',#7421,#2027);
#1625=LINE('',#7422,#2028);
#1626=LINE('',#7440,#2029);
#1627=LINE('',#7463,#2030);
#1628=LINE('',#7486,#2031);
#1629=LINE('',#7509,#2032);
#1630=LINE('',#7532,#2033);
#1631=LINE('',#7555,#2034);
#1632=LINE('',#7578,#2035);
#1633=LINE('',#7586,#2036);
#1634=LINE('',#7588,#2037);
#1635=LINE('',#7589,#2038);
#1636=LINE('',#7592,#2039);
#1637=LINE('',#7594,#2040);
#1638=LINE('',#7595,#2041);
#1639=LINE('',#7613,#2042);
#1640=LINE('',#7636,#2043);
#1641=LINE('',#7659,#2044);
#1642=LINE('',#7682,#2045);
#1643=LINE('',#7705,#2046);
#1644=LINE('',#7713,#2047);
#1645=LINE('',#7715,#2048);
#1646=LINE('',#7716,#2049);
#1647=LINE('',#7719,#2050);
#1648=LINE('',#7721,#2051);
#1649=LINE('',#7722,#2052);
#1650=LINE('',#7762,#2053);
#1651=LINE('',#7769,#2054);
#1652=LINE('',#7787,#2055);
#1653=LINE('',#7810,#2056);
#1654=LINE('',#7833,#2057);
#1655=LINE('',#7856,#2058);
#1656=LINE('',#7879,#2059);
#1657=LINE('',#7902,#2060);
#1658=LINE('',#7925,#2061);
#1659=LINE('',#7948,#2062);
#1660=LINE('',#7971,#2063);
#1661=LINE('',#7994,#2064);
#1662=LINE('',#8002,#2065);
#1663=LINE('',#8004,#2066);
#1664=LINE('',#8005,#2067);
#1665=LINE('',#8023,#2068);
#1666=LINE('',#8046,#2069);
#1667=LINE('',#8069,#2070);
#1668=LINE('',#8092,#2071);
#1669=LINE('',#8115,#2072);
#1670=LINE('',#8138,#2073);
#1671=LINE('',#8161,#2074);
#1672=LINE('',#8184,#2075);
#1673=LINE('',#8192,#2076);
#1674=LINE('',#8194,#2077);
#1675=LINE('',#8195,#2078);
#1676=LINE('',#8198,#2079);
#1677=LINE('',#8200,#2080);
#1678=LINE('',#8201,#2081);
#1679=LINE('',#8219,#2082);
#1680=LINE('',#8242,#2083);
#1681=LINE('',#8265,#2084);
#1682=LINE('',#8288,#2085);
#1683=LINE('',#8311,#2086);
#1684=LINE('',#8334,#2087);
#1685=LINE('',#8342,#2088);
#1686=LINE('',#8344,#2089);
#1687=LINE('',#8345,#2090);
#1688=LINE('',#8348,#2091);
#1689=LINE('',#8350,#2092);
#1690=LINE('',#8351,#2093);
#1691=LINE('',#8391,#2094);
#1692=LINE('',#8398,#2095);
#1693=LINE('',#8416,#2096);
#1694=LINE('',#8439,#2097);
#1695=LINE('',#8462,#2098);
#1696=LINE('',#8485,#2099);
#1697=LINE('',#8508,#2100);
#1698=LINE('',#8531,#2101);
#1699=LINE('',#8554,#2102);
#1700=LINE('',#8577,#2103);
#1701=LINE('',#8600,#2104);
#1702=LINE('',#8623,#2105);
#1703=LINE('',#8667,#2106);
#1704=LINE('',#8674,#2107);
#1705=LINE('',#8692,#2108);
#1706=LINE('',#8715,#2109);
#1707=LINE('',#8723,#2110);
#1708=LINE('',#8725,#2111);
#1709=LINE('',#8726,#2112);
#1710=LINE('',#8744,#2113);
#1711=LINE('',#8767,#2114);
#1712=LINE('',#8790,#2115);
#1713=LINE('',#8813,#2116);
#1714=LINE('',#8821,#2117);
#1715=LINE('',#8823,#2118);
#1716=LINE('',#8824,#2119);
#1717=LINE('',#8842,#2120);
#1718=LINE('',#8865,#2121);
#1719=LINE('',#8888,#2122);
#1720=LINE('',#8911,#2123);
#1721=LINE('',#8934,#2124);
#1722=LINE('',#8957,#2125);
#1723=LINE('',#8980,#2126);
#1724=LINE('',#9003,#2127);
#1725=LINE('',#9026,#2128);
#1726=LINE('',#9049,#2129);
#1727=LINE('',#9072,#2130);
#1728=LINE('',#9080,#2131);
#1729=LINE('',#9082,#2132);
#1730=LINE('',#9083,#2133);
#1731=LINE('',#9123,#2134);
#1732=LINE('',#9130,#2135);
#1733=LINE('',#9148,#2136);
#1734=LINE('',#9171,#2137);
#1735=LINE('',#9194,#2138);
#1736=LINE('',#9217,#2139);
#1737=LINE('',#9240,#2140);
#1738=LINE('',#9263,#2141);
#1739=LINE('',#9286,#2142);
#1740=LINE('',#9309,#2143);
#1741=LINE('',#9316,#2144);
#1742=LINE('',#9317,#2145);
#1743=LINE('',#9336,#2146);
#1744=LINE('',#9343,#2147);
#1745=LINE('',#9361,#2148);
#1746=LINE('',#9384,#2149);
#1747=LINE('',#9407,#2150);
#1748=LINE('',#9430,#2151);
#1749=LINE('',#9453,#2152);
#1750=LINE('',#9476,#2153);
#1751=LINE('',#9499,#2154);
#1752=LINE('',#9522,#2155);
#1753=LINE('',#9545,#2156);
#1754=LINE('',#9568,#2157);
#1755=LINE('',#9591,#2158);
#1756=LINE('',#9614,#2159);
#1757=LINE('',#9637,#2160);
#1758=LINE('',#9660,#2161);
#1759=LINE('',#9683,#2162);
#1760=LINE('',#9706,#2163);
#1761=LINE('',#9729,#2164);
#1762=LINE('',#9752,#2165);
#1763=LINE('',#9775,#2166);
#1764=LINE('',#9798,#2167);
#1765=LINE('',#9821,#2168);
#1766=LINE('',#9844,#2169);
#1767=LINE('',#9867,#2170);
#1768=LINE('',#9890,#2171);
#1769=LINE('',#9913,#2172);
#1770=LINE('',#9936,#2173);
#1771=LINE('',#9959,#2174);
#1772=LINE('',#9982,#2175);
#1773=LINE('',#10005,#2176);
#1774=LINE('',#10028,#2177);
#1775=LINE('',#10058,#2178);
#1776=LINE('',#10060,#2179);
#1777=LINE('',#10062,#2180);
#1778=LINE('',#10063,#2181);
#1779=LINE('',#10066,#2182);
#1780=LINE('',#10068,#2183);
#1781=LINE('',#10069,#2184);
#1782=LINE('',#10072,#2185);
#1783=LINE('',#10074,#2186);
#1784=LINE('',#10075,#2187);
#1785=LINE('',#10078,#2188);
#1786=LINE('',#10080,#2189);
#1787=LINE('',#10081,#2190);
#1788=LINE('',#10084,#2191);
#1789=LINE('',#10086,#2192);
#1790=LINE('',#10087,#2193);
#1791=LINE('',#10090,#2194);
#1792=LINE('',#10092,#2195);
#1793=LINE('',#10093,#2196);
#1794=LINE('',#10096,#2197);
#1795=LINE('',#10098,#2198);
#1796=LINE('',#10099,#2199);
#1797=LINE('',#10101,#2200);
#1798=LINE('',#10102,#2201);
#1799=LINE('',#10122,#2202);
#1800=LINE('',#10129,#2203);
#1801=LINE('',#10147,#2204);
#1802=LINE('',#10170,#2205);
#1803=LINE('',#10193,#2206);
#1804=LINE('',#10216,#2207);
#1805=LINE('',#10239,#2208);
#1806=LINE('',#10262,#2209);
#1807=LINE('',#10285,#2210);
#1808=LINE('',#10308,#2211);
#1809=LINE('',#10331,#2212);
#1810=LINE('',#10354,#2213);
#1811=LINE('',#10377,#2214);
#1812=LINE('',#10400,#2215);
#1813=LINE('',#10423,#2216);
#1814=LINE('',#10431,#2217);
#1815=LINE('',#10433,#2218);
#1816=LINE('',#10434,#2219);
#1817=LINE('',#10452,#2220);
#1818=LINE('',#10475,#2221);
#1819=LINE('',#10498,#2222);
#1820=LINE('',#10521,#2223);
#1821=LINE('',#10529,#2224);
#1822=LINE('',#10531,#2225);
#1823=LINE('',#10532,#2226);
#1824=LINE('',#10572,#2227);
#1825=LINE('',#10579,#2228);
#1826=LINE('',#10597,#2229);
#1827=LINE('',#10620,#2230);
#1828=LINE('',#10643,#2231);
#1829=LINE('',#10666,#2232);
#1830=LINE('',#10689,#2233);
#1831=LINE('',#10712,#2234);
#1832=LINE('',#10735,#2235);
#1833=LINE('',#10758,#2236);
#1834=LINE('',#10802,#2237);
#1835=LINE('',#10809,#2238);
#1836=LINE('',#10827,#2239);
#1837=LINE('',#10850,#2240);
#1838=LINE('',#10873,#2241);
#1839=LINE('',#10896,#2242);
#1840=LINE('',#10919,#2243);
#1841=LINE('',#10942,#2244);
#1842=LINE('',#10965,#2245);
#1843=LINE('',#10988,#2246);
#1844=LINE('',#11011,#2247);
#1845=LINE('',#11034,#2248);
#1846=LINE('',#11057,#2249);
#1847=LINE('',#11080,#2250);
#1848=LINE('',#11103,#2251);
#1849=LINE('',#11126,#2252);
#1850=LINE('',#11171,#2253);
#1851=LINE('',#11178,#2254);
#1852=LINE('',#11196,#2255);
#1853=LINE('',#11219,#2256);
#1854=LINE('',#11242,#2257);
#1855=LINE('',#11265,#2258);
#1856=LINE('',#11288,#2259);
#1857=LINE('',#11311,#2260);
#1858=LINE('',#11334,#2261);
#1859=LINE('',#11357,#2262);
#1860=LINE('',#11401,#2263);
#1861=LINE('',#11408,#2264);
#1862=LINE('',#11426,#2265);
#1863=LINE('',#11449,#2266);
#1864=LINE('',#11457,#2267);
#1865=LINE('',#11459,#2268);
#1866=LINE('',#11460,#2269);
#1867=LINE('',#11478,#2270);
#1868=LINE('',#11501,#2271);
#1869=LINE('',#11524,#2272);
#1870=LINE('',#11547,#2273);
#1871=LINE('',#11555,#2274);
#1872=LINE('',#11557,#2275);
#1873=LINE('',#11558,#2276);
#1874=LINE('',#11576,#2277);
#1875=LINE('',#11599,#2278);
#1876=LINE('',#11622,#2279);
#1877=LINE('',#11645,#2280);
#1878=LINE('',#11668,#2281);
#1879=LINE('',#11691,#2282);
#1880=LINE('',#11714,#2283);
#1881=LINE('',#11737,#2284);
#1882=LINE('',#11760,#2285);
#1883=LINE('',#11783,#2286);
#1884=LINE('',#11806,#2287);
#1885=LINE('',#11829,#2288);
#1886=LINE('',#11852,#2289);
#1887=LINE('',#11860,#2290);
#1888=LINE('',#11862,#2291);
#1889=LINE('',#11863,#2292);
#1890=LINE('',#11903,#2293);
#1891=LINE('',#11910,#2294);
#1892=LINE('',#11928,#2295);
#1893=LINE('',#11951,#2296);
#1894=LINE('',#11959,#2297);
#1895=LINE('',#11961,#2298);
#1896=LINE('',#11962,#2299);
#1897=LINE('',#12001,#2300);
#1898=LINE('',#12008,#2301);
#1899=LINE('',#12026,#2302);
#1900=LINE('',#12049,#2303);
#1901=LINE('',#12072,#2304);
#1902=LINE('',#12095,#2305);
#1903=LINE('',#12118,#2306);
#1904=LINE('',#12141,#2307);
#1905=LINE('',#12164,#2308);
#1906=LINE('',#12187,#2309);
#1907=LINE('',#12210,#2310);
#1908=LINE('',#12233,#2311);
#1909=LINE('',#12256,#2312);
#1910=LINE('',#12279,#2313);
#1911=LINE('',#12302,#2314);
#1912=LINE('',#12325,#2315);
#1913=LINE('',#12348,#2316);
#1914=LINE('',#12371,#2317);
#1915=LINE('',#12394,#2318);
#1916=LINE('',#12417,#2319);
#1917=LINE('',#12440,#2320);
#1918=LINE('',#12463,#2321);
#1919=LINE('',#12486,#2322);
#1920=LINE('',#12509,#2323);
#1921=LINE('',#12532,#2324);
#1922=LINE('',#12540,#2325);
#1923=LINE('',#12542,#2326);
#1924=LINE('',#12543,#2327);
#1925=LINE('',#12583,#2328);
#1926=LINE('',#12590,#2329);
#1927=LINE('',#12608,#2330);
#1928=LINE('',#12631,#2331);
#1929=LINE('',#12654,#2332);
#1930=LINE('',#12677,#2333);
#1931=LINE('',#12700,#2334);
#1932=LINE('',#12723,#2335);
#1933=LINE('',#12767,#2336);
#1934=LINE('',#12774,#2337);
#1935=LINE('',#12792,#2338);
#1936=LINE('',#12815,#2339);
#1937=LINE('',#12838,#2340);
#1938=LINE('',#12861,#2341);
#1939=LINE('',#12884,#2342);
#1940=LINE('',#12907,#2343);
#1941=LINE('',#12930,#2344);
#1942=LINE('',#12953,#2345);
#1943=LINE('',#12976,#2346);
#1944=LINE('',#12999,#2347);
#1945=LINE('',#13022,#2348);
#1946=LINE('',#13045,#2349);
#1947=LINE('',#13068,#2350);
#1948=LINE('',#13091,#2351);
#1949=LINE('',#13114,#2352);
#1950=LINE('',#13137,#2353);
#1951=LINE('',#13160,#2354);
#1952=LINE('',#13168,#2355);
#1953=LINE('',#13170,#2356);
#1954=LINE('',#13171,#2357);
#1955=LINE('',#13202,#2358);
#1956=LINE('',#13204,#2359);
#1957=LINE('',#13206,#2360);
#1958=LINE('',#13207,#2361);
#1959=LINE('',#13213,#2362);
#1960=LINE('',#13216,#2363);
#1961=LINE('',#13218,#2364);
#1962=LINE('',#13219,#2365);
#1963=LINE('',#13225,#2366);
#1964=LINE('',#13228,#2367);
#1965=LINE('',#13230,#2368);
#1966=LINE('',#13231,#2369);
#1967=LINE('',#13237,#2370);
#1968=LINE('',#13240,#2371);
#1969=LINE('',#13242,#2372);
#1970=LINE('',#13243,#2373);
#1971=LINE('',#13252,#2374);
#1972=LINE('',#13255,#2375);
#1973=LINE('',#13258,#2376);
#1974=LINE('',#13260,#2377);
#1975=LINE('',#13261,#2378);
#1976=LINE('',#13267,#2379);
#1977=LINE('',#13270,#2380);
#1978=LINE('',#13272,#2381);
#1979=LINE('',#13273,#2382);
#1980=LINE('',#13279,#2383);
#1981=LINE('',#13282,#2384);
#1982=LINE('',#13284,#2385);
#1983=LINE('',#13285,#2386);
#1984=LINE('',#13291,#2387);
#1985=LINE('',#13294,#2388);
#1986=LINE('',#13296,#2389);
#1987=LINE('',#13297,#2390);
#1988=LINE('',#13303,#2391);
#1989=LINE('',#13306,#2392);
#1990=LINE('',#13308,#2393);
#1991=LINE('',#13309,#2394);
#1992=LINE('',#13315,#2395);
#1993=LINE('',#13317,#2396);
#1994=LINE('',#13318,#2397);
#1995=VECTOR('',#6445,1.35);
#1996=VECTOR('',#6452,1.35);
#1997=VECTOR('',#6459,1.35);
#1998=VECTOR('',#6466,1.35);
#1999=VECTOR('',#6473,1.35);
#2000=VECTOR('',#6480,1.35);
#2001=VECTOR('',#6487,3.);
#2002=VECTOR('',#6496,3.);
#2003=VECTOR('',#6505,3.);
#2004=VECTOR('',#6514,3.);
#2005=VECTOR('',#6523,3.);
#2006=VECTOR('',#6532,3.);
#2007=VECTOR('',#6537,10.);
#2008=VECTOR('',#6538,10.);
#2009=VECTOR('',#6539,10.);
#2010=VECTOR('',#6540,10.);
#2011=VECTOR('',#6543,10.);
#2012=VECTOR('',#6544,10.);
#2013=VECTOR('',#6545,10.);
#2014=VECTOR('',#6546,10.);
#2015=VECTOR('',#6547,10.);
#2016=VECTOR('',#6548,10.);
#2017=VECTOR('',#6549,10.);
#2018=VECTOR('',#6550,10.);
#2019=VECTOR('',#6551,10.);
#2020=VECTOR('',#6554,10.);
#2021=VECTOR('',#6555,10.);
#2022=VECTOR('',#6556,10.);
#2023=VECTOR('',#6559,10.);
#2024=VECTOR('',#6560,10.);
#2025=VECTOR('',#6561,10.);
#2026=VECTOR('',#6564,10.);
#2027=VECTOR('',#6565,10.);
#2028=VECTOR('',#6566,10.);
#2029=VECTOR('',#6567,10.);
#2030=VECTOR('',#6568,10.);
#2031=VECTOR('',#6569,10.);
#2032=VECTOR('',#6570,10.);
#2033=VECTOR('',#6571,10.);
#2034=VECTOR('',#6572,10.);
#2035=VECTOR('',#6573,10.);
#2036=VECTOR('',#6576,10.);
#2037=VECTOR('',#6577,10.);
#2038=VECTOR('',#6578,10.);
#2039=VECTOR('',#6581,10.);
#2040=VECTOR('',#6582,10.);
#2041=VECTOR('',#6583,10.);
#2042=VECTOR('',#6584,10.);
#2043=VECTOR('',#6585,10.);
#2044=VECTOR('',#6586,10.);
#2045=VECTOR('',#6587,10.);
#2046=VECTOR('',#6588,10.);
#2047=VECTOR('',#6591,10.);
#2048=VECTOR('',#6592,10.);
#2049=VECTOR('',#6593,10.);
#2050=VECTOR('',#6596,10.);
#2051=VECTOR('',#6597,10.);
#2052=VECTOR('',#6598,10.);
#2053=VECTOR('',#6601,10.);
#2054=VECTOR('',#6602,10.);
#2055=VECTOR('',#6603,10.);
#2056=VECTOR('',#6604,10.);
#2057=VECTOR('',#6605,10.);
#2058=VECTOR('',#6606,10.);
#2059=VECTOR('',#6607,10.);
#2060=VECTOR('',#6608,10.);
#2061=VECTOR('',#6609,10.);
#2062=VECTOR('',#6610,10.);
#2063=VECTOR('',#6611,10.);
#2064=VECTOR('',#6612,10.);
#2065=VECTOR('',#6615,10.);
#2066=VECTOR('',#6616,10.);
#2067=VECTOR('',#6617,10.);
#2068=VECTOR('',#6618,10.);
#2069=VECTOR('',#6619,10.);
#2070=VECTOR('',#6620,10.);
#2071=VECTOR('',#6621,10.);
#2072=VECTOR('',#6622,10.);
#2073=VECTOR('',#6623,10.);
#2074=VECTOR('',#6624,10.);
#2075=VECTOR('',#6625,10.);
#2076=VECTOR('',#6628,10.);
#2077=VECTOR('',#6629,10.);
#2078=VECTOR('',#6630,10.);
#2079=VECTOR('',#6633,10.);
#2080=VECTOR('',#6634,10.);
#2081=VECTOR('',#6635,10.);
#2082=VECTOR('',#6636,10.);
#2083=VECTOR('',#6637,10.);
#2084=VECTOR('',#6638,10.);
#2085=VECTOR('',#6639,10.);
#2086=VECTOR('',#6640,10.);
#2087=VECTOR('',#6641,10.);
#2088=VECTOR('',#6644,10.);
#2089=VECTOR('',#6645,10.);
#2090=VECTOR('',#6646,10.);
#2091=VECTOR('',#6649,10.);
#2092=VECTOR('',#6650,10.);
#2093=VECTOR('',#6651,10.);
#2094=VECTOR('',#6654,10.);
#2095=VECTOR('',#6655,10.);
#2096=VECTOR('',#6656,10.);
#2097=VECTOR('',#6657,10.);
#2098=VECTOR('',#6658,10.);
#2099=VECTOR('',#6659,10.);
#2100=VECTOR('',#6660,10.);
#2101=VECTOR('',#6661,10.);
#2102=VECTOR('',#6662,10.);
#2103=VECTOR('',#6663,10.);
#2104=VECTOR('',#6664,10.);
#2105=VECTOR('',#6665,10.);
#2106=VECTOR('',#6666,10.);
#2107=VECTOR('',#6667,10.);
#2108=VECTOR('',#6668,10.);
#2109=VECTOR('',#6669,10.);
#2110=VECTOR('',#6672,10.);
#2111=VECTOR('',#6673,10.);
#2112=VECTOR('',#6674,10.);
#2113=VECTOR('',#6675,10.);
#2114=VECTOR('',#6676,10.);
#2115=VECTOR('',#6677,10.);
#2116=VECTOR('',#6678,10.);
#2117=VECTOR('',#6681,10.);
#2118=VECTOR('',#6682,10.);
#2119=VECTOR('',#6683,10.);
#2120=VECTOR('',#6684,10.);
#2121=VECTOR('',#6685,10.);
#2122=VECTOR('',#6686,10.);
#2123=VECTOR('',#6687,10.);
#2124=VECTOR('',#6688,10.);
#2125=VECTOR('',#6689,10.);
#2126=VECTOR('',#6690,10.);
#2127=VECTOR('',#6691,10.);
#2128=VECTOR('',#6692,10.);
#2129=VECTOR('',#6693,10.);
#2130=VECTOR('',#6694,10.);
#2131=VECTOR('',#6697,10.);
#2132=VECTOR('',#6698,10.);
#2133=VECTOR('',#6699,10.);
#2134=VECTOR('',#6702,10.);
#2135=VECTOR('',#6703,10.);
#2136=VECTOR('',#6704,10.);
#2137=VECTOR('',#6705,10.);
#2138=VECTOR('',#6706,10.);
#2139=VECTOR('',#6707,10.);
#2140=VECTOR('',#6708,10.);
#2141=VECTOR('',#6709,10.);
#2142=VECTOR('',#6710,10.);
#2143=VECTOR('',#6711,10.);
#2144=VECTOR('',#6714,10.);
#2145=VECTOR('',#6715,10.);
#2146=VECTOR('',#6716,10.);
#2147=VECTOR('',#6717,10.);
#2148=VECTOR('',#6718,10.);
#2149=VECTOR('',#6719,10.);
#2150=VECTOR('',#6720,10.);
#2151=VECTOR('',#6721,10.);
#2152=VECTOR('',#6722,10.);
#2153=VECTOR('',#6723,10.);
#2154=VECTOR('',#6724,10.);
#2155=VECTOR('',#6725,10.);
#2156=VECTOR('',#6726,10.);
#2157=VECTOR('',#6727,10.);
#2158=VECTOR('',#6728,10.);
#2159=VECTOR('',#6729,10.);
#2160=VECTOR('',#6730,10.);
#2161=VECTOR('',#6731,10.);
#2162=VECTOR('',#6732,10.);
#2163=VECTOR('',#6733,10.);
#2164=VECTOR('',#6734,10.);
#2165=VECTOR('',#6735,10.);
#2166=VECTOR('',#6736,10.);
#2167=VECTOR('',#6737,10.);
#2168=VECTOR('',#6738,10.);
#2169=VECTOR('',#6739,10.);
#2170=VECTOR('',#6740,10.);
#2171=VECTOR('',#6741,10.);
#2172=VECTOR('',#6742,10.);
#2173=VECTOR('',#6743,10.);
#2174=VECTOR('',#6744,10.);
#2175=VECTOR('',#6745,10.);
#2176=VECTOR('',#6746,10.);
#2177=VECTOR('',#6747,10.);
#2178=VECTOR('',#6752,10.);
#2179=VECTOR('',#6753,10.);
#2180=VECTOR('',#6754,10.);
#2181=VECTOR('',#6755,10.);
#2182=VECTOR('',#6758,10.);
#2183=VECTOR('',#6759,10.);
#2184=VECTOR('',#6760,10.);
#2185=VECTOR('',#6763,10.);
#2186=VECTOR('',#6764,10.);
#2187=VECTOR('',#6765,10.);
#2188=VECTOR('',#6768,10.);
#2189=VECTOR('',#6769,10.);
#2190=VECTOR('',#6770,10.);
#2191=VECTOR('',#6773,10.);
#2192=VECTOR('',#6774,10.);
#2193=VECTOR('',#6775,10.);
#2194=VECTOR('',#6778,10.);
#2195=VECTOR('',#6779,10.);
#2196=VECTOR('',#6780,10.);
#2197=VECTOR('',#6783,10.);
#2198=VECTOR('',#6784,10.);
#2199=VECTOR('',#6785,10.);
#2200=VECTOR('',#6788,10.);
#2201=VECTOR('',#6789,10.);
#2202=VECTOR('',#6792,10.);
#2203=VECTOR('',#6793,10.);
#2204=VECTOR('',#6794,10.);
#2205=VECTOR('',#6795,10.);
#2206=VECTOR('',#6796,10.);
#2207=VECTOR('',#6797,10.);
#2208=VECTOR('',#6798,10.);
#2209=VECTOR('',#6799,10.);
#2210=VECTOR('',#6800,10.);
#2211=VECTOR('',#6801,10.);
#2212=VECTOR('',#6802,10.);
#2213=VECTOR('',#6803,10.);
#2214=VECTOR('',#6804,10.);
#2215=VECTOR('',#6805,10.);
#2216=VECTOR('',#6806,10.);
#2217=VECTOR('',#6809,10.);
#2218=VECTOR('',#6810,10.);
#2219=VECTOR('',#6811,10.);
#2220=VECTOR('',#6812,10.);
#2221=VECTOR('',#6813,10.);
#2222=VECTOR('',#6814,10.);
#2223=VECTOR('',#6815,10.);
#2224=VECTOR('',#6818,10.);
#2225=VECTOR('',#6819,10.);
#2226=VECTOR('',#6820,10.);
#2227=VECTOR('',#6823,10.);
#2228=VECTOR('',#6824,10.);
#2229=VECTOR('',#6825,10.);
#2230=VECTOR('',#6826,10.);
#2231=VECTOR('',#6827,10.);
#2232=VECTOR('',#6828,10.);
#2233=VECTOR('',#6829,10.);
#2234=VECTOR('',#6830,10.);
#2235=VECTOR('',#6831,10.);
#2236=VECTOR('',#6832,10.);
#2237=VECTOR('',#6833,10.);
#2238=VECTOR('',#6834,10.);
#2239=VECTOR('',#6835,10.);
#2240=VECTOR('',#6836,10.);
#2241=VECTOR('',#6837,10.);
#2242=VECTOR('',#6838,10.);
#2243=VECTOR('',#6839,10.);
#2244=VECTOR('',#6840,10.);
#2245=VECTOR('',#6841,10.);
#2246=VECTOR('',#6842,10.);
#2247=VECTOR('',#6843,10.);
#2248=VECTOR('',#6844,10.);
#2249=VECTOR('',#6845,10.);
#2250=VECTOR('',#6846,10.);
#2251=VECTOR('',#6847,10.);
#2252=VECTOR('',#6848,10.);
#2253=VECTOR('',#6851,10.);
#2254=VECTOR('',#6852,10.);
#2255=VECTOR('',#6853,10.);
#2256=VECTOR('',#6854,10.);
#2257=VECTOR('',#6855,10.);
#2258=VECTOR('',#6856,10.);
#2259=VECTOR('',#6857,10.);
#2260=VECTOR('',#6858,10.);
#2261=VECTOR('',#6859,10.);
#2262=VECTOR('',#6860,10.);
#2263=VECTOR('',#6861,10.);
#2264=VECTOR('',#6862,10.);
#2265=VECTOR('',#6863,10.);
#2266=VECTOR('',#6864,10.);
#2267=VECTOR('',#6867,10.);
#2268=VECTOR('',#6868,10.);
#2269=VECTOR('',#6869,10.);
#2270=VECTOR('',#6870,10.);
#2271=VECTOR('',#6871,10.);
#2272=VECTOR('',#6872,10.);
#2273=VECTOR('',#6873,10.);
#2274=VECTOR('',#6876,10.);
#2275=VECTOR('',#6877,10.);
#2276=VECTOR('',#6878,10.);
#2277=VECTOR('',#6879,10.);
#2278=VECTOR('',#6880,10.);
#2279=VECTOR('',#6881,10.);
#2280=VECTOR('',#6882,10.);
#2281=VECTOR('',#6883,10.);
#2282=VECTOR('',#6884,10.);
#2283=VECTOR('',#6885,10.);
#2284=VECTOR('',#6886,10.);
#2285=VECTOR('',#6887,10.);
#2286=VECTOR('',#6888,10.);
#2287=VECTOR('',#6889,10.);
#2288=VECTOR('',#6890,10.);
#2289=VECTOR('',#6891,10.);
#2290=VECTOR('',#6894,10.);
#2291=VECTOR('',#6895,10.);
#2292=VECTOR('',#6896,10.);
#2293=VECTOR('',#6899,10.);
#2294=VECTOR('',#6900,10.);
#2295=VECTOR('',#6901,10.);
#2296=VECTOR('',#6902,10.);
#2297=VECTOR('',#6905,10.);
#2298=VECTOR('',#6906,10.);
#2299=VECTOR('',#6907,10.);
#2300=VECTOR('',#6908,10.);
#2301=VECTOR('',#6909,10.);
#2302=VECTOR('',#6910,10.);
#2303=VECTOR('',#6911,10.);
#2304=VECTOR('',#6912,10.);
#2305=VECTOR('',#6913,10.);
#2306=VECTOR('',#6914,10.);
#2307=VECTOR('',#6915,10.);
#2308=VECTOR('',#6916,10.);
#2309=VECTOR('',#6917,10.);
#2310=VECTOR('',#6918,10.);
#2311=VECTOR('',#6919,10.);
#2312=VECTOR('',#6920,10.);
#2313=VECTOR('',#6921,10.);
#2314=VECTOR('',#6922,10.);
#2315=VECTOR('',#6923,10.);
#2316=VECTOR('',#6924,10.);
#2317=VECTOR('',#6925,10.);
#2318=VECTOR('',#6926,10.);
#2319=VECTOR('',#6927,10.);
#2320=VECTOR('',#6928,10.);
#2321=VECTOR('',#6929,10.);
#2322=VECTOR('',#6930,10.);
#2323=VECTOR('',#6931,10.);
#2324=VECTOR('',#6932,10.);
#2325=VECTOR('',#6935,10.);
#2326=VECTOR('',#6936,10.);
#2327=VECTOR('',#6937,10.);
#2328=VECTOR('',#6940,10.);
#2329=VECTOR('',#6941,10.);
#2330=VECTOR('',#6942,10.);
#2331=VECTOR('',#6943,10.);
#2332=VECTOR('',#6944,10.);
#2333=VECTOR('',#6945,10.);
#2334=VECTOR('',#6946,10.);
#2335=VECTOR('',#6947,10.);
#2336=VECTOR('',#6948,10.);
#2337=VECTOR('',#6949,10.);
#2338=VECTOR('',#6950,10.);
#2339=VECTOR('',#6951,10.);
#2340=VECTOR('',#6952,10.);
#2341=VECTOR('',#6953,10.);
#2342=VECTOR('',#6954,10.);
#2343=VECTOR('',#6955,10.);
#2344=VECTOR('',#6956,10.);
#2345=VECTOR('',#6957,10.);
#2346=VECTOR('',#6958,10.);
#2347=VECTOR('',#6959,10.);
#2348=VECTOR('',#6960,10.);
#2349=VECTOR('',#6961,10.);
#2350=VECTOR('',#6962,10.);
#2351=VECTOR('',#6963,10.);
#2352=VECTOR('',#6964,10.);
#2353=VECTOR('',#6965,10.);
#2354=VECTOR('',#6966,10.);
#2355=VECTOR('',#6969,10.);
#2356=VECTOR('',#6970,10.);
#2357=VECTOR('',#6971,10.);
#2358=VECTOR('',#6988,10.);
#2359=VECTOR('',#6989,10.);
#2360=VECTOR('',#6990,10.);
#2361=VECTOR('',#6991,10.);
#2362=VECTOR('',#6998,10.);
#2363=VECTOR('',#7001,10.);
#2364=VECTOR('',#7002,10.);
#2365=VECTOR('',#7003,10.);
#2366=VECTOR('',#7010,10.);
#2367=VECTOR('',#7013,10.);
#2368=VECTOR('',#7014,10.);
#2369=VECTOR('',#7015,10.);
#2370=VECTOR('',#7022,10.);
#2371=VECTOR('',#7025,10.);
#2372=VECTOR('',#7026,10.);
#2373=VECTOR('',#7027,10.);
#2374=VECTOR('',#7038,10.);
#2375=VECTOR('',#7041,10.);
#2376=VECTOR('',#7044,10.);
#2377=VECTOR('',#7045,10.);
#2378=VECTOR('',#7046,10.);
#2379=VECTOR('',#7053,10.);
#2380=VECTOR('',#7056,10.);
#2381=VECTOR('',#7057,10.);
#2382=VECTOR('',#7058,10.);
#2383=VECTOR('',#7065,10.);
#2384=VECTOR('',#7068,10.);
#2385=VECTOR('',#7069,10.);
#2386=VECTOR('',#7070,10.);
#2387=VECTOR('',#7077,10.);
#2388=VECTOR('',#7080,10.);
#2389=VECTOR('',#7081,10.);
#2390=VECTOR('',#7082,10.);
#2391=VECTOR('',#7089,10.);
#2392=VECTOR('',#7092,10.);
#2393=VECTOR('',#7093,10.);
#2394=VECTOR('',#7094,10.);
#2395=VECTOR('',#7101,10.);
#2396=VECTOR('',#7104,10.);
#2397=VECTOR('',#7105,10.);
#2398=CIRCLE('',#6307,1.35);
#2399=CIRCLE('',#6308,1.35);
#2400=CIRCLE('',#6310,1.35);
#2401=CIRCLE('',#6311,1.35);
#2402=CIRCLE('',#6313,1.35);
#2403=CIRCLE('',#6314,1.35);
#2404=CIRCLE('',#6316,1.35);
#2405=CIRCLE('',#6317,1.35);
#2406=CIRCLE('',#6319,1.35);
#2407=CIRCLE('',#6320,1.35);
#2408=CIRCLE('',#6322,1.35);
#2409=CIRCLE('',#6323,1.35);
#2410=CIRCLE('',#6325,3.);
#2411=CIRCLE('',#6326,3.);
#2412=CIRCLE('',#6329,3.);
#2413=CIRCLE('',#6330,3.);
#2414=CIRCLE('',#6333,3.);
#2415=CIRCLE('',#6334,3.);
#2416=CIRCLE('',#6337,3.);
#2417=CIRCLE('',#6338,3.);
#2418=CIRCLE('',#6341,3.);
#2419=CIRCLE('',#6342,3.);
#2420=CIRCLE('',#6345,3.);
#2421=CIRCLE('',#6346,3.);
#2422=CIRCLE('',#6399,5.15000000000001);
#2423=CIRCLE('',#6400,5.15000000000001);
#2424=CIRCLE('',#6403,5.15);
#2425=CIRCLE('',#6404,5.15);
#2426=CIRCLE('',#6407,5.14999999999999);
#2427=CIRCLE('',#6408,5.14999999999999);
#2428=CIRCLE('',#6411,5.15);
#2429=CIRCLE('',#6412,5.15);
#2430=CIRCLE('',#6414,7.5);
#2431=CIRCLE('',#6415,7.5);
#2432=CIRCLE('',#6418,7.50000000000008);
#2433=CIRCLE('',#6419,7.50000000000008);
#2434=CIRCLE('',#6422,12.5);
#2435=CIRCLE('',#6423,12.5);
#2436=CIRCLE('',#6426,12.5);
#2437=CIRCLE('',#6427,12.5);
#2438=CIRCLE('',#6430,12.4999999999999);
#2439=CIRCLE('',#6431,12.4999999999999);
#2440=CIRCLE('',#6434,7.50000000000005);
#2441=CIRCLE('',#6435,7.50000000000005);
#2442=VERTEX_POINT('',#7112);
#2443=VERTEX_POINT('',#7114);
#2444=VERTEX_POINT('',#7118);
#2445=VERTEX_POINT('',#7120);
#2446=VERTEX_POINT('',#7124);
#2447=VERTEX_POINT('',#7126);
#2448=VERTEX_POINT('',#7130);
#2449=VERTEX_POINT('',#7132);
#2450=VERTEX_POINT('',#7136);
#2451=VERTEX_POINT('',#7138);
#2452=VERTEX_POINT('',#7142);
#2453=VERTEX_POINT('',#7144);
#2454=VERTEX_POINT('',#7148);
#2455=VERTEX_POINT('',#7150);
#2456=VERTEX_POINT('',#7155);
#2457=VERTEX_POINT('',#7157);
#2458=VERTEX_POINT('',#7162);
#2459=VERTEX_POINT('',#7164);
#2460=VERTEX_POINT('',#7169);
#2461=VERTEX_POINT('',#7171);
#2462=VERTEX_POINT('',#7176);
#2463=VERTEX_POINT('',#7178);
#2464=VERTEX_POINT('',#7183);
#2465=VERTEX_POINT('',#7185);
#2466=VERTEX_POINT('',#7199);
#2467=VERTEX_POINT('',#7200);
#2468=VERTEX_POINT('',#7206);
#2469=VERTEX_POINT('',#7208);
#2470=VERTEX_POINT('',#7225);
#2471=VERTEX_POINT('',#7231);
#2472=VERTEX_POINT('',#7248);
#2473=VERTEX_POINT('',#7254);
#2474=VERTEX_POINT('',#7262);
#2475=VERTEX_POINT('',#7264);
#2476=VERTEX_POINT('',#7277);
#2477=VERTEX_POINT('',#7283);
#2478=VERTEX_POINT('',#7300);
#2479=VERTEX_POINT('',#7306);
#2480=VERTEX_POINT('',#7323);
#2481=VERTEX_POINT('',#7329);
#2482=VERTEX_POINT('',#7346);
#2483=VERTEX_POINT('',#7352);
#2484=VERTEX_POINT('',#7369);
#2485=VERTEX_POINT('',#7375);
#2486=VERTEX_POINT('',#7392);
#2487=VERTEX_POINT('',#7398);
#2488=VERTEX_POINT('',#7406);
#2489=VERTEX_POINT('',#7408);
#2490=VERTEX_POINT('',#7412);
#2491=VERTEX_POINT('',#7414);
#2492=VERTEX_POINT('',#7418);
#2493=VERTEX_POINT('',#7420);
#2494=VERTEX_POINT('',#7433);
#2495=VERTEX_POINT('',#7439);
#2496=VERTEX_POINT('',#7456);
#2497=VERTEX_POINT('',#7462);
#2498=VERTEX_POINT('',#7479);
#2499=VERTEX_POINT('',#7485);
#2500=VERTEX_POINT('',#7502);
#2501=VERTEX_POINT('',#7508);
#2502=VERTEX_POINT('',#7525);
#2503=VERTEX_POINT('',#7531);
#2504=VERTEX_POINT('',#7548);
#2505=VERTEX_POINT('',#7554);
#2506=VERTEX_POINT('',#7571);
#2507=VERTEX_POINT('',#7577);
#2508=VERTEX_POINT('',#7585);
#2509=VERTEX_POINT('',#7587);
#2510=VERTEX_POINT('',#7591);
#2511=VERTEX_POINT('',#7593);
#2512=VERTEX_POINT('',#7606);
#2513=VERTEX_POINT('',#7612);
#2514=VERTEX_POINT('',#7629);
#2515=VERTEX_POINT('',#7635);
#2516=VERTEX_POINT('',#7652);
#2517=VERTEX_POINT('',#7658);
#2518=VERTEX_POINT('',#7675);
#2519=VERTEX_POINT('',#7681);
#2520=VERTEX_POINT('',#7698);
#2521=VERTEX_POINT('',#7704);
#2522=VERTEX_POINT('',#7712);
#2523=VERTEX_POINT('',#7714);
#2524=VERTEX_POINT('',#7718);
#2525=VERTEX_POINT('',#7720);
#2526=VERTEX_POINT('',#7754);
#2527=VERTEX_POINT('',#7755);
#2528=VERTEX_POINT('',#7761);
#2529=VERTEX_POINT('',#7763);
#2530=VERTEX_POINT('',#7780);
#2531=VERTEX_POINT('',#7786);
#2532=VERTEX_POINT('',#7803);
#2533=VERTEX_POINT('',#7809);
#2534=VERTEX_POINT('',#7826);
#2535=VERTEX_POINT('',#7832);
#2536=VERTEX_POINT('',#7849);
#2537=VERTEX_POINT('',#7855);
#2538=VERTEX_POINT('',#7872);
#2539=VERTEX_POINT('',#7878);
#2540=VERTEX_POINT('',#7895);
#2541=VERTEX_POINT('',#7901);
#2542=VERTEX_POINT('',#7918);
#2543=VERTEX_POINT('',#7924);
#2544=VERTEX_POINT('',#7941);
#2545=VERTEX_POINT('',#7947);
#2546=VERTEX_POINT('',#7964);
#2547=VERTEX_POINT('',#7970);
#2548=VERTEX_POINT('',#7987);
#2549=VERTEX_POINT('',#7993);
#2550=VERTEX_POINT('',#8001);
#2551=VERTEX_POINT('',#8003);
#2552=VERTEX_POINT('',#8016);
#2553=VERTEX_POINT('',#8022);
#2554=VERTEX_POINT('',#8039);
#2555=VERTEX_POINT('',#8045);
#2556=VERTEX_POINT('',#8062);
#2557=VERTEX_POINT('',#8068);
#2558=VERTEX_POINT('',#8085);
#2559=VERTEX_POINT('',#8091);
#2560=VERTEX_POINT('',#8108);
#2561=VERTEX_POINT('',#8114);
#2562=VERTEX_POINT('',#8131);
#2563=VERTEX_POINT('',#8137);
#2564=VERTEX_POINT('',#8154);
#2565=VERTEX_POINT('',#8160);
#2566=VERTEX_POINT('',#8177);
#2567=VERTEX_POINT('',#8183);
#2568=VERTEX_POINT('',#8191);
#2569=VERTEX_POINT('',#8193);
#2570=VERTEX_POINT('',#8197);
#2571=VERTEX_POINT('',#8199);
#2572=VERTEX_POINT('',#8212);
#2573=VERTEX_POINT('',#8218);
#2574=VERTEX_POINT('',#8235);
#2575=VERTEX_POINT('',#8241);
#2576=VERTEX_POINT('',#8258);
#2577=VERTEX_POINT('',#8264);
#2578=VERTEX_POINT('',#8281);
#2579=VERTEX_POINT('',#8287);
#2580=VERTEX_POINT('',#8304);
#2581=VERTEX_POINT('',#8310);
#2582=VERTEX_POINT('',#8327);
#2583=VERTEX_POINT('',#8333);
#2584=VERTEX_POINT('',#8341);
#2585=VERTEX_POINT('',#8343);
#2586=VERTEX_POINT('',#8347);
#2587=VERTEX_POINT('',#8349);
#2588=VERTEX_POINT('',#8383);
#2589=VERTEX_POINT('',#8384);
#2590=VERTEX_POINT('',#8390);
#2591=VERTEX_POINT('',#8392);
#2592=VERTEX_POINT('',#8409);
#2593=VERTEX_POINT('',#8415);
#2594=VERTEX_POINT('',#8432);
#2595=VERTEX_POINT('',#8438);
#2596=VERTEX_POINT('',#8455);
#2597=VERTEX_POINT('',#8461);
#2598=VERTEX_POINT('',#8478);
#2599=VERTEX_POINT('',#8484);
#2600=VERTEX_POINT('',#8501);
#2601=VERTEX_POINT('',#8507);
#2602=VERTEX_POINT('',#8524);
#2603=VERTEX_POINT('',#8530);
#2604=VERTEX_POINT('',#8547);
#2605=VERTEX_POINT('',#8553);
#2606=VERTEX_POINT('',#8570);
#2607=VERTEX_POINT('',#8576);
#2608=VERTEX_POINT('',#8593);
#2609=VERTEX_POINT('',#8599);
#2610=VERTEX_POINT('',#8616);
#2611=VERTEX_POINT('',#8622);
#2612=VERTEX_POINT('',#8659);
#2613=VERTEX_POINT('',#8660);
#2614=VERTEX_POINT('',#8666);
#2615=VERTEX_POINT('',#8668);
#2616=VERTEX_POINT('',#8685);
#2617=VERTEX_POINT('',#8691);
#2618=VERTEX_POINT('',#8708);
#2619=VERTEX_POINT('',#8714);
#2620=VERTEX_POINT('',#8722);
#2621=VERTEX_POINT('',#8724);
#2622=VERTEX_POINT('',#8737);
#2623=VERTEX_POINT('',#8743);
#2624=VERTEX_POINT('',#8760);
#2625=VERTEX_POINT('',#8766);
#2626=VERTEX_POINT('',#8783);
#2627=VERTEX_POINT('',#8789);
#2628=VERTEX_POINT('',#8806);
#2629=VERTEX_POINT('',#8812);
#2630=VERTEX_POINT('',#8820);
#2631=VERTEX_POINT('',#8822);
#2632=VERTEX_POINT('',#8835);
#2633=VERTEX_POINT('',#8841);
#2634=VERTEX_POINT('',#8858);
#2635=VERTEX_POINT('',#8864);
#2636=VERTEX_POINT('',#8881);
#2637=VERTEX_POINT('',#8887);
#2638=VERTEX_POINT('',#8904);
#2639=VERTEX_POINT('',#8910);
#2640=VERTEX_POINT('',#8927);
#2641=VERTEX_POINT('',#8933);
#2642=VERTEX_POINT('',#8950);
#2643=VERTEX_POINT('',#8956);
#2644=VERTEX_POINT('',#8973);
#2645=VERTEX_POINT('',#8979);
#2646=VERTEX_POINT('',#8996);
#2647=VERTEX_POINT('',#9002);
#2648=VERTEX_POINT('',#9019);
#2649=VERTEX_POINT('',#9025);
#2650=VERTEX_POINT('',#9042);
#2651=VERTEX_POINT('',#9048);
#2652=VERTEX_POINT('',#9065);
#2653=VERTEX_POINT('',#9071);
#2654=VERTEX_POINT('',#9079);
#2655=VERTEX_POINT('',#9081);
#2656=VERTEX_POINT('',#9115);
#2657=VERTEX_POINT('',#9116);
#2658=VERTEX_POINT('',#9122);
#2659=VERTEX_POINT('',#9124);
#2660=VERTEX_POINT('',#9141);
#2661=VERTEX_POINT('',#9147);
#2662=VERTEX_POINT('',#9164);
#2663=VERTEX_POINT('',#9170);
#2664=VERTEX_POINT('',#9187);
#2665=VERTEX_POINT('',#9193);
#2666=VERTEX_POINT('',#9210);
#2667=VERTEX_POINT('',#9216);
#2668=VERTEX_POINT('',#9233);
#2669=VERTEX_POINT('',#9239);
#2670=VERTEX_POINT('',#9256);
#2671=VERTEX_POINT('',#9262);
#2672=VERTEX_POINT('',#9279);
#2673=VERTEX_POINT('',#9285);
#2674=VERTEX_POINT('',#9302);
#2675=VERTEX_POINT('',#9308);
#2676=VERTEX_POINT('',#9328);
#2677=VERTEX_POINT('',#9329);
#2678=VERTEX_POINT('',#9335);
#2679=VERTEX_POINT('',#9337);
#2680=VERTEX_POINT('',#9354);
#2681=VERTEX_POINT('',#9360);
#2682=VERTEX_POINT('',#9377);
#2683=VERTEX_POINT('',#9383);
#2684=VERTEX_POINT('',#9400);
#2685=VERTEX_POINT('',#9406);
#2686=VERTEX_POINT('',#9423);
#2687=VERTEX_POINT('',#9429);
#2688=VERTEX_POINT('',#9446);
#2689=VERTEX_POINT('',#9452);
#2690=VERTEX_POINT('',#9469);
#2691=VERTEX_POINT('',#9475);
#2692=VERTEX_POINT('',#9492);
#2693=VERTEX_POINT('',#9498);
#2694=VERTEX_POINT('',#9515);
#2695=VERTEX_POINT('',#9521);
#2696=VERTEX_POINT('',#9538);
#2697=VERTEX_POINT('',#9544);
#2698=VERTEX_POINT('',#9561);
#2699=VERTEX_POINT('',#9567);
#2700=VERTEX_POINT('',#9584);
#2701=VERTEX_POINT('',#9590);
#2702=VERTEX_POINT('',#9607);
#2703=VERTEX_POINT('',#9613);
#2704=VERTEX_POINT('',#9630);
#2705=VERTEX_POINT('',#9636);
#2706=VERTEX_POINT('',#9653);
#2707=VERTEX_POINT('',#9659);
#2708=VERTEX_POINT('',#9676);
#2709=VERTEX_POINT('',#9682);
#2710=VERTEX_POINT('',#9699);
#2711=VERTEX_POINT('',#9705);
#2712=VERTEX_POINT('',#9722);
#2713=VERTEX_POINT('',#9728);
#2714=VERTEX_POINT('',#9745);
#2715=VERTEX_POINT('',#9751);
#2716=VERTEX_POINT('',#9768);
#2717=VERTEX_POINT('',#9774);
#2718=VERTEX_POINT('',#9791);
#2719=VERTEX_POINT('',#9797);
#2720=VERTEX_POINT('',#9814);
#2721=VERTEX_POINT('',#9820);
#2722=VERTEX_POINT('',#9837);
#2723=VERTEX_POINT('',#9843);
#2724=VERTEX_POINT('',#9860);
#2725=VERTEX_POINT('',#9866);
#2726=VERTEX_POINT('',#9883);
#2727=VERTEX_POINT('',#9889);
#2728=VERTEX_POINT('',#9906);
#2729=VERTEX_POINT('',#9912);
#2730=VERTEX_POINT('',#9929);
#2731=VERTEX_POINT('',#9935);
#2732=VERTEX_POINT('',#9952);
#2733=VERTEX_POINT('',#9958);
#2734=VERTEX_POINT('',#9975);
#2735=VERTEX_POINT('',#9981);
#2736=VERTEX_POINT('',#9998);
#2737=VERTEX_POINT('',#10004);
#2738=VERTEX_POINT('',#10021);
#2739=VERTEX_POINT('',#10027);
#2740=VERTEX_POINT('',#10056);
#2741=VERTEX_POINT('',#10057);
#2742=VERTEX_POINT('',#10059);
#2743=VERTEX_POINT('',#10061);
#2744=VERTEX_POINT('',#10065);
#2745=VERTEX_POINT('',#10067);
#2746=VERTEX_POINT('',#10071);
#2747=VERTEX_POINT('',#10073);
#2748=VERTEX_POINT('',#10077);
#2749=VERTEX_POINT('',#10079);
#2750=VERTEX_POINT('',#10083);
#2751=VERTEX_POINT('',#10085);
#2752=VERTEX_POINT('',#10089);
#2753=VERTEX_POINT('',#10091);
#2754=VERTEX_POINT('',#10095);
#2755=VERTEX_POINT('',#10097);
#2756=VERTEX_POINT('',#10114);
#2757=VERTEX_POINT('',#10115);
#2758=VERTEX_POINT('',#10121);
#2759=VERTEX_POINT('',#10123);
#2760=VERTEX_POINT('',#10140);
#2761=VERTEX_POINT('',#10146);
#2762=VERTEX_POINT('',#10163);
#2763=VERTEX_POINT('',#10169);
#2764=VERTEX_POINT('',#10186);
#2765=VERTEX_POINT('',#10192);
#2766=VERTEX_POINT('',#10209);
#2767=VERTEX_POINT('',#10215);
#2768=VERTEX_POINT('',#10232);
#2769=VERTEX_POINT('',#10238);
#2770=VERTEX_POINT('',#10255);
#2771=VERTEX_POINT('',#10261);
#2772=VERTEX_POINT('',#10278);
#2773=VERTEX_POINT('',#10284);
#2774=VERTEX_POINT('',#10301);
#2775=VERTEX_POINT('',#10307);
#2776=VERTEX_POINT('',#10324);
#2777=VERTEX_POINT('',#10330);
#2778=VERTEX_POINT('',#10347);
#2779=VERTEX_POINT('',#10353);
#2780=VERTEX_POINT('',#10370);
#2781=VERTEX_POINT('',#10376);
#2782=VERTEX_POINT('',#10393);
#2783=VERTEX_POINT('',#10399);
#2784=VERTEX_POINT('',#10416);
#2785=VERTEX_POINT('',#10422);
#2786=VERTEX_POINT('',#10430);
#2787=VERTEX_POINT('',#10432);
#2788=VERTEX_POINT('',#10445);
#2789=VERTEX_POINT('',#10451);
#2790=VERTEX_POINT('',#10468);
#2791=VERTEX_POINT('',#10474);
#2792=VERTEX_POINT('',#10491);
#2793=VERTEX_POINT('',#10497);
#2794=VERTEX_POINT('',#10514);
#2795=VERTEX_POINT('',#10520);
#2796=VERTEX_POINT('',#10528);
#2797=VERTEX_POINT('',#10530);
#2798=VERTEX_POINT('',#10564);
#2799=VERTEX_POINT('',#10565);
#2800=VERTEX_POINT('',#10571);
#2801=VERTEX_POINT('',#10573);
#2802=VERTEX_POINT('',#10590);
#2803=VERTEX_POINT('',#10596);
#2804=VERTEX_POINT('',#10613);
#2805=VERTEX_POINT('',#10619);
#2806=VERTEX_POINT('',#10636);
#2807=VERTEX_POINT('',#10642);
#2808=VERTEX_POINT('',#10659);
#2809=VERTEX_POINT('',#10665);
#2810=VERTEX_POINT('',#10682);
#2811=VERTEX_POINT('',#10688);
#2812=VERTEX_POINT('',#10705);
#2813=VERTEX_POINT('',#10711);
#2814=VERTEX_POINT('',#10728);
#2815=VERTEX_POINT('',#10734);
#2816=VERTEX_POINT('',#10751);
#2817=VERTEX_POINT('',#10757);
#2818=VERTEX_POINT('',#10794);
#2819=VERTEX_POINT('',#10795);
#2820=VERTEX_POINT('',#10801);
#2821=VERTEX_POINT('',#10803);
#2822=VERTEX_POINT('',#10820);
#2823=VERTEX_POINT('',#10826);
#2824=VERTEX_POINT('',#10843);
#2825=VERTEX_POINT('',#10849);
#2826=VERTEX_POINT('',#10866);
#2827=VERTEX_POINT('',#10872);
#2828=VERTEX_POINT('',#10889);
#2829=VERTEX_POINT('',#10895);
#2830=VERTEX_POINT('',#10912);
#2831=VERTEX_POINT('',#10918);
#2832=VERTEX_POINT('',#10935);
#2833=VERTEX_POINT('',#10941);
#2834=VERTEX_POINT('',#10958);
#2835=VERTEX_POINT('',#10964);
#2836=VERTEX_POINT('',#10981);
#2837=VERTEX_POINT('',#10987);
#2838=VERTEX_POINT('',#11004);
#2839=VERTEX_POINT('',#11010);
#2840=VERTEX_POINT('',#11027);
#2841=VERTEX_POINT('',#11033);
#2842=VERTEX_POINT('',#11050);
#2843=VERTEX_POINT('',#11056);
#2844=VERTEX_POINT('',#11073);
#2845=VERTEX_POINT('',#11079);
#2846=VERTEX_POINT('',#11096);
#2847=VERTEX_POINT('',#11102);
#2848=VERTEX_POINT('',#11119);
#2849=VERTEX_POINT('',#11125);
#2850=VERTEX_POINT('',#11163);
#2851=VERTEX_POINT('',#11164);
#2852=VERTEX_POINT('',#11170);
#2853=VERTEX_POINT('',#11172);
#2854=VERTEX_POINT('',#11189);
#2855=VERTEX_POINT('',#11195);
#2856=VERTEX_POINT('',#11212);
#2857=VERTEX_POINT('',#11218);
#2858=VERTEX_POINT('',#11235);
#2859=VERTEX_POINT('',#11241);
#2860=VERTEX_POINT('',#11258);
#2861=VERTEX_POINT('',#11264);
#2862=VERTEX_POINT('',#11281);
#2863=VERTEX_POINT('',#11287);
#2864=VERTEX_POINT('',#11304);
#2865=VERTEX_POINT('',#11310);
#2866=VERTEX_POINT('',#11327);
#2867=VERTEX_POINT('',#11333);
#2868=VERTEX_POINT('',#11350);
#2869=VERTEX_POINT('',#11356);
#2870=VERTEX_POINT('',#11393);
#2871=VERTEX_POINT('',#11394);
#2872=VERTEX_POINT('',#11400);
#2873=VERTEX_POINT('',#11402);
#2874=VERTEX_POINT('',#11419);
#2875=VERTEX_POINT('',#11425);
#2876=VERTEX_POINT('',#11442);
#2877=VERTEX_POINT('',#11448);
#2878=VERTEX_POINT('',#11456);
#2879=VERTEX_POINT('',#11458);
#2880=VERTEX_POINT('',#11471);
#2881=VERTEX_POINT('',#11477);
#2882=VERTEX_POINT('',#11494);
#2883=VERTEX_POINT('',#11500);
#2884=VERTEX_POINT('',#11517);
#2885=VERTEX_POINT('',#11523);
#2886=VERTEX_POINT('',#11540);
#2887=VERTEX_POINT('',#11546);
#2888=VERTEX_POINT('',#11554);
#2889=VERTEX_POINT('',#11556);
#2890=VERTEX_POINT('',#11569);
#2891=VERTEX_POINT('',#11575);
#2892=VERTEX_POINT('',#11592);
#2893=VERTEX_POINT('',#11598);
#2894=VERTEX_POINT('',#11615);
#2895=VERTEX_POINT('',#11621);
#2896=VERTEX_POINT('',#11638);
#2897=VERTEX_POINT('',#11644);
#2898=VERTEX_POINT('',#11661);
#2899=VERTEX_POINT('',#11667);
#2900=VERTEX_POINT('',#11684);
#2901=VERTEX_POINT('',#11690);
#2902=VERTEX_POINT('',#11707);
#2903=VERTEX_POINT('',#11713);
#2904=VERTEX_POINT('',#11730);
#2905=VERTEX_POINT('',#11736);
#2906=VERTEX_POINT('',#11753);
#2907=VERTEX_POINT('',#11759);
#2908=VERTEX_POINT('',#11776);
#2909=VERTEX_POINT('',#11782);
#2910=VERTEX_POINT('',#11799);
#2911=VERTEX_POINT('',#11805);
#2912=VERTEX_POINT('',#11822);
#2913=VERTEX_POINT('',#11828);
#2914=VERTEX_POINT('',#11845);
#2915=VERTEX_POINT('',#11851);
#2916=VERTEX_POINT('',#11859);
#2917=VERTEX_POINT('',#11861);
#2918=VERTEX_POINT('',#11895);
#2919=VERTEX_POINT('',#11896);
#2920=VERTEX_POINT('',#11902);
#2921=VERTEX_POINT('',#11904);
#2922=VERTEX_POINT('',#11921);
#2923=VERTEX_POINT('',#11927);
#2924=VERTEX_POINT('',#11944);
#2925=VERTEX_POINT('',#11950);
#2926=VERTEX_POINT('',#11958);
#2927=VERTEX_POINT('',#11960);
#2928=VERTEX_POINT('',#11993);
#2929=VERTEX_POINT('',#11994);
#2930=VERTEX_POINT('',#12000);
#2931=VERTEX_POINT('',#12002);
#2932=VERTEX_POINT('',#12019);
#2933=VERTEX_POINT('',#12025);
#2934=VERTEX_POINT('',#12042);
#2935=VERTEX_POINT('',#12048);
#2936=VERTEX_POINT('',#12065);
#2937=VERTEX_POINT('',#12071);
#2938=VERTEX_POINT('',#12088);
#2939=VERTEX_POINT('',#12094);
#2940=VERTEX_POINT('',#12111);
#2941=VERTEX_POINT('',#12117);
#2942=VERTEX_POINT('',#12134);
#2943=VERTEX_POINT('',#12140);
#2944=VERTEX_POINT('',#12157);
#2945=VERTEX_POINT('',#12163);
#2946=VERTEX_POINT('',#12180);
#2947=VERTEX_POINT('',#12186);
#2948=VERTEX_POINT('',#12203);
#2949=VERTEX_POINT('',#12209);
#2950=VERTEX_POINT('',#12226);
#2951=VERTEX_POINT('',#12232);
#2952=VERTEX_POINT('',#12249);
#2953=VERTEX_POINT('',#12255);
#2954=VERTEX_POINT('',#12272);
#2955=VERTEX_POINT('',#12278);
#2956=VERTEX_POINT('',#12295);
#2957=VERTEX_POINT('',#12301);
#2958=VERTEX_POINT('',#12318);
#2959=VERTEX_POINT('',#12324);
#2960=VERTEX_POINT('',#12341);
#2961=VERTEX_POINT('',#12347);
#2962=VERTEX_POINT('',#12364);
#2963=VERTEX_POINT('',#12370);
#2964=VERTEX_POINT('',#12387);
#2965=VERTEX_POINT('',#12393);
#2966=VERTEX_POINT('',#12410);
#2967=VERTEX_POINT('',#12416);
#2968=VERTEX_POINT('',#12433);
#2969=VERTEX_POINT('',#12439);
#2970=VERTEX_POINT('',#12456);
#2971=VERTEX_POINT('',#12462);
#2972=VERTEX_POINT('',#12479);
#2973=VERTEX_POINT('',#12485);
#2974=VERTEX_POINT('',#12502);
#2975=VERTEX_POINT('',#12508);
#2976=VERTEX_POINT('',#12525);
#2977=VERTEX_POINT('',#12531);
#2978=VERTEX_POINT('',#12539);
#2979=VERTEX_POINT('',#12541);
#2980=VERTEX_POINT('',#12575);
#2981=VERTEX_POINT('',#12576);
#2982=VERTEX_POINT('',#12582);
#2983=VERTEX_POINT('',#12584);
#2984=VERTEX_POINT('',#12601);
#2985=VERTEX_POINT('',#12607);
#2986=VERTEX_POINT('',#12624);
#2987=VERTEX_POINT('',#12630);
#2988=VERTEX_POINT('',#12647);
#2989=VERTEX_POINT('',#12653);
#2990=VERTEX_POINT('',#12670);
#2991=VERTEX_POINT('',#12676);
#2992=VERTEX_POINT('',#12693);
#2993=VERTEX_POINT('',#12699);
#2994=VERTEX_POINT('',#12716);
#2995=VERTEX_POINT('',#12722);
#2996=VERTEX_POINT('',#12759);
#2997=VERTEX_POINT('',#12760);
#2998=VERTEX_POINT('',#12766);
#2999=VERTEX_POINT('',#12768);
#3000=VERTEX_POINT('',#12785);
#3001=VERTEX_POINT('',#12791);
#3002=VERTEX_POINT('',#12808);
#3003=VERTEX_POINT('',#12814);
#3004=VERTEX_POINT('',#12831);
#3005=VERTEX_POINT('',#12837);
#3006=VERTEX_POINT('',#12854);
#3007=VERTEX_POINT('',#12860);
#3008=VERTEX_POINT('',#12877);
#3009=VERTEX_POINT('',#12883);
#3010=VERTEX_POINT('',#12900);
#3011=VERTEX_POINT('',#12906);
#3012=VERTEX_POINT('',#12923);
#3013=VERTEX_POINT('',#12929);
#3014=VERTEX_POINT('',#12946);
#3015=VERTEX_POINT('',#12952);
#3016=VERTEX_POINT('',#12969);
#3017=VERTEX_POINT('',#12975);
#3018=VERTEX_POINT('',#12992);
#3019=VERTEX_POINT('',#12998);
#3020=VERTEX_POINT('',#13015);
#3021=VERTEX_POINT('',#13021);
#3022=VERTEX_POINT('',#13038);
#3023=VERTEX_POINT('',#13044);
#3024=VERTEX_POINT('',#13061);
#3025=VERTEX_POINT('',#13067);
#3026=VERTEX_POINT('',#13084);
#3027=VERTEX_POINT('',#13090);
#3028=VERTEX_POINT('',#13107);
#3029=VERTEX_POINT('',#13113);
#3030=VERTEX_POINT('',#13130);
#3031=VERTEX_POINT('',#13136);
#3032=VERTEX_POINT('',#13153);
#3033=VERTEX_POINT('',#13159);
#3034=VERTEX_POINT('',#13167);
#3035=VERTEX_POINT('',#13169);
#3036=VERTEX_POINT('',#13200);
#3037=VERTEX_POINT('',#13201);
#3038=VERTEX_POINT('',#13203);
#3039=VERTEX_POINT('',#13205);
#3040=VERTEX_POINT('',#13209);
#3041=VERTEX_POINT('',#13211);
#3042=VERTEX_POINT('',#13215);
#3043=VERTEX_POINT('',#13217);
#3044=VERTEX_POINT('',#13221);
#3045=VERTEX_POINT('',#13223);
#3046=VERTEX_POINT('',#13227);
#3047=VERTEX_POINT('',#13229);
#3048=VERTEX_POINT('',#13233);
#3049=VERTEX_POINT('',#13235);
#3050=VERTEX_POINT('',#13239);
#3051=VERTEX_POINT('',#13241);
#3052=VERTEX_POINT('',#13248);
#3053=VERTEX_POINT('',#13249);
#3054=VERTEX_POINT('',#13251);
#3055=VERTEX_POINT('',#13253);
#3056=VERTEX_POINT('',#13257);
#3057=VERTEX_POINT('',#13259);
#3058=VERTEX_POINT('',#13263);
#3059=VERTEX_POINT('',#13265);
#3060=VERTEX_POINT('',#13269);
#3061=VERTEX_POINT('',#13271);
#3062=VERTEX_POINT('',#13275);
#3063=VERTEX_POINT('',#13277);
#3064=VERTEX_POINT('',#13281);
#3065=VERTEX_POINT('',#13283);
#3066=VERTEX_POINT('',#13287);
#3067=VERTEX_POINT('',#13289);
#3068=VERTEX_POINT('',#13293);
#3069=VERTEX_POINT('',#13295);
#3070=VERTEX_POINT('',#13299);
#3071=VERTEX_POINT('',#13301);
#3072=VERTEX_POINT('',#13305);
#3073=VERTEX_POINT('',#13307);
#3074=VERTEX_POINT('',#13311);
#3075=VERTEX_POINT('',#13313);
#3076=EDGE_CURVE('',#2442,#2442,#2398,.T.);
#3077=EDGE_CURVE('',#2442,#2443,#1592,.T.);
#3078=EDGE_CURVE('',#2443,#2443,#2399,.T.);
#3079=EDGE_CURVE('',#2444,#2444,#2400,.T.);
#3080=EDGE_CURVE('',#2444,#2445,#1593,.T.);
#3081=EDGE_CURVE('',#2445,#2445,#2401,.T.);
#3082=EDGE_CURVE('',#2446,#2446,#2402,.T.);
#3083=EDGE_CURVE('',#2446,#2447,#1594,.T.);
#3084=EDGE_CURVE('',#2447,#2447,#2403,.T.);
#3085=EDGE_CURVE('',#2448,#2448,#2404,.T.);
#3086=EDGE_CURVE('',#2448,#2449,#1595,.T.);
#3087=EDGE_CURVE('',#2449,#2449,#2405,.T.);
#3088=EDGE_CURVE('',#2450,#2450,#2406,.T.);
#3089=EDGE_CURVE('',#2450,#2451,#1596,.T.);
#3090=EDGE_CURVE('',#2451,#2451,#2407,.T.);
#3091=EDGE_CURVE('',#2452,#2452,#2408,.T.);
#3092=EDGE_CURVE('',#2452,#2453,#1597,.T.);
#3093=EDGE_CURVE('',#2453,#2453,#2409,.T.);
#3094=EDGE_CURVE('',#2454,#2454,#2410,.T.);
#3095=EDGE_CURVE('',#2454,#2455,#1598,.T.);
#3096=EDGE_CURVE('',#2455,#2455,#2411,.T.);
#3097=EDGE_CURVE('',#2456,#2456,#2412,.T.);
#3098=EDGE_CURVE('',#2456,#2457,#1599,.T.);
#3099=EDGE_CURVE('',#2457,#2457,#2413,.T.);
#3100=EDGE_CURVE('',#2458,#2458,#2414,.T.);
#3101=EDGE_CURVE('',#2458,#2459,#1600,.T.);
#3102=EDGE_CURVE('',#2459,#2459,#2415,.T.);
#3103=EDGE_CURVE('',#2460,#2460,#2416,.T.);
#3104=EDGE_CURVE('',#2460,#2461,#1601,.T.);
#3105=EDGE_CURVE('',#2461,#2461,#2417,.T.);
#3106=EDGE_CURVE('',#2462,#2462,#2418,.T.);
#3107=EDGE_CURVE('',#2462,#2463,#1602,.T.);
#3108=EDGE_CURVE('',#2463,#2463,#2419,.T.);
#3109=EDGE_CURVE('',#2464,#2464,#2420,.T.);
#3110=EDGE_CURVE('',#2464,#2465,#1603,.T.);
#3111=EDGE_CURVE('',#2465,#2465,#2421,.T.);
#3112=EDGE_CURVE('',#2466,#2467,#15,.T.);
#3113=EDGE_CURVE('',#2466,#2468,#1604,.T.);
#3114=EDGE_CURVE('',#2468,#2469,#16,.T.);
#3115=EDGE_CURVE('',#2467,#2469,#1605,.T.);
#3116=EDGE_CURVE('',#2470,#2466,#17,.T.);
#3117=EDGE_CURVE('',#2470,#2471,#1606,.T.);
#3118=EDGE_CURVE('',#2471,#2468,#18,.T.);
#3119=EDGE_CURVE('',#2472,#2470,#19,.T.);
#3120=EDGE_CURVE('',#2472,#2473,#1607,.T.);
#3121=EDGE_CURVE('',#2473,#2471,#20,.T.);
#3122=EDGE_CURVE('',#2474,#2472,#1608,.T.);
#3123=EDGE_CURVE('',#2474,#2475,#1609,.T.);
#3124=EDGE_CURVE('',#2475,#2473,#1610,.T.);
#3125=EDGE_CURVE('',#2476,#2474,#21,.T.);
#3126=EDGE_CURVE('',#2476,#2477,#1611,.T.);
#3127=EDGE_CURVE('',#2477,#2475,#22,.T.);
#3128=EDGE_CURVE('',#2478,#2476,#23,.T.);
#3129=EDGE_CURVE('',#2478,#2479,#1612,.T.);
#3130=EDGE_CURVE('',#2479,#2477,#24,.T.);
#3131=EDGE_CURVE('',#2480,#2478,#25,.T.);
#3132=EDGE_CURVE('',#2480,#2481,#1613,.T.);
#3133=EDGE_CURVE('',#2481,#2479,#26,.T.);
#3134=EDGE_CURVE('',#2482,#2480,#27,.T.);
#3135=EDGE_CURVE('',#2482,#2483,#1614,.T.);
#3136=EDGE_CURVE('',#2483,#2481,#28,.T.);
#3137=EDGE_CURVE('',#2484,#2482,#29,.T.);
#3138=EDGE_CURVE('',#2484,#2485,#1615,.T.);
#3139=EDGE_CURVE('',#2485,#2483,#30,.T.);
#3140=EDGE_CURVE('',#2486,#2484,#31,.T.);
#3141=EDGE_CURVE('',#2486,#2487,#1616,.T.);
#3142=EDGE_CURVE('',#2487,#2485,#32,.T.);
#3143=EDGE_CURVE('',#2488,#2486,#1617,.T.);
#3144=EDGE_CURVE('',#2488,#2489,#1618,.T.);
#3145=EDGE_CURVE('',#2489,#2487,#1619,.T.);
#3146=EDGE_CURVE('',#2490,#2488,#1620,.T.);
#3147=EDGE_CURVE('',#2490,#2491,#1621,.T.);
#3148=EDGE_CURVE('',#2491,#2489,#1622,.T.);
#3149=EDGE_CURVE('',#2492,#2490,#1623,.T.);
#3150=EDGE_CURVE('',#2492,#2493,#1624,.T.);
#3151=EDGE_CURVE('',#2493,#2491,#1625,.T.);
#3152=EDGE_CURVE('',#2494,#2492,#33,.T.);
#3153=EDGE_CURVE('',#2494,#2495,#1626,.T.);
#3154=EDGE_CURVE('',#2495,#2493,#34,.T.);
#3155=EDGE_CURVE('',#2496,#2494,#35,.T.);
#3156=EDGE_CURVE('',#2496,#2497,#1627,.T.);
#3157=EDGE_CURVE('',#2497,#2495,#36,.T.);
#3158=EDGE_CURVE('',#2498,#2496,#37,.T.);
#3159=EDGE_CURVE('',#2498,#2499,#1628,.T.);
#3160=EDGE_CURVE('',#2499,#2497,#38,.T.);
#3161=EDGE_CURVE('',#2500,#2498,#39,.T.);
#3162=EDGE_CURVE('',#2500,#2501,#1629,.T.);
#3163=EDGE_CURVE('',#2501,#2499,#40,.T.);
#3164=EDGE_CURVE('',#2502,#2500,#41,.T.);
#3165=EDGE_CURVE('',#2502,#2503,#1630,.T.);
#3166=EDGE_CURVE('',#2503,#2501,#42,.T.);
#3167=EDGE_CURVE('',#2504,#2502,#43,.T.);
#3168=EDGE_CURVE('',#2504,#2505,#1631,.T.);
#3169=EDGE_CURVE('',#2505,#2503,#44,.T.);
#3170=EDGE_CURVE('',#2506,#2504,#45,.T.);
#3171=EDGE_CURVE('',#2506,#2507,#1632,.T.);
#3172=EDGE_CURVE('',#2507,#2505,#46,.T.);
#3173=EDGE_CURVE('',#2508,#2506,#1633,.T.);
#3174=EDGE_CURVE('',#2508,#2509,#1634,.T.);
#3175=EDGE_CURVE('',#2509,#2507,#1635,.T.);
#3176=EDGE_CURVE('',#2510,#2508,#1636,.T.);
#3177=EDGE_CURVE('',#2510,#2511,#1637,.T.);
#3178=EDGE_CURVE('',#2511,#2509,#1638,.T.);
#3179=EDGE_CURVE('',#2512,#2510,#47,.T.);
#3180=EDGE_CURVE('',#2512,#2513,#1639,.T.);
#3181=EDGE_CURVE('',#2513,#2511,#48,.T.);
#3182=EDGE_CURVE('',#2514,#2512,#49,.T.);
#3183=EDGE_CURVE('',#2514,#2515,#1640,.T.);
#3184=EDGE_CURVE('',#2515,#2513,#50,.T.);
#3185=EDGE_CURVE('',#2516,#2514,#51,.T.);
#3186=EDGE_CURVE('',#2516,#2517,#1641,.T.);
#3187=EDGE_CURVE('',#2517,#2515,#52,.T.);
#3188=EDGE_CURVE('',#2518,#2516,#53,.T.);
#3189=EDGE_CURVE('',#2518,#2519,#1642,.T.);
#3190=EDGE_CURVE('',#2519,#2517,#54,.T.);
#3191=EDGE_CURVE('',#2520,#2518,#55,.T.);
#3192=EDGE_CURVE('',#2520,#2521,#1643,.T.);
#3193=EDGE_CURVE('',#2521,#2519,#56,.T.);
#3194=EDGE_CURVE('',#2522,#2520,#1644,.T.);
#3195=EDGE_CURVE('',#2522,#2523,#1645,.T.);
#3196=EDGE_CURVE('',#2523,#2521,#1646,.T.);
#3197=EDGE_CURVE('',#2524,#2522,#1647,.T.);
#3198=EDGE_CURVE('',#2524,#2525,#1648,.T.);
#3199=EDGE_CURVE('',#2525,#2523,#1649,.T.);
#3200=EDGE_CURVE('',#2467,#2524,#57,.T.);
#3201=EDGE_CURVE('',#2469,#2525,#58,.T.);
#3202=EDGE_CURVE('',#2526,#2527,#59,.T.);
#3203=EDGE_CURVE('',#2526,#2528,#1650,.T.);
#3204=EDGE_CURVE('',#2528,#2529,#60,.T.);
#3205=EDGE_CURVE('',#2527,#2529,#1651,.T.);
#3206=EDGE_CURVE('',#2530,#2526,#61,.T.);
#3207=EDGE_CURVE('',#2530,#2531,#1652,.T.);
#3208=EDGE_CURVE('',#2531,#2528,#62,.T.);
#3209=EDGE_CURVE('',#2532,#2530,#63,.T.);
#3210=EDGE_CURVE('',#2532,#2533,#1653,.T.);
#3211=EDGE_CURVE('',#2533,#2531,#64,.T.);
#3212=EDGE_CURVE('',#2534,#2532,#65,.T.);
#3213=EDGE_CURVE('',#2534,#2535,#1654,.T.);
#3214=EDGE_CURVE('',#2535,#2533,#66,.T.);
#3215=EDGE_CURVE('',#2536,#2534,#67,.T.);
#3216=EDGE_CURVE('',#2536,#2537,#1655,.T.);
#3217=EDGE_CURVE('',#2537,#2535,#68,.T.);
#3218=EDGE_CURVE('',#2538,#2536,#69,.T.);
#3219=EDGE_CURVE('',#2538,#2539,#1656,.T.);
#3220=EDGE_CURVE('',#2539,#2537,#70,.T.);
#3221=EDGE_CURVE('',#2540,#2538,#71,.T.);
#3222=EDGE_CURVE('',#2540,#2541,#1657,.T.);
#3223=EDGE_CURVE('',#2541,#2539,#72,.T.);
#3224=EDGE_CURVE('',#2542,#2540,#73,.T.);
#3225=EDGE_CURVE('',#2542,#2543,#1658,.T.);
#3226=EDGE_CURVE('',#2543,#2541,#74,.T.);
#3227=EDGE_CURVE('',#2544,#2542,#75,.T.);
#3228=EDGE_CURVE('',#2544,#2545,#1659,.T.);
#3229=EDGE_CURVE('',#2545,#2543,#76,.T.);
#3230=EDGE_CURVE('',#2546,#2544,#77,.T.);
#3231=EDGE_CURVE('',#2546,#2547,#1660,.T.);
#3232=EDGE_CURVE('',#2547,#2545,#78,.T.);
#3233=EDGE_CURVE('',#2548,#2546,#79,.T.);
#3234=EDGE_CURVE('',#2548,#2549,#1661,.T.);
#3235=EDGE_CURVE('',#2549,#2547,#80,.T.);
#3236=EDGE_CURVE('',#2550,#2548,#1662,.T.);
#3237=EDGE_CURVE('',#2550,#2551,#1663,.T.);
#3238=EDGE_CURVE('',#2551,#2549,#1664,.T.);
#3239=EDGE_CURVE('',#2552,#2550,#81,.T.);
#3240=EDGE_CURVE('',#2552,#2553,#1665,.T.);
#3241=EDGE_CURVE('',#2553,#2551,#82,.T.);
#3242=EDGE_CURVE('',#2554,#2552,#83,.T.);
#3243=EDGE_CURVE('',#2554,#2555,#1666,.T.);
#3244=EDGE_CURVE('',#2555,#2553,#84,.T.);
#3245=EDGE_CURVE('',#2556,#2554,#85,.T.);
#3246=EDGE_CURVE('',#2556,#2557,#1667,.T.);
#3247=EDGE_CURVE('',#2557,#2555,#86,.T.);
#3248=EDGE_CURVE('',#2558,#2556,#87,.T.);
#3249=EDGE_CURVE('',#2558,#2559,#1668,.T.);
#3250=EDGE_CURVE('',#2559,#2557,#88,.T.);
#3251=EDGE_CURVE('',#2560,#2558,#89,.T.);
#3252=EDGE_CURVE('',#2560,#2561,#1669,.T.);
#3253=EDGE_CURVE('',#2561,#2559,#90,.T.);
#3254=EDGE_CURVE('',#2562,#2560,#91,.T.);
#3255=EDGE_CURVE('',#2562,#2563,#1670,.T.);
#3256=EDGE_CURVE('',#2563,#2561,#92,.T.);
#3257=EDGE_CURVE('',#2564,#2562,#93,.T.);
#3258=EDGE_CURVE('',#2564,#2565,#1671,.T.);
#3259=EDGE_CURVE('',#2565,#2563,#94,.T.);
#3260=EDGE_CURVE('',#2566,#2564,#95,.T.);
#3261=EDGE_CURVE('',#2566,#2567,#1672,.T.);
#3262=EDGE_CURVE('',#2567,#2565,#96,.T.);
#3263=EDGE_CURVE('',#2568,#2566,#1673,.T.);
#3264=EDGE_CURVE('',#2568,#2569,#1674,.T.);
#3265=EDGE_CURVE('',#2569,#2567,#1675,.T.);
#3266=EDGE_CURVE('',#2570,#2568,#1676,.T.);
#3267=EDGE_CURVE('',#2570,#2571,#1677,.T.);
#3268=EDGE_CURVE('',#2571,#2569,#1678,.T.);
#3269=EDGE_CURVE('',#2572,#2570,#97,.T.);
#3270=EDGE_CURVE('',#2572,#2573,#1679,.T.);
#3271=EDGE_CURVE('',#2573,#2571,#98,.T.);
#3272=EDGE_CURVE('',#2574,#2572,#99,.T.);
#3273=EDGE_CURVE('',#2574,#2575,#1680,.T.);
#3274=EDGE_CURVE('',#2575,#2573,#100,.T.);
#3275=EDGE_CURVE('',#2576,#2574,#101,.T.);
#3276=EDGE_CURVE('',#2576,#2577,#1681,.T.);
#3277=EDGE_CURVE('',#2577,#2575,#102,.T.);
#3278=EDGE_CURVE('',#2578,#2576,#103,.T.);
#3279=EDGE_CURVE('',#2578,#2579,#1682,.T.);
#3280=EDGE_CURVE('',#2579,#2577,#104,.T.);
#3281=EDGE_CURVE('',#2580,#2578,#105,.T.);
#3282=EDGE_CURVE('',#2580,#2581,#1683,.T.);
#3283=EDGE_CURVE('',#2581,#2579,#106,.T.);
#3284=EDGE_CURVE('',#2582,#2580,#107,.T.);
#3285=EDGE_CURVE('',#2582,#2583,#1684,.T.);
#3286=EDGE_CURVE('',#2583,#2581,#108,.T.);
#3287=EDGE_CURVE('',#2584,#2582,#1685,.T.);
#3288=EDGE_CURVE('',#2584,#2585,#1686,.T.);
#3289=EDGE_CURVE('',#2585,#2583,#1687,.T.);
#3290=EDGE_CURVE('',#2586,#2584,#1688,.T.);
#3291=EDGE_CURVE('',#2586,#2587,#1689,.T.);
#3292=EDGE_CURVE('',#2587,#2585,#1690,.T.);
#3293=EDGE_CURVE('',#2527,#2586,#109,.T.);
#3294=EDGE_CURVE('',#2529,#2587,#110,.T.);
#3295=EDGE_CURVE('',#2588,#2589,#111,.T.);
#3296=EDGE_CURVE('',#2588,#2590,#1691,.T.);
#3297=EDGE_CURVE('',#2590,#2591,#112,.T.);
#3298=EDGE_CURVE('',#2589,#2591,#1692,.T.);
#3299=EDGE_CURVE('',#2592,#2588,#113,.T.);
#3300=EDGE_CURVE('',#2592,#2593,#1693,.T.);
#3301=EDGE_CURVE('',#2593,#2590,#114,.T.);
#3302=EDGE_CURVE('',#2594,#2592,#115,.T.);
#3303=EDGE_CURVE('',#2594,#2595,#1694,.T.);
#3304=EDGE_CURVE('',#2595,#2593,#116,.T.);
#3305=EDGE_CURVE('',#2596,#2594,#117,.T.);
#3306=EDGE_CURVE('',#2596,#2597,#1695,.T.);
#3307=EDGE_CURVE('',#2597,#2595,#118,.T.);
#3308=EDGE_CURVE('',#2598,#2596,#119,.T.);
#3309=EDGE_CURVE('',#2598,#2599,#1696,.T.);
#3310=EDGE_CURVE('',#2599,#2597,#120,.T.);
#3311=EDGE_CURVE('',#2600,#2598,#121,.T.);
#3312=EDGE_CURVE('',#2600,#2601,#1697,.T.);
#3313=EDGE_CURVE('',#2601,#2599,#122,.T.);
#3314=EDGE_CURVE('',#2602,#2600,#123,.T.);
#3315=EDGE_CURVE('',#2602,#2603,#1698,.T.);
#3316=EDGE_CURVE('',#2603,#2601,#124,.T.);
#3317=EDGE_CURVE('',#2604,#2602,#125,.T.);
#3318=EDGE_CURVE('',#2604,#2605,#1699,.T.);
#3319=EDGE_CURVE('',#2605,#2603,#126,.T.);
#3320=EDGE_CURVE('',#2606,#2604,#127,.T.);
#3321=EDGE_CURVE('',#2606,#2607,#1700,.T.);
#3322=EDGE_CURVE('',#2607,#2605,#128,.T.);
#3323=EDGE_CURVE('',#2608,#2606,#129,.T.);
#3324=EDGE_CURVE('',#2608,#2609,#1701,.T.);
#3325=EDGE_CURVE('',#2609,#2607,#130,.T.);
#3326=EDGE_CURVE('',#2610,#2608,#131,.T.);
#3327=EDGE_CURVE('',#2610,#2611,#1702,.T.);
#3328=EDGE_CURVE('',#2611,#2609,#132,.T.);
#3329=EDGE_CURVE('',#2589,#2610,#133,.T.);
#3330=EDGE_CURVE('',#2591,#2611,#134,.T.);
#3331=EDGE_CURVE('',#2612,#2613,#135,.T.);
#3332=EDGE_CURVE('',#2612,#2614,#1703,.T.);
#3333=EDGE_CURVE('',#2614,#2615,#136,.T.);
#3334=EDGE_CURVE('',#2613,#2615,#1704,.T.);
#3335=EDGE_CURVE('',#2616,#2612,#137,.T.);
#3336=EDGE_CURVE('',#2616,#2617,#1705,.T.);
#3337=EDGE_CURVE('',#2617,#2614,#138,.T.);
#3338=EDGE_CURVE('',#2618,#2616,#139,.T.);
#3339=EDGE_CURVE('',#2618,#2619,#1706,.T.);
#3340=EDGE_CURVE('',#2619,#2617,#140,.T.);
#3341=EDGE_CURVE('',#2620,#2618,#1707,.T.);
#3342=EDGE_CURVE('',#2620,#2621,#1708,.T.);
#3343=EDGE_CURVE('',#2621,#2619,#1709,.T.);
#3344=EDGE_CURVE('',#2622,#2620,#141,.T.);
#3345=EDGE_CURVE('',#2622,#2623,#1710,.T.);
#3346=EDGE_CURVE('',#2623,#2621,#142,.T.);
#3347=EDGE_CURVE('',#2624,#2622,#143,.T.);
#3348=EDGE_CURVE('',#2624,#2625,#1711,.T.);
#3349=EDGE_CURVE('',#2625,#2623,#144,.T.);
#3350=EDGE_CURVE('',#2626,#2624,#145,.T.);
#3351=EDGE_CURVE('',#2626,#2627,#1712,.T.);
#3352=EDGE_CURVE('',#2627,#2625,#146,.T.);
#3353=EDGE_CURVE('',#2628,#2626,#147,.T.);
#3354=EDGE_CURVE('',#2628,#2629,#1713,.T.);
#3355=EDGE_CURVE('',#2629,#2627,#148,.T.);
#3356=EDGE_CURVE('',#2630,#2628,#1714,.T.);
#3357=EDGE_CURVE('',#2630,#2631,#1715,.T.);
#3358=EDGE_CURVE('',#2631,#2629,#1716,.T.);
#3359=EDGE_CURVE('',#2632,#2630,#149,.T.);
#3360=EDGE_CURVE('',#2632,#2633,#1717,.T.);
#3361=EDGE_CURVE('',#2633,#2631,#150,.T.);
#3362=EDGE_CURVE('',#2634,#2632,#151,.T.);
#3363=EDGE_CURVE('',#2634,#2635,#1718,.T.);
#3364=EDGE_CURVE('',#2635,#2633,#152,.T.);
#3365=EDGE_CURVE('',#2636,#2634,#153,.T.);
#3366=EDGE_CURVE('',#2636,#2637,#1719,.T.);
#3367=EDGE_CURVE('',#2637,#2635,#154,.T.);
#3368=EDGE_CURVE('',#2638,#2636,#155,.T.);
#3369=EDGE_CURVE('',#2638,#2639,#1720,.T.);
#3370=EDGE_CURVE('',#2639,#2637,#156,.T.);
#3371=EDGE_CURVE('',#2640,#2638,#157,.T.);
#3372=EDGE_CURVE('',#2640,#2641,#1721,.T.);
#3373=EDGE_CURVE('',#2641,#2639,#158,.T.);
#3374=EDGE_CURVE('',#2642,#2640,#159,.T.);
#3375=EDGE_CURVE('',#2642,#2643,#1722,.T.);
#3376=EDGE_CURVE('',#2643,#2641,#160,.T.);
#3377=EDGE_CURVE('',#2644,#2642,#161,.T.);
#3378=EDGE_CURVE('',#2644,#2645,#1723,.T.);
#3379=EDGE_CURVE('',#2645,#2643,#162,.T.);
#3380=EDGE_CURVE('',#2646,#2644,#163,.T.);
#3381=EDGE_CURVE('',#2646,#2647,#1724,.T.);
#3382=EDGE_CURVE('',#2647,#2645,#164,.T.);
#3383=EDGE_CURVE('',#2648,#2646,#165,.T.);
#3384=EDGE_CURVE('',#2648,#2649,#1725,.T.);
#3385=EDGE_CURVE('',#2649,#2647,#166,.T.);
#3386=EDGE_CURVE('',#2650,#2648,#167,.T.);
#3387=EDGE_CURVE('',#2650,#2651,#1726,.T.);
#3388=EDGE_CURVE('',#2651,#2649,#168,.T.);
#3389=EDGE_CURVE('',#2652,#2650,#169,.T.);
#3390=EDGE_CURVE('',#2652,#2653,#1727,.T.);
#3391=EDGE_CURVE('',#2653,#2651,#170,.T.);
#3392=EDGE_CURVE('',#2654,#2652,#1728,.T.);
#3393=EDGE_CURVE('',#2654,#2655,#1729,.T.);
#3394=EDGE_CURVE('',#2655,#2653,#1730,.T.);
#3395=EDGE_CURVE('',#2613,#2654,#171,.T.);
#3396=EDGE_CURVE('',#2615,#2655,#172,.T.);
#3397=EDGE_CURVE('',#2656,#2657,#173,.T.);
#3398=EDGE_CURVE('',#2656,#2658,#1731,.T.);
#3399=EDGE_CURVE('',#2658,#2659,#174,.T.);
#3400=EDGE_CURVE('',#2657,#2659,#1732,.T.);
#3401=EDGE_CURVE('',#2660,#2656,#175,.T.);
#3402=EDGE_CURVE('',#2660,#2661,#1733,.T.);
#3403=EDGE_CURVE('',#2661,#2658,#176,.T.);
#3404=EDGE_CURVE('',#2662,#2660,#177,.T.);
#3405=EDGE_CURVE('',#2662,#2663,#1734,.T.);
#3406=EDGE_CURVE('',#2663,#2661,#178,.T.);
#3407=EDGE_CURVE('',#2664,#2662,#179,.T.);
#3408=EDGE_CURVE('',#2664,#2665,#1735,.T.);
#3409=EDGE_CURVE('',#2665,#2663,#180,.T.);
#3410=EDGE_CURVE('',#2666,#2664,#181,.T.);
#3411=EDGE_CURVE('',#2666,#2667,#1736,.T.);
#3412=EDGE_CURVE('',#2667,#2665,#182,.T.);
#3413=EDGE_CURVE('',#2668,#2666,#183,.T.);
#3414=EDGE_CURVE('',#2668,#2669,#1737,.T.);
#3415=EDGE_CURVE('',#2669,#2667,#184,.T.);
#3416=EDGE_CURVE('',#2670,#2668,#185,.T.);
#3417=EDGE_CURVE('',#2670,#2671,#1738,.T.);
#3418=EDGE_CURVE('',#2671,#2669,#186,.T.);
#3419=EDGE_CURVE('',#2672,#2670,#187,.T.);
#3420=EDGE_CURVE('',#2672,#2673,#1739,.T.);
#3421=EDGE_CURVE('',#2673,#2671,#188,.T.);
#3422=EDGE_CURVE('',#2674,#2672,#189,.T.);
#3423=EDGE_CURVE('',#2674,#2675,#1740,.T.);
#3424=EDGE_CURVE('',#2675,#2673,#190,.T.);
#3425=EDGE_CURVE('',#2657,#2674,#1741,.T.);
#3426=EDGE_CURVE('',#2659,#2675,#1742,.T.);
#3427=EDGE_CURVE('',#2676,#2677,#191,.T.);
#3428=EDGE_CURVE('',#2676,#2678,#1743,.T.);
#3429=EDGE_CURVE('',#2678,#2679,#192,.T.);
#3430=EDGE_CURVE('',#2677,#2679,#1744,.T.);
#3431=EDGE_CURVE('',#2680,#2676,#193,.T.);
#3432=EDGE_CURVE('',#2680,#2681,#1745,.T.);
#3433=EDGE_CURVE('',#2681,#2678,#194,.T.);
#3434=EDGE_CURVE('',#2682,#2680,#195,.T.);
#3435=EDGE_CURVE('',#2682,#2683,#1746,.T.);
#3436=EDGE_CURVE('',#2683,#2681,#196,.T.);
#3437=EDGE_CURVE('',#2684,#2682,#197,.T.);
#3438=EDGE_CURVE('',#2684,#2685,#1747,.T.);
#3439=EDGE_CURVE('',#2685,#2683,#198,.T.);
#3440=EDGE_CURVE('',#2686,#2684,#199,.T.);
#3441=EDGE_CURVE('',#2686,#2687,#1748,.T.);
#3442=EDGE_CURVE('',#2687,#2685,#200,.T.);
#3443=EDGE_CURVE('',#2688,#2686,#201,.T.);
#3444=EDGE_CURVE('',#2688,#2689,#1749,.T.);
#3445=EDGE_CURVE('',#2689,#2687,#202,.T.);
#3446=EDGE_CURVE('',#2690,#2688,#203,.T.);
#3447=EDGE_CURVE('',#2690,#2691,#1750,.T.);
#3448=EDGE_CURVE('',#2691,#2689,#204,.T.);
#3449=EDGE_CURVE('',#2692,#2690,#205,.T.);
#3450=EDGE_CURVE('',#2692,#2693,#1751,.T.);
#3451=EDGE_CURVE('',#2693,#2691,#206,.T.);
#3452=EDGE_CURVE('',#2694,#2692,#207,.T.);
#3453=EDGE_CURVE('',#2694,#2695,#1752,.T.);
#3454=EDGE_CURVE('',#2695,#2693,#208,.T.);
#3455=EDGE_CURVE('',#2696,#2694,#209,.T.);
#3456=EDGE_CURVE('',#2696,#2697,#1753,.T.);
#3457=EDGE_CURVE('',#2697,#2695,#210,.T.);
#3458=EDGE_CURVE('',#2698,#2696,#211,.T.);
#3459=EDGE_CURVE('',#2698,#2699,#1754,.T.);
#3460=EDGE_CURVE('',#2699,#2697,#212,.T.);
#3461=EDGE_CURVE('',#2700,#2698,#213,.T.);
#3462=EDGE_CURVE('',#2700,#2701,#1755,.T.);
#3463=EDGE_CURVE('',#2701,#2699,#214,.T.);
#3464=EDGE_CURVE('',#2702,#2700,#215,.T.);
#3465=EDGE_CURVE('',#2702,#2703,#1756,.T.);
#3466=EDGE_CURVE('',#2703,#2701,#216,.T.);
#3467=EDGE_CURVE('',#2704,#2702,#217,.T.);
#3468=EDGE_CURVE('',#2704,#2705,#1757,.T.);
#3469=EDGE_CURVE('',#2705,#2703,#218,.T.);
#3470=EDGE_CURVE('',#2706,#2704,#219,.T.);
#3471=EDGE_CURVE('',#2706,#2707,#1758,.T.);
#3472=EDGE_CURVE('',#2707,#2705,#220,.T.);
#3473=EDGE_CURVE('',#2708,#2706,#221,.T.);
#3474=EDGE_CURVE('',#2708,#2709,#1759,.T.);
#3475=EDGE_CURVE('',#2709,#2707,#222,.T.);
#3476=EDGE_CURVE('',#2710,#2708,#223,.T.);
#3477=EDGE_CURVE('',#2710,#2711,#1760,.T.);
#3478=EDGE_CURVE('',#2711,#2709,#224,.T.);
#3479=EDGE_CURVE('',#2712,#2710,#225,.T.);
#3480=EDGE_CURVE('',#2712,#2713,#1761,.T.);
#3481=EDGE_CURVE('',#2713,#2711,#226,.T.);
#3482=EDGE_CURVE('',#2714,#2712,#227,.T.);
#3483=EDGE_CURVE('',#2714,#2715,#1762,.T.);
#3484=EDGE_CURVE('',#2715,#2713,#228,.T.);
#3485=EDGE_CURVE('',#2716,#2714,#229,.T.);
#3486=EDGE_CURVE('',#2716,#2717,#1763,.T.);
#3487=EDGE_CURVE('',#2717,#2715,#230,.T.);
#3488=EDGE_CURVE('',#2718,#2716,#231,.T.);
#3489=EDGE_CURVE('',#2718,#2719,#1764,.T.);
#3490=EDGE_CURVE('',#2719,#2717,#232,.T.);
#3491=EDGE_CURVE('',#2720,#2718,#233,.T.);
#3492=EDGE_CURVE('',#2720,#2721,#1765,.T.);
#3493=EDGE_CURVE('',#2721,#2719,#234,.T.);
#3494=EDGE_CURVE('',#2722,#2720,#235,.T.);
#3495=EDGE_CURVE('',#2722,#2723,#1766,.T.);
#3496=EDGE_CURVE('',#2723,#2721,#236,.T.);
#3497=EDGE_CURVE('',#2724,#2722,#237,.T.);
#3498=EDGE_CURVE('',#2724,#2725,#1767,.T.);
#3499=EDGE_CURVE('',#2725,#2723,#238,.T.);
#3500=EDGE_CURVE('',#2726,#2724,#239,.T.);
#3501=EDGE_CURVE('',#2726,#2727,#1768,.T.);
#3502=EDGE_CURVE('',#2727,#2725,#240,.T.);
#3503=EDGE_CURVE('',#2728,#2726,#241,.T.);
#3504=EDGE_CURVE('',#2728,#2729,#1769,.T.);
#3505=EDGE_CURVE('',#2729,#2727,#242,.T.);
#3506=EDGE_CURVE('',#2730,#2728,#243,.T.);
#3507=EDGE_CURVE('',#2730,#2731,#1770,.T.);
#3508=EDGE_CURVE('',#2731,#2729,#244,.T.);
#3509=EDGE_CURVE('',#2732,#2730,#245,.T.);
#3510=EDGE_CURVE('',#2732,#2733,#1771,.T.);
#3511=EDGE_CURVE('',#2733,#2731,#246,.T.);
#3512=EDGE_CURVE('',#2734,#2732,#247,.T.);
#3513=EDGE_CURVE('',#2734,#2735,#1772,.T.);
#3514=EDGE_CURVE('',#2735,#2733,#248,.T.);
#3515=EDGE_CURVE('',#2736,#2734,#249,.T.);
#3516=EDGE_CURVE('',#2736,#2737,#1773,.T.);
#3517=EDGE_CURVE('',#2737,#2735,#250,.T.);
#3518=EDGE_CURVE('',#2738,#2736,#251,.T.);
#3519=EDGE_CURVE('',#2738,#2739,#1774,.T.);
#3520=EDGE_CURVE('',#2739,#2737,#252,.T.);
#3521=EDGE_CURVE('',#2677,#2738,#253,.T.);
#3522=EDGE_CURVE('',#2679,#2739,#254,.T.);
#3523=EDGE_CURVE('',#2740,#2741,#1775,.T.);
#3524=EDGE_CURVE('',#2740,#2742,#1776,.T.);
#3525=EDGE_CURVE('',#2742,#2743,#1777,.T.);
#3526=EDGE_CURVE('',#2741,#2743,#1778,.T.);
#3527=EDGE_CURVE('',#2744,#2740,#1779,.T.);
#3528=EDGE_CURVE('',#2744,#2745,#1780,.T.);
#3529=EDGE_CURVE('',#2745,#2742,#1781,.T.);
#3530=EDGE_CURVE('',#2746,#2744,#1782,.T.);
#3531=EDGE_CURVE('',#2746,#2747,#1783,.T.);
#3532=EDGE_CURVE('',#2747,#2745,#1784,.T.);
#3533=EDGE_CURVE('',#2748,#2746,#1785,.T.);
#3534=EDGE_CURVE('',#2748,#2749,#1786,.T.);
#3535=EDGE_CURVE('',#2749,#2747,#1787,.T.);
#3536=EDGE_CURVE('',#2750,#2748,#1788,.T.);
#3537=EDGE_CURVE('',#2750,#2751,#1789,.T.);
#3538=EDGE_CURVE('',#2751,#2749,#1790,.T.);
#3539=EDGE_CURVE('',#2752,#2750,#1791,.T.);
#3540=EDGE_CURVE('',#2752,#2753,#1792,.T.);
#3541=EDGE_CURVE('',#2753,#2751,#1793,.T.);
#3542=EDGE_CURVE('',#2754,#2752,#1794,.T.);
#3543=EDGE_CURVE('',#2754,#2755,#1795,.T.);
#3544=EDGE_CURVE('',#2755,#2753,#1796,.T.);
#3545=EDGE_CURVE('',#2741,#2754,#1797,.T.);
#3546=EDGE_CURVE('',#2743,#2755,#1798,.T.);
#3547=EDGE_CURVE('',#2756,#2757,#255,.T.);
#3548=EDGE_CURVE('',#2756,#2758,#1799,.T.);
#3549=EDGE_CURVE('',#2758,#2759,#256,.T.);
#3550=EDGE_CURVE('',#2757,#2759,#1800,.T.);
#3551=EDGE_CURVE('',#2760,#2756,#257,.T.);
#3552=EDGE_CURVE('',#2760,#2761,#1801,.T.);
#3553=EDGE_CURVE('',#2761,#2758,#258,.T.);
#3554=EDGE_CURVE('',#2762,#2760,#259,.T.);
#3555=EDGE_CURVE('',#2762,#2763,#1802,.T.);
#3556=EDGE_CURVE('',#2763,#2761,#260,.T.);
#3557=EDGE_CURVE('',#2764,#2762,#261,.T.);
#3558=EDGE_CURVE('',#2764,#2765,#1803,.T.);
#3559=EDGE_CURVE('',#2765,#2763,#262,.T.);
#3560=EDGE_CURVE('',#2766,#2764,#263,.T.);
#3561=EDGE_CURVE('',#2766,#2767,#1804,.T.);
#3562=EDGE_CURVE('',#2767,#2765,#264,.T.);
#3563=EDGE_CURVE('',#2768,#2766,#265,.T.);
#3564=EDGE_CURVE('',#2768,#2769,#1805,.T.);
#3565=EDGE_CURVE('',#2769,#2767,#266,.T.);
#3566=EDGE_CURVE('',#2770,#2768,#267,.T.);
#3567=EDGE_CURVE('',#2770,#2771,#1806,.T.);
#3568=EDGE_CURVE('',#2771,#2769,#268,.T.);
#3569=EDGE_CURVE('',#2772,#2770,#269,.T.);
#3570=EDGE_CURVE('',#2772,#2773,#1807,.T.);
#3571=EDGE_CURVE('',#2773,#2771,#270,.T.);
#3572=EDGE_CURVE('',#2774,#2772,#271,.T.);
#3573=EDGE_CURVE('',#2774,#2775,#1808,.T.);
#3574=EDGE_CURVE('',#2775,#2773,#272,.T.);
#3575=EDGE_CURVE('',#2776,#2774,#273,.T.);
#3576=EDGE_CURVE('',#2776,#2777,#1809,.T.);
#3577=EDGE_CURVE('',#2777,#2775,#274,.T.);
#3578=EDGE_CURVE('',#2778,#2776,#275,.T.);
#3579=EDGE_CURVE('',#2778,#2779,#1810,.T.);
#3580=EDGE_CURVE('',#2779,#2777,#276,.T.);
#3581=EDGE_CURVE('',#2780,#2778,#277,.T.);
#3582=EDGE_CURVE('',#2780,#2781,#1811,.T.);
#3583=EDGE_CURVE('',#2781,#2779,#278,.T.);
#3584=EDGE_CURVE('',#2782,#2780,#279,.T.);
#3585=EDGE_CURVE('',#2782,#2783,#1812,.T.);
#3586=EDGE_CURVE('',#2783,#2781,#280,.T.);
#3587=EDGE_CURVE('',#2784,#2782,#281,.T.);
#3588=EDGE_CURVE('',#2784,#2785,#1813,.T.);
#3589=EDGE_CURVE('',#2785,#2783,#282,.T.);
#3590=EDGE_CURVE('',#2786,#2784,#1814,.T.);
#3591=EDGE_CURVE('',#2786,#2787,#1815,.T.);
#3592=EDGE_CURVE('',#2787,#2785,#1816,.T.);
#3593=EDGE_CURVE('',#2788,#2786,#283,.T.);
#3594=EDGE_CURVE('',#2788,#2789,#1817,.T.);
#3595=EDGE_CURVE('',#2789,#2787,#284,.T.);
#3596=EDGE_CURVE('',#2790,#2788,#285,.T.);
#3597=EDGE_CURVE('',#2790,#2791,#1818,.T.);
#3598=EDGE_CURVE('',#2791,#2789,#286,.T.);
#3599=EDGE_CURVE('',#2792,#2790,#287,.T.);
#3600=EDGE_CURVE('',#2792,#2793,#1819,.T.);
#3601=EDGE_CURVE('',#2793,#2791,#288,.T.);
#3602=EDGE_CURVE('',#2794,#2792,#289,.T.);
#3603=EDGE_CURVE('',#2794,#2795,#1820,.T.);
#3604=EDGE_CURVE('',#2795,#2793,#290,.T.);
#3605=EDGE_CURVE('',#2796,#2794,#1821,.T.);
#3606=EDGE_CURVE('',#2796,#2797,#1822,.T.);
#3607=EDGE_CURVE('',#2797,#2795,#1823,.T.);
#3608=EDGE_CURVE('',#2757,#2796,#291,.T.);
#3609=EDGE_CURVE('',#2759,#2797,#292,.T.);
#3610=EDGE_CURVE('',#2798,#2799,#293,.T.);
#3611=EDGE_CURVE('',#2798,#2800,#1824,.T.);
#3612=EDGE_CURVE('',#2800,#2801,#294,.T.);
#3613=EDGE_CURVE('',#2799,#2801,#1825,.T.);
#3614=EDGE_CURVE('',#2802,#2798,#295,.T.);
#3615=EDGE_CURVE('',#2802,#2803,#1826,.T.);
#3616=EDGE_CURVE('',#2803,#2800,#296,.T.);
#3617=EDGE_CURVE('',#2804,#2802,#297,.T.);
#3618=EDGE_CURVE('',#2804,#2805,#1827,.T.);
#3619=EDGE_CURVE('',#2805,#2803,#298,.T.);
#3620=EDGE_CURVE('',#2806,#2804,#299,.T.);
#3621=EDGE_CURVE('',#2806,#2807,#1828,.T.);
#3622=EDGE_CURVE('',#2807,#2805,#300,.T.);
#3623=EDGE_CURVE('',#2808,#2806,#301,.T.);
#3624=EDGE_CURVE('',#2808,#2809,#1829,.T.);
#3625=EDGE_CURVE('',#2809,#2807,#302,.T.);
#3626=EDGE_CURVE('',#2810,#2808,#303,.T.);
#3627=EDGE_CURVE('',#2810,#2811,#1830,.T.);
#3628=EDGE_CURVE('',#2811,#2809,#304,.T.);
#3629=EDGE_CURVE('',#2812,#2810,#305,.T.);
#3630=EDGE_CURVE('',#2812,#2813,#1831,.T.);
#3631=EDGE_CURVE('',#2813,#2811,#306,.T.);
#3632=EDGE_CURVE('',#2814,#2812,#307,.T.);
#3633=EDGE_CURVE('',#2814,#2815,#1832,.T.);
#3634=EDGE_CURVE('',#2815,#2813,#308,.T.);
#3635=EDGE_CURVE('',#2816,#2814,#309,.T.);
#3636=EDGE_CURVE('',#2816,#2817,#1833,.T.);
#3637=EDGE_CURVE('',#2817,#2815,#310,.T.);
#3638=EDGE_CURVE('',#2799,#2816,#311,.T.);
#3639=EDGE_CURVE('',#2801,#2817,#312,.T.);
#3640=EDGE_CURVE('',#2818,#2819,#313,.T.);
#3641=EDGE_CURVE('',#2818,#2820,#1834,.T.);
#3642=EDGE_CURVE('',#2820,#2821,#314,.T.);
#3643=EDGE_CURVE('',#2819,#2821,#1835,.T.);
#3644=EDGE_CURVE('',#2822,#2818,#315,.T.);
#3645=EDGE_CURVE('',#2822,#2823,#1836,.T.);
#3646=EDGE_CURVE('',#2823,#2820,#316,.T.);
#3647=EDGE_CURVE('',#2824,#2822,#317,.T.);
#3648=EDGE_CURVE('',#2824,#2825,#1837,.T.);
#3649=EDGE_CURVE('',#2825,#2823,#318,.T.);
#3650=EDGE_CURVE('',#2826,#2824,#319,.T.);
#3651=EDGE_CURVE('',#2826,#2827,#1838,.T.);
#3652=EDGE_CURVE('',#2827,#2825,#320,.T.);
#3653=EDGE_CURVE('',#2828,#2826,#321,.T.);
#3654=EDGE_CURVE('',#2828,#2829,#1839,.T.);
#3655=EDGE_CURVE('',#2829,#2827,#322,.T.);
#3656=EDGE_CURVE('',#2830,#2828,#323,.T.);
#3657=EDGE_CURVE('',#2830,#2831,#1840,.T.);
#3658=EDGE_CURVE('',#2831,#2829,#324,.T.);
#3659=EDGE_CURVE('',#2832,#2830,#325,.T.);
#3660=EDGE_CURVE('',#2832,#2833,#1841,.T.);
#3661=EDGE_CURVE('',#2833,#2831,#326,.T.);
#3662=EDGE_CURVE('',#2834,#2832,#327,.T.);
#3663=EDGE_CURVE('',#2834,#2835,#1842,.T.);
#3664=EDGE_CURVE('',#2835,#2833,#328,.T.);
#3665=EDGE_CURVE('',#2836,#2834,#329,.T.);
#3666=EDGE_CURVE('',#2836,#2837,#1843,.T.);
#3667=EDGE_CURVE('',#2837,#2835,#330,.T.);
#3668=EDGE_CURVE('',#2838,#2836,#331,.T.);
#3669=EDGE_CURVE('',#2838,#2839,#1844,.T.);
#3670=EDGE_CURVE('',#2839,#2837,#332,.T.);
#3671=EDGE_CURVE('',#2840,#2838,#333,.T.);
#3672=EDGE_CURVE('',#2840,#2841,#1845,.T.);
#3673=EDGE_CURVE('',#2841,#2839,#334,.T.);
#3674=EDGE_CURVE('',#2842,#2840,#335,.T.);
#3675=EDGE_CURVE('',#2842,#2843,#1846,.T.);
#3676=EDGE_CURVE('',#2843,#2841,#336,.T.);
#3677=EDGE_CURVE('',#2844,#2842,#337,.T.);
#3678=EDGE_CURVE('',#2844,#2845,#1847,.T.);
#3679=EDGE_CURVE('',#2845,#2843,#338,.T.);
#3680=EDGE_CURVE('',#2846,#2844,#339,.T.);
#3681=EDGE_CURVE('',#2846,#2847,#1848,.T.);
#3682=EDGE_CURVE('',#2847,#2845,#340,.T.);
#3683=EDGE_CURVE('',#2848,#2846,#341,.T.);
#3684=EDGE_CURVE('',#2848,#2849,#1849,.T.);
#3685=EDGE_CURVE('',#2849,#2847,#342,.T.);
#3686=EDGE_CURVE('',#2819,#2848,#343,.T.);
#3687=EDGE_CURVE('',#2821,#2849,#344,.T.);
#3688=EDGE_CURVE('',#2850,#2851,#345,.T.);
#3689=EDGE_CURVE('',#2850,#2852,#1850,.T.);
#3690=EDGE_CURVE('',#2852,#2853,#346,.T.);
#3691=EDGE_CURVE('',#2851,#2853,#1851,.T.);
#3692=EDGE_CURVE('',#2854,#2850,#347,.T.);
#3693=EDGE_CURVE('',#2854,#2855,#1852,.T.);
#3694=EDGE_CURVE('',#2855,#2852,#348,.T.);
#3695=EDGE_CURVE('',#2856,#2854,#349,.T.);
#3696=EDGE_CURVE('',#2856,#2857,#1853,.T.);
#3697=EDGE_CURVE('',#2857,#2855,#350,.T.);
#3698=EDGE_CURVE('',#2858,#2856,#351,.T.);
#3699=EDGE_CURVE('',#2858,#2859,#1854,.T.);
#3700=EDGE_CURVE('',#2859,#2857,#352,.T.);
#3701=EDGE_CURVE('',#2860,#2858,#353,.T.);
#3702=EDGE_CURVE('',#2860,#2861,#1855,.T.);
#3703=EDGE_CURVE('',#2861,#2859,#354,.T.);
#3704=EDGE_CURVE('',#2862,#2860,#355,.T.);
#3705=EDGE_CURVE('',#2862,#2863,#1856,.T.);
#3706=EDGE_CURVE('',#2863,#2861,#356,.T.);
#3707=EDGE_CURVE('',#2864,#2862,#357,.T.);
#3708=EDGE_CURVE('',#2864,#2865,#1857,.T.);
#3709=EDGE_CURVE('',#2865,#2863,#358,.T.);
#3710=EDGE_CURVE('',#2866,#2864,#359,.T.);
#3711=EDGE_CURVE('',#2866,#2867,#1858,.T.);
#3712=EDGE_CURVE('',#2867,#2865,#360,.T.);
#3713=EDGE_CURVE('',#2868,#2866,#361,.T.);
#3714=EDGE_CURVE('',#2868,#2869,#1859,.T.);
#3715=EDGE_CURVE('',#2869,#2867,#362,.T.);
#3716=EDGE_CURVE('',#2851,#2868,#363,.T.);
#3717=EDGE_CURVE('',#2853,#2869,#364,.T.);
#3718=EDGE_CURVE('',#2870,#2871,#365,.T.);
#3719=EDGE_CURVE('',#2870,#2872,#1860,.T.);
#3720=EDGE_CURVE('',#2872,#2873,#366,.T.);
#3721=EDGE_CURVE('',#2871,#2873,#1861,.T.);
#3722=EDGE_CURVE('',#2874,#2870,#367,.T.);
#3723=EDGE_CURVE('',#2874,#2875,#1862,.T.);
#3724=EDGE_CURVE('',#2875,#2872,#368,.T.);
#3725=EDGE_CURVE('',#2876,#2874,#369,.T.);
#3726=EDGE_CURVE('',#2876,#2877,#1863,.T.);
#3727=EDGE_CURVE('',#2877,#2875,#370,.T.);
#3728=EDGE_CURVE('',#2878,#2876,#1864,.T.);
#3729=EDGE_CURVE('',#2878,#2879,#1865,.T.);
#3730=EDGE_CURVE('',#2879,#2877,#1866,.T.);
#3731=EDGE_CURVE('',#2880,#2878,#371,.T.);
#3732=EDGE_CURVE('',#2880,#2881,#1867,.T.);
#3733=EDGE_CURVE('',#2881,#2879,#372,.T.);
#3734=EDGE_CURVE('',#2882,#2880,#373,.T.);
#3735=EDGE_CURVE('',#2882,#2883,#1868,.T.);
#3736=EDGE_CURVE('',#2883,#2881,#374,.T.);
#3737=EDGE_CURVE('',#2884,#2882,#375,.T.);
#3738=EDGE_CURVE('',#2884,#2885,#1869,.T.);
#3739=EDGE_CURVE('',#2885,#2883,#376,.T.);
#3740=EDGE_CURVE('',#2886,#2884,#377,.T.);
#3741=EDGE_CURVE('',#2886,#2887,#1870,.T.);
#3742=EDGE_CURVE('',#2887,#2885,#378,.T.);
#3743=EDGE_CURVE('',#2888,#2886,#1871,.T.);
#3744=EDGE_CURVE('',#2888,#2889,#1872,.T.);
#3745=EDGE_CURVE('',#2889,#2887,#1873,.T.);
#3746=EDGE_CURVE('',#2890,#2888,#379,.T.);
#3747=EDGE_CURVE('',#2890,#2891,#1874,.T.);
#3748=EDGE_CURVE('',#2891,#2889,#380,.T.);
#3749=EDGE_CURVE('',#2892,#2890,#381,.T.);
#3750=EDGE_CURVE('',#2892,#2893,#1875,.T.);
#3751=EDGE_CURVE('',#2893,#2891,#382,.T.);
#3752=EDGE_CURVE('',#2894,#2892,#383,.T.);
#3753=EDGE_CURVE('',#2894,#2895,#1876,.T.);
#3754=EDGE_CURVE('',#2895,#2893,#384,.T.);
#3755=EDGE_CURVE('',#2896,#2894,#385,.T.);
#3756=EDGE_CURVE('',#2896,#2897,#1877,.T.);
#3757=EDGE_CURVE('',#2897,#2895,#386,.T.);
#3758=EDGE_CURVE('',#2898,#2896,#387,.T.);
#3759=EDGE_CURVE('',#2898,#2899,#1878,.T.);
#3760=EDGE_CURVE('',#2899,#2897,#388,.T.);
#3761=EDGE_CURVE('',#2900,#2898,#389,.T.);
#3762=EDGE_CURVE('',#2900,#2901,#1879,.T.);
#3763=EDGE_CURVE('',#2901,#2899,#390,.T.);
#3764=EDGE_CURVE('',#2902,#2900,#391,.T.);
#3765=EDGE_CURVE('',#2902,#2903,#1880,.T.);
#3766=EDGE_CURVE('',#2903,#2901,#392,.T.);
#3767=EDGE_CURVE('',#2904,#2902,#393,.T.);
#3768=EDGE_CURVE('',#2904,#2905,#1881,.T.);
#3769=EDGE_CURVE('',#2905,#2903,#394,.T.);
#3770=EDGE_CURVE('',#2906,#2904,#395,.T.);
#3771=EDGE_CURVE('',#2906,#2907,#1882,.T.);
#3772=EDGE_CURVE('',#2907,#2905,#396,.T.);
#3773=EDGE_CURVE('',#2908,#2906,#397,.T.);
#3774=EDGE_CURVE('',#2908,#2909,#1883,.T.);
#3775=EDGE_CURVE('',#2909,#2907,#398,.T.);
#3776=EDGE_CURVE('',#2910,#2908,#399,.T.);
#3777=EDGE_CURVE('',#2910,#2911,#1884,.T.);
#3778=EDGE_CURVE('',#2911,#2909,#400,.T.);
#3779=EDGE_CURVE('',#2912,#2910,#401,.T.);
#3780=EDGE_CURVE('',#2912,#2913,#1885,.T.);
#3781=EDGE_CURVE('',#2913,#2911,#402,.T.);
#3782=EDGE_CURVE('',#2914,#2912,#403,.T.);
#3783=EDGE_CURVE('',#2914,#2915,#1886,.T.);
#3784=EDGE_CURVE('',#2915,#2913,#404,.T.);
#3785=EDGE_CURVE('',#2916,#2914,#1887,.T.);
#3786=EDGE_CURVE('',#2916,#2917,#1888,.T.);
#3787=EDGE_CURVE('',#2917,#2915,#1889,.T.);
#3788=EDGE_CURVE('',#2871,#2916,#405,.T.);
#3789=EDGE_CURVE('',#2873,#2917,#406,.T.);
#3790=EDGE_CURVE('',#2918,#2919,#407,.T.);
#3791=EDGE_CURVE('',#2918,#2920,#1890,.T.);
#3792=EDGE_CURVE('',#2920,#2921,#408,.T.);
#3793=EDGE_CURVE('',#2919,#2921,#1891,.T.);
#3794=EDGE_CURVE('',#2922,#2918,#409,.T.);
#3795=EDGE_CURVE('',#2922,#2923,#1892,.T.);
#3796=EDGE_CURVE('',#2923,#2920,#410,.T.);
#3797=EDGE_CURVE('',#2924,#2922,#411,.T.);
#3798=EDGE_CURVE('',#2924,#2925,#1893,.T.);
#3799=EDGE_CURVE('',#2925,#2923,#412,.T.);
#3800=EDGE_CURVE('',#2926,#2924,#1894,.T.);
#3801=EDGE_CURVE('',#2926,#2927,#1895,.T.);
#3802=EDGE_CURVE('',#2927,#2925,#1896,.T.);
#3803=EDGE_CURVE('',#2919,#2926,#413,.T.);
#3804=EDGE_CURVE('',#2921,#2927,#414,.T.);
#3805=EDGE_CURVE('',#2928,#2929,#415,.T.);
#3806=EDGE_CURVE('',#2928,#2930,#1897,.T.);
#3807=EDGE_CURVE('',#2930,#2931,#416,.T.);
#3808=EDGE_CURVE('',#2929,#2931,#1898,.T.);
#3809=EDGE_CURVE('',#2932,#2928,#417,.T.);
#3810=EDGE_CURVE('',#2932,#2933,#1899,.T.);
#3811=EDGE_CURVE('',#2933,#2930,#418,.T.);
#3812=EDGE_CURVE('',#2934,#2932,#419,.T.);
#3813=EDGE_CURVE('',#2934,#2935,#1900,.T.);
#3814=EDGE_CURVE('',#2935,#2933,#420,.T.);
#3815=EDGE_CURVE('',#2936,#2934,#421,.T.);
#3816=EDGE_CURVE('',#2936,#2937,#1901,.T.);
#3817=EDGE_CURVE('',#2937,#2935,#422,.T.);
#3818=EDGE_CURVE('',#2938,#2936,#423,.T.);
#3819=EDGE_CURVE('',#2938,#2939,#1902,.T.);
#3820=EDGE_CURVE('',#2939,#2937,#424,.T.);
#3821=EDGE_CURVE('',#2940,#2938,#425,.T.);
#3822=EDGE_CURVE('',#2940,#2941,#1903,.T.);
#3823=EDGE_CURVE('',#2941,#2939,#426,.T.);
#3824=EDGE_CURVE('',#2942,#2940,#427,.T.);
#3825=EDGE_CURVE('',#2942,#2943,#1904,.T.);
#3826=EDGE_CURVE('',#2943,#2941,#428,.T.);
#3827=EDGE_CURVE('',#2944,#2942,#429,.T.);
#3828=EDGE_CURVE('',#2944,#2945,#1905,.T.);
#3829=EDGE_CURVE('',#2945,#2943,#430,.T.);
#3830=EDGE_CURVE('',#2946,#2944,#431,.T.);
#3831=EDGE_CURVE('',#2946,#2947,#1906,.T.);
#3832=EDGE_CURVE('',#2947,#2945,#432,.T.);
#3833=EDGE_CURVE('',#2948,#2946,#433,.T.);
#3834=EDGE_CURVE('',#2948,#2949,#1907,.T.);
#3835=EDGE_CURVE('',#2949,#2947,#434,.T.);
#3836=EDGE_CURVE('',#2950,#2948,#435,.T.);
#3837=EDGE_CURVE('',#2950,#2951,#1908,.T.);
#3838=EDGE_CURVE('',#2951,#2949,#436,.T.);
#3839=EDGE_CURVE('',#2952,#2950,#437,.T.);
#3840=EDGE_CURVE('',#2952,#2953,#1909,.T.);
#3841=EDGE_CURVE('',#2953,#2951,#438,.T.);
#3842=EDGE_CURVE('',#2954,#2952,#439,.T.);
#3843=EDGE_CURVE('',#2954,#2955,#1910,.T.);
#3844=EDGE_CURVE('',#2955,#2953,#440,.T.);
#3845=EDGE_CURVE('',#2956,#2954,#441,.T.);
#3846=EDGE_CURVE('',#2956,#2957,#1911,.T.);
#3847=EDGE_CURVE('',#2957,#2955,#442,.T.);
#3848=EDGE_CURVE('',#2958,#2956,#443,.T.);
#3849=EDGE_CURVE('',#2958,#2959,#1912,.T.);
#3850=EDGE_CURVE('',#2959,#2957,#444,.T.);
#3851=EDGE_CURVE('',#2960,#2958,#445,.T.);
#3852=EDGE_CURVE('',#2960,#2961,#1913,.T.);
#3853=EDGE_CURVE('',#2961,#2959,#446,.T.);
#3854=EDGE_CURVE('',#2962,#2960,#447,.T.);
#3855=EDGE_CURVE('',#2962,#2963,#1914,.T.);
#3856=EDGE_CURVE('',#2963,#2961,#448,.T.);
#3857=EDGE_CURVE('',#2964,#2962,#449,.T.);
#3858=EDGE_CURVE('',#2964,#2965,#1915,.T.);
#3859=EDGE_CURVE('',#2965,#2963,#450,.T.);
#3860=EDGE_CURVE('',#2966,#2964,#451,.T.);
#3861=EDGE_CURVE('',#2966,#2967,#1916,.T.);
#3862=EDGE_CURVE('',#2967,#2965,#452,.T.);
#3863=EDGE_CURVE('',#2968,#2966,#453,.T.);
#3864=EDGE_CURVE('',#2968,#2969,#1917,.T.);
#3865=EDGE_CURVE('',#2969,#2967,#454,.T.);
#3866=EDGE_CURVE('',#2970,#2968,#455,.T.);
#3867=EDGE_CURVE('',#2970,#2971,#1918,.T.);
#3868=EDGE_CURVE('',#2971,#2969,#456,.T.);
#3869=EDGE_CURVE('',#2972,#2970,#457,.T.);
#3870=EDGE_CURVE('',#2972,#2973,#1919,.T.);
#3871=EDGE_CURVE('',#2973,#2971,#458,.T.);
#3872=EDGE_CURVE('',#2974,#2972,#459,.T.);
#3873=EDGE_CURVE('',#2974,#2975,#1920,.T.);
#3874=EDGE_CURVE('',#2975,#2973,#460,.T.);
#3875=EDGE_CURVE('',#2976,#2974,#461,.T.);
#3876=EDGE_CURVE('',#2976,#2977,#1921,.T.);
#3877=EDGE_CURVE('',#2977,#2975,#462,.T.);
#3878=EDGE_CURVE('',#2978,#2976,#1922,.T.);
#3879=EDGE_CURVE('',#2978,#2979,#1923,.T.);
#3880=EDGE_CURVE('',#2979,#2977,#1924,.T.);
#3881=EDGE_CURVE('',#2929,#2978,#463,.T.);
#3882=EDGE_CURVE('',#2931,#2979,#464,.T.);
#3883=EDGE_CURVE('',#2980,#2981,#465,.T.);
#3884=EDGE_CURVE('',#2980,#2982,#1925,.T.);
#3885=EDGE_CURVE('',#2982,#2983,#466,.T.);
#3886=EDGE_CURVE('',#2981,#2983,#1926,.T.);
#3887=EDGE_CURVE('',#2984,#2980,#467,.T.);
#3888=EDGE_CURVE('',#2984,#2985,#1927,.T.);
#3889=EDGE_CURVE('',#2985,#2982,#468,.T.);
#3890=EDGE_CURVE('',#2986,#2984,#469,.T.);
#3891=EDGE_CURVE('',#2986,#2987,#1928,.T.);
#3892=EDGE_CURVE('',#2987,#2985,#470,.T.);
#3893=EDGE_CURVE('',#2988,#2986,#471,.T.);
#3894=EDGE_CURVE('',#2988,#2989,#1929,.T.);
#3895=EDGE_CURVE('',#2989,#2987,#472,.T.);
#3896=EDGE_CURVE('',#2990,#2988,#473,.T.);
#3897=EDGE_CURVE('',#2990,#2991,#1930,.T.);
#3898=EDGE_CURVE('',#2991,#2989,#474,.T.);
#3899=EDGE_CURVE('',#2992,#2990,#475,.T.);
#3900=EDGE_CURVE('',#2992,#2993,#1931,.T.);
#3901=EDGE_CURVE('',#2993,#2991,#476,.T.);
#3902=EDGE_CURVE('',#2994,#2992,#477,.T.);
#3903=EDGE_CURVE('',#2994,#2995,#1932,.T.);
#3904=EDGE_CURVE('',#2995,#2993,#478,.T.);
#3905=EDGE_CURVE('',#2981,#2994,#479,.T.);
#3906=EDGE_CURVE('',#2983,#2995,#480,.T.);
#3907=EDGE_CURVE('',#2996,#2997,#481,.T.);
#3908=EDGE_CURVE('',#2996,#2998,#1933,.T.);
#3909=EDGE_CURVE('',#2998,#2999,#482,.T.);
#3910=EDGE_CURVE('',#2997,#2999,#1934,.T.);
#3911=EDGE_CURVE('',#3000,#2996,#483,.T.);
#3912=EDGE_CURVE('',#3000,#3001,#1935,.T.);
#3913=EDGE_CURVE('',#3001,#2998,#484,.T.);
#3914=EDGE_CURVE('',#3002,#3000,#485,.T.);
#3915=EDGE_CURVE('',#3002,#3003,#1936,.T.);
#3916=EDGE_CURVE('',#3003,#3001,#486,.T.);
#3917=EDGE_CURVE('',#3004,#3002,#487,.T.);
#3918=EDGE_CURVE('',#3004,#3005,#1937,.T.);
#3919=EDGE_CURVE('',#3005,#3003,#488,.T.);
#3920=EDGE_CURVE('',#3006,#3004,#489,.T.);
#3921=EDGE_CURVE('',#3006,#3007,#1938,.T.);
#3922=EDGE_CURVE('',#3007,#3005,#490,.T.);
#3923=EDGE_CURVE('',#3008,#3006,#491,.T.);
#3924=EDGE_CURVE('',#3008,#3009,#1939,.T.);
#3925=EDGE_CURVE('',#3009,#3007,#492,.T.);
#3926=EDGE_CURVE('',#3010,#3008,#493,.T.);
#3927=EDGE_CURVE('',#3010,#3011,#1940,.T.);
#3928=EDGE_CURVE('',#3011,#3009,#494,.T.);
#3929=EDGE_CURVE('',#3012,#3010,#495,.T.);
#3930=EDGE_CURVE('',#3012,#3013,#1941,.T.);
#3931=EDGE_CURVE('',#3013,#3011,#496,.T.);
#3932=EDGE_CURVE('',#3014,#3012,#497,.T.);
#3933=EDGE_CURVE('',#3014,#3015,#1942,.T.);
#3934=EDGE_CURVE('',#3015,#3013,#498,.T.);
#3935=EDGE_CURVE('',#3016,#3014,#499,.T.);
#3936=EDGE_CURVE('',#3016,#3017,#1943,.T.);
#3937=EDGE_CURVE('',#3017,#3015,#500,.T.);
#3938=EDGE_CURVE('',#3018,#3016,#501,.T.);
#3939=EDGE_CURVE('',#3018,#3019,#1944,.T.);
#3940=EDGE_CURVE('',#3019,#3017,#502,.T.);
#3941=EDGE_CURVE('',#3020,#3018,#503,.T.);
#3942=EDGE_CURVE('',#3020,#3021,#1945,.T.);
#3943=EDGE_CURVE('',#3021,#3019,#504,.T.);
#3944=EDGE_CURVE('',#3022,#3020,#505,.T.);
#3945=EDGE_CURVE('',#3022,#3023,#1946,.T.);
#3946=EDGE_CURVE('',#3023,#3021,#506,.T.);
#3947=EDGE_CURVE('',#3024,#3022,#507,.T.);
#3948=EDGE_CURVE('',#3024,#3025,#1947,.T.);
#3949=EDGE_CURVE('',#3025,#3023,#508,.T.);
#3950=EDGE_CURVE('',#3026,#3024,#509,.T.);
#3951=EDGE_CURVE('',#3026,#3027,#1948,.T.);
#3952=EDGE_CURVE('',#3027,#3025,#510,.T.);
#3953=EDGE_CURVE('',#3028,#3026,#511,.T.);
#3954=EDGE_CURVE('',#3028,#3029,#1949,.T.);
#3955=EDGE_CURVE('',#3029,#3027,#512,.T.);
#3956=EDGE_CURVE('',#3030,#3028,#513,.T.);
#3957=EDGE_CURVE('',#3030,#3031,#1950,.T.);
#3958=EDGE_CURVE('',#3031,#3029,#514,.T.);
#3959=EDGE_CURVE('',#3032,#3030,#515,.T.);
#3960=EDGE_CURVE('',#3032,#3033,#1951,.T.);
#3961=EDGE_CURVE('',#3033,#3031,#516,.T.);
#3962=EDGE_CURVE('',#3034,#3032,#1952,.T.);
#3963=EDGE_CURVE('',#3034,#3035,#1953,.T.);
#3964=EDGE_CURVE('',#3035,#3033,#1954,.T.);
#3965=EDGE_CURVE('',#2997,#3034,#517,.T.);
#3966=EDGE_CURVE('',#2999,#3035,#518,.T.);
#3967=EDGE_CURVE('',#3036,#3037,#1955,.T.);
#3968=EDGE_CURVE('',#3037,#3038,#1956,.T.);
#3969=EDGE_CURVE('',#3039,#3038,#1957,.T.);
#3970=EDGE_CURVE('',#3036,#3039,#1958,.T.);
#3971=EDGE_CURVE('',#3040,#3036,#2422,.T.);
#3972=EDGE_CURVE('',#3041,#3039,#2423,.T.);
#3973=EDGE_CURVE('',#3040,#3041,#1959,.T.);
#3974=EDGE_CURVE('',#3042,#3040,#1960,.T.);
#3975=EDGE_CURVE('',#3043,#3041,#1961,.T.);
#3976=EDGE_CURVE('',#3042,#3043,#1962,.T.);
#3977=EDGE_CURVE('',#3044,#3042,#2424,.T.);
#3978=EDGE_CURVE('',#3045,#3043,#2425,.T.);
#3979=EDGE_CURVE('',#3044,#3045,#1963,.T.);
#3980=EDGE_CURVE('',#3046,#3044,#1964,.T.);
#3981=EDGE_CURVE('',#3047,#3045,#1965,.T.);
#3982=EDGE_CURVE('',#3046,#3047,#1966,.T.);
#3983=EDGE_CURVE('',#3048,#3046,#2426,.T.);
#3984=EDGE_CURVE('',#3049,#3047,#2427,.T.);
#3985=EDGE_CURVE('',#3048,#3049,#1967,.T.);
#3986=EDGE_CURVE('',#3050,#3048,#1968,.T.);
#3987=EDGE_CURVE('',#3051,#3049,#1969,.T.);
#3988=EDGE_CURVE('',#3050,#3051,#1970,.T.);
#3989=EDGE_CURVE('',#3037,#3050,#2428,.T.);
#3990=EDGE_CURVE('',#3038,#3051,#2429,.T.);
#3991=EDGE_CURVE('',#3052,#3053,#2430,.T.);
#3992=EDGE_CURVE('',#3053,#3054,#1971,.T.);
#3993=EDGE_CURVE('',#3055,#3054,#2431,.T.);
#3994=EDGE_CURVE('',#3052,#3055,#1972,.T.);
#3995=EDGE_CURVE('',#3056,#3052,#1973,.T.);
#3996=EDGE_CURVE('',#3057,#3055,#1974,.T.);
#3997=EDGE_CURVE('',#3056,#3057,#1975,.T.);
#3998=EDGE_CURVE('',#3058,#3056,#2432,.T.);
#3999=EDGE_CURVE('',#3059,#3057,#2433,.T.);
#4000=EDGE_CURVE('',#3058,#3059,#1976,.T.);
#4001=EDGE_CURVE('',#3060,#3058,#1977,.T.);
#4002=EDGE_CURVE('',#3061,#3059,#1978,.T.);
#4003=EDGE_CURVE('',#3060,#3061,#1979,.T.);
#4004=EDGE_CURVE('',#3062,#3060,#2434,.T.);
#4005=EDGE_CURVE('',#3063,#3061,#2435,.T.);
#4006=EDGE_CURVE('',#3062,#3063,#1980,.T.);
#4007=EDGE_CURVE('',#3064,#3062,#1981,.T.);
#4008=EDGE_CURVE('',#3065,#3063,#1982,.T.);
#4009=EDGE_CURVE('',#3064,#3065,#1983,.T.);
#4010=EDGE_CURVE('',#3066,#3064,#2436,.T.);
#4011=EDGE_CURVE('',#3067,#3065,#2437,.T.);
#4012=EDGE_CURVE('',#3066,#3067,#1984,.T.);
#4013=EDGE_CURVE('',#3068,#3066,#1985,.T.);
#4014=EDGE_CURVE('',#3069,#3067,#1986,.T.);
#4015=EDGE_CURVE('',#3068,#3069,#1987,.T.);
#4016=EDGE_CURVE('',#3070,#3068,#2438,.T.);
#4017=EDGE_CURVE('',#3071,#3069,#2439,.T.);
#4018=EDGE_CURVE('',#3070,#3071,#1988,.T.);
#4019=EDGE_CURVE('',#3072,#3070,#1989,.T.);
#4020=EDGE_CURVE('',#3073,#3071,#1990,.T.);
#4021=EDGE_CURVE('',#3072,#3073,#1991,.T.);
#4022=EDGE_CURVE('',#3074,#3072,#2440,.T.);
#4023=EDGE_CURVE('',#3075,#3073,#2441,.T.);
#4024=EDGE_CURVE('',#3074,#3075,#1992,.T.);
#4025=EDGE_CURVE('',#3053,#3074,#1993,.T.);
#4026=EDGE_CURVE('',#3054,#3075,#1994,.T.);
#4027=ORIENTED_EDGE('',*,*,#3076,.F.);
#4028=ORIENTED_EDGE('',*,*,#3077,.T.);
#4029=ORIENTED_EDGE('',*,*,#3078,.F.);
#4030=ORIENTED_EDGE('',*,*,#3077,.F.);
#4031=ORIENTED_EDGE('',*,*,#3079,.F.);
#4032=ORIENTED_EDGE('',*,*,#3080,.T.);
#4033=ORIENTED_EDGE('',*,*,#3081,.F.);
#4034=ORIENTED_EDGE('',*,*,#3080,.F.);
#4035=ORIENTED_EDGE('',*,*,#3082,.F.);
#4036=ORIENTED_EDGE('',*,*,#3083,.T.);
#4037=ORIENTED_EDGE('',*,*,#3084,.F.);
#4038=ORIENTED_EDGE('',*,*,#3083,.F.);
#4039=ORIENTED_EDGE('',*,*,#3085,.F.);
#4040=ORIENTED_EDGE('',*,*,#3086,.T.);
#4041=ORIENTED_EDGE('',*,*,#3087,.F.);
#4042=ORIENTED_EDGE('',*,*,#3086,.F.);
#4043=ORIENTED_EDGE('',*,*,#3088,.F.);
#4044=ORIENTED_EDGE('',*,*,#3089,.T.);
#4045=ORIENTED_EDGE('',*,*,#3090,.F.);
#4046=ORIENTED_EDGE('',*,*,#3089,.F.);
#4047=ORIENTED_EDGE('',*,*,#3091,.F.);
#4048=ORIENTED_EDGE('',*,*,#3092,.T.);
#4049=ORIENTED_EDGE('',*,*,#3093,.F.);
#4050=ORIENTED_EDGE('',*,*,#3092,.F.);
#4051=ORIENTED_EDGE('',*,*,#3094,.F.);
#4052=ORIENTED_EDGE('',*,*,#3095,.T.);
#4053=ORIENTED_EDGE('',*,*,#3096,.T.);
#4054=ORIENTED_EDGE('',*,*,#3095,.F.);
#4055=ORIENTED_EDGE('',*,*,#3096,.F.);
#4056=ORIENTED_EDGE('',*,*,#3079,.T.);
#4057=ORIENTED_EDGE('',*,*,#3097,.F.);
#4058=ORIENTED_EDGE('',*,*,#3098,.T.);
#4059=ORIENTED_EDGE('',*,*,#3099,.T.);
#4060=ORIENTED_EDGE('',*,*,#3098,.F.);
#4061=ORIENTED_EDGE('',*,*,#3099,.F.);
#4062=ORIENTED_EDGE('',*,*,#3076,.T.);
#4063=ORIENTED_EDGE('',*,*,#3100,.F.);
#4064=ORIENTED_EDGE('',*,*,#3101,.T.);
#4065=ORIENTED_EDGE('',*,*,#3102,.T.);
#4066=ORIENTED_EDGE('',*,*,#3101,.F.);
#4067=ORIENTED_EDGE('',*,*,#3102,.F.);
#4068=ORIENTED_EDGE('',*,*,#3091,.T.);
#4069=ORIENTED_EDGE('',*,*,#3103,.F.);
#4070=ORIENTED_EDGE('',*,*,#3104,.T.);
#4071=ORIENTED_EDGE('',*,*,#3105,.T.);
#4072=ORIENTED_EDGE('',*,*,#3104,.F.);
#4073=ORIENTED_EDGE('',*,*,#3105,.F.);
#4074=ORIENTED_EDGE('',*,*,#3088,.T.);
#4075=ORIENTED_EDGE('',*,*,#3106,.F.);
#4076=ORIENTED_EDGE('',*,*,#3107,.T.);
#4077=ORIENTED_EDGE('',*,*,#3108,.T.);
#4078=ORIENTED_EDGE('',*,*,#3107,.F.);
#4079=ORIENTED_EDGE('',*,*,#3108,.F.);
#4080=ORIENTED_EDGE('',*,*,#3085,.T.);
#4081=ORIENTED_EDGE('',*,*,#3109,.F.);
#4082=ORIENTED_EDGE('',*,*,#3110,.T.);
#4083=ORIENTED_EDGE('',*,*,#3111,.T.);
#4084=ORIENTED_EDGE('',*,*,#3110,.F.);
#4085=ORIENTED_EDGE('',*,*,#3111,.F.);
#4086=ORIENTED_EDGE('',*,*,#3082,.T.);
#4087=ORIENTED_EDGE('',*,*,#3112,.F.);
#4088=ORIENTED_EDGE('',*,*,#3113,.T.);
#4089=ORIENTED_EDGE('',*,*,#3114,.T.);
#4090=ORIENTED_EDGE('',*,*,#3115,.F.);
#4091=ORIENTED_EDGE('',*,*,#3116,.F.);
#4092=ORIENTED_EDGE('',*,*,#3117,.T.);
#4093=ORIENTED_EDGE('',*,*,#3118,.T.);
#4094=ORIENTED_EDGE('',*,*,#3113,.F.);
#4095=ORIENTED_EDGE('',*,*,#3119,.F.);
#4096=ORIENTED_EDGE('',*,*,#3120,.T.);
#4097=ORIENTED_EDGE('',*,*,#3121,.T.);
#4098=ORIENTED_EDGE('',*,*,#3117,.F.);
#4099=ORIENTED_EDGE('',*,*,#3122,.F.);
#4100=ORIENTED_EDGE('',*,*,#3123,.T.);
#4101=ORIENTED_EDGE('',*,*,#3124,.T.);
#4102=ORIENTED_EDGE('',*,*,#3120,.F.);
#4103=ORIENTED_EDGE('',*,*,#3125,.F.);
#4104=ORIENTED_EDGE('',*,*,#3126,.T.);
#4105=ORIENTED_EDGE('',*,*,#3127,.T.);
#4106=ORIENTED_EDGE('',*,*,#3123,.F.);
#4107=ORIENTED_EDGE('',*,*,#3128,.F.);
#4108=ORIENTED_EDGE('',*,*,#3129,.T.);
#4109=ORIENTED_EDGE('',*,*,#3130,.T.);
#4110=ORIENTED_EDGE('',*,*,#3126,.F.);
#4111=ORIENTED_EDGE('',*,*,#3131,.F.);
#4112=ORIENTED_EDGE('',*,*,#3132,.T.);
#4113=ORIENTED_EDGE('',*,*,#3133,.T.);
#4114=ORIENTED_EDGE('',*,*,#3129,.F.);
#4115=ORIENTED_EDGE('',*,*,#3134,.F.);
#4116=ORIENTED_EDGE('',*,*,#3135,.T.);
#4117=ORIENTED_EDGE('',*,*,#3136,.T.);
#4118=ORIENTED_EDGE('',*,*,#3132,.F.);
#4119=ORIENTED_EDGE('',*,*,#3137,.F.);
#4120=ORIENTED_EDGE('',*,*,#3138,.T.);
#4121=ORIENTED_EDGE('',*,*,#3139,.T.);
#4122=ORIENTED_EDGE('',*,*,#3135,.F.);
#4123=ORIENTED_EDGE('',*,*,#3140,.F.);
#4124=ORIENTED_EDGE('',*,*,#3141,.T.);
#4125=ORIENTED_EDGE('',*,*,#3142,.T.);
#4126=ORIENTED_EDGE('',*,*,#3138,.F.);
#4127=ORIENTED_EDGE('',*,*,#3143,.F.);
#4128=ORIENTED_EDGE('',*,*,#3144,.T.);
#4129=ORIENTED_EDGE('',*,*,#3145,.T.);
#4130=ORIENTED_EDGE('',*,*,#3141,.F.);
#4131=ORIENTED_EDGE('',*,*,#3146,.F.);
#4132=ORIENTED_EDGE('',*,*,#3147,.T.);
#4133=ORIENTED_EDGE('',*,*,#3148,.T.);
#4134=ORIENTED_EDGE('',*,*,#3144,.F.);
#4135=ORIENTED_EDGE('',*,*,#3149,.F.);
#4136=ORIENTED_EDGE('',*,*,#3150,.T.);
#4137=ORIENTED_EDGE('',*,*,#3151,.T.);
#4138=ORIENTED_EDGE('',*,*,#3147,.F.);
#4139=ORIENTED_EDGE('',*,*,#3152,.F.);
#4140=ORIENTED_EDGE('',*,*,#3153,.T.);
#4141=ORIENTED_EDGE('',*,*,#3154,.T.);
#4142=ORIENTED_EDGE('',*,*,#3150,.F.);
#4143=ORIENTED_EDGE('',*,*,#3155,.F.);
#4144=ORIENTED_EDGE('',*,*,#3156,.T.);
#4145=ORIENTED_EDGE('',*,*,#3157,.T.);
#4146=ORIENTED_EDGE('',*,*,#3153,.F.);
#4147=ORIENTED_EDGE('',*,*,#3158,.F.);
#4148=ORIENTED_EDGE('',*,*,#3159,.T.);
#4149=ORIENTED_EDGE('',*,*,#3160,.T.);
#4150=ORIENTED_EDGE('',*,*,#3156,.F.);
#4151=ORIENTED_EDGE('',*,*,#3161,.F.);
#4152=ORIENTED_EDGE('',*,*,#3162,.T.);
#4153=ORIENTED_EDGE('',*,*,#3163,.T.);
#4154=ORIENTED_EDGE('',*,*,#3159,.F.);
#4155=ORIENTED_EDGE('',*,*,#3164,.F.);
#4156=ORIENTED_EDGE('',*,*,#3165,.T.);
#4157=ORIENTED_EDGE('',*,*,#3166,.T.);
#4158=ORIENTED_EDGE('',*,*,#3162,.F.);
#4159=ORIENTED_EDGE('',*,*,#3167,.F.);
#4160=ORIENTED_EDGE('',*,*,#3168,.T.);
#4161=ORIENTED_EDGE('',*,*,#3169,.T.);
#4162=ORIENTED_EDGE('',*,*,#3165,.F.);
#4163=ORIENTED_EDGE('',*,*,#3170,.F.);
#4164=ORIENTED_EDGE('',*,*,#3171,.T.);
#4165=ORIENTED_EDGE('',*,*,#3172,.T.);
#4166=ORIENTED_EDGE('',*,*,#3168,.F.);
#4167=ORIENTED_EDGE('',*,*,#3173,.F.);
#4168=ORIENTED_EDGE('',*,*,#3174,.T.);
#4169=ORIENTED_EDGE('',*,*,#3175,.T.);
#4170=ORIENTED_EDGE('',*,*,#3171,.F.);
#4171=ORIENTED_EDGE('',*,*,#3176,.F.);
#4172=ORIENTED_EDGE('',*,*,#3177,.T.);
#4173=ORIENTED_EDGE('',*,*,#3178,.T.);
#4174=ORIENTED_EDGE('',*,*,#3174,.F.);
#4175=ORIENTED_EDGE('',*,*,#3179,.F.);
#4176=ORIENTED_EDGE('',*,*,#3180,.T.);
#4177=ORIENTED_EDGE('',*,*,#3181,.T.);
#4178=ORIENTED_EDGE('',*,*,#3177,.F.);
#4179=ORIENTED_EDGE('',*,*,#3182,.F.);
#4180=ORIENTED_EDGE('',*,*,#3183,.T.);
#4181=ORIENTED_EDGE('',*,*,#3184,.T.);
#4182=ORIENTED_EDGE('',*,*,#3180,.F.);
#4183=ORIENTED_EDGE('',*,*,#3185,.F.);
#4184=ORIENTED_EDGE('',*,*,#3186,.T.);
#4185=ORIENTED_EDGE('',*,*,#3187,.T.);
#4186=ORIENTED_EDGE('',*,*,#3183,.F.);
#4187=ORIENTED_EDGE('',*,*,#3188,.F.);
#4188=ORIENTED_EDGE('',*,*,#3189,.T.);
#4189=ORIENTED_EDGE('',*,*,#3190,.T.);
#4190=ORIENTED_EDGE('',*,*,#3186,.F.);
#4191=ORIENTED_EDGE('',*,*,#3191,.F.);
#4192=ORIENTED_EDGE('',*,*,#3192,.T.);
#4193=ORIENTED_EDGE('',*,*,#3193,.T.);
#4194=ORIENTED_EDGE('',*,*,#3189,.F.);
#4195=ORIENTED_EDGE('',*,*,#3194,.F.);
#4196=ORIENTED_EDGE('',*,*,#3195,.T.);
#4197=ORIENTED_EDGE('',*,*,#3196,.T.);
#4198=ORIENTED_EDGE('',*,*,#3192,.F.);
#4199=ORIENTED_EDGE('',*,*,#3197,.F.);
#4200=ORIENTED_EDGE('',*,*,#3198,.T.);
#4201=ORIENTED_EDGE('',*,*,#3199,.T.);
#4202=ORIENTED_EDGE('',*,*,#3195,.F.);
#4203=ORIENTED_EDGE('',*,*,#3200,.F.);
#4204=ORIENTED_EDGE('',*,*,#3115,.T.);
#4205=ORIENTED_EDGE('',*,*,#3201,.T.);
#4206=ORIENTED_EDGE('',*,*,#3198,.F.);
#4207=ORIENTED_EDGE('',*,*,#3201,.F.);
#4208=ORIENTED_EDGE('',*,*,#3114,.F.);
#4209=ORIENTED_EDGE('',*,*,#3118,.F.);
#4210=ORIENTED_EDGE('',*,*,#3121,.F.);
#4211=ORIENTED_EDGE('',*,*,#3124,.F.);
#4212=ORIENTED_EDGE('',*,*,#3127,.F.);
#4213=ORIENTED_EDGE('',*,*,#3130,.F.);
#4214=ORIENTED_EDGE('',*,*,#3133,.F.);
#4215=ORIENTED_EDGE('',*,*,#3136,.F.);
#4216=ORIENTED_EDGE('',*,*,#3139,.F.);
#4217=ORIENTED_EDGE('',*,*,#3142,.F.);
#4218=ORIENTED_EDGE('',*,*,#3145,.F.);
#4219=ORIENTED_EDGE('',*,*,#3148,.F.);
#4220=ORIENTED_EDGE('',*,*,#3151,.F.);
#4221=ORIENTED_EDGE('',*,*,#3154,.F.);
#4222=ORIENTED_EDGE('',*,*,#3157,.F.);
#4223=ORIENTED_EDGE('',*,*,#3160,.F.);
#4224=ORIENTED_EDGE('',*,*,#3163,.F.);
#4225=ORIENTED_EDGE('',*,*,#3166,.F.);
#4226=ORIENTED_EDGE('',*,*,#3169,.F.);
#4227=ORIENTED_EDGE('',*,*,#3172,.F.);
#4228=ORIENTED_EDGE('',*,*,#3175,.F.);
#4229=ORIENTED_EDGE('',*,*,#3178,.F.);
#4230=ORIENTED_EDGE('',*,*,#3181,.F.);
#4231=ORIENTED_EDGE('',*,*,#3184,.F.);
#4232=ORIENTED_EDGE('',*,*,#3187,.F.);
#4233=ORIENTED_EDGE('',*,*,#3190,.F.);
#4234=ORIENTED_EDGE('',*,*,#3193,.F.);
#4235=ORIENTED_EDGE('',*,*,#3196,.F.);
#4236=ORIENTED_EDGE('',*,*,#3199,.F.);
#4237=ORIENTED_EDGE('',*,*,#3202,.F.);
#4238=ORIENTED_EDGE('',*,*,#3203,.T.);
#4239=ORIENTED_EDGE('',*,*,#3204,.T.);
#4240=ORIENTED_EDGE('',*,*,#3205,.F.);
#4241=ORIENTED_EDGE('',*,*,#3206,.F.);
#4242=ORIENTED_EDGE('',*,*,#3207,.T.);
#4243=ORIENTED_EDGE('',*,*,#3208,.T.);
#4244=ORIENTED_EDGE('',*,*,#3203,.F.);
#4245=ORIENTED_EDGE('',*,*,#3209,.F.);
#4246=ORIENTED_EDGE('',*,*,#3210,.T.);
#4247=ORIENTED_EDGE('',*,*,#3211,.T.);
#4248=ORIENTED_EDGE('',*,*,#3207,.F.);
#4249=ORIENTED_EDGE('',*,*,#3212,.F.);
#4250=ORIENTED_EDGE('',*,*,#3213,.T.);
#4251=ORIENTED_EDGE('',*,*,#3214,.T.);
#4252=ORIENTED_EDGE('',*,*,#3210,.F.);
#4253=ORIENTED_EDGE('',*,*,#3215,.F.);
#4254=ORIENTED_EDGE('',*,*,#3216,.T.);
#4255=ORIENTED_EDGE('',*,*,#3217,.T.);
#4256=ORIENTED_EDGE('',*,*,#3213,.F.);
#4257=ORIENTED_EDGE('',*,*,#3218,.F.);
#4258=ORIENTED_EDGE('',*,*,#3219,.T.);
#4259=ORIENTED_EDGE('',*,*,#3220,.T.);
#4260=ORIENTED_EDGE('',*,*,#3216,.F.);
#4261=ORIENTED_EDGE('',*,*,#3221,.F.);
#4262=ORIENTED_EDGE('',*,*,#3222,.T.);
#4263=ORIENTED_EDGE('',*,*,#3223,.T.);
#4264=ORIENTED_EDGE('',*,*,#3219,.F.);
#4265=ORIENTED_EDGE('',*,*,#3224,.F.);
#4266=ORIENTED_EDGE('',*,*,#3225,.T.);
#4267=ORIENTED_EDGE('',*,*,#3226,.T.);
#4268=ORIENTED_EDGE('',*,*,#3222,.F.);
#4269=ORIENTED_EDGE('',*,*,#3227,.F.);
#4270=ORIENTED_EDGE('',*,*,#3228,.T.);
#4271=ORIENTED_EDGE('',*,*,#3229,.T.);
#4272=ORIENTED_EDGE('',*,*,#3225,.F.);
#4273=ORIENTED_EDGE('',*,*,#3230,.F.);
#4274=ORIENTED_EDGE('',*,*,#3231,.T.);
#4275=ORIENTED_EDGE('',*,*,#3232,.T.);
#4276=ORIENTED_EDGE('',*,*,#3228,.F.);
#4277=ORIENTED_EDGE('',*,*,#3233,.F.);
#4278=ORIENTED_EDGE('',*,*,#3234,.T.);
#4279=ORIENTED_EDGE('',*,*,#3235,.T.);
#4280=ORIENTED_EDGE('',*,*,#3231,.F.);
#4281=ORIENTED_EDGE('',*,*,#3236,.F.);
#4282=ORIENTED_EDGE('',*,*,#3237,.T.);
#4283=ORIENTED_EDGE('',*,*,#3238,.T.);
#4284=ORIENTED_EDGE('',*,*,#3234,.F.);
#4285=ORIENTED_EDGE('',*,*,#3239,.F.);
#4286=ORIENTED_EDGE('',*,*,#3240,.T.);
#4287=ORIENTED_EDGE('',*,*,#3241,.T.);
#4288=ORIENTED_EDGE('',*,*,#3237,.F.);
#4289=ORIENTED_EDGE('',*,*,#3242,.F.);
#4290=ORIENTED_EDGE('',*,*,#3243,.T.);
#4291=ORIENTED_EDGE('',*,*,#3244,.T.);
#4292=ORIENTED_EDGE('',*,*,#3240,.F.);
#4293=ORIENTED_EDGE('',*,*,#3245,.F.);
#4294=ORIENTED_EDGE('',*,*,#3246,.T.);
#4295=ORIENTED_EDGE('',*,*,#3247,.T.);
#4296=ORIENTED_EDGE('',*,*,#3243,.F.);
#4297=ORIENTED_EDGE('',*,*,#3248,.F.);
#4298=ORIENTED_EDGE('',*,*,#3249,.T.);
#4299=ORIENTED_EDGE('',*,*,#3250,.T.);
#4300=ORIENTED_EDGE('',*,*,#3246,.F.);
#4301=ORIENTED_EDGE('',*,*,#3251,.F.);
#4302=ORIENTED_EDGE('',*,*,#3252,.T.);
#4303=ORIENTED_EDGE('',*,*,#3253,.T.);
#4304=ORIENTED_EDGE('',*,*,#3249,.F.);
#4305=ORIENTED_EDGE('',*,*,#3254,.F.);
#4306=ORIENTED_EDGE('',*,*,#3255,.T.);
#4307=ORIENTED_EDGE('',*,*,#3256,.T.);
#4308=ORIENTED_EDGE('',*,*,#3252,.F.);
#4309=ORIENTED_EDGE('',*,*,#3257,.F.);
#4310=ORIENTED_EDGE('',*,*,#3258,.T.);
#4311=ORIENTED_EDGE('',*,*,#3259,.T.);
#4312=ORIENTED_EDGE('',*,*,#3255,.F.);
#4313=ORIENTED_EDGE('',*,*,#3260,.F.);
#4314=ORIENTED_EDGE('',*,*,#3261,.T.);
#4315=ORIENTED_EDGE('',*,*,#3262,.T.);
#4316=ORIENTED_EDGE('',*,*,#3258,.F.);
#4317=ORIENTED_EDGE('',*,*,#3263,.F.);
#4318=ORIENTED_EDGE('',*,*,#3264,.T.);
#4319=ORIENTED_EDGE('',*,*,#3265,.T.);
#4320=ORIENTED_EDGE('',*,*,#3261,.F.);
#4321=ORIENTED_EDGE('',*,*,#3266,.F.);
#4322=ORIENTED_EDGE('',*,*,#3267,.T.);
#4323=ORIENTED_EDGE('',*,*,#3268,.T.);
#4324=ORIENTED_EDGE('',*,*,#3264,.F.);
#4325=ORIENTED_EDGE('',*,*,#3269,.F.);
#4326=ORIENTED_EDGE('',*,*,#3270,.T.);
#4327=ORIENTED_EDGE('',*,*,#3271,.T.);
#4328=ORIENTED_EDGE('',*,*,#3267,.F.);
#4329=ORIENTED_EDGE('',*,*,#3272,.F.);
#4330=ORIENTED_EDGE('',*,*,#3273,.T.);
#4331=ORIENTED_EDGE('',*,*,#3274,.T.);
#4332=ORIENTED_EDGE('',*,*,#3270,.F.);
#4333=ORIENTED_EDGE('',*,*,#3275,.F.);
#4334=ORIENTED_EDGE('',*,*,#3276,.T.);
#4335=ORIENTED_EDGE('',*,*,#3277,.T.);
#4336=ORIENTED_EDGE('',*,*,#3273,.F.);
#4337=ORIENTED_EDGE('',*,*,#3278,.F.);
#4338=ORIENTED_EDGE('',*,*,#3279,.T.);
#4339=ORIENTED_EDGE('',*,*,#3280,.T.);
#4340=ORIENTED_EDGE('',*,*,#3276,.F.);
#4341=ORIENTED_EDGE('',*,*,#3281,.F.);
#4342=ORIENTED_EDGE('',*,*,#3282,.T.);
#4343=ORIENTED_EDGE('',*,*,#3283,.T.);
#4344=ORIENTED_EDGE('',*,*,#3279,.F.);
#4345=ORIENTED_EDGE('',*,*,#3284,.F.);
#4346=ORIENTED_EDGE('',*,*,#3285,.T.);
#4347=ORIENTED_EDGE('',*,*,#3286,.T.);
#4348=ORIENTED_EDGE('',*,*,#3282,.F.);
#4349=ORIENTED_EDGE('',*,*,#3287,.F.);
#4350=ORIENTED_EDGE('',*,*,#3288,.T.);
#4351=ORIENTED_EDGE('',*,*,#3289,.T.);
#4352=ORIENTED_EDGE('',*,*,#3285,.F.);
#4353=ORIENTED_EDGE('',*,*,#3290,.F.);
#4354=ORIENTED_EDGE('',*,*,#3291,.T.);
#4355=ORIENTED_EDGE('',*,*,#3292,.T.);
#4356=ORIENTED_EDGE('',*,*,#3288,.F.);
#4357=ORIENTED_EDGE('',*,*,#3293,.F.);
#4358=ORIENTED_EDGE('',*,*,#3205,.T.);
#4359=ORIENTED_EDGE('',*,*,#3294,.T.);
#4360=ORIENTED_EDGE('',*,*,#3291,.F.);
#4361=ORIENTED_EDGE('',*,*,#3294,.F.);
#4362=ORIENTED_EDGE('',*,*,#3204,.F.);
#4363=ORIENTED_EDGE('',*,*,#3208,.F.);
#4364=ORIENTED_EDGE('',*,*,#3211,.F.);
#4365=ORIENTED_EDGE('',*,*,#3214,.F.);
#4366=ORIENTED_EDGE('',*,*,#3217,.F.);
#4367=ORIENTED_EDGE('',*,*,#3220,.F.);
#4368=ORIENTED_EDGE('',*,*,#3223,.F.);
#4369=ORIENTED_EDGE('',*,*,#3226,.F.);
#4370=ORIENTED_EDGE('',*,*,#3229,.F.);
#4371=ORIENTED_EDGE('',*,*,#3232,.F.);
#4372=ORIENTED_EDGE('',*,*,#3235,.F.);
#4373=ORIENTED_EDGE('',*,*,#3238,.F.);
#4374=ORIENTED_EDGE('',*,*,#3241,.F.);
#4375=ORIENTED_EDGE('',*,*,#3244,.F.);
#4376=ORIENTED_EDGE('',*,*,#3247,.F.);
#4377=ORIENTED_EDGE('',*,*,#3250,.F.);
#4378=ORIENTED_EDGE('',*,*,#3253,.F.);
#4379=ORIENTED_EDGE('',*,*,#3256,.F.);
#4380=ORIENTED_EDGE('',*,*,#3259,.F.);
#4381=ORIENTED_EDGE('',*,*,#3262,.F.);
#4382=ORIENTED_EDGE('',*,*,#3265,.F.);
#4383=ORIENTED_EDGE('',*,*,#3268,.F.);
#4384=ORIENTED_EDGE('',*,*,#3271,.F.);
#4385=ORIENTED_EDGE('',*,*,#3274,.F.);
#4386=ORIENTED_EDGE('',*,*,#3277,.F.);
#4387=ORIENTED_EDGE('',*,*,#3280,.F.);
#4388=ORIENTED_EDGE('',*,*,#3283,.F.);
#4389=ORIENTED_EDGE('',*,*,#3286,.F.);
#4390=ORIENTED_EDGE('',*,*,#3289,.F.);
#4391=ORIENTED_EDGE('',*,*,#3292,.F.);
#4392=ORIENTED_EDGE('',*,*,#3295,.F.);
#4393=ORIENTED_EDGE('',*,*,#3296,.T.);
#4394=ORIENTED_EDGE('',*,*,#3297,.T.);
#4395=ORIENTED_EDGE('',*,*,#3298,.F.);
#4396=ORIENTED_EDGE('',*,*,#3299,.F.);
#4397=ORIENTED_EDGE('',*,*,#3300,.T.);
#4398=ORIENTED_EDGE('',*,*,#3301,.T.);
#4399=ORIENTED_EDGE('',*,*,#3296,.F.);
#4400=ORIENTED_EDGE('',*,*,#3302,.F.);
#4401=ORIENTED_EDGE('',*,*,#3303,.T.);
#4402=ORIENTED_EDGE('',*,*,#3304,.T.);
#4403=ORIENTED_EDGE('',*,*,#3300,.F.);
#4404=ORIENTED_EDGE('',*,*,#3305,.F.);
#4405=ORIENTED_EDGE('',*,*,#3306,.T.);
#4406=ORIENTED_EDGE('',*,*,#3307,.T.);
#4407=ORIENTED_EDGE('',*,*,#3303,.F.);
#4408=ORIENTED_EDGE('',*,*,#3308,.F.);
#4409=ORIENTED_EDGE('',*,*,#3309,.T.);
#4410=ORIENTED_EDGE('',*,*,#3310,.T.);
#4411=ORIENTED_EDGE('',*,*,#3306,.F.);
#4412=ORIENTED_EDGE('',*,*,#3311,.F.);
#4413=ORIENTED_EDGE('',*,*,#3312,.T.);
#4414=ORIENTED_EDGE('',*,*,#3313,.T.);
#4415=ORIENTED_EDGE('',*,*,#3309,.F.);
#4416=ORIENTED_EDGE('',*,*,#3314,.F.);
#4417=ORIENTED_EDGE('',*,*,#3315,.T.);
#4418=ORIENTED_EDGE('',*,*,#3316,.T.);
#4419=ORIENTED_EDGE('',*,*,#3312,.F.);
#4420=ORIENTED_EDGE('',*,*,#3317,.F.);
#4421=ORIENTED_EDGE('',*,*,#3318,.T.);
#4422=ORIENTED_EDGE('',*,*,#3319,.T.);
#4423=ORIENTED_EDGE('',*,*,#3315,.F.);
#4424=ORIENTED_EDGE('',*,*,#3320,.F.);
#4425=ORIENTED_EDGE('',*,*,#3321,.T.);
#4426=ORIENTED_EDGE('',*,*,#3322,.T.);
#4427=ORIENTED_EDGE('',*,*,#3318,.F.);
#4428=ORIENTED_EDGE('',*,*,#3323,.F.);
#4429=ORIENTED_EDGE('',*,*,#3324,.T.);
#4430=ORIENTED_EDGE('',*,*,#3325,.T.);
#4431=ORIENTED_EDGE('',*,*,#3321,.F.);
#4432=ORIENTED_EDGE('',*,*,#3326,.F.);
#4433=ORIENTED_EDGE('',*,*,#3327,.T.);
#4434=ORIENTED_EDGE('',*,*,#3328,.T.);
#4435=ORIENTED_EDGE('',*,*,#3324,.F.);
#4436=ORIENTED_EDGE('',*,*,#3329,.F.);
#4437=ORIENTED_EDGE('',*,*,#3298,.T.);
#4438=ORIENTED_EDGE('',*,*,#3330,.T.);
#4439=ORIENTED_EDGE('',*,*,#3327,.F.);
#4440=ORIENTED_EDGE('',*,*,#3331,.F.);
#4441=ORIENTED_EDGE('',*,*,#3332,.T.);
#4442=ORIENTED_EDGE('',*,*,#3333,.T.);
#4443=ORIENTED_EDGE('',*,*,#3334,.F.);
#4444=ORIENTED_EDGE('',*,*,#3335,.F.);
#4445=ORIENTED_EDGE('',*,*,#3336,.T.);
#4446=ORIENTED_EDGE('',*,*,#3337,.T.);
#4447=ORIENTED_EDGE('',*,*,#3332,.F.);
#4448=ORIENTED_EDGE('',*,*,#3338,.F.);
#4449=ORIENTED_EDGE('',*,*,#3339,.T.);
#4450=ORIENTED_EDGE('',*,*,#3340,.T.);
#4451=ORIENTED_EDGE('',*,*,#3336,.F.);
#4452=ORIENTED_EDGE('',*,*,#3341,.F.);
#4453=ORIENTED_EDGE('',*,*,#3342,.T.);
#4454=ORIENTED_EDGE('',*,*,#3343,.T.);
#4455=ORIENTED_EDGE('',*,*,#3339,.F.);
#4456=ORIENTED_EDGE('',*,*,#3344,.F.);
#4457=ORIENTED_EDGE('',*,*,#3345,.T.);
#4458=ORIENTED_EDGE('',*,*,#3346,.T.);
#4459=ORIENTED_EDGE('',*,*,#3342,.F.);
#4460=ORIENTED_EDGE('',*,*,#3347,.F.);
#4461=ORIENTED_EDGE('',*,*,#3348,.T.);
#4462=ORIENTED_EDGE('',*,*,#3349,.T.);
#4463=ORIENTED_EDGE('',*,*,#3345,.F.);
#4464=ORIENTED_EDGE('',*,*,#3350,.F.);
#4465=ORIENTED_EDGE('',*,*,#3351,.T.);
#4466=ORIENTED_EDGE('',*,*,#3352,.T.);
#4467=ORIENTED_EDGE('',*,*,#3348,.F.);
#4468=ORIENTED_EDGE('',*,*,#3353,.F.);
#4469=ORIENTED_EDGE('',*,*,#3354,.T.);
#4470=ORIENTED_EDGE('',*,*,#3355,.T.);
#4471=ORIENTED_EDGE('',*,*,#3351,.F.);
#4472=ORIENTED_EDGE('',*,*,#3356,.F.);
#4473=ORIENTED_EDGE('',*,*,#3357,.T.);
#4474=ORIENTED_EDGE('',*,*,#3358,.T.);
#4475=ORIENTED_EDGE('',*,*,#3354,.F.);
#4476=ORIENTED_EDGE('',*,*,#3359,.F.);
#4477=ORIENTED_EDGE('',*,*,#3360,.T.);
#4478=ORIENTED_EDGE('',*,*,#3361,.T.);
#4479=ORIENTED_EDGE('',*,*,#3357,.F.);
#4480=ORIENTED_EDGE('',*,*,#3362,.F.);
#4481=ORIENTED_EDGE('',*,*,#3363,.T.);
#4482=ORIENTED_EDGE('',*,*,#3364,.T.);
#4483=ORIENTED_EDGE('',*,*,#3360,.F.);
#4484=ORIENTED_EDGE('',*,*,#3365,.F.);
#4485=ORIENTED_EDGE('',*,*,#3366,.T.);
#4486=ORIENTED_EDGE('',*,*,#3367,.T.);
#4487=ORIENTED_EDGE('',*,*,#3363,.F.);
#4488=ORIENTED_EDGE('',*,*,#3368,.F.);
#4489=ORIENTED_EDGE('',*,*,#3369,.T.);
#4490=ORIENTED_EDGE('',*,*,#3370,.T.);
#4491=ORIENTED_EDGE('',*,*,#3366,.F.);
#4492=ORIENTED_EDGE('',*,*,#3371,.F.);
#4493=ORIENTED_EDGE('',*,*,#3372,.T.);
#4494=ORIENTED_EDGE('',*,*,#3373,.T.);
#4495=ORIENTED_EDGE('',*,*,#3369,.F.);
#4496=ORIENTED_EDGE('',*,*,#3374,.F.);
#4497=ORIENTED_EDGE('',*,*,#3375,.T.);
#4498=ORIENTED_EDGE('',*,*,#3376,.T.);
#4499=ORIENTED_EDGE('',*,*,#3372,.F.);
#4500=ORIENTED_EDGE('',*,*,#3377,.F.);
#4501=ORIENTED_EDGE('',*,*,#3378,.T.);
#4502=ORIENTED_EDGE('',*,*,#3379,.T.);
#4503=ORIENTED_EDGE('',*,*,#3375,.F.);
#4504=ORIENTED_EDGE('',*,*,#3380,.F.);
#4505=ORIENTED_EDGE('',*,*,#3381,.T.);
#4506=ORIENTED_EDGE('',*,*,#3382,.T.);
#4507=ORIENTED_EDGE('',*,*,#3378,.F.);
#4508=ORIENTED_EDGE('',*,*,#3383,.F.);
#4509=ORIENTED_EDGE('',*,*,#3384,.T.);
#4510=ORIENTED_EDGE('',*,*,#3385,.T.);
#4511=ORIENTED_EDGE('',*,*,#3381,.F.);
#4512=ORIENTED_EDGE('',*,*,#3386,.F.);
#4513=ORIENTED_EDGE('',*,*,#3387,.T.);
#4514=ORIENTED_EDGE('',*,*,#3388,.T.);
#4515=ORIENTED_EDGE('',*,*,#3384,.F.);
#4516=ORIENTED_EDGE('',*,*,#3389,.F.);
#4517=ORIENTED_EDGE('',*,*,#3390,.T.);
#4518=ORIENTED_EDGE('',*,*,#3391,.T.);
#4519=ORIENTED_EDGE('',*,*,#3387,.F.);
#4520=ORIENTED_EDGE('',*,*,#3392,.F.);
#4521=ORIENTED_EDGE('',*,*,#3393,.T.);
#4522=ORIENTED_EDGE('',*,*,#3394,.T.);
#4523=ORIENTED_EDGE('',*,*,#3390,.F.);
#4524=ORIENTED_EDGE('',*,*,#3395,.F.);
#4525=ORIENTED_EDGE('',*,*,#3334,.T.);
#4526=ORIENTED_EDGE('',*,*,#3396,.T.);
#4527=ORIENTED_EDGE('',*,*,#3393,.F.);
#4528=ORIENTED_EDGE('',*,*,#3396,.F.);
#4529=ORIENTED_EDGE('',*,*,#3333,.F.);
#4530=ORIENTED_EDGE('',*,*,#3337,.F.);
#4531=ORIENTED_EDGE('',*,*,#3340,.F.);
#4532=ORIENTED_EDGE('',*,*,#3343,.F.);
#4533=ORIENTED_EDGE('',*,*,#3346,.F.);
#4534=ORIENTED_EDGE('',*,*,#3349,.F.);
#4535=ORIENTED_EDGE('',*,*,#3352,.F.);
#4536=ORIENTED_EDGE('',*,*,#3355,.F.);
#4537=ORIENTED_EDGE('',*,*,#3358,.F.);
#4538=ORIENTED_EDGE('',*,*,#3361,.F.);
#4539=ORIENTED_EDGE('',*,*,#3364,.F.);
#4540=ORIENTED_EDGE('',*,*,#3367,.F.);
#4541=ORIENTED_EDGE('',*,*,#3370,.F.);
#4542=ORIENTED_EDGE('',*,*,#3373,.F.);
#4543=ORIENTED_EDGE('',*,*,#3376,.F.);
#4544=ORIENTED_EDGE('',*,*,#3379,.F.);
#4545=ORIENTED_EDGE('',*,*,#3382,.F.);
#4546=ORIENTED_EDGE('',*,*,#3385,.F.);
#4547=ORIENTED_EDGE('',*,*,#3388,.F.);
#4548=ORIENTED_EDGE('',*,*,#3391,.F.);
#4549=ORIENTED_EDGE('',*,*,#3394,.F.);
#4550=ORIENTED_EDGE('',*,*,#3330,.F.);
#4551=ORIENTED_EDGE('',*,*,#3297,.F.);
#4552=ORIENTED_EDGE('',*,*,#3301,.F.);
#4553=ORIENTED_EDGE('',*,*,#3304,.F.);
#4554=ORIENTED_EDGE('',*,*,#3307,.F.);
#4555=ORIENTED_EDGE('',*,*,#3310,.F.);
#4556=ORIENTED_EDGE('',*,*,#3313,.F.);
#4557=ORIENTED_EDGE('',*,*,#3316,.F.);
#4558=ORIENTED_EDGE('',*,*,#3319,.F.);
#4559=ORIENTED_EDGE('',*,*,#3322,.F.);
#4560=ORIENTED_EDGE('',*,*,#3325,.F.);
#4561=ORIENTED_EDGE('',*,*,#3328,.F.);
#4562=ORIENTED_EDGE('',*,*,#3397,.F.);
#4563=ORIENTED_EDGE('',*,*,#3398,.T.);
#4564=ORIENTED_EDGE('',*,*,#3399,.T.);
#4565=ORIENTED_EDGE('',*,*,#3400,.F.);
#4566=ORIENTED_EDGE('',*,*,#3401,.F.);
#4567=ORIENTED_EDGE('',*,*,#3402,.T.);
#4568=ORIENTED_EDGE('',*,*,#3403,.T.);
#4569=ORIENTED_EDGE('',*,*,#3398,.F.);
#4570=ORIENTED_EDGE('',*,*,#3404,.F.);
#4571=ORIENTED_EDGE('',*,*,#3405,.T.);
#4572=ORIENTED_EDGE('',*,*,#3406,.T.);
#4573=ORIENTED_EDGE('',*,*,#3402,.F.);
#4574=ORIENTED_EDGE('',*,*,#3407,.F.);
#4575=ORIENTED_EDGE('',*,*,#3408,.T.);
#4576=ORIENTED_EDGE('',*,*,#3409,.T.);
#4577=ORIENTED_EDGE('',*,*,#3405,.F.);
#4578=ORIENTED_EDGE('',*,*,#3410,.F.);
#4579=ORIENTED_EDGE('',*,*,#3411,.T.);
#4580=ORIENTED_EDGE('',*,*,#3412,.T.);
#4581=ORIENTED_EDGE('',*,*,#3408,.F.);
#4582=ORIENTED_EDGE('',*,*,#3413,.F.);
#4583=ORIENTED_EDGE('',*,*,#3414,.T.);
#4584=ORIENTED_EDGE('',*,*,#3415,.T.);
#4585=ORIENTED_EDGE('',*,*,#3411,.F.);
#4586=ORIENTED_EDGE('',*,*,#3416,.F.);
#4587=ORIENTED_EDGE('',*,*,#3417,.T.);
#4588=ORIENTED_EDGE('',*,*,#3418,.T.);
#4589=ORIENTED_EDGE('',*,*,#3414,.F.);
#4590=ORIENTED_EDGE('',*,*,#3419,.F.);
#4591=ORIENTED_EDGE('',*,*,#3420,.T.);
#4592=ORIENTED_EDGE('',*,*,#3421,.T.);
#4593=ORIENTED_EDGE('',*,*,#3417,.F.);
#4594=ORIENTED_EDGE('',*,*,#3422,.F.);
#4595=ORIENTED_EDGE('',*,*,#3423,.T.);
#4596=ORIENTED_EDGE('',*,*,#3424,.T.);
#4597=ORIENTED_EDGE('',*,*,#3420,.F.);
#4598=ORIENTED_EDGE('',*,*,#3425,.F.);
#4599=ORIENTED_EDGE('',*,*,#3400,.T.);
#4600=ORIENTED_EDGE('',*,*,#3426,.T.);
#4601=ORIENTED_EDGE('',*,*,#3423,.F.);
#4602=ORIENTED_EDGE('',*,*,#3427,.F.);
#4603=ORIENTED_EDGE('',*,*,#3428,.T.);
#4604=ORIENTED_EDGE('',*,*,#3429,.T.);
#4605=ORIENTED_EDGE('',*,*,#3430,.F.);
#4606=ORIENTED_EDGE('',*,*,#3431,.F.);
#4607=ORIENTED_EDGE('',*,*,#3432,.T.);
#4608=ORIENTED_EDGE('',*,*,#3433,.T.);
#4609=ORIENTED_EDGE('',*,*,#3428,.F.);
#4610=ORIENTED_EDGE('',*,*,#3434,.F.);
#4611=ORIENTED_EDGE('',*,*,#3435,.T.);
#4612=ORIENTED_EDGE('',*,*,#3436,.T.);
#4613=ORIENTED_EDGE('',*,*,#3432,.F.);
#4614=ORIENTED_EDGE('',*,*,#3437,.F.);
#4615=ORIENTED_EDGE('',*,*,#3438,.T.);
#4616=ORIENTED_EDGE('',*,*,#3439,.T.);
#4617=ORIENTED_EDGE('',*,*,#3435,.F.);
#4618=ORIENTED_EDGE('',*,*,#3440,.F.);
#4619=ORIENTED_EDGE('',*,*,#3441,.T.);
#4620=ORIENTED_EDGE('',*,*,#3442,.T.);
#4621=ORIENTED_EDGE('',*,*,#3438,.F.);
#4622=ORIENTED_EDGE('',*,*,#3443,.F.);
#4623=ORIENTED_EDGE('',*,*,#3444,.T.);
#4624=ORIENTED_EDGE('',*,*,#3445,.T.);
#4625=ORIENTED_EDGE('',*,*,#3441,.F.);
#4626=ORIENTED_EDGE('',*,*,#3446,.F.);
#4627=ORIENTED_EDGE('',*,*,#3447,.T.);
#4628=ORIENTED_EDGE('',*,*,#3448,.T.);
#4629=ORIENTED_EDGE('',*,*,#3444,.F.);
#4630=ORIENTED_EDGE('',*,*,#3449,.F.);
#4631=ORIENTED_EDGE('',*,*,#3450,.T.);
#4632=ORIENTED_EDGE('',*,*,#3451,.T.);
#4633=ORIENTED_EDGE('',*,*,#3447,.F.);
#4634=ORIENTED_EDGE('',*,*,#3452,.F.);
#4635=ORIENTED_EDGE('',*,*,#3453,.T.);
#4636=ORIENTED_EDGE('',*,*,#3454,.T.);
#4637=ORIENTED_EDGE('',*,*,#3450,.F.);
#4638=ORIENTED_EDGE('',*,*,#3455,.F.);
#4639=ORIENTED_EDGE('',*,*,#3456,.T.);
#4640=ORIENTED_EDGE('',*,*,#3457,.T.);
#4641=ORIENTED_EDGE('',*,*,#3453,.F.);
#4642=ORIENTED_EDGE('',*,*,#3458,.F.);
#4643=ORIENTED_EDGE('',*,*,#3459,.T.);
#4644=ORIENTED_EDGE('',*,*,#3460,.T.);
#4645=ORIENTED_EDGE('',*,*,#3456,.F.);
#4646=ORIENTED_EDGE('',*,*,#3461,.F.);
#4647=ORIENTED_EDGE('',*,*,#3462,.T.);
#4648=ORIENTED_EDGE('',*,*,#3463,.T.);
#4649=ORIENTED_EDGE('',*,*,#3459,.F.);
#4650=ORIENTED_EDGE('',*,*,#3464,.F.);
#4651=ORIENTED_EDGE('',*,*,#3465,.T.);
#4652=ORIENTED_EDGE('',*,*,#3466,.T.);
#4653=ORIENTED_EDGE('',*,*,#3462,.F.);
#4654=ORIENTED_EDGE('',*,*,#3467,.F.);
#4655=ORIENTED_EDGE('',*,*,#3468,.T.);
#4656=ORIENTED_EDGE('',*,*,#3469,.T.);
#4657=ORIENTED_EDGE('',*,*,#3465,.F.);
#4658=ORIENTED_EDGE('',*,*,#3470,.F.);
#4659=ORIENTED_EDGE('',*,*,#3471,.T.);
#4660=ORIENTED_EDGE('',*,*,#3472,.T.);
#4661=ORIENTED_EDGE('',*,*,#3468,.F.);
#4662=ORIENTED_EDGE('',*,*,#3473,.F.);
#4663=ORIENTED_EDGE('',*,*,#3474,.T.);
#4664=ORIENTED_EDGE('',*,*,#3475,.T.);
#4665=ORIENTED_EDGE('',*,*,#3471,.F.);
#4666=ORIENTED_EDGE('',*,*,#3476,.F.);
#4667=ORIENTED_EDGE('',*,*,#3477,.T.);
#4668=ORIENTED_EDGE('',*,*,#3478,.T.);
#4669=ORIENTED_EDGE('',*,*,#3474,.F.);
#4670=ORIENTED_EDGE('',*,*,#3479,.F.);
#4671=ORIENTED_EDGE('',*,*,#3480,.T.);
#4672=ORIENTED_EDGE('',*,*,#3481,.T.);
#4673=ORIENTED_EDGE('',*,*,#3477,.F.);
#4674=ORIENTED_EDGE('',*,*,#3482,.F.);
#4675=ORIENTED_EDGE('',*,*,#3483,.T.);
#4676=ORIENTED_EDGE('',*,*,#3484,.T.);
#4677=ORIENTED_EDGE('',*,*,#3480,.F.);
#4678=ORIENTED_EDGE('',*,*,#3485,.F.);
#4679=ORIENTED_EDGE('',*,*,#3486,.T.);
#4680=ORIENTED_EDGE('',*,*,#3487,.T.);
#4681=ORIENTED_EDGE('',*,*,#3483,.F.);
#4682=ORIENTED_EDGE('',*,*,#3488,.F.);
#4683=ORIENTED_EDGE('',*,*,#3489,.T.);
#4684=ORIENTED_EDGE('',*,*,#3490,.T.);
#4685=ORIENTED_EDGE('',*,*,#3486,.F.);
#4686=ORIENTED_EDGE('',*,*,#3491,.F.);
#4687=ORIENTED_EDGE('',*,*,#3492,.T.);
#4688=ORIENTED_EDGE('',*,*,#3493,.T.);
#4689=ORIENTED_EDGE('',*,*,#3489,.F.);
#4690=ORIENTED_EDGE('',*,*,#3494,.F.);
#4691=ORIENTED_EDGE('',*,*,#3495,.T.);
#4692=ORIENTED_EDGE('',*,*,#3496,.T.);
#4693=ORIENTED_EDGE('',*,*,#3492,.F.);
#4694=ORIENTED_EDGE('',*,*,#3497,.F.);
#4695=ORIENTED_EDGE('',*,*,#3498,.T.);
#4696=ORIENTED_EDGE('',*,*,#3499,.T.);
#4697=ORIENTED_EDGE('',*,*,#3495,.F.);
#4698=ORIENTED_EDGE('',*,*,#3500,.F.);
#4699=ORIENTED_EDGE('',*,*,#3501,.T.);
#4700=ORIENTED_EDGE('',*,*,#3502,.T.);
#4701=ORIENTED_EDGE('',*,*,#3498,.F.);
#4702=ORIENTED_EDGE('',*,*,#3503,.F.);
#4703=ORIENTED_EDGE('',*,*,#3504,.T.);
#4704=ORIENTED_EDGE('',*,*,#3505,.T.);
#4705=ORIENTED_EDGE('',*,*,#3501,.F.);
#4706=ORIENTED_EDGE('',*,*,#3506,.F.);
#4707=ORIENTED_EDGE('',*,*,#3507,.T.);
#4708=ORIENTED_EDGE('',*,*,#3508,.T.);
#4709=ORIENTED_EDGE('',*,*,#3504,.F.);
#4710=ORIENTED_EDGE('',*,*,#3509,.F.);
#4711=ORIENTED_EDGE('',*,*,#3510,.T.);
#4712=ORIENTED_EDGE('',*,*,#3511,.T.);
#4713=ORIENTED_EDGE('',*,*,#3507,.F.);
#4714=ORIENTED_EDGE('',*,*,#3512,.F.);
#4715=ORIENTED_EDGE('',*,*,#3513,.T.);
#4716=ORIENTED_EDGE('',*,*,#3514,.T.);
#4717=ORIENTED_EDGE('',*,*,#3510,.F.);
#4718=ORIENTED_EDGE('',*,*,#3515,.F.);
#4719=ORIENTED_EDGE('',*,*,#3516,.T.);
#4720=ORIENTED_EDGE('',*,*,#3517,.T.);
#4721=ORIENTED_EDGE('',*,*,#3513,.F.);
#4722=ORIENTED_EDGE('',*,*,#3518,.F.);
#4723=ORIENTED_EDGE('',*,*,#3519,.T.);
#4724=ORIENTED_EDGE('',*,*,#3520,.T.);
#4725=ORIENTED_EDGE('',*,*,#3516,.F.);
#4726=ORIENTED_EDGE('',*,*,#3521,.F.);
#4727=ORIENTED_EDGE('',*,*,#3430,.T.);
#4728=ORIENTED_EDGE('',*,*,#3522,.T.);
#4729=ORIENTED_EDGE('',*,*,#3519,.F.);
#4730=ORIENTED_EDGE('',*,*,#3522,.F.);
#4731=ORIENTED_EDGE('',*,*,#3429,.F.);
#4732=ORIENTED_EDGE('',*,*,#3433,.F.);
#4733=ORIENTED_EDGE('',*,*,#3436,.F.);
#4734=ORIENTED_EDGE('',*,*,#3439,.F.);
#4735=ORIENTED_EDGE('',*,*,#3442,.F.);
#4736=ORIENTED_EDGE('',*,*,#3445,.F.);
#4737=ORIENTED_EDGE('',*,*,#3448,.F.);
#4738=ORIENTED_EDGE('',*,*,#3451,.F.);
#4739=ORIENTED_EDGE('',*,*,#3454,.F.);
#4740=ORIENTED_EDGE('',*,*,#3457,.F.);
#4741=ORIENTED_EDGE('',*,*,#3460,.F.);
#4742=ORIENTED_EDGE('',*,*,#3463,.F.);
#4743=ORIENTED_EDGE('',*,*,#3466,.F.);
#4744=ORIENTED_EDGE('',*,*,#3469,.F.);
#4745=ORIENTED_EDGE('',*,*,#3472,.F.);
#4746=ORIENTED_EDGE('',*,*,#3475,.F.);
#4747=ORIENTED_EDGE('',*,*,#3478,.F.);
#4748=ORIENTED_EDGE('',*,*,#3481,.F.);
#4749=ORIENTED_EDGE('',*,*,#3484,.F.);
#4750=ORIENTED_EDGE('',*,*,#3487,.F.);
#4751=ORIENTED_EDGE('',*,*,#3490,.F.);
#4752=ORIENTED_EDGE('',*,*,#3493,.F.);
#4753=ORIENTED_EDGE('',*,*,#3496,.F.);
#4754=ORIENTED_EDGE('',*,*,#3499,.F.);
#4755=ORIENTED_EDGE('',*,*,#3502,.F.);
#4756=ORIENTED_EDGE('',*,*,#3505,.F.);
#4757=ORIENTED_EDGE('',*,*,#3508,.F.);
#4758=ORIENTED_EDGE('',*,*,#3511,.F.);
#4759=ORIENTED_EDGE('',*,*,#3514,.F.);
#4760=ORIENTED_EDGE('',*,*,#3517,.F.);
#4761=ORIENTED_EDGE('',*,*,#3520,.F.);
#4762=ORIENTED_EDGE('',*,*,#3426,.F.);
#4763=ORIENTED_EDGE('',*,*,#3399,.F.);
#4764=ORIENTED_EDGE('',*,*,#3403,.F.);
#4765=ORIENTED_EDGE('',*,*,#3406,.F.);
#4766=ORIENTED_EDGE('',*,*,#3409,.F.);
#4767=ORIENTED_EDGE('',*,*,#3412,.F.);
#4768=ORIENTED_EDGE('',*,*,#3415,.F.);
#4769=ORIENTED_EDGE('',*,*,#3418,.F.);
#4770=ORIENTED_EDGE('',*,*,#3421,.F.);
#4771=ORIENTED_EDGE('',*,*,#3424,.F.);
#4772=ORIENTED_EDGE('',*,*,#3523,.F.);
#4773=ORIENTED_EDGE('',*,*,#3524,.T.);
#4774=ORIENTED_EDGE('',*,*,#3525,.T.);
#4775=ORIENTED_EDGE('',*,*,#3526,.F.);
#4776=ORIENTED_EDGE('',*,*,#3527,.F.);
#4777=ORIENTED_EDGE('',*,*,#3528,.T.);
#4778=ORIENTED_EDGE('',*,*,#3529,.T.);
#4779=ORIENTED_EDGE('',*,*,#3524,.F.);
#4780=ORIENTED_EDGE('',*,*,#3530,.F.);
#4781=ORIENTED_EDGE('',*,*,#3531,.T.);
#4782=ORIENTED_EDGE('',*,*,#3532,.T.);
#4783=ORIENTED_EDGE('',*,*,#3528,.F.);
#4784=ORIENTED_EDGE('',*,*,#3533,.F.);
#4785=ORIENTED_EDGE('',*,*,#3534,.T.);
#4786=ORIENTED_EDGE('',*,*,#3535,.T.);
#4787=ORIENTED_EDGE('',*,*,#3531,.F.);
#4788=ORIENTED_EDGE('',*,*,#3536,.F.);
#4789=ORIENTED_EDGE('',*,*,#3537,.T.);
#4790=ORIENTED_EDGE('',*,*,#3538,.T.);
#4791=ORIENTED_EDGE('',*,*,#3534,.F.);
#4792=ORIENTED_EDGE('',*,*,#3539,.F.);
#4793=ORIENTED_EDGE('',*,*,#3540,.T.);
#4794=ORIENTED_EDGE('',*,*,#3541,.T.);
#4795=ORIENTED_EDGE('',*,*,#3537,.F.);
#4796=ORIENTED_EDGE('',*,*,#3542,.F.);
#4797=ORIENTED_EDGE('',*,*,#3543,.T.);
#4798=ORIENTED_EDGE('',*,*,#3544,.T.);
#4799=ORIENTED_EDGE('',*,*,#3540,.F.);
#4800=ORIENTED_EDGE('',*,*,#3545,.F.);
#4801=ORIENTED_EDGE('',*,*,#3526,.T.);
#4802=ORIENTED_EDGE('',*,*,#3546,.T.);
#4803=ORIENTED_EDGE('',*,*,#3543,.F.);
#4804=ORIENTED_EDGE('',*,*,#3546,.F.);
#4805=ORIENTED_EDGE('',*,*,#3525,.F.);
#4806=ORIENTED_EDGE('',*,*,#3529,.F.);
#4807=ORIENTED_EDGE('',*,*,#3532,.F.);
#4808=ORIENTED_EDGE('',*,*,#3535,.F.);
#4809=ORIENTED_EDGE('',*,*,#3538,.F.);
#4810=ORIENTED_EDGE('',*,*,#3541,.F.);
#4811=ORIENTED_EDGE('',*,*,#3544,.F.);
#4812=ORIENTED_EDGE('',*,*,#3547,.F.);
#4813=ORIENTED_EDGE('',*,*,#3548,.T.);
#4814=ORIENTED_EDGE('',*,*,#3549,.T.);
#4815=ORIENTED_EDGE('',*,*,#3550,.F.);
#4816=ORIENTED_EDGE('',*,*,#3551,.F.);
#4817=ORIENTED_EDGE('',*,*,#3552,.T.);
#4818=ORIENTED_EDGE('',*,*,#3553,.T.);
#4819=ORIENTED_EDGE('',*,*,#3548,.F.);
#4820=ORIENTED_EDGE('',*,*,#3554,.F.);
#4821=ORIENTED_EDGE('',*,*,#3555,.T.);
#4822=ORIENTED_EDGE('',*,*,#3556,.T.);
#4823=ORIENTED_EDGE('',*,*,#3552,.F.);
#4824=ORIENTED_EDGE('',*,*,#3557,.F.);
#4825=ORIENTED_EDGE('',*,*,#3558,.T.);
#4826=ORIENTED_EDGE('',*,*,#3559,.T.);
#4827=ORIENTED_EDGE('',*,*,#3555,.F.);
#4828=ORIENTED_EDGE('',*,*,#3560,.F.);
#4829=ORIENTED_EDGE('',*,*,#3561,.T.);
#4830=ORIENTED_EDGE('',*,*,#3562,.T.);
#4831=ORIENTED_EDGE('',*,*,#3558,.F.);
#4832=ORIENTED_EDGE('',*,*,#3563,.F.);
#4833=ORIENTED_EDGE('',*,*,#3564,.T.);
#4834=ORIENTED_EDGE('',*,*,#3565,.T.);
#4835=ORIENTED_EDGE('',*,*,#3561,.F.);
#4836=ORIENTED_EDGE('',*,*,#3566,.F.);
#4837=ORIENTED_EDGE('',*,*,#3567,.T.);
#4838=ORIENTED_EDGE('',*,*,#3568,.T.);
#4839=ORIENTED_EDGE('',*,*,#3564,.F.);
#4840=ORIENTED_EDGE('',*,*,#3569,.F.);
#4841=ORIENTED_EDGE('',*,*,#3570,.T.);
#4842=ORIENTED_EDGE('',*,*,#3571,.T.);
#4843=ORIENTED_EDGE('',*,*,#3567,.F.);
#4844=ORIENTED_EDGE('',*,*,#3572,.F.);
#4845=ORIENTED_EDGE('',*,*,#3573,.T.);
#4846=ORIENTED_EDGE('',*,*,#3574,.T.);
#4847=ORIENTED_EDGE('',*,*,#3570,.F.);
#4848=ORIENTED_EDGE('',*,*,#3575,.F.);
#4849=ORIENTED_EDGE('',*,*,#3576,.T.);
#4850=ORIENTED_EDGE('',*,*,#3577,.T.);
#4851=ORIENTED_EDGE('',*,*,#3573,.F.);
#4852=ORIENTED_EDGE('',*,*,#3578,.F.);
#4853=ORIENTED_EDGE('',*,*,#3579,.T.);
#4854=ORIENTED_EDGE('',*,*,#3580,.T.);
#4855=ORIENTED_EDGE('',*,*,#3576,.F.);
#4856=ORIENTED_EDGE('',*,*,#3581,.F.);
#4857=ORIENTED_EDGE('',*,*,#3582,.T.);
#4858=ORIENTED_EDGE('',*,*,#3583,.T.);
#4859=ORIENTED_EDGE('',*,*,#3579,.F.);
#4860=ORIENTED_EDGE('',*,*,#3584,.F.);
#4861=ORIENTED_EDGE('',*,*,#3585,.T.);
#4862=ORIENTED_EDGE('',*,*,#3586,.T.);
#4863=ORIENTED_EDGE('',*,*,#3582,.F.);
#4864=ORIENTED_EDGE('',*,*,#3587,.F.);
#4865=ORIENTED_EDGE('',*,*,#3588,.T.);
#4866=ORIENTED_EDGE('',*,*,#3589,.T.);
#4867=ORIENTED_EDGE('',*,*,#3585,.F.);
#4868=ORIENTED_EDGE('',*,*,#3590,.F.);
#4869=ORIENTED_EDGE('',*,*,#3591,.T.);
#4870=ORIENTED_EDGE('',*,*,#3592,.T.);
#4871=ORIENTED_EDGE('',*,*,#3588,.F.);
#4872=ORIENTED_EDGE('',*,*,#3593,.F.);
#4873=ORIENTED_EDGE('',*,*,#3594,.T.);
#4874=ORIENTED_EDGE('',*,*,#3595,.T.);
#4875=ORIENTED_EDGE('',*,*,#3591,.F.);
#4876=ORIENTED_EDGE('',*,*,#3596,.F.);
#4877=ORIENTED_EDGE('',*,*,#3597,.T.);
#4878=ORIENTED_EDGE('',*,*,#3598,.T.);
#4879=ORIENTED_EDGE('',*,*,#3594,.F.);
#4880=ORIENTED_EDGE('',*,*,#3599,.F.);
#4881=ORIENTED_EDGE('',*,*,#3600,.T.);
#4882=ORIENTED_EDGE('',*,*,#3601,.T.);
#4883=ORIENTED_EDGE('',*,*,#3597,.F.);
#4884=ORIENTED_EDGE('',*,*,#3602,.F.);
#4885=ORIENTED_EDGE('',*,*,#3603,.T.);
#4886=ORIENTED_EDGE('',*,*,#3604,.T.);
#4887=ORIENTED_EDGE('',*,*,#3600,.F.);
#4888=ORIENTED_EDGE('',*,*,#3605,.F.);
#4889=ORIENTED_EDGE('',*,*,#3606,.T.);
#4890=ORIENTED_EDGE('',*,*,#3607,.T.);
#4891=ORIENTED_EDGE('',*,*,#3603,.F.);
#4892=ORIENTED_EDGE('',*,*,#3608,.F.);
#4893=ORIENTED_EDGE('',*,*,#3550,.T.);
#4894=ORIENTED_EDGE('',*,*,#3609,.T.);
#4895=ORIENTED_EDGE('',*,*,#3606,.F.);
#4896=ORIENTED_EDGE('',*,*,#3609,.F.);
#4897=ORIENTED_EDGE('',*,*,#3549,.F.);
#4898=ORIENTED_EDGE('',*,*,#3553,.F.);
#4899=ORIENTED_EDGE('',*,*,#3556,.F.);
#4900=ORIENTED_EDGE('',*,*,#3559,.F.);
#4901=ORIENTED_EDGE('',*,*,#3562,.F.);
#4902=ORIENTED_EDGE('',*,*,#3565,.F.);
#4903=ORIENTED_EDGE('',*,*,#3568,.F.);
#4904=ORIENTED_EDGE('',*,*,#3571,.F.);
#4905=ORIENTED_EDGE('',*,*,#3574,.F.);
#4906=ORIENTED_EDGE('',*,*,#3577,.F.);
#4907=ORIENTED_EDGE('',*,*,#3580,.F.);
#4908=ORIENTED_EDGE('',*,*,#3583,.F.);
#4909=ORIENTED_EDGE('',*,*,#3586,.F.);
#4910=ORIENTED_EDGE('',*,*,#3589,.F.);
#4911=ORIENTED_EDGE('',*,*,#3592,.F.);
#4912=ORIENTED_EDGE('',*,*,#3595,.F.);
#4913=ORIENTED_EDGE('',*,*,#3598,.F.);
#4914=ORIENTED_EDGE('',*,*,#3601,.F.);
#4915=ORIENTED_EDGE('',*,*,#3604,.F.);
#4916=ORIENTED_EDGE('',*,*,#3607,.F.);
#4917=ORIENTED_EDGE('',*,*,#3610,.F.);
#4918=ORIENTED_EDGE('',*,*,#3611,.T.);
#4919=ORIENTED_EDGE('',*,*,#3612,.T.);
#4920=ORIENTED_EDGE('',*,*,#3613,.F.);
#4921=ORIENTED_EDGE('',*,*,#3614,.F.);
#4922=ORIENTED_EDGE('',*,*,#3615,.T.);
#4923=ORIENTED_EDGE('',*,*,#3616,.T.);
#4924=ORIENTED_EDGE('',*,*,#3611,.F.);
#4925=ORIENTED_EDGE('',*,*,#3617,.F.);
#4926=ORIENTED_EDGE('',*,*,#3618,.T.);
#4927=ORIENTED_EDGE('',*,*,#3619,.T.);
#4928=ORIENTED_EDGE('',*,*,#3615,.F.);
#4929=ORIENTED_EDGE('',*,*,#3620,.F.);
#4930=ORIENTED_EDGE('',*,*,#3621,.T.);
#4931=ORIENTED_EDGE('',*,*,#3622,.T.);
#4932=ORIENTED_EDGE('',*,*,#3618,.F.);
#4933=ORIENTED_EDGE('',*,*,#3623,.F.);
#4934=ORIENTED_EDGE('',*,*,#3624,.T.);
#4935=ORIENTED_EDGE('',*,*,#3625,.T.);
#4936=ORIENTED_EDGE('',*,*,#3621,.F.);
#4937=ORIENTED_EDGE('',*,*,#3626,.F.);
#4938=ORIENTED_EDGE('',*,*,#3627,.T.);
#4939=ORIENTED_EDGE('',*,*,#3628,.T.);
#4940=ORIENTED_EDGE('',*,*,#3624,.F.);
#4941=ORIENTED_EDGE('',*,*,#3629,.F.);
#4942=ORIENTED_EDGE('',*,*,#3630,.T.);
#4943=ORIENTED_EDGE('',*,*,#3631,.T.);
#4944=ORIENTED_EDGE('',*,*,#3627,.F.);
#4945=ORIENTED_EDGE('',*,*,#3632,.F.);
#4946=ORIENTED_EDGE('',*,*,#3633,.T.);
#4947=ORIENTED_EDGE('',*,*,#3634,.T.);
#4948=ORIENTED_EDGE('',*,*,#3630,.F.);
#4949=ORIENTED_EDGE('',*,*,#3635,.F.);
#4950=ORIENTED_EDGE('',*,*,#3636,.T.);
#4951=ORIENTED_EDGE('',*,*,#3637,.T.);
#4952=ORIENTED_EDGE('',*,*,#3633,.F.);
#4953=ORIENTED_EDGE('',*,*,#3638,.F.);
#4954=ORIENTED_EDGE('',*,*,#3613,.T.);
#4955=ORIENTED_EDGE('',*,*,#3639,.T.);
#4956=ORIENTED_EDGE('',*,*,#3636,.F.);
#4957=ORIENTED_EDGE('',*,*,#3640,.F.);
#4958=ORIENTED_EDGE('',*,*,#3641,.T.);
#4959=ORIENTED_EDGE('',*,*,#3642,.T.);
#4960=ORIENTED_EDGE('',*,*,#3643,.F.);
#4961=ORIENTED_EDGE('',*,*,#3644,.F.);
#4962=ORIENTED_EDGE('',*,*,#3645,.T.);
#4963=ORIENTED_EDGE('',*,*,#3646,.T.);
#4964=ORIENTED_EDGE('',*,*,#3641,.F.);
#4965=ORIENTED_EDGE('',*,*,#3647,.F.);
#4966=ORIENTED_EDGE('',*,*,#3648,.T.);
#4967=ORIENTED_EDGE('',*,*,#3649,.T.);
#4968=ORIENTED_EDGE('',*,*,#3645,.F.);
#4969=ORIENTED_EDGE('',*,*,#3650,.F.);
#4970=ORIENTED_EDGE('',*,*,#3651,.T.);
#4971=ORIENTED_EDGE('',*,*,#3652,.T.);
#4972=ORIENTED_EDGE('',*,*,#3648,.F.);
#4973=ORIENTED_EDGE('',*,*,#3653,.F.);
#4974=ORIENTED_EDGE('',*,*,#3654,.T.);
#4975=ORIENTED_EDGE('',*,*,#3655,.T.);
#4976=ORIENTED_EDGE('',*,*,#3651,.F.);
#4977=ORIENTED_EDGE('',*,*,#3656,.F.);
#4978=ORIENTED_EDGE('',*,*,#3657,.T.);
#4979=ORIENTED_EDGE('',*,*,#3658,.T.);
#4980=ORIENTED_EDGE('',*,*,#3654,.F.);
#4981=ORIENTED_EDGE('',*,*,#3659,.F.);
#4982=ORIENTED_EDGE('',*,*,#3660,.T.);
#4983=ORIENTED_EDGE('',*,*,#3661,.T.);
#4984=ORIENTED_EDGE('',*,*,#3657,.F.);
#4985=ORIENTED_EDGE('',*,*,#3662,.F.);
#4986=ORIENTED_EDGE('',*,*,#3663,.T.);
#4987=ORIENTED_EDGE('',*,*,#3664,.T.);
#4988=ORIENTED_EDGE('',*,*,#3660,.F.);
#4989=ORIENTED_EDGE('',*,*,#3665,.F.);
#4990=ORIENTED_EDGE('',*,*,#3666,.T.);
#4991=ORIENTED_EDGE('',*,*,#3667,.T.);
#4992=ORIENTED_EDGE('',*,*,#3663,.F.);
#4993=ORIENTED_EDGE('',*,*,#3668,.F.);
#4994=ORIENTED_EDGE('',*,*,#3669,.T.);
#4995=ORIENTED_EDGE('',*,*,#3670,.T.);
#4996=ORIENTED_EDGE('',*,*,#3666,.F.);
#4997=ORIENTED_EDGE('',*,*,#3671,.F.);
#4998=ORIENTED_EDGE('',*,*,#3672,.T.);
#4999=ORIENTED_EDGE('',*,*,#3673,.T.);
#5000=ORIENTED_EDGE('',*,*,#3669,.F.);
#5001=ORIENTED_EDGE('',*,*,#3674,.F.);
#5002=ORIENTED_EDGE('',*,*,#3675,.T.);
#5003=ORIENTED_EDGE('',*,*,#3676,.T.);
#5004=ORIENTED_EDGE('',*,*,#3672,.F.);
#5005=ORIENTED_EDGE('',*,*,#3677,.F.);
#5006=ORIENTED_EDGE('',*,*,#3678,.T.);
#5007=ORIENTED_EDGE('',*,*,#3679,.T.);
#5008=ORIENTED_EDGE('',*,*,#3675,.F.);
#5009=ORIENTED_EDGE('',*,*,#3680,.F.);
#5010=ORIENTED_EDGE('',*,*,#3681,.T.);
#5011=ORIENTED_EDGE('',*,*,#3682,.T.);
#5012=ORIENTED_EDGE('',*,*,#3678,.F.);
#5013=ORIENTED_EDGE('',*,*,#3683,.F.);
#5014=ORIENTED_EDGE('',*,*,#3684,.T.);
#5015=ORIENTED_EDGE('',*,*,#3685,.T.);
#5016=ORIENTED_EDGE('',*,*,#3681,.F.);
#5017=ORIENTED_EDGE('',*,*,#3686,.F.);
#5018=ORIENTED_EDGE('',*,*,#3643,.T.);
#5019=ORIENTED_EDGE('',*,*,#3687,.T.);
#5020=ORIENTED_EDGE('',*,*,#3684,.F.);
#5021=ORIENTED_EDGE('',*,*,#3687,.F.);
#5022=ORIENTED_EDGE('',*,*,#3642,.F.);
#5023=ORIENTED_EDGE('',*,*,#3646,.F.);
#5024=ORIENTED_EDGE('',*,*,#3649,.F.);
#5025=ORIENTED_EDGE('',*,*,#3652,.F.);
#5026=ORIENTED_EDGE('',*,*,#3655,.F.);
#5027=ORIENTED_EDGE('',*,*,#3658,.F.);
#5028=ORIENTED_EDGE('',*,*,#3661,.F.);
#5029=ORIENTED_EDGE('',*,*,#3664,.F.);
#5030=ORIENTED_EDGE('',*,*,#3667,.F.);
#5031=ORIENTED_EDGE('',*,*,#3670,.F.);
#5032=ORIENTED_EDGE('',*,*,#3673,.F.);
#5033=ORIENTED_EDGE('',*,*,#3676,.F.);
#5034=ORIENTED_EDGE('',*,*,#3679,.F.);
#5035=ORIENTED_EDGE('',*,*,#3682,.F.);
#5036=ORIENTED_EDGE('',*,*,#3685,.F.);
#5037=ORIENTED_EDGE('',*,*,#3639,.F.);
#5038=ORIENTED_EDGE('',*,*,#3612,.F.);
#5039=ORIENTED_EDGE('',*,*,#3616,.F.);
#5040=ORIENTED_EDGE('',*,*,#3619,.F.);
#5041=ORIENTED_EDGE('',*,*,#3622,.F.);
#5042=ORIENTED_EDGE('',*,*,#3625,.F.);
#5043=ORIENTED_EDGE('',*,*,#3628,.F.);
#5044=ORIENTED_EDGE('',*,*,#3631,.F.);
#5045=ORIENTED_EDGE('',*,*,#3634,.F.);
#5046=ORIENTED_EDGE('',*,*,#3637,.F.);
#5047=ORIENTED_EDGE('',*,*,#3688,.F.);
#5048=ORIENTED_EDGE('',*,*,#3689,.T.);
#5049=ORIENTED_EDGE('',*,*,#3690,.T.);
#5050=ORIENTED_EDGE('',*,*,#3691,.F.);
#5051=ORIENTED_EDGE('',*,*,#3692,.F.);
#5052=ORIENTED_EDGE('',*,*,#3693,.T.);
#5053=ORIENTED_EDGE('',*,*,#3694,.T.);
#5054=ORIENTED_EDGE('',*,*,#3689,.F.);
#5055=ORIENTED_EDGE('',*,*,#3695,.F.);
#5056=ORIENTED_EDGE('',*,*,#3696,.T.);
#5057=ORIENTED_EDGE('',*,*,#3697,.T.);
#5058=ORIENTED_EDGE('',*,*,#3693,.F.);
#5059=ORIENTED_EDGE('',*,*,#3698,.F.);
#5060=ORIENTED_EDGE('',*,*,#3699,.T.);
#5061=ORIENTED_EDGE('',*,*,#3700,.T.);
#5062=ORIENTED_EDGE('',*,*,#3696,.F.);
#5063=ORIENTED_EDGE('',*,*,#3701,.F.);
#5064=ORIENTED_EDGE('',*,*,#3702,.T.);
#5065=ORIENTED_EDGE('',*,*,#3703,.T.);
#5066=ORIENTED_EDGE('',*,*,#3699,.F.);
#5067=ORIENTED_EDGE('',*,*,#3704,.F.);
#5068=ORIENTED_EDGE('',*,*,#3705,.T.);
#5069=ORIENTED_EDGE('',*,*,#3706,.T.);
#5070=ORIENTED_EDGE('',*,*,#3702,.F.);
#5071=ORIENTED_EDGE('',*,*,#3707,.F.);
#5072=ORIENTED_EDGE('',*,*,#3708,.T.);
#5073=ORIENTED_EDGE('',*,*,#3709,.T.);
#5074=ORIENTED_EDGE('',*,*,#3705,.F.);
#5075=ORIENTED_EDGE('',*,*,#3710,.F.);
#5076=ORIENTED_EDGE('',*,*,#3711,.T.);
#5077=ORIENTED_EDGE('',*,*,#3712,.T.);
#5078=ORIENTED_EDGE('',*,*,#3708,.F.);
#5079=ORIENTED_EDGE('',*,*,#3713,.F.);
#5080=ORIENTED_EDGE('',*,*,#3714,.T.);
#5081=ORIENTED_EDGE('',*,*,#3715,.T.);
#5082=ORIENTED_EDGE('',*,*,#3711,.F.);
#5083=ORIENTED_EDGE('',*,*,#3716,.F.);
#5084=ORIENTED_EDGE('',*,*,#3691,.T.);
#5085=ORIENTED_EDGE('',*,*,#3717,.T.);
#5086=ORIENTED_EDGE('',*,*,#3714,.F.);
#5087=ORIENTED_EDGE('',*,*,#3718,.F.);
#5088=ORIENTED_EDGE('',*,*,#3719,.T.);
#5089=ORIENTED_EDGE('',*,*,#3720,.T.);
#5090=ORIENTED_EDGE('',*,*,#3721,.F.);
#5091=ORIENTED_EDGE('',*,*,#3722,.F.);
#5092=ORIENTED_EDGE('',*,*,#3723,.T.);
#5093=ORIENTED_EDGE('',*,*,#3724,.T.);
#5094=ORIENTED_EDGE('',*,*,#3719,.F.);
#5095=ORIENTED_EDGE('',*,*,#3725,.F.);
#5096=ORIENTED_EDGE('',*,*,#3726,.T.);
#5097=ORIENTED_EDGE('',*,*,#3727,.T.);
#5098=ORIENTED_EDGE('',*,*,#3723,.F.);
#5099=ORIENTED_EDGE('',*,*,#3728,.F.);
#5100=ORIENTED_EDGE('',*,*,#3729,.T.);
#5101=ORIENTED_EDGE('',*,*,#3730,.T.);
#5102=ORIENTED_EDGE('',*,*,#3726,.F.);
#5103=ORIENTED_EDGE('',*,*,#3731,.F.);
#5104=ORIENTED_EDGE('',*,*,#3732,.T.);
#5105=ORIENTED_EDGE('',*,*,#3733,.T.);
#5106=ORIENTED_EDGE('',*,*,#3729,.F.);
#5107=ORIENTED_EDGE('',*,*,#3734,.F.);
#5108=ORIENTED_EDGE('',*,*,#3735,.T.);
#5109=ORIENTED_EDGE('',*,*,#3736,.T.);
#5110=ORIENTED_EDGE('',*,*,#3732,.F.);
#5111=ORIENTED_EDGE('',*,*,#3737,.F.);
#5112=ORIENTED_EDGE('',*,*,#3738,.T.);
#5113=ORIENTED_EDGE('',*,*,#3739,.T.);
#5114=ORIENTED_EDGE('',*,*,#3735,.F.);
#5115=ORIENTED_EDGE('',*,*,#3740,.F.);
#5116=ORIENTED_EDGE('',*,*,#3741,.T.);
#5117=ORIENTED_EDGE('',*,*,#3742,.T.);
#5118=ORIENTED_EDGE('',*,*,#3738,.F.);
#5119=ORIENTED_EDGE('',*,*,#3743,.F.);
#5120=ORIENTED_EDGE('',*,*,#3744,.T.);
#5121=ORIENTED_EDGE('',*,*,#3745,.T.);
#5122=ORIENTED_EDGE('',*,*,#3741,.F.);
#5123=ORIENTED_EDGE('',*,*,#3746,.F.);
#5124=ORIENTED_EDGE('',*,*,#3747,.T.);
#5125=ORIENTED_EDGE('',*,*,#3748,.T.);
#5126=ORIENTED_EDGE('',*,*,#3744,.F.);
#5127=ORIENTED_EDGE('',*,*,#3749,.F.);
#5128=ORIENTED_EDGE('',*,*,#3750,.T.);
#5129=ORIENTED_EDGE('',*,*,#3751,.T.);
#5130=ORIENTED_EDGE('',*,*,#3747,.F.);
#5131=ORIENTED_EDGE('',*,*,#3752,.F.);
#5132=ORIENTED_EDGE('',*,*,#3753,.T.);
#5133=ORIENTED_EDGE('',*,*,#3754,.T.);
#5134=ORIENTED_EDGE('',*,*,#3750,.F.);
#5135=ORIENTED_EDGE('',*,*,#3755,.F.);
#5136=ORIENTED_EDGE('',*,*,#3756,.T.);
#5137=ORIENTED_EDGE('',*,*,#3757,.T.);
#5138=ORIENTED_EDGE('',*,*,#3753,.F.);
#5139=ORIENTED_EDGE('',*,*,#3758,.F.);
#5140=ORIENTED_EDGE('',*,*,#3759,.T.);
#5141=ORIENTED_EDGE('',*,*,#3760,.T.);
#5142=ORIENTED_EDGE('',*,*,#3756,.F.);
#5143=ORIENTED_EDGE('',*,*,#3761,.F.);
#5144=ORIENTED_EDGE('',*,*,#3762,.T.);
#5145=ORIENTED_EDGE('',*,*,#3763,.T.);
#5146=ORIENTED_EDGE('',*,*,#3759,.F.);
#5147=ORIENTED_EDGE('',*,*,#3764,.F.);
#5148=ORIENTED_EDGE('',*,*,#3765,.T.);
#5149=ORIENTED_EDGE('',*,*,#3766,.T.);
#5150=ORIENTED_EDGE('',*,*,#3762,.F.);
#5151=ORIENTED_EDGE('',*,*,#3767,.F.);
#5152=ORIENTED_EDGE('',*,*,#3768,.T.);
#5153=ORIENTED_EDGE('',*,*,#3769,.T.);
#5154=ORIENTED_EDGE('',*,*,#3765,.F.);
#5155=ORIENTED_EDGE('',*,*,#3770,.F.);
#5156=ORIENTED_EDGE('',*,*,#3771,.T.);
#5157=ORIENTED_EDGE('',*,*,#3772,.T.);
#5158=ORIENTED_EDGE('',*,*,#3768,.F.);
#5159=ORIENTED_EDGE('',*,*,#3773,.F.);
#5160=ORIENTED_EDGE('',*,*,#3774,.T.);
#5161=ORIENTED_EDGE('',*,*,#3775,.T.);
#5162=ORIENTED_EDGE('',*,*,#3771,.F.);
#5163=ORIENTED_EDGE('',*,*,#3776,.F.);
#5164=ORIENTED_EDGE('',*,*,#3777,.T.);
#5165=ORIENTED_EDGE('',*,*,#3778,.T.);
#5166=ORIENTED_EDGE('',*,*,#3774,.F.);
#5167=ORIENTED_EDGE('',*,*,#3779,.F.);
#5168=ORIENTED_EDGE('',*,*,#3780,.T.);
#5169=ORIENTED_EDGE('',*,*,#3781,.T.);
#5170=ORIENTED_EDGE('',*,*,#3777,.F.);
#5171=ORIENTED_EDGE('',*,*,#3782,.F.);
#5172=ORIENTED_EDGE('',*,*,#3783,.T.);
#5173=ORIENTED_EDGE('',*,*,#3784,.T.);
#5174=ORIENTED_EDGE('',*,*,#3780,.F.);
#5175=ORIENTED_EDGE('',*,*,#3785,.F.);
#5176=ORIENTED_EDGE('',*,*,#3786,.T.);
#5177=ORIENTED_EDGE('',*,*,#3787,.T.);
#5178=ORIENTED_EDGE('',*,*,#3783,.F.);
#5179=ORIENTED_EDGE('',*,*,#3788,.F.);
#5180=ORIENTED_EDGE('',*,*,#3721,.T.);
#5181=ORIENTED_EDGE('',*,*,#3789,.T.);
#5182=ORIENTED_EDGE('',*,*,#3786,.F.);
#5183=ORIENTED_EDGE('',*,*,#3789,.F.);
#5184=ORIENTED_EDGE('',*,*,#3720,.F.);
#5185=ORIENTED_EDGE('',*,*,#3724,.F.);
#5186=ORIENTED_EDGE('',*,*,#3727,.F.);
#5187=ORIENTED_EDGE('',*,*,#3730,.F.);
#5188=ORIENTED_EDGE('',*,*,#3733,.F.);
#5189=ORIENTED_EDGE('',*,*,#3736,.F.);
#5190=ORIENTED_EDGE('',*,*,#3739,.F.);
#5191=ORIENTED_EDGE('',*,*,#3742,.F.);
#5192=ORIENTED_EDGE('',*,*,#3745,.F.);
#5193=ORIENTED_EDGE('',*,*,#3748,.F.);
#5194=ORIENTED_EDGE('',*,*,#3751,.F.);
#5195=ORIENTED_EDGE('',*,*,#3754,.F.);
#5196=ORIENTED_EDGE('',*,*,#3757,.F.);
#5197=ORIENTED_EDGE('',*,*,#3760,.F.);
#5198=ORIENTED_EDGE('',*,*,#3763,.F.);
#5199=ORIENTED_EDGE('',*,*,#3766,.F.);
#5200=ORIENTED_EDGE('',*,*,#3769,.F.);
#5201=ORIENTED_EDGE('',*,*,#3772,.F.);
#5202=ORIENTED_EDGE('',*,*,#3775,.F.);
#5203=ORIENTED_EDGE('',*,*,#3778,.F.);
#5204=ORIENTED_EDGE('',*,*,#3781,.F.);
#5205=ORIENTED_EDGE('',*,*,#3784,.F.);
#5206=ORIENTED_EDGE('',*,*,#3787,.F.);
#5207=ORIENTED_EDGE('',*,*,#3717,.F.);
#5208=ORIENTED_EDGE('',*,*,#3690,.F.);
#5209=ORIENTED_EDGE('',*,*,#3694,.F.);
#5210=ORIENTED_EDGE('',*,*,#3697,.F.);
#5211=ORIENTED_EDGE('',*,*,#3700,.F.);
#5212=ORIENTED_EDGE('',*,*,#3703,.F.);
#5213=ORIENTED_EDGE('',*,*,#3706,.F.);
#5214=ORIENTED_EDGE('',*,*,#3709,.F.);
#5215=ORIENTED_EDGE('',*,*,#3712,.F.);
#5216=ORIENTED_EDGE('',*,*,#3715,.F.);
#5217=ORIENTED_EDGE('',*,*,#3790,.F.);
#5218=ORIENTED_EDGE('',*,*,#3791,.T.);
#5219=ORIENTED_EDGE('',*,*,#3792,.T.);
#5220=ORIENTED_EDGE('',*,*,#3793,.F.);
#5221=ORIENTED_EDGE('',*,*,#3794,.F.);
#5222=ORIENTED_EDGE('',*,*,#3795,.T.);
#5223=ORIENTED_EDGE('',*,*,#3796,.T.);
#5224=ORIENTED_EDGE('',*,*,#3791,.F.);
#5225=ORIENTED_EDGE('',*,*,#3797,.F.);
#5226=ORIENTED_EDGE('',*,*,#3798,.T.);
#5227=ORIENTED_EDGE('',*,*,#3799,.T.);
#5228=ORIENTED_EDGE('',*,*,#3795,.F.);
#5229=ORIENTED_EDGE('',*,*,#3800,.F.);
#5230=ORIENTED_EDGE('',*,*,#3801,.T.);
#5231=ORIENTED_EDGE('',*,*,#3802,.T.);
#5232=ORIENTED_EDGE('',*,*,#3798,.F.);
#5233=ORIENTED_EDGE('',*,*,#3803,.F.);
#5234=ORIENTED_EDGE('',*,*,#3793,.T.);
#5235=ORIENTED_EDGE('',*,*,#3804,.T.);
#5236=ORIENTED_EDGE('',*,*,#3801,.F.);
#5237=ORIENTED_EDGE('',*,*,#3805,.F.);
#5238=ORIENTED_EDGE('',*,*,#3806,.T.);
#5239=ORIENTED_EDGE('',*,*,#3807,.T.);
#5240=ORIENTED_EDGE('',*,*,#3808,.F.);
#5241=ORIENTED_EDGE('',*,*,#3809,.F.);
#5242=ORIENTED_EDGE('',*,*,#3810,.T.);
#5243=ORIENTED_EDGE('',*,*,#3811,.T.);
#5244=ORIENTED_EDGE('',*,*,#3806,.F.);
#5245=ORIENTED_EDGE('',*,*,#3812,.F.);
#5246=ORIENTED_EDGE('',*,*,#3813,.T.);
#5247=ORIENTED_EDGE('',*,*,#3814,.T.);
#5248=ORIENTED_EDGE('',*,*,#3810,.F.);
#5249=ORIENTED_EDGE('',*,*,#3815,.F.);
#5250=ORIENTED_EDGE('',*,*,#3816,.T.);
#5251=ORIENTED_EDGE('',*,*,#3817,.T.);
#5252=ORIENTED_EDGE('',*,*,#3813,.F.);
#5253=ORIENTED_EDGE('',*,*,#3818,.F.);
#5254=ORIENTED_EDGE('',*,*,#3819,.T.);
#5255=ORIENTED_EDGE('',*,*,#3820,.T.);
#5256=ORIENTED_EDGE('',*,*,#3816,.F.);
#5257=ORIENTED_EDGE('',*,*,#3821,.F.);
#5258=ORIENTED_EDGE('',*,*,#3822,.T.);
#5259=ORIENTED_EDGE('',*,*,#3823,.T.);
#5260=ORIENTED_EDGE('',*,*,#3819,.F.);
#5261=ORIENTED_EDGE('',*,*,#3824,.F.);
#5262=ORIENTED_EDGE('',*,*,#3825,.T.);
#5263=ORIENTED_EDGE('',*,*,#3826,.T.);
#5264=ORIENTED_EDGE('',*,*,#3822,.F.);
#5265=ORIENTED_EDGE('',*,*,#3827,.F.);
#5266=ORIENTED_EDGE('',*,*,#3828,.T.);
#5267=ORIENTED_EDGE('',*,*,#3829,.T.);
#5268=ORIENTED_EDGE('',*,*,#3825,.F.);
#5269=ORIENTED_EDGE('',*,*,#3830,.F.);
#5270=ORIENTED_EDGE('',*,*,#3831,.T.);
#5271=ORIENTED_EDGE('',*,*,#3832,.T.);
#5272=ORIENTED_EDGE('',*,*,#3828,.F.);
#5273=ORIENTED_EDGE('',*,*,#3833,.F.);
#5274=ORIENTED_EDGE('',*,*,#3834,.T.);
#5275=ORIENTED_EDGE('',*,*,#3835,.T.);
#5276=ORIENTED_EDGE('',*,*,#3831,.F.);
#5277=ORIENTED_EDGE('',*,*,#3836,.F.);
#5278=ORIENTED_EDGE('',*,*,#3837,.T.);
#5279=ORIENTED_EDGE('',*,*,#3838,.T.);
#5280=ORIENTED_EDGE('',*,*,#3834,.F.);
#5281=ORIENTED_EDGE('',*,*,#3839,.F.);
#5282=ORIENTED_EDGE('',*,*,#3840,.T.);
#5283=ORIENTED_EDGE('',*,*,#3841,.T.);
#5284=ORIENTED_EDGE('',*,*,#3837,.F.);
#5285=ORIENTED_EDGE('',*,*,#3842,.F.);
#5286=ORIENTED_EDGE('',*,*,#3843,.T.);
#5287=ORIENTED_EDGE('',*,*,#3844,.T.);
#5288=ORIENTED_EDGE('',*,*,#3840,.F.);
#5289=ORIENTED_EDGE('',*,*,#3845,.F.);
#5290=ORIENTED_EDGE('',*,*,#3846,.T.);
#5291=ORIENTED_EDGE('',*,*,#3847,.T.);
#5292=ORIENTED_EDGE('',*,*,#3843,.F.);
#5293=ORIENTED_EDGE('',*,*,#3848,.F.);
#5294=ORIENTED_EDGE('',*,*,#3849,.T.);
#5295=ORIENTED_EDGE('',*,*,#3850,.T.);
#5296=ORIENTED_EDGE('',*,*,#3846,.F.);
#5297=ORIENTED_EDGE('',*,*,#3851,.F.);
#5298=ORIENTED_EDGE('',*,*,#3852,.T.);
#5299=ORIENTED_EDGE('',*,*,#3853,.T.);
#5300=ORIENTED_EDGE('',*,*,#3849,.F.);
#5301=ORIENTED_EDGE('',*,*,#3854,.F.);
#5302=ORIENTED_EDGE('',*,*,#3855,.T.);
#5303=ORIENTED_EDGE('',*,*,#3856,.T.);
#5304=ORIENTED_EDGE('',*,*,#3852,.F.);
#5305=ORIENTED_EDGE('',*,*,#3857,.F.);
#5306=ORIENTED_EDGE('',*,*,#3858,.T.);
#5307=ORIENTED_EDGE('',*,*,#3859,.T.);
#5308=ORIENTED_EDGE('',*,*,#3855,.F.);
#5309=ORIENTED_EDGE('',*,*,#3860,.F.);
#5310=ORIENTED_EDGE('',*,*,#3861,.T.);
#5311=ORIENTED_EDGE('',*,*,#3862,.T.);
#5312=ORIENTED_EDGE('',*,*,#3858,.F.);
#5313=ORIENTED_EDGE('',*,*,#3863,.F.);
#5314=ORIENTED_EDGE('',*,*,#3864,.T.);
#5315=ORIENTED_EDGE('',*,*,#3865,.T.);
#5316=ORIENTED_EDGE('',*,*,#3861,.F.);
#5317=ORIENTED_EDGE('',*,*,#3866,.F.);
#5318=ORIENTED_EDGE('',*,*,#3867,.T.);
#5319=ORIENTED_EDGE('',*,*,#3868,.T.);
#5320=ORIENTED_EDGE('',*,*,#3864,.F.);
#5321=ORIENTED_EDGE('',*,*,#3869,.F.);
#5322=ORIENTED_EDGE('',*,*,#3870,.T.);
#5323=ORIENTED_EDGE('',*,*,#3871,.T.);
#5324=ORIENTED_EDGE('',*,*,#3867,.F.);
#5325=ORIENTED_EDGE('',*,*,#3872,.F.);
#5326=ORIENTED_EDGE('',*,*,#3873,.T.);
#5327=ORIENTED_EDGE('',*,*,#3874,.T.);
#5328=ORIENTED_EDGE('',*,*,#3870,.F.);
#5329=ORIENTED_EDGE('',*,*,#3875,.F.);
#5330=ORIENTED_EDGE('',*,*,#3876,.T.);
#5331=ORIENTED_EDGE('',*,*,#3877,.T.);
#5332=ORIENTED_EDGE('',*,*,#3873,.F.);
#5333=ORIENTED_EDGE('',*,*,#3878,.F.);
#5334=ORIENTED_EDGE('',*,*,#3879,.T.);
#5335=ORIENTED_EDGE('',*,*,#3880,.T.);
#5336=ORIENTED_EDGE('',*,*,#3876,.F.);
#5337=ORIENTED_EDGE('',*,*,#3881,.F.);
#5338=ORIENTED_EDGE('',*,*,#3808,.T.);
#5339=ORIENTED_EDGE('',*,*,#3882,.T.);
#5340=ORIENTED_EDGE('',*,*,#3879,.F.);
#5341=ORIENTED_EDGE('',*,*,#3882,.F.);
#5342=ORIENTED_EDGE('',*,*,#3807,.F.);
#5343=ORIENTED_EDGE('',*,*,#3811,.F.);
#5344=ORIENTED_EDGE('',*,*,#3814,.F.);
#5345=ORIENTED_EDGE('',*,*,#3817,.F.);
#5346=ORIENTED_EDGE('',*,*,#3820,.F.);
#5347=ORIENTED_EDGE('',*,*,#3823,.F.);
#5348=ORIENTED_EDGE('',*,*,#3826,.F.);
#5349=ORIENTED_EDGE('',*,*,#3829,.F.);
#5350=ORIENTED_EDGE('',*,*,#3832,.F.);
#5351=ORIENTED_EDGE('',*,*,#3835,.F.);
#5352=ORIENTED_EDGE('',*,*,#3838,.F.);
#5353=ORIENTED_EDGE('',*,*,#3841,.F.);
#5354=ORIENTED_EDGE('',*,*,#3844,.F.);
#5355=ORIENTED_EDGE('',*,*,#3847,.F.);
#5356=ORIENTED_EDGE('',*,*,#3850,.F.);
#5357=ORIENTED_EDGE('',*,*,#3853,.F.);
#5358=ORIENTED_EDGE('',*,*,#3856,.F.);
#5359=ORIENTED_EDGE('',*,*,#3859,.F.);
#5360=ORIENTED_EDGE('',*,*,#3862,.F.);
#5361=ORIENTED_EDGE('',*,*,#3865,.F.);
#5362=ORIENTED_EDGE('',*,*,#3868,.F.);
#5363=ORIENTED_EDGE('',*,*,#3871,.F.);
#5364=ORIENTED_EDGE('',*,*,#3874,.F.);
#5365=ORIENTED_EDGE('',*,*,#3877,.F.);
#5366=ORIENTED_EDGE('',*,*,#3880,.F.);
#5367=ORIENTED_EDGE('',*,*,#3804,.F.);
#5368=ORIENTED_EDGE('',*,*,#3792,.F.);
#5369=ORIENTED_EDGE('',*,*,#3796,.F.);
#5370=ORIENTED_EDGE('',*,*,#3799,.F.);
#5371=ORIENTED_EDGE('',*,*,#3802,.F.);
#5372=ORIENTED_EDGE('',*,*,#3883,.F.);
#5373=ORIENTED_EDGE('',*,*,#3884,.T.);
#5374=ORIENTED_EDGE('',*,*,#3885,.T.);
#5375=ORIENTED_EDGE('',*,*,#3886,.F.);
#5376=ORIENTED_EDGE('',*,*,#3887,.F.);
#5377=ORIENTED_EDGE('',*,*,#3888,.T.);
#5378=ORIENTED_EDGE('',*,*,#3889,.T.);
#5379=ORIENTED_EDGE('',*,*,#3884,.F.);
#5380=ORIENTED_EDGE('',*,*,#3890,.F.);
#5381=ORIENTED_EDGE('',*,*,#3891,.T.);
#5382=ORIENTED_EDGE('',*,*,#3892,.T.);
#5383=ORIENTED_EDGE('',*,*,#3888,.F.);
#5384=ORIENTED_EDGE('',*,*,#3893,.F.);
#5385=ORIENTED_EDGE('',*,*,#3894,.T.);
#5386=ORIENTED_EDGE('',*,*,#3895,.T.);
#5387=ORIENTED_EDGE('',*,*,#3891,.F.);
#5388=ORIENTED_EDGE('',*,*,#3896,.F.);
#5389=ORIENTED_EDGE('',*,*,#3897,.T.);
#5390=ORIENTED_EDGE('',*,*,#3898,.T.);
#5391=ORIENTED_EDGE('',*,*,#3894,.F.);
#5392=ORIENTED_EDGE('',*,*,#3899,.F.);
#5393=ORIENTED_EDGE('',*,*,#3900,.T.);
#5394=ORIENTED_EDGE('',*,*,#3901,.T.);
#5395=ORIENTED_EDGE('',*,*,#3897,.F.);
#5396=ORIENTED_EDGE('',*,*,#3902,.F.);
#5397=ORIENTED_EDGE('',*,*,#3903,.T.);
#5398=ORIENTED_EDGE('',*,*,#3904,.T.);
#5399=ORIENTED_EDGE('',*,*,#3900,.F.);
#5400=ORIENTED_EDGE('',*,*,#3905,.F.);
#5401=ORIENTED_EDGE('',*,*,#3886,.T.);
#5402=ORIENTED_EDGE('',*,*,#3906,.T.);
#5403=ORIENTED_EDGE('',*,*,#3903,.F.);
#5404=ORIENTED_EDGE('',*,*,#3907,.F.);
#5405=ORIENTED_EDGE('',*,*,#3908,.T.);
#5406=ORIENTED_EDGE('',*,*,#3909,.T.);
#5407=ORIENTED_EDGE('',*,*,#3910,.F.);
#5408=ORIENTED_EDGE('',*,*,#3911,.F.);
#5409=ORIENTED_EDGE('',*,*,#3912,.T.);
#5410=ORIENTED_EDGE('',*,*,#3913,.T.);
#5411=ORIENTED_EDGE('',*,*,#3908,.F.);
#5412=ORIENTED_EDGE('',*,*,#3914,.F.);
#5413=ORIENTED_EDGE('',*,*,#3915,.T.);
#5414=ORIENTED_EDGE('',*,*,#3916,.T.);
#5415=ORIENTED_EDGE('',*,*,#3912,.F.);
#5416=ORIENTED_EDGE('',*,*,#3917,.F.);
#5417=ORIENTED_EDGE('',*,*,#3918,.T.);
#5418=ORIENTED_EDGE('',*,*,#3919,.T.);
#5419=ORIENTED_EDGE('',*,*,#3915,.F.);
#5420=ORIENTED_EDGE('',*,*,#3920,.F.);
#5421=ORIENTED_EDGE('',*,*,#3921,.T.);
#5422=ORIENTED_EDGE('',*,*,#3922,.T.);
#5423=ORIENTED_EDGE('',*,*,#3918,.F.);
#5424=ORIENTED_EDGE('',*,*,#3923,.F.);
#5425=ORIENTED_EDGE('',*,*,#3924,.T.);
#5426=ORIENTED_EDGE('',*,*,#3925,.T.);
#5427=ORIENTED_EDGE('',*,*,#3921,.F.);
#5428=ORIENTED_EDGE('',*,*,#3926,.F.);
#5429=ORIENTED_EDGE('',*,*,#3927,.T.);
#5430=ORIENTED_EDGE('',*,*,#3928,.T.);
#5431=ORIENTED_EDGE('',*,*,#3924,.F.);
#5432=ORIENTED_EDGE('',*,*,#3929,.F.);
#5433=ORIENTED_EDGE('',*,*,#3930,.T.);
#5434=ORIENTED_EDGE('',*,*,#3931,.T.);
#5435=ORIENTED_EDGE('',*,*,#3927,.F.);
#5436=ORIENTED_EDGE('',*,*,#3932,.F.);
#5437=ORIENTED_EDGE('',*,*,#3933,.T.);
#5438=ORIENTED_EDGE('',*,*,#3934,.T.);
#5439=ORIENTED_EDGE('',*,*,#3930,.F.);
#5440=ORIENTED_EDGE('',*,*,#3935,.F.);
#5441=ORIENTED_EDGE('',*,*,#3936,.T.);
#5442=ORIENTED_EDGE('',*,*,#3937,.T.);
#5443=ORIENTED_EDGE('',*,*,#3933,.F.);
#5444=ORIENTED_EDGE('',*,*,#3938,.F.);
#5445=ORIENTED_EDGE('',*,*,#3939,.T.);
#5446=ORIENTED_EDGE('',*,*,#3940,.T.);
#5447=ORIENTED_EDGE('',*,*,#3936,.F.);
#5448=ORIENTED_EDGE('',*,*,#3941,.F.);
#5449=ORIENTED_EDGE('',*,*,#3942,.T.);
#5450=ORIENTED_EDGE('',*,*,#3943,.T.);
#5451=ORIENTED_EDGE('',*,*,#3939,.F.);
#5452=ORIENTED_EDGE('',*,*,#3944,.F.);
#5453=ORIENTED_EDGE('',*,*,#3945,.T.);
#5454=ORIENTED_EDGE('',*,*,#3946,.T.);
#5455=ORIENTED_EDGE('',*,*,#3942,.F.);
#5456=ORIENTED_EDGE('',*,*,#3947,.F.);
#5457=ORIENTED_EDGE('',*,*,#3948,.T.);
#5458=ORIENTED_EDGE('',*,*,#3949,.T.);
#5459=ORIENTED_EDGE('',*,*,#3945,.F.);
#5460=ORIENTED_EDGE('',*,*,#3950,.F.);
#5461=ORIENTED_EDGE('',*,*,#3951,.T.);
#5462=ORIENTED_EDGE('',*,*,#3952,.T.);
#5463=ORIENTED_EDGE('',*,*,#3948,.F.);
#5464=ORIENTED_EDGE('',*,*,#3953,.F.);
#5465=ORIENTED_EDGE('',*,*,#3954,.T.);
#5466=ORIENTED_EDGE('',*,*,#3955,.T.);
#5467=ORIENTED_EDGE('',*,*,#3951,.F.);
#5468=ORIENTED_EDGE('',*,*,#3956,.F.);
#5469=ORIENTED_EDGE('',*,*,#3957,.T.);
#5470=ORIENTED_EDGE('',*,*,#3958,.T.);
#5471=ORIENTED_EDGE('',*,*,#3954,.F.);
#5472=ORIENTED_EDGE('',*,*,#3959,.F.);
#5473=ORIENTED_EDGE('',*,*,#3960,.T.);
#5474=ORIENTED_EDGE('',*,*,#3961,.T.);
#5475=ORIENTED_EDGE('',*,*,#3957,.F.);
#5476=ORIENTED_EDGE('',*,*,#3962,.F.);
#5477=ORIENTED_EDGE('',*,*,#3963,.T.);
#5478=ORIENTED_EDGE('',*,*,#3964,.T.);
#5479=ORIENTED_EDGE('',*,*,#3960,.F.);
#5480=ORIENTED_EDGE('',*,*,#3965,.F.);
#5481=ORIENTED_EDGE('',*,*,#3910,.T.);
#5482=ORIENTED_EDGE('',*,*,#3966,.T.);
#5483=ORIENTED_EDGE('',*,*,#3963,.F.);
#5484=ORIENTED_EDGE('',*,*,#3966,.F.);
#5485=ORIENTED_EDGE('',*,*,#3909,.F.);
#5486=ORIENTED_EDGE('',*,*,#3913,.F.);
#5487=ORIENTED_EDGE('',*,*,#3916,.F.);
#5488=ORIENTED_EDGE('',*,*,#3919,.F.);
#5489=ORIENTED_EDGE('',*,*,#3922,.F.);
#5490=ORIENTED_EDGE('',*,*,#3925,.F.);
#5491=ORIENTED_EDGE('',*,*,#3928,.F.);
#5492=ORIENTED_EDGE('',*,*,#3931,.F.);
#5493=ORIENTED_EDGE('',*,*,#3934,.F.);
#5494=ORIENTED_EDGE('',*,*,#3937,.F.);
#5495=ORIENTED_EDGE('',*,*,#3940,.F.);
#5496=ORIENTED_EDGE('',*,*,#3943,.F.);
#5497=ORIENTED_EDGE('',*,*,#3946,.F.);
#5498=ORIENTED_EDGE('',*,*,#3949,.F.);
#5499=ORIENTED_EDGE('',*,*,#3952,.F.);
#5500=ORIENTED_EDGE('',*,*,#3955,.F.);
#5501=ORIENTED_EDGE('',*,*,#3958,.F.);
#5502=ORIENTED_EDGE('',*,*,#3961,.F.);
#5503=ORIENTED_EDGE('',*,*,#3964,.F.);
#5504=ORIENTED_EDGE('',*,*,#3906,.F.);
#5505=ORIENTED_EDGE('',*,*,#3885,.F.);
#5506=ORIENTED_EDGE('',*,*,#3889,.F.);
#5507=ORIENTED_EDGE('',*,*,#3892,.F.);
#5508=ORIENTED_EDGE('',*,*,#3895,.F.);
#5509=ORIENTED_EDGE('',*,*,#3898,.F.);
#5510=ORIENTED_EDGE('',*,*,#3901,.F.);
#5511=ORIENTED_EDGE('',*,*,#3904,.F.);
#5512=ORIENTED_EDGE('',*,*,#3883,.T.);
#5513=ORIENTED_EDGE('',*,*,#3905,.T.);
#5514=ORIENTED_EDGE('',*,*,#3902,.T.);
#5515=ORIENTED_EDGE('',*,*,#3899,.T.);
#5516=ORIENTED_EDGE('',*,*,#3896,.T.);
#5517=ORIENTED_EDGE('',*,*,#3893,.T.);
#5518=ORIENTED_EDGE('',*,*,#3890,.T.);
#5519=ORIENTED_EDGE('',*,*,#3887,.T.);
#5520=ORIENTED_EDGE('',*,*,#3790,.T.);
#5521=ORIENTED_EDGE('',*,*,#3803,.T.);
#5522=ORIENTED_EDGE('',*,*,#3800,.T.);
#5523=ORIENTED_EDGE('',*,*,#3797,.T.);
#5524=ORIENTED_EDGE('',*,*,#3794,.T.);
#5525=ORIENTED_EDGE('',*,*,#3688,.T.);
#5526=ORIENTED_EDGE('',*,*,#3716,.T.);
#5527=ORIENTED_EDGE('',*,*,#3713,.T.);
#5528=ORIENTED_EDGE('',*,*,#3710,.T.);
#5529=ORIENTED_EDGE('',*,*,#3707,.T.);
#5530=ORIENTED_EDGE('',*,*,#3704,.T.);
#5531=ORIENTED_EDGE('',*,*,#3701,.T.);
#5532=ORIENTED_EDGE('',*,*,#3698,.T.);
#5533=ORIENTED_EDGE('',*,*,#3695,.T.);
#5534=ORIENTED_EDGE('',*,*,#3692,.T.);
#5535=ORIENTED_EDGE('',*,*,#3610,.T.);
#5536=ORIENTED_EDGE('',*,*,#3638,.T.);
#5537=ORIENTED_EDGE('',*,*,#3635,.T.);
#5538=ORIENTED_EDGE('',*,*,#3632,.T.);
#5539=ORIENTED_EDGE('',*,*,#3629,.T.);
#5540=ORIENTED_EDGE('',*,*,#3626,.T.);
#5541=ORIENTED_EDGE('',*,*,#3623,.T.);
#5542=ORIENTED_EDGE('',*,*,#3620,.T.);
#5543=ORIENTED_EDGE('',*,*,#3617,.T.);
#5544=ORIENTED_EDGE('',*,*,#3614,.T.);
#5545=ORIENTED_EDGE('',*,*,#3397,.T.);
#5546=ORIENTED_EDGE('',*,*,#3425,.T.);
#5547=ORIENTED_EDGE('',*,*,#3422,.T.);
#5548=ORIENTED_EDGE('',*,*,#3419,.T.);
#5549=ORIENTED_EDGE('',*,*,#3416,.T.);
#5550=ORIENTED_EDGE('',*,*,#3413,.T.);
#5551=ORIENTED_EDGE('',*,*,#3410,.T.);
#5552=ORIENTED_EDGE('',*,*,#3407,.T.);
#5553=ORIENTED_EDGE('',*,*,#3404,.T.);
#5554=ORIENTED_EDGE('',*,*,#3401,.T.);
#5555=ORIENTED_EDGE('',*,*,#3295,.T.);
#5556=ORIENTED_EDGE('',*,*,#3329,.T.);
#5557=ORIENTED_EDGE('',*,*,#3326,.T.);
#5558=ORIENTED_EDGE('',*,*,#3323,.T.);
#5559=ORIENTED_EDGE('',*,*,#3320,.T.);
#5560=ORIENTED_EDGE('',*,*,#3317,.T.);
#5561=ORIENTED_EDGE('',*,*,#3314,.T.);
#5562=ORIENTED_EDGE('',*,*,#3311,.T.);
#5563=ORIENTED_EDGE('',*,*,#3308,.T.);
#5564=ORIENTED_EDGE('',*,*,#3305,.T.);
#5565=ORIENTED_EDGE('',*,*,#3302,.T.);
#5566=ORIENTED_EDGE('',*,*,#3299,.T.);
#5567=ORIENTED_EDGE('',*,*,#3967,.T.);
#5568=ORIENTED_EDGE('',*,*,#3968,.T.);
#5569=ORIENTED_EDGE('',*,*,#3969,.F.);
#5570=ORIENTED_EDGE('',*,*,#3970,.F.);
#5571=ORIENTED_EDGE('',*,*,#3971,.T.);
#5572=ORIENTED_EDGE('',*,*,#3970,.T.);
#5573=ORIENTED_EDGE('',*,*,#3972,.F.);
#5574=ORIENTED_EDGE('',*,*,#3973,.F.);
#5575=ORIENTED_EDGE('',*,*,#3974,.T.);
#5576=ORIENTED_EDGE('',*,*,#3973,.T.);
#5577=ORIENTED_EDGE('',*,*,#3975,.F.);
#5578=ORIENTED_EDGE('',*,*,#3976,.F.);
#5579=ORIENTED_EDGE('',*,*,#3977,.T.);
#5580=ORIENTED_EDGE('',*,*,#3976,.T.);
#5581=ORIENTED_EDGE('',*,*,#3978,.F.);
#5582=ORIENTED_EDGE('',*,*,#3979,.F.);
#5583=ORIENTED_EDGE('',*,*,#3980,.T.);
#5584=ORIENTED_EDGE('',*,*,#3979,.T.);
#5585=ORIENTED_EDGE('',*,*,#3981,.F.);
#5586=ORIENTED_EDGE('',*,*,#3982,.F.);
#5587=ORIENTED_EDGE('',*,*,#3983,.T.);
#5588=ORIENTED_EDGE('',*,*,#3982,.T.);
#5589=ORIENTED_EDGE('',*,*,#3984,.F.);
#5590=ORIENTED_EDGE('',*,*,#3985,.F.);
#5591=ORIENTED_EDGE('',*,*,#3986,.T.);
#5592=ORIENTED_EDGE('',*,*,#3985,.T.);
#5593=ORIENTED_EDGE('',*,*,#3987,.F.);
#5594=ORIENTED_EDGE('',*,*,#3988,.F.);
#5595=ORIENTED_EDGE('',*,*,#3989,.T.);
#5596=ORIENTED_EDGE('',*,*,#3988,.T.);
#5597=ORIENTED_EDGE('',*,*,#3990,.F.);
#5598=ORIENTED_EDGE('',*,*,#3968,.F.);
#5599=ORIENTED_EDGE('',*,*,#3991,.T.);
#5600=ORIENTED_EDGE('',*,*,#3992,.T.);
#5601=ORIENTED_EDGE('',*,*,#3993,.F.);
#5602=ORIENTED_EDGE('',*,*,#3994,.F.);
#5603=ORIENTED_EDGE('',*,*,#3995,.T.);
#5604=ORIENTED_EDGE('',*,*,#3994,.T.);
#5605=ORIENTED_EDGE('',*,*,#3996,.F.);
#5606=ORIENTED_EDGE('',*,*,#3997,.F.);
#5607=ORIENTED_EDGE('',*,*,#3998,.T.);
#5608=ORIENTED_EDGE('',*,*,#3997,.T.);
#5609=ORIENTED_EDGE('',*,*,#3999,.F.);
#5610=ORIENTED_EDGE('',*,*,#4000,.F.);
#5611=ORIENTED_EDGE('',*,*,#4001,.T.);
#5612=ORIENTED_EDGE('',*,*,#4000,.T.);
#5613=ORIENTED_EDGE('',*,*,#4002,.F.);
#5614=ORIENTED_EDGE('',*,*,#4003,.F.);
#5615=ORIENTED_EDGE('',*,*,#4004,.T.);
#5616=ORIENTED_EDGE('',*,*,#4003,.T.);
#5617=ORIENTED_EDGE('',*,*,#4005,.F.);
#5618=ORIENTED_EDGE('',*,*,#4006,.F.);
#5619=ORIENTED_EDGE('',*,*,#4007,.T.);
#5620=ORIENTED_EDGE('',*,*,#4006,.T.);
#5621=ORIENTED_EDGE('',*,*,#4008,.F.);
#5622=ORIENTED_EDGE('',*,*,#4009,.F.);
#5623=ORIENTED_EDGE('',*,*,#4010,.T.);
#5624=ORIENTED_EDGE('',*,*,#4009,.T.);
#5625=ORIENTED_EDGE('',*,*,#4011,.F.);
#5626=ORIENTED_EDGE('',*,*,#4012,.F.);
#5627=ORIENTED_EDGE('',*,*,#4013,.T.);
#5628=ORIENTED_EDGE('',*,*,#4012,.T.);
#5629=ORIENTED_EDGE('',*,*,#4014,.F.);
#5630=ORIENTED_EDGE('',*,*,#4015,.F.);
#5631=ORIENTED_EDGE('',*,*,#4016,.T.);
#5632=ORIENTED_EDGE('',*,*,#4015,.T.);
#5633=ORIENTED_EDGE('',*,*,#4017,.F.);
#5634=ORIENTED_EDGE('',*,*,#4018,.F.);
#5635=ORIENTED_EDGE('',*,*,#4019,.T.);
#5636=ORIENTED_EDGE('',*,*,#4018,.T.);
#5637=ORIENTED_EDGE('',*,*,#4020,.F.);
#5638=ORIENTED_EDGE('',*,*,#4021,.F.);
#5639=ORIENTED_EDGE('',*,*,#4022,.T.);
#5640=ORIENTED_EDGE('',*,*,#4021,.T.);
#5641=ORIENTED_EDGE('',*,*,#4023,.F.);
#5642=ORIENTED_EDGE('',*,*,#4024,.F.);
#5643=ORIENTED_EDGE('',*,*,#4025,.T.);
#5644=ORIENTED_EDGE('',*,*,#4024,.T.);
#5645=ORIENTED_EDGE('',*,*,#4026,.F.);
#5646=ORIENTED_EDGE('',*,*,#3992,.F.);
#5647=ORIENTED_EDGE('',*,*,#4026,.T.);
#5648=ORIENTED_EDGE('',*,*,#4023,.T.);
#5649=ORIENTED_EDGE('',*,*,#4020,.T.);
#5650=ORIENTED_EDGE('',*,*,#4017,.T.);
#5651=ORIENTED_EDGE('',*,*,#4014,.T.);
#5652=ORIENTED_EDGE('',*,*,#4011,.T.);
#5653=ORIENTED_EDGE('',*,*,#4008,.T.);
#5654=ORIENTED_EDGE('',*,*,#4005,.T.);
#5655=ORIENTED_EDGE('',*,*,#4002,.T.);
#5656=ORIENTED_EDGE('',*,*,#3999,.T.);
#5657=ORIENTED_EDGE('',*,*,#3996,.T.);
#5658=ORIENTED_EDGE('',*,*,#3993,.T.);
#5659=ORIENTED_EDGE('',*,*,#3112,.T.);
#5660=ORIENTED_EDGE('',*,*,#3200,.T.);
#5661=ORIENTED_EDGE('',*,*,#3197,.T.);
#5662=ORIENTED_EDGE('',*,*,#3194,.T.);
#5663=ORIENTED_EDGE('',*,*,#3191,.T.);
#5664=ORIENTED_EDGE('',*,*,#3188,.T.);
#5665=ORIENTED_EDGE('',*,*,#3185,.T.);
#5666=ORIENTED_EDGE('',*,*,#3182,.T.);
#5667=ORIENTED_EDGE('',*,*,#3179,.T.);
#5668=ORIENTED_EDGE('',*,*,#3176,.T.);
#5669=ORIENTED_EDGE('',*,*,#3173,.T.);
#5670=ORIENTED_EDGE('',*,*,#3170,.T.);
#5671=ORIENTED_EDGE('',*,*,#3167,.T.);
#5672=ORIENTED_EDGE('',*,*,#3164,.T.);
#5673=ORIENTED_EDGE('',*,*,#3161,.T.);
#5674=ORIENTED_EDGE('',*,*,#3158,.T.);
#5675=ORIENTED_EDGE('',*,*,#3155,.T.);
#5676=ORIENTED_EDGE('',*,*,#3152,.T.);
#5677=ORIENTED_EDGE('',*,*,#3149,.T.);
#5678=ORIENTED_EDGE('',*,*,#3146,.T.);
#5679=ORIENTED_EDGE('',*,*,#3143,.T.);
#5680=ORIENTED_EDGE('',*,*,#3140,.T.);
#5681=ORIENTED_EDGE('',*,*,#3137,.T.);
#5682=ORIENTED_EDGE('',*,*,#3134,.T.);
#5683=ORIENTED_EDGE('',*,*,#3131,.T.);
#5684=ORIENTED_EDGE('',*,*,#3128,.T.);
#5685=ORIENTED_EDGE('',*,*,#3125,.T.);
#5686=ORIENTED_EDGE('',*,*,#3122,.T.);
#5687=ORIENTED_EDGE('',*,*,#3119,.T.);
#5688=ORIENTED_EDGE('',*,*,#3116,.T.);
#5689=ORIENTED_EDGE('',*,*,#3202,.T.);
#5690=ORIENTED_EDGE('',*,*,#3293,.T.);
#5691=ORIENTED_EDGE('',*,*,#3290,.T.);
#5692=ORIENTED_EDGE('',*,*,#3287,.T.);
#5693=ORIENTED_EDGE('',*,*,#3284,.T.);
#5694=ORIENTED_EDGE('',*,*,#3281,.T.);
#5695=ORIENTED_EDGE('',*,*,#3278,.T.);
#5696=ORIENTED_EDGE('',*,*,#3275,.T.);
#5697=ORIENTED_EDGE('',*,*,#3272,.T.);
#5698=ORIENTED_EDGE('',*,*,#3269,.T.);
#5699=ORIENTED_EDGE('',*,*,#3266,.T.);
#5700=ORIENTED_EDGE('',*,*,#3263,.T.);
#5701=ORIENTED_EDGE('',*,*,#3260,.T.);
#5702=ORIENTED_EDGE('',*,*,#3257,.T.);
#5703=ORIENTED_EDGE('',*,*,#3254,.T.);
#5704=ORIENTED_EDGE('',*,*,#3251,.T.);
#5705=ORIENTED_EDGE('',*,*,#3248,.T.);
#5706=ORIENTED_EDGE('',*,*,#3245,.T.);
#5707=ORIENTED_EDGE('',*,*,#3242,.T.);
#5708=ORIENTED_EDGE('',*,*,#3239,.T.);
#5709=ORIENTED_EDGE('',*,*,#3236,.T.);
#5710=ORIENTED_EDGE('',*,*,#3233,.T.);
#5711=ORIENTED_EDGE('',*,*,#3230,.T.);
#5712=ORIENTED_EDGE('',*,*,#3227,.T.);
#5713=ORIENTED_EDGE('',*,*,#3224,.T.);
#5714=ORIENTED_EDGE('',*,*,#3221,.T.);
#5715=ORIENTED_EDGE('',*,*,#3218,.T.);
#5716=ORIENTED_EDGE('',*,*,#3215,.T.);
#5717=ORIENTED_EDGE('',*,*,#3212,.T.);
#5718=ORIENTED_EDGE('',*,*,#3209,.T.);
#5719=ORIENTED_EDGE('',*,*,#3206,.T.);
#5720=ORIENTED_EDGE('',*,*,#3331,.T.);
#5721=ORIENTED_EDGE('',*,*,#3395,.T.);
#5722=ORIENTED_EDGE('',*,*,#3392,.T.);
#5723=ORIENTED_EDGE('',*,*,#3389,.T.);
#5724=ORIENTED_EDGE('',*,*,#3386,.T.);
#5725=ORIENTED_EDGE('',*,*,#3383,.T.);
#5726=ORIENTED_EDGE('',*,*,#3380,.T.);
#5727=ORIENTED_EDGE('',*,*,#3377,.T.);
#5728=ORIENTED_EDGE('',*,*,#3374,.T.);
#5729=ORIENTED_EDGE('',*,*,#3371,.T.);
#5730=ORIENTED_EDGE('',*,*,#3368,.T.);
#5731=ORIENTED_EDGE('',*,*,#3365,.T.);
#5732=ORIENTED_EDGE('',*,*,#3362,.T.);
#5733=ORIENTED_EDGE('',*,*,#3359,.T.);
#5734=ORIENTED_EDGE('',*,*,#3356,.T.);
#5735=ORIENTED_EDGE('',*,*,#3353,.T.);
#5736=ORIENTED_EDGE('',*,*,#3350,.T.);
#5737=ORIENTED_EDGE('',*,*,#3347,.T.);
#5738=ORIENTED_EDGE('',*,*,#3344,.T.);
#5739=ORIENTED_EDGE('',*,*,#3341,.T.);
#5740=ORIENTED_EDGE('',*,*,#3338,.T.);
#5741=ORIENTED_EDGE('',*,*,#3335,.T.);
#5742=ORIENTED_EDGE('',*,*,#3427,.T.);
#5743=ORIENTED_EDGE('',*,*,#3521,.T.);
#5744=ORIENTED_EDGE('',*,*,#3518,.T.);
#5745=ORIENTED_EDGE('',*,*,#3515,.T.);
#5746=ORIENTED_EDGE('',*,*,#3512,.T.);
#5747=ORIENTED_EDGE('',*,*,#3509,.T.);
#5748=ORIENTED_EDGE('',*,*,#3506,.T.);
#5749=ORIENTED_EDGE('',*,*,#3503,.T.);
#5750=ORIENTED_EDGE('',*,*,#3500,.T.);
#5751=ORIENTED_EDGE('',*,*,#3497,.T.);
#5752=ORIENTED_EDGE('',*,*,#3494,.T.);
#5753=ORIENTED_EDGE('',*,*,#3491,.T.);
#5754=ORIENTED_EDGE('',*,*,#3488,.T.);
#5755=ORIENTED_EDGE('',*,*,#3485,.T.);
#5756=ORIENTED_EDGE('',*,*,#3482,.T.);
#5757=ORIENTED_EDGE('',*,*,#3479,.T.);
#5758=ORIENTED_EDGE('',*,*,#3476,.T.);
#5759=ORIENTED_EDGE('',*,*,#3473,.T.);
#5760=ORIENTED_EDGE('',*,*,#3470,.T.);
#5761=ORIENTED_EDGE('',*,*,#3467,.T.);
#5762=ORIENTED_EDGE('',*,*,#3464,.T.);
#5763=ORIENTED_EDGE('',*,*,#3461,.T.);
#5764=ORIENTED_EDGE('',*,*,#3458,.T.);
#5765=ORIENTED_EDGE('',*,*,#3455,.T.);
#5766=ORIENTED_EDGE('',*,*,#3452,.T.);
#5767=ORIENTED_EDGE('',*,*,#3449,.T.);
#5768=ORIENTED_EDGE('',*,*,#3446,.T.);
#5769=ORIENTED_EDGE('',*,*,#3443,.T.);
#5770=ORIENTED_EDGE('',*,*,#3440,.T.);
#5771=ORIENTED_EDGE('',*,*,#3437,.T.);
#5772=ORIENTED_EDGE('',*,*,#3434,.T.);
#5773=ORIENTED_EDGE('',*,*,#3431,.T.);
#5774=ORIENTED_EDGE('',*,*,#3523,.T.);
#5775=ORIENTED_EDGE('',*,*,#3545,.T.);
#5776=ORIENTED_EDGE('',*,*,#3542,.T.);
#5777=ORIENTED_EDGE('',*,*,#3539,.T.);
#5778=ORIENTED_EDGE('',*,*,#3536,.T.);
#5779=ORIENTED_EDGE('',*,*,#3533,.T.);
#5780=ORIENTED_EDGE('',*,*,#3530,.T.);
#5781=ORIENTED_EDGE('',*,*,#3527,.T.);
#5782=ORIENTED_EDGE('',*,*,#3547,.T.);
#5783=ORIENTED_EDGE('',*,*,#3608,.T.);
#5784=ORIENTED_EDGE('',*,*,#3605,.T.);
#5785=ORIENTED_EDGE('',*,*,#3602,.T.);
#5786=ORIENTED_EDGE('',*,*,#3599,.T.);
#5787=ORIENTED_EDGE('',*,*,#3596,.T.);
#5788=ORIENTED_EDGE('',*,*,#3593,.T.);
#5789=ORIENTED_EDGE('',*,*,#3590,.T.);
#5790=ORIENTED_EDGE('',*,*,#3587,.T.);
#5791=ORIENTED_EDGE('',*,*,#3584,.T.);
#5792=ORIENTED_EDGE('',*,*,#3581,.T.);
#5793=ORIENTED_EDGE('',*,*,#3578,.T.);
#5794=ORIENTED_EDGE('',*,*,#3575,.T.);
#5795=ORIENTED_EDGE('',*,*,#3572,.T.);
#5796=ORIENTED_EDGE('',*,*,#3569,.T.);
#5797=ORIENTED_EDGE('',*,*,#3566,.T.);
#5798=ORIENTED_EDGE('',*,*,#3563,.T.);
#5799=ORIENTED_EDGE('',*,*,#3560,.T.);
#5800=ORIENTED_EDGE('',*,*,#3557,.T.);
#5801=ORIENTED_EDGE('',*,*,#3554,.T.);
#5802=ORIENTED_EDGE('',*,*,#3551,.T.);
#5803=ORIENTED_EDGE('',*,*,#3640,.T.);
#5804=ORIENTED_EDGE('',*,*,#3686,.T.);
#5805=ORIENTED_EDGE('',*,*,#3683,.T.);
#5806=ORIENTED_EDGE('',*,*,#3680,.T.);
#5807=ORIENTED_EDGE('',*,*,#3677,.T.);
#5808=ORIENTED_EDGE('',*,*,#3674,.T.);
#5809=ORIENTED_EDGE('',*,*,#3671,.T.);
#5810=ORIENTED_EDGE('',*,*,#3668,.T.);
#5811=ORIENTED_EDGE('',*,*,#3665,.T.);
#5812=ORIENTED_EDGE('',*,*,#3662,.T.);
#5813=ORIENTED_EDGE('',*,*,#3659,.T.);
#5814=ORIENTED_EDGE('',*,*,#3656,.T.);
#5815=ORIENTED_EDGE('',*,*,#3653,.T.);
#5816=ORIENTED_EDGE('',*,*,#3650,.T.);
#5817=ORIENTED_EDGE('',*,*,#3647,.T.);
#5818=ORIENTED_EDGE('',*,*,#3644,.T.);
#5819=ORIENTED_EDGE('',*,*,#3718,.T.);
#5820=ORIENTED_EDGE('',*,*,#3788,.T.);
#5821=ORIENTED_EDGE('',*,*,#3785,.T.);
#5822=ORIENTED_EDGE('',*,*,#3782,.T.);
#5823=ORIENTED_EDGE('',*,*,#3779,.T.);
#5824=ORIENTED_EDGE('',*,*,#3776,.T.);
#5825=ORIENTED_EDGE('',*,*,#3773,.T.);
#5826=ORIENTED_EDGE('',*,*,#3770,.T.);
#5827=ORIENTED_EDGE('',*,*,#3767,.T.);
#5828=ORIENTED_EDGE('',*,*,#3764,.T.);
#5829=ORIENTED_EDGE('',*,*,#3761,.T.);
#5830=ORIENTED_EDGE('',*,*,#3758,.T.);
#5831=ORIENTED_EDGE('',*,*,#3755,.T.);
#5832=ORIENTED_EDGE('',*,*,#3752,.T.);
#5833=ORIENTED_EDGE('',*,*,#3749,.T.);
#5834=ORIENTED_EDGE('',*,*,#3746,.T.);
#5835=ORIENTED_EDGE('',*,*,#3743,.T.);
#5836=ORIENTED_EDGE('',*,*,#3740,.T.);
#5837=ORIENTED_EDGE('',*,*,#3737,.T.);
#5838=ORIENTED_EDGE('',*,*,#3734,.T.);
#5839=ORIENTED_EDGE('',*,*,#3731,.T.);
#5840=ORIENTED_EDGE('',*,*,#3728,.T.);
#5841=ORIENTED_EDGE('',*,*,#3725,.T.);
#5842=ORIENTED_EDGE('',*,*,#3722,.T.);
#5843=ORIENTED_EDGE('',*,*,#3805,.T.);
#5844=ORIENTED_EDGE('',*,*,#3881,.T.);
#5845=ORIENTED_EDGE('',*,*,#3878,.T.);
#5846=ORIENTED_EDGE('',*,*,#3875,.T.);
#5847=ORIENTED_EDGE('',*,*,#3872,.T.);
#5848=ORIENTED_EDGE('',*,*,#3869,.T.);
#5849=ORIENTED_EDGE('',*,*,#3866,.T.);
#5850=ORIENTED_EDGE('',*,*,#3863,.T.);
#5851=ORIENTED_EDGE('',*,*,#3860,.T.);
#5852=ORIENTED_EDGE('',*,*,#3857,.T.);
#5853=ORIENTED_EDGE('',*,*,#3854,.T.);
#5854=ORIENTED_EDGE('',*,*,#3851,.T.);
#5855=ORIENTED_EDGE('',*,*,#3848,.T.);
#5856=ORIENTED_EDGE('',*,*,#3845,.T.);
#5857=ORIENTED_EDGE('',*,*,#3842,.T.);
#5858=ORIENTED_EDGE('',*,*,#3839,.T.);
#5859=ORIENTED_EDGE('',*,*,#3836,.T.);
#5860=ORIENTED_EDGE('',*,*,#3833,.T.);
#5861=ORIENTED_EDGE('',*,*,#3830,.T.);
#5862=ORIENTED_EDGE('',*,*,#3827,.T.);
#5863=ORIENTED_EDGE('',*,*,#3824,.T.);
#5864=ORIENTED_EDGE('',*,*,#3821,.T.);
#5865=ORIENTED_EDGE('',*,*,#3818,.T.);
#5866=ORIENTED_EDGE('',*,*,#3815,.T.);
#5867=ORIENTED_EDGE('',*,*,#3812,.T.);
#5868=ORIENTED_EDGE('',*,*,#3809,.T.);
#5869=ORIENTED_EDGE('',*,*,#3907,.T.);
#5870=ORIENTED_EDGE('',*,*,#3965,.T.);
#5871=ORIENTED_EDGE('',*,*,#3962,.T.);
#5872=ORIENTED_EDGE('',*,*,#3959,.T.);
#5873=ORIENTED_EDGE('',*,*,#3956,.T.);
#5874=ORIENTED_EDGE('',*,*,#3953,.T.);
#5875=ORIENTED_EDGE('',*,*,#3950,.T.);
#5876=ORIENTED_EDGE('',*,*,#3947,.T.);
#5877=ORIENTED_EDGE('',*,*,#3944,.T.);
#5878=ORIENTED_EDGE('',*,*,#3941,.T.);
#5879=ORIENTED_EDGE('',*,*,#3938,.T.);
#5880=ORIENTED_EDGE('',*,*,#3935,.T.);
#5881=ORIENTED_EDGE('',*,*,#3932,.T.);
#5882=ORIENTED_EDGE('',*,*,#3929,.T.);
#5883=ORIENTED_EDGE('',*,*,#3926,.T.);
#5884=ORIENTED_EDGE('',*,*,#3923,.T.);
#5885=ORIENTED_EDGE('',*,*,#3920,.T.);
#5886=ORIENTED_EDGE('',*,*,#3917,.T.);
#5887=ORIENTED_EDGE('',*,*,#3914,.T.);
#5888=ORIENTED_EDGE('',*,*,#3911,.T.);
#5889=ORIENTED_EDGE('',*,*,#3990,.T.);
#5890=ORIENTED_EDGE('',*,*,#3987,.T.);
#5891=ORIENTED_EDGE('',*,*,#3984,.T.);
#5892=ORIENTED_EDGE('',*,*,#3981,.T.);
#5893=ORIENTED_EDGE('',*,*,#3978,.T.);
#5894=ORIENTED_EDGE('',*,*,#3975,.T.);
#5895=ORIENTED_EDGE('',*,*,#3972,.T.);
#5896=ORIENTED_EDGE('',*,*,#3969,.T.);
#5897=ORIENTED_EDGE('',*,*,#3109,.T.);
#5898=ORIENTED_EDGE('',*,*,#3106,.T.);
#5899=ORIENTED_EDGE('',*,*,#3103,.T.);
#5900=ORIENTED_EDGE('',*,*,#3100,.T.);
#5901=ORIENTED_EDGE('',*,*,#3097,.T.);
#5902=ORIENTED_EDGE('',*,*,#3094,.T.);
#5903=ORIENTED_EDGE('',*,*,#4025,.F.);
#5904=ORIENTED_EDGE('',*,*,#3991,.F.);
#5905=ORIENTED_EDGE('',*,*,#3995,.F.);
#5906=ORIENTED_EDGE('',*,*,#3998,.F.);
#5907=ORIENTED_EDGE('',*,*,#4001,.F.);
#5908=ORIENTED_EDGE('',*,*,#4004,.F.);
#5909=ORIENTED_EDGE('',*,*,#4007,.F.);
#5910=ORIENTED_EDGE('',*,*,#4010,.F.);
#5911=ORIENTED_EDGE('',*,*,#4013,.F.);
#5912=ORIENTED_EDGE('',*,*,#4016,.F.);
#5913=ORIENTED_EDGE('',*,*,#4019,.F.);
#5914=ORIENTED_EDGE('',*,*,#4022,.F.);
#5915=ORIENTED_EDGE('',*,*,#3989,.F.);
#5916=ORIENTED_EDGE('',*,*,#3967,.F.);
#5917=ORIENTED_EDGE('',*,*,#3971,.F.);
#5918=ORIENTED_EDGE('',*,*,#3974,.F.);
#5919=ORIENTED_EDGE('',*,*,#3977,.F.);
#5920=ORIENTED_EDGE('',*,*,#3980,.F.);
#5921=ORIENTED_EDGE('',*,*,#3983,.F.);
#5922=ORIENTED_EDGE('',*,*,#3986,.F.);
#5923=ORIENTED_EDGE('',*,*,#3093,.T.);
#5924=ORIENTED_EDGE('',*,*,#3090,.T.);
#5925=ORIENTED_EDGE('',*,*,#3087,.T.);
#5926=ORIENTED_EDGE('',*,*,#3084,.T.);
#5927=ORIENTED_EDGE('',*,*,#3081,.T.);
#5928=ORIENTED_EDGE('',*,*,#3078,.T.);
#5929=CYLINDRICAL_SURFACE('',#6306,1.35);
#5930=CYLINDRICAL_SURFACE('',#6309,1.35);
#5931=CYLINDRICAL_SURFACE('',#6312,1.35);
#5932=CYLINDRICAL_SURFACE('',#6315,1.35);
#5933=CYLINDRICAL_SURFACE('',#6318,1.35);
#5934=CYLINDRICAL_SURFACE('',#6321,1.35);
#5935=CYLINDRICAL_SURFACE('',#6324,3.);
#5936=CYLINDRICAL_SURFACE('',#6328,3.);
#5937=CYLINDRICAL_SURFACE('',#6332,3.);
#5938=CYLINDRICAL_SURFACE('',#6336,3.);
#5939=CYLINDRICAL_SURFACE('',#6340,3.);
#5940=CYLINDRICAL_SURFACE('',#6344,3.);
#5941=CYLINDRICAL_SURFACE('',#6398,5.15000000000001);
#5942=CYLINDRICAL_SURFACE('',#6402,5.15);
#5943=CYLINDRICAL_SURFACE('',#6406,5.14999999999999);
#5944=CYLINDRICAL_SURFACE('',#6410,5.15);
#5945=CYLINDRICAL_SURFACE('',#6413,7.5);
#5946=CYLINDRICAL_SURFACE('',#6417,7.50000000000008);
#5947=CYLINDRICAL_SURFACE('',#6421,12.5);
#5948=CYLINDRICAL_SURFACE('',#6425,12.5);
#5949=CYLINDRICAL_SURFACE('',#6429,12.4999999999999);
#5950=CYLINDRICAL_SURFACE('',#6433,7.50000000000005);
#5951=ADVANCED_FACE('',(#874),#5929,.F.);
#5952=ADVANCED_FACE('',(#875),#5930,.F.);
#5953=ADVANCED_FACE('',(#876),#5931,.F.);
#5954=ADVANCED_FACE('',(#877),#5932,.F.);
#5955=ADVANCED_FACE('',(#878),#5933,.F.);
#5956=ADVANCED_FACE('',(#879),#5934,.F.);
#5957=ADVANCED_FACE('',(#880),#5935,.F.);
#5958=ADVANCED_FACE('',(#881,#771),#807,.T.);
#5959=ADVANCED_FACE('',(#882),#5936,.F.);
#5960=ADVANCED_FACE('',(#883,#772),#808,.T.);
#5961=ADVANCED_FACE('',(#884),#5937,.F.);
#5962=ADVANCED_FACE('',(#885,#773),#809,.T.);
#5963=ADVANCED_FACE('',(#886),#5938,.F.);
#5964=ADVANCED_FACE('',(#887,#774),#810,.T.);
#5965=ADVANCED_FACE('',(#888),#5939,.F.);
#5966=ADVANCED_FACE('',(#889,#775),#811,.T.);
#5967=ADVANCED_FACE('',(#890),#5940,.F.);
#5968=ADVANCED_FACE('',(#891,#776),#812,.T.);
#5969=ADVANCED_FACE('',(#892),#519,.F.);
#5970=ADVANCED_FACE('',(#893),#520,.F.);
#5971=ADVANCED_FACE('',(#894),#521,.F.);
#5972=ADVANCED_FACE('',(#895),#813,.F.);
#5973=ADVANCED_FACE('',(#896),#522,.F.);
#5974=ADVANCED_FACE('',(#897),#523,.F.);
#5975=ADVANCED_FACE('',(#898),#524,.F.);
#5976=ADVANCED_FACE('',(#899),#525,.F.);
#5977=ADVANCED_FACE('',(#900),#526,.F.);
#5978=ADVANCED_FACE('',(#901),#527,.F.);
#5979=ADVANCED_FACE('',(#902),#814,.F.);
#5980=ADVANCED_FACE('',(#903),#815,.F.);
#5981=ADVANCED_FACE('',(#904),#816,.F.);
#5982=ADVANCED_FACE('',(#905),#528,.F.);
#5983=ADVANCED_FACE('',(#906),#529,.F.);
#5984=ADVANCED_FACE('',(#907),#530,.F.);
#5985=ADVANCED_FACE('',(#908),#531,.F.);
#5986=ADVANCED_FACE('',(#909),#532,.F.);
#5987=ADVANCED_FACE('',(#910),#533,.F.);
#5988=ADVANCED_FACE('',(#911),#534,.F.);
#5989=ADVANCED_FACE('',(#912),#817,.F.);
#5990=ADVANCED_FACE('',(#913),#818,.F.);
#5991=ADVANCED_FACE('',(#914),#535,.F.);
#5992=ADVANCED_FACE('',(#915),#536,.F.);
#5993=ADVANCED_FACE('',(#916),#537,.F.);
#5994=ADVANCED_FACE('',(#917),#538,.F.);
#5995=ADVANCED_FACE('',(#918),#539,.F.);
#5996=ADVANCED_FACE('',(#919),#819,.F.);
#5997=ADVANCED_FACE('',(#920),#820,.F.);
#5998=ADVANCED_FACE('',(#921),#540,.F.);
#5999=ADVANCED_FACE('',(#922),#821,.T.);
#6000=ADVANCED_FACE('',(#923),#541,.F.);
#6001=ADVANCED_FACE('',(#924),#542,.F.);
#6002=ADVANCED_FACE('',(#925),#543,.F.);
#6003=ADVANCED_FACE('',(#926),#544,.F.);
#6004=ADVANCED_FACE('',(#927),#545,.F.);
#6005=ADVANCED_FACE('',(#928),#546,.F.);
#6006=ADVANCED_FACE('',(#929),#547,.F.);
#6007=ADVANCED_FACE('',(#930),#548,.F.);
#6008=ADVANCED_FACE('',(#931),#549,.F.);
#6009=ADVANCED_FACE('',(#932),#550,.F.);
#6010=ADVANCED_FACE('',(#933),#551,.F.);
#6011=ADVANCED_FACE('',(#934),#822,.F.);
#6012=ADVANCED_FACE('',(#935),#552,.F.);
#6013=ADVANCED_FACE('',(#936),#553,.F.);
#6014=ADVANCED_FACE('',(#937),#554,.F.);
#6015=ADVANCED_FACE('',(#938),#555,.F.);
#6016=ADVANCED_FACE('',(#939),#556,.F.);
#6017=ADVANCED_FACE('',(#940),#557,.F.);
#6018=ADVANCED_FACE('',(#941),#558,.F.);
#6019=ADVANCED_FACE('',(#942),#559,.F.);
#6020=ADVANCED_FACE('',(#943),#823,.F.);
#6021=ADVANCED_FACE('',(#944),#824,.F.);
#6022=ADVANCED_FACE('',(#945),#560,.F.);
#6023=ADVANCED_FACE('',(#946),#561,.F.);
#6024=ADVANCED_FACE('',(#947),#562,.F.);
#6025=ADVANCED_FACE('',(#948),#563,.F.);
#6026=ADVANCED_FACE('',(#949),#564,.F.);
#6027=ADVANCED_FACE('',(#950),#565,.F.);
#6028=ADVANCED_FACE('',(#951),#825,.F.);
#6029=ADVANCED_FACE('',(#952),#826,.F.);
#6030=ADVANCED_FACE('',(#953),#566,.F.);
#6031=ADVANCED_FACE('',(#954),#827,.T.);
#6032=ADVANCED_FACE('',(#955),#567,.F.);
#6033=ADVANCED_FACE('',(#956),#568,.F.);
#6034=ADVANCED_FACE('',(#957),#569,.F.);
#6035=ADVANCED_FACE('',(#958),#570,.F.);
#6036=ADVANCED_FACE('',(#959),#571,.F.);
#6037=ADVANCED_FACE('',(#960),#572,.F.);
#6038=ADVANCED_FACE('',(#961),#573,.F.);
#6039=ADVANCED_FACE('',(#962),#574,.F.);
#6040=ADVANCED_FACE('',(#963),#575,.F.);
#6041=ADVANCED_FACE('',(#964),#576,.F.);
#6042=ADVANCED_FACE('',(#965),#577,.F.);
#6043=ADVANCED_FACE('',(#966),#578,.F.);
#6044=ADVANCED_FACE('',(#967),#579,.F.);
#6045=ADVANCED_FACE('',(#968),#580,.F.);
#6046=ADVANCED_FACE('',(#969),#581,.F.);
#6047=ADVANCED_FACE('',(#970),#828,.F.);
#6048=ADVANCED_FACE('',(#971),#582,.F.);
#6049=ADVANCED_FACE('',(#972),#583,.F.);
#6050=ADVANCED_FACE('',(#973),#584,.F.);
#6051=ADVANCED_FACE('',(#974),#585,.F.);
#6052=ADVANCED_FACE('',(#975),#829,.F.);
#6053=ADVANCED_FACE('',(#976),#586,.F.);
#6054=ADVANCED_FACE('',(#977),#587,.F.);
#6055=ADVANCED_FACE('',(#978),#588,.F.);
#6056=ADVANCED_FACE('',(#979),#589,.F.);
#6057=ADVANCED_FACE('',(#980),#590,.F.);
#6058=ADVANCED_FACE('',(#981),#591,.F.);
#6059=ADVANCED_FACE('',(#982),#592,.F.);
#6060=ADVANCED_FACE('',(#983),#593,.F.);
#6061=ADVANCED_FACE('',(#984),#594,.F.);
#6062=ADVANCED_FACE('',(#985),#595,.F.);
#6063=ADVANCED_FACE('',(#986),#596,.F.);
#6064=ADVANCED_FACE('',(#987),#830,.F.);
#6065=ADVANCED_FACE('',(#988),#597,.F.);
#6066=ADVANCED_FACE('',(#989,#777),#831,.T.);
#6067=ADVANCED_FACE('',(#990),#598,.F.);
#6068=ADVANCED_FACE('',(#991),#599,.F.);
#6069=ADVANCED_FACE('',(#992),#600,.F.);
#6070=ADVANCED_FACE('',(#993),#601,.F.);
#6071=ADVANCED_FACE('',(#994),#602,.F.);
#6072=ADVANCED_FACE('',(#995),#603,.F.);
#6073=ADVANCED_FACE('',(#996),#604,.F.);
#6074=ADVANCED_FACE('',(#997),#605,.F.);
#6075=ADVANCED_FACE('',(#998),#606,.F.);
#6076=ADVANCED_FACE('',(#999),#832,.F.);
#6077=ADVANCED_FACE('',(#1000),#607,.F.);
#6078=ADVANCED_FACE('',(#1001),#608,.F.);
#6079=ADVANCED_FACE('',(#1002),#609,.F.);
#6080=ADVANCED_FACE('',(#1003),#610,.F.);
#6081=ADVANCED_FACE('',(#1004),#611,.F.);
#6082=ADVANCED_FACE('',(#1005),#612,.F.);
#6083=ADVANCED_FACE('',(#1006),#613,.F.);
#6084=ADVANCED_FACE('',(#1007),#614,.F.);
#6085=ADVANCED_FACE('',(#1008),#615,.F.);
#6086=ADVANCED_FACE('',(#1009),#616,.F.);
#6087=ADVANCED_FACE('',(#1010),#617,.F.);
#6088=ADVANCED_FACE('',(#1011),#618,.F.);
#6089=ADVANCED_FACE('',(#1012),#619,.F.);
#6090=ADVANCED_FACE('',(#1013),#620,.F.);
#6091=ADVANCED_FACE('',(#1014),#621,.F.);
#6092=ADVANCED_FACE('',(#1015),#622,.F.);
#6093=ADVANCED_FACE('',(#1016),#623,.F.);
#6094=ADVANCED_FACE('',(#1017),#624,.F.);
#6095=ADVANCED_FACE('',(#1018),#625,.F.);
#6096=ADVANCED_FACE('',(#1019),#626,.F.);
#6097=ADVANCED_FACE('',(#1020),#627,.F.);
#6098=ADVANCED_FACE('',(#1021),#628,.F.);
#6099=ADVANCED_FACE('',(#1022),#629,.F.);
#6100=ADVANCED_FACE('',(#1023),#630,.F.);
#6101=ADVANCED_FACE('',(#1024),#631,.F.);
#6102=ADVANCED_FACE('',(#1025),#632,.F.);
#6103=ADVANCED_FACE('',(#1026),#633,.F.);
#6104=ADVANCED_FACE('',(#1027),#634,.F.);
#6105=ADVANCED_FACE('',(#1028),#635,.F.);
#6106=ADVANCED_FACE('',(#1029),#636,.F.);
#6107=ADVANCED_FACE('',(#1030),#637,.F.);
#6108=ADVANCED_FACE('',(#1031),#638,.F.);
#6109=ADVANCED_FACE('',(#1032,#778),#833,.T.);
#6110=ADVANCED_FACE('',(#1033),#834,.F.);
#6111=ADVANCED_FACE('',(#1034),#835,.F.);
#6112=ADVANCED_FACE('',(#1035),#836,.F.);
#6113=ADVANCED_FACE('',(#1036),#837,.F.);
#6114=ADVANCED_FACE('',(#1037),#838,.F.);
#6115=ADVANCED_FACE('',(#1038),#839,.F.);
#6116=ADVANCED_FACE('',(#1039),#840,.F.);
#6117=ADVANCED_FACE('',(#1040),#841,.F.);
#6118=ADVANCED_FACE('',(#1041),#842,.F.);
#6119=ADVANCED_FACE('',(#1042),#639,.F.);
#6120=ADVANCED_FACE('',(#1043),#640,.F.);
#6121=ADVANCED_FACE('',(#1044),#641,.F.);
#6122=ADVANCED_FACE('',(#1045),#642,.F.);
#6123=ADVANCED_FACE('',(#1046),#643,.F.);
#6124=ADVANCED_FACE('',(#1047),#644,.F.);
#6125=ADVANCED_FACE('',(#1048),#645,.F.);
#6126=ADVANCED_FACE('',(#1049),#646,.F.);
#6127=ADVANCED_FACE('',(#1050),#647,.F.);
#6128=ADVANCED_FACE('',(#1051),#648,.F.);
#6129=ADVANCED_FACE('',(#1052),#649,.F.);
#6130=ADVANCED_FACE('',(#1053),#650,.F.);
#6131=ADVANCED_FACE('',(#1054),#651,.F.);
#6132=ADVANCED_FACE('',(#1055),#652,.F.);
#6133=ADVANCED_FACE('',(#1056),#843,.F.);
#6134=ADVANCED_FACE('',(#1057),#653,.F.);
#6135=ADVANCED_FACE('',(#1058),#654,.F.);
#6136=ADVANCED_FACE('',(#1059),#655,.F.);
#6137=ADVANCED_FACE('',(#1060),#656,.F.);
#6138=ADVANCED_FACE('',(#1061),#844,.F.);
#6139=ADVANCED_FACE('',(#1062),#657,.F.);
#6140=ADVANCED_FACE('',(#1063),#845,.T.);
#6141=ADVANCED_FACE('',(#1064),#658,.F.);
#6142=ADVANCED_FACE('',(#1065),#659,.F.);
#6143=ADVANCED_FACE('',(#1066),#660,.F.);
#6144=ADVANCED_FACE('',(#1067),#661,.F.);
#6145=ADVANCED_FACE('',(#1068),#662,.F.);
#6146=ADVANCED_FACE('',(#1069),#663,.F.);
#6147=ADVANCED_FACE('',(#1070),#664,.F.);
#6148=ADVANCED_FACE('',(#1071),#665,.F.);
#6149=ADVANCED_FACE('',(#1072),#666,.F.);
#6150=ADVANCED_FACE('',(#1073),#667,.F.);
#6151=ADVANCED_FACE('',(#1074),#668,.F.);
#6152=ADVANCED_FACE('',(#1075),#669,.F.);
#6153=ADVANCED_FACE('',(#1076),#670,.F.);
#6154=ADVANCED_FACE('',(#1077),#671,.F.);
#6155=ADVANCED_FACE('',(#1078),#672,.F.);
#6156=ADVANCED_FACE('',(#1079),#673,.F.);
#6157=ADVANCED_FACE('',(#1080),#674,.F.);
#6158=ADVANCED_FACE('',(#1081),#675,.F.);
#6159=ADVANCED_FACE('',(#1082),#676,.F.);
#6160=ADVANCED_FACE('',(#1083),#677,.F.);
#6161=ADVANCED_FACE('',(#1084),#678,.F.);
#6162=ADVANCED_FACE('',(#1085),#679,.F.);
#6163=ADVANCED_FACE('',(#1086),#680,.F.);
#6164=ADVANCED_FACE('',(#1087),#681,.F.);
#6165=ADVANCED_FACE('',(#1088),#682,.F.);
#6166=ADVANCED_FACE('',(#1089),#683,.F.);
#6167=ADVANCED_FACE('',(#1090,#779),#846,.T.);
#6168=ADVANCED_FACE('',(#1091),#684,.F.);
#6169=ADVANCED_FACE('',(#1092),#685,.F.);
#6170=ADVANCED_FACE('',(#1093),#686,.F.);
#6171=ADVANCED_FACE('',(#1094),#687,.F.);
#6172=ADVANCED_FACE('',(#1095),#688,.F.);
#6173=ADVANCED_FACE('',(#1096),#689,.F.);
#6174=ADVANCED_FACE('',(#1097),#690,.F.);
#6175=ADVANCED_FACE('',(#1098),#691,.F.);
#6176=ADVANCED_FACE('',(#1099),#692,.F.);
#6177=ADVANCED_FACE('',(#1100),#693,.F.);
#6178=ADVANCED_FACE('',(#1101),#694,.F.);
#6179=ADVANCED_FACE('',(#1102),#695,.F.);
#6180=ADVANCED_FACE('',(#1103),#696,.F.);
#6181=ADVANCED_FACE('',(#1104),#847,.F.);
#6182=ADVANCED_FACE('',(#1105),#697,.F.);
#6183=ADVANCED_FACE('',(#1106),#698,.F.);
#6184=ADVANCED_FACE('',(#1107),#699,.F.);
#6185=ADVANCED_FACE('',(#1108),#700,.F.);
#6186=ADVANCED_FACE('',(#1109),#848,.F.);
#6187=ADVANCED_FACE('',(#1110),#701,.F.);
#6188=ADVANCED_FACE('',(#1111),#702,.F.);
#6189=ADVANCED_FACE('',(#1112),#703,.F.);
#6190=ADVANCED_FACE('',(#1113),#704,.F.);
#6191=ADVANCED_FACE('',(#1114),#705,.F.);
#6192=ADVANCED_FACE('',(#1115),#706,.F.);
#6193=ADVANCED_FACE('',(#1116),#707,.F.);
#6194=ADVANCED_FACE('',(#1117),#708,.F.);
#6195=ADVANCED_FACE('',(#1118),#709,.F.);
#6196=ADVANCED_FACE('',(#1119),#710,.F.);
#6197=ADVANCED_FACE('',(#1120),#711,.F.);
#6198=ADVANCED_FACE('',(#1121),#712,.F.);
#6199=ADVANCED_FACE('',(#1122),#713,.F.);
#6200=ADVANCED_FACE('',(#1123),#849,.F.);
#6201=ADVANCED_FACE('',(#1124),#714,.F.);
#6202=ADVANCED_FACE('',(#1125,#780),#850,.T.);
#6203=ADVANCED_FACE('',(#1126),#715,.F.);
#6204=ADVANCED_FACE('',(#1127),#716,.F.);
#6205=ADVANCED_FACE('',(#1128),#717,.F.);
#6206=ADVANCED_FACE('',(#1129),#851,.F.);
#6207=ADVANCED_FACE('',(#1130),#718,.F.);
#6208=ADVANCED_FACE('',(#1131),#719,.F.);
#6209=ADVANCED_FACE('',(#1132),#720,.F.);
#6210=ADVANCED_FACE('',(#1133),#721,.F.);
#6211=ADVANCED_FACE('',(#1134),#722,.F.);
#6212=ADVANCED_FACE('',(#1135),#723,.F.);
#6213=ADVANCED_FACE('',(#1136),#724,.F.);
#6214=ADVANCED_FACE('',(#1137),#725,.F.);
#6215=ADVANCED_FACE('',(#1138),#726,.F.);
#6216=ADVANCED_FACE('',(#1139),#727,.F.);
#6217=ADVANCED_FACE('',(#1140),#728,.F.);
#6218=ADVANCED_FACE('',(#1141),#729,.F.);
#6219=ADVANCED_FACE('',(#1142),#730,.F.);
#6220=ADVANCED_FACE('',(#1143),#731,.F.);
#6221=ADVANCED_FACE('',(#1144),#732,.F.);
#6222=ADVANCED_FACE('',(#1145),#733,.F.);
#6223=ADVANCED_FACE('',(#1146),#734,.F.);
#6224=ADVANCED_FACE('',(#1147),#735,.F.);
#6225=ADVANCED_FACE('',(#1148),#736,.F.);
#6226=ADVANCED_FACE('',(#1149),#737,.F.);
#6227=ADVANCED_FACE('',(#1150),#738,.F.);
#6228=ADVANCED_FACE('',(#1151),#739,.F.);
#6229=ADVANCED_FACE('',(#1152),#740,.F.);
#6230=ADVANCED_FACE('',(#1153),#741,.F.);
#6231=ADVANCED_FACE('',(#1154),#742,.F.);
#6232=ADVANCED_FACE('',(#1155),#852,.F.);
#6233=ADVANCED_FACE('',(#1156),#743,.F.);
#6234=ADVANCED_FACE('',(#1157,#781),#853,.T.);
#6235=ADVANCED_FACE('',(#1158),#744,.F.);
#6236=ADVANCED_FACE('',(#1159),#745,.F.);
#6237=ADVANCED_FACE('',(#1160),#746,.F.);
#6238=ADVANCED_FACE('',(#1161),#747,.F.);
#6239=ADVANCED_FACE('',(#1162),#748,.F.);
#6240=ADVANCED_FACE('',(#1163),#749,.F.);
#6241=ADVANCED_FACE('',(#1164),#750,.F.);
#6242=ADVANCED_FACE('',(#1165),#751,.F.);
#6243=ADVANCED_FACE('',(#1166),#752,.F.);
#6244=ADVANCED_FACE('',(#1167),#753,.F.);
#6245=ADVANCED_FACE('',(#1168),#754,.F.);
#6246=ADVANCED_FACE('',(#1169),#755,.F.);
#6247=ADVANCED_FACE('',(#1170),#756,.F.);
#6248=ADVANCED_FACE('',(#1171),#757,.F.);
#6249=ADVANCED_FACE('',(#1172),#758,.F.);
#6250=ADVANCED_FACE('',(#1173),#759,.F.);
#6251=ADVANCED_FACE('',(#1174),#760,.F.);
#6252=ADVANCED_FACE('',(#1175),#761,.F.);
#6253=ADVANCED_FACE('',(#1176),#762,.F.);
#6254=ADVANCED_FACE('',(#1177),#763,.F.);
#6255=ADVANCED_FACE('',(#1178),#764,.F.);
#6256=ADVANCED_FACE('',(#1179),#765,.F.);
#6257=ADVANCED_FACE('',(#1180),#766,.F.);
#6258=ADVANCED_FACE('',(#1181),#767,.F.);
#6259=ADVANCED_FACE('',(#1182),#768,.F.);
#6260=ADVANCED_FACE('',(#1183),#769,.F.);
#6261=ADVANCED_FACE('',(#1184),#854,.F.);
#6262=ADVANCED_FACE('',(#1185),#770,.F.);
#6263=ADVANCED_FACE('',(#1186,#782),#855,.T.);
#6264=ADVANCED_FACE('',(#1187),#856,.T.);
#6265=ADVANCED_FACE('',(#1188),#857,.T.);
#6266=ADVANCED_FACE('',(#1189),#858,.T.);
#6267=ADVANCED_FACE('',(#1190),#859,.T.);
#6268=ADVANCED_FACE('',(#1191),#860,.T.);
#6269=ADVANCED_FACE('',(#1192),#861,.T.);
#6270=ADVANCED_FACE('',(#1193),#862,.T.);
#6271=ADVANCED_FACE('',(#1194),#5941,.F.);
#6272=ADVANCED_FACE('',(#1195),#863,.T.);
#6273=ADVANCED_FACE('',(#1196),#5942,.F.);
#6274=ADVANCED_FACE('',(#1197),#864,.T.);
#6275=ADVANCED_FACE('',(#1198),#5943,.F.);
#6276=ADVANCED_FACE('',(#1199),#865,.T.);
#6277=ADVANCED_FACE('',(#1200),#5944,.F.);
#6278=ADVANCED_FACE('',(#1201),#5945,.T.);
#6279=ADVANCED_FACE('',(#1202),#866,.T.);
#6280=ADVANCED_FACE('',(#1203),#5946,.T.);
#6281=ADVANCED_FACE('',(#1204),#867,.T.);
#6282=ADVANCED_FACE('',(#1205),#5947,.T.);
#6283=ADVANCED_FACE('',(#1206),#868,.T.);
#6284=ADVANCED_FACE('',(#1207),#5948,.T.);
#6285=ADVANCED_FACE('',(#1208),#869,.T.);
#6286=ADVANCED_FACE('',(#1209),#5949,.T.);
#6287=ADVANCED_FACE('',(#1210),#870,.T.);
#6288=ADVANCED_FACE('',(#1211),#5950,.T.);
#6289=ADVANCED_FACE('',(#1212),#871,.T.);
#6290=ADVANCED_FACE('',(#1213,#783,#784,#785,#786,#787,#788,#789,#790,#791,
#792,#793,#794,#795,#796,#797,#798,#799),#872,.T.);
#6291=ADVANCED_FACE('',(#1214,#800,#801,#802,#803,#804,#805,#806),#873,
 .F.);
#6292=CLOSED_SHELL('',(#5951,#5952,#5953,#5954,#5955,#5956,#5957,#5958,
#5959,#5960,#5961,#5962,#5963,#5964,#5965,#5966,#5967,#5968,#5969,#5970,
#5971,#5972,#5973,#5974,#5975,#5976,#5977,#5978,#5979,#5980,#5981,#5982,
#5983,#5984,#5985,#5986,#5987,#5988,#5989,#5990,#5991,#5992,#5993,#5994,
#5995,#5996,#5997,#5998,#5999,#6000,#6001,#6002,#6003,#6004,#6005,#6006,
#6007,#6008,#6009,#6010,#6011,#6012,#6013,#6014,#6015,#6016,#6017,#6018,
#6019,#6020,#6021,#6022,#6023,#6024,#6025,#6026,#6027,#6028,#6029,#6030,
#6031,#6032,#6033,#6034,#6035,#6036,#6037,#6038,#6039,#6040,#6041,#6042,
#6043,#6044,#6045,#6046,#6047,#6048,#6049,#6050,#6051,#6052,#6053,#6054,
#6055,#6056,#6057,#6058,#6059,#6060,#6061,#6062,#6063,#6064,#6065,#6066,
#6067,#6068,#6069,#6070,#6071,#6072,#6073,#6074,#6075,#6076,#6077,#6078,
#6079,#6080,#6081,#6082,#6083,#6084,#6085,#6086,#6087,#6088,#6089,#6090,
#6091,#6092,#6093,#6094,#6095,#6096,#6097,#6098,#6099,#6100,#6101,#6102,
#6103,#6104,#6105,#6106,#6107,#6108,#6109,#6110,#6111,#6112,#6113,#6114,
#6115,#6116,#6117,#6118,#6119,#6120,#6121,#6122,#6123,#6124,#6125,#6126,
#6127,#6128,#6129,#6130,#6131,#6132,#6133,#6134,#6135,#6136,#6137,#6138,
#6139,#6140,#6141,#6142,#6143,#6144,#6145,#6146,#6147,#6148,#6149,#6150,
#6151,#6152,#6153,#6154,#6155,#6156,#6157,#6158,#6159,#6160,#6161,#6162,
#6163,#6164,#6165,#6166,#6167,#6168,#6169,#6170,#6171,#6172,#6173,#6174,
#6175,#6176,#6177,#6178,#6179,#6180,#6181,#6182,#6183,#6184,#6185,#6186,
#6187,#6188,#6189,#6190,#6191,#6192,#6193,#6194,#6195,#6196,#6197,#6198,
#6199,#6200,#6201,#6202,#6203,#6204,#6205,#6206,#6207,#6208,#6209,#6210,
#6211,#6212,#6213,#6214,#6215,#6216,#6217,#6218,#6219,#6220,#6221,#6222,
#6223,#6224,#6225,#6226,#6227,#6228,#6229,#6230,#6231,#6232,#6233,#6234,
#6235,#6236,#6237,#6238,#6239,#6240,#6241,#6242,#6243,#6244,#6245,#6246,
#6247,#6248,#6249,#6250,#6251,#6252,#6253,#6254,#6255,#6256,#6257,#6258,
#6259,#6260,#6261,#6262,#6263,#6264,#6265,#6266,#6267,#6268,#6269,#6270,
#6271,#6272,#6273,#6274,#6275,#6276,#6277,#6278,#6279,#6280,#6281,#6282,
#6283,#6284,#6285,#6286,#6287,#6288,#6289,#6290,#6291));
#6293=DERIVED_UNIT_ELEMENT(#6295,1.);
#6294=DERIVED_UNIT_ELEMENT(#13326,-3.);
#6295=(
MASS_UNIT()
NAMED_UNIT(*)
SI_UNIT(.KILO.,.GRAM.)
);
#6296=DERIVED_UNIT((#6293,#6294));
#6297=MEASURE_REPRESENTATION_ITEM('density measure',
POSITIVE_RATIO_MEASURE(7850.),#6296);
#6298=PROPERTY_DEFINITION_REPRESENTATION(#6303,#6300);
#6299=PROPERTY_DEFINITION_REPRESENTATION(#6304,#6301);
#6300=REPRESENTATION('material name',(#6302),#13323);
#6301=REPRESENTATION('density',(#6297),#13323);
#6302=DESCRIPTIVE_REPRESENTATION_ITEM('Steel','Steel');
#6303=PROPERTY_DEFINITION('material property','material name',#13333);
#6304=PROPERTY_DEFINITION('material property','density of part',#13333);
#6305=AXIS2_PLACEMENT_3D('',#7110,#6439,#6440);
#6306=AXIS2_PLACEMENT_3D('',#7111,#6441,#6442);
#6307=AXIS2_PLACEMENT_3D('',#7113,#6443,#6444);
#6308=AXIS2_PLACEMENT_3D('',#7116,#6446,#6447);
#6309=AXIS2_PLACEMENT_3D('',#7117,#6448,#6449);
#6310=AXIS2_PLACEMENT_3D('',#7119,#6450,#6451);
#6311=AXIS2_PLACEMENT_3D('',#7122,#6453,#6454);
#6312=AXIS2_PLACEMENT_3D('',#7123,#6455,#6456);
#6313=AXIS2_PLACEMENT_3D('',#7125,#6457,#6458);
#6314=AXIS2_PLACEMENT_3D('',#7128,#6460,#6461);
#6315=AXIS2_PLACEMENT_3D('',#7129,#6462,#6463);
#6316=AXIS2_PLACEMENT_3D('',#7131,#6464,#6465);
#6317=AXIS2_PLACEMENT_3D('',#7134,#6467,#6468);
#6318=AXIS2_PLACEMENT_3D('',#7135,#6469,#6470);
#6319=AXIS2_PLACEMENT_3D('',#7137,#6471,#6472);
#6320=AXIS2_PLACEMENT_3D('',#7140,#6474,#6475);
#6321=AXIS2_PLACEMENT_3D('',#7141,#6476,#6477);
#6322=AXIS2_PLACEMENT_3D('',#7143,#6478,#6479);
#6323=AXIS2_PLACEMENT_3D('',#7146,#6481,#6482);
#6324=AXIS2_PLACEMENT_3D('',#7147,#6483,#6484);
#6325=AXIS2_PLACEMENT_3D('',#7149,#6485,#6486);
#6326=AXIS2_PLACEMENT_3D('',#7152,#6488,#6489);
#6327=AXIS2_PLACEMENT_3D('',#7153,#6490,#6491);
#6328=AXIS2_PLACEMENT_3D('',#7154,#6492,#6493);
#6329=AXIS2_PLACEMENT_3D('',#7156,#6494,#6495);
#6330=AXIS2_PLACEMENT_3D('',#7159,#6497,#6498);
#6331=AXIS2_PLACEMENT_3D('',#7160,#6499,#6500);
#6332=AXIS2_PLACEMENT_3D('',#7161,#6501,#6502);
#6333=AXIS2_PLACEMENT_3D('',#7163,#6503,#6504);
#6334=AXIS2_PLACEMENT_3D('',#7166,#6506,#6507);
#6335=AXIS2_PLACEMENT_3D('',#7167,#6508,#6509);
#6336=AXIS2_PLACEMENT_3D('',#7168,#6510,#6511);
#6337=AXIS2_PLACEMENT_3D('',#7170,#6512,#6513);
#6338=AXIS2_PLACEMENT_3D('',#7173,#6515,#6516);
#6339=AXIS2_PLACEMENT_3D('',#7174,#6517,#6518);
#6340=AXIS2_PLACEMENT_3D('',#7175,#6519,#6520);
#6341=AXIS2_PLACEMENT_3D('',#7177,#6521,#6522);
#6342=AXIS2_PLACEMENT_3D('',#7180,#6524,#6525);
#6343=AXIS2_PLACEMENT_3D('',#7181,#6526,#6527);
#6344=AXIS2_PLACEMENT_3D('',#7182,#6528,#6529);
#6345=AXIS2_PLACEMENT_3D('',#7184,#6530,#6531);
#6346=AXIS2_PLACEMENT_3D('',#7187,#6533,#6534);
#6347=AXIS2_PLACEMENT_3D('',#7188,#6535,#6536);
#6348=AXIS2_PLACEMENT_3D('',#7261,#6541,#6542);
#6349=AXIS2_PLACEMENT_3D('',#7405,#6552,#6553);
#6350=AXIS2_PLACEMENT_3D('',#7411,#6557,#6558);
#6351=AXIS2_PLACEMENT_3D('',#7417,#6562,#6563);
#6352=AXIS2_PLACEMENT_3D('',#7584,#6574,#6575);
#6353=AXIS2_PLACEMENT_3D('',#7590,#6579,#6580);
#6354=AXIS2_PLACEMENT_3D('',#7711,#6589,#6590);
#6355=AXIS2_PLACEMENT_3D('',#7717,#6594,#6595);
#6356=AXIS2_PLACEMENT_3D('',#7743,#6599,#6600);
#6357=AXIS2_PLACEMENT_3D('',#8000,#6613,#6614);
#6358=AXIS2_PLACEMENT_3D('',#8190,#6626,#6627);
#6359=AXIS2_PLACEMENT_3D('',#8196,#6631,#6632);
#6360=AXIS2_PLACEMENT_3D('',#8340,#6642,#6643);
#6361=AXIS2_PLACEMENT_3D('',#8346,#6647,#6648);
#6362=AXIS2_PLACEMENT_3D('',#8372,#6652,#6653);
#6363=AXIS2_PLACEMENT_3D('',#8721,#6670,#6671);
#6364=AXIS2_PLACEMENT_3D('',#8819,#6679,#6680);
#6365=AXIS2_PLACEMENT_3D('',#9078,#6695,#6696);
#6366=AXIS2_PLACEMENT_3D('',#9104,#6700,#6701);
#6367=AXIS2_PLACEMENT_3D('',#9315,#6712,#6713);
#6368=AXIS2_PLACEMENT_3D('',#10054,#6748,#6749);
#6369=AXIS2_PLACEMENT_3D('',#10055,#6750,#6751);
#6370=AXIS2_PLACEMENT_3D('',#10064,#6756,#6757);
#6371=AXIS2_PLACEMENT_3D('',#10070,#6761,#6762);
#6372=AXIS2_PLACEMENT_3D('',#10076,#6766,#6767);
#6373=AXIS2_PLACEMENT_3D('',#10082,#6771,#6772);
#6374=AXIS2_PLACEMENT_3D('',#10088,#6776,#6777);
#6375=AXIS2_PLACEMENT_3D('',#10094,#6781,#6782);
#6376=AXIS2_PLACEMENT_3D('',#10100,#6786,#6787);
#6377=AXIS2_PLACEMENT_3D('',#10103,#6790,#6791);
#6378=AXIS2_PLACEMENT_3D('',#10429,#6807,#6808);
#6379=AXIS2_PLACEMENT_3D('',#10527,#6816,#6817);
#6380=AXIS2_PLACEMENT_3D('',#10553,#6821,#6822);
#6381=AXIS2_PLACEMENT_3D('',#11152,#6849,#6850);
#6382=AXIS2_PLACEMENT_3D('',#11455,#6865,#6866);
#6383=AXIS2_PLACEMENT_3D('',#11553,#6874,#6875);
#6384=AXIS2_PLACEMENT_3D('',#11858,#6892,#6893);
#6385=AXIS2_PLACEMENT_3D('',#11884,#6897,#6898);
#6386=AXIS2_PLACEMENT_3D('',#11957,#6903,#6904);
#6387=AXIS2_PLACEMENT_3D('',#12538,#6933,#6934);
#6388=AXIS2_PLACEMENT_3D('',#12564,#6938,#6939);
#6389=AXIS2_PLACEMENT_3D('',#13166,#6967,#6968);
#6390=AXIS2_PLACEMENT_3D('',#13192,#6972,#6973);
#6391=AXIS2_PLACEMENT_3D('',#13193,#6974,#6975);
#6392=AXIS2_PLACEMENT_3D('',#13194,#6976,#6977);
#6393=AXIS2_PLACEMENT_3D('',#13195,#6978,#6979);
#6394=AXIS2_PLACEMENT_3D('',#13196,#6980,#6981);
#6395=AXIS2_PLACEMENT_3D('',#13197,#6982,#6983);
#6396=AXIS2_PLACEMENT_3D('',#13198,#6984,#6985);
#6397=AXIS2_PLACEMENT_3D('',#13199,#6986,#6987);
#6398=AXIS2_PLACEMENT_3D('',#13208,#6992,#6993);
#6399=AXIS2_PLACEMENT_3D('',#13210,#6994,#6995);
#6400=AXIS2_PLACEMENT_3D('',#13212,#6996,#6997);
#6401=AXIS2_PLACEMENT_3D('',#13214,#6999,#7000);
#6402=AXIS2_PLACEMENT_3D('',#13220,#7004,#7005);
#6403=AXIS2_PLACEMENT_3D('',#13222,#7006,#7007);
#6404=AXIS2_PLACEMENT_3D('',#13224,#7008,#7009);
#6405=AXIS2_PLACEMENT_3D('',#13226,#7011,#7012);
#6406=AXIS2_PLACEMENT_3D('',#13232,#7016,#7017);
#6407=AXIS2_PLACEMENT_3D('',#13234,#7018,#7019);
#6408=AXIS2_PLACEMENT_3D('',#13236,#7020,#7021);
#6409=AXIS2_PLACEMENT_3D('',#13238,#7023,#7024);
#6410=AXIS2_PLACEMENT_3D('',#13244,#7028,#7029);
#6411=AXIS2_PLACEMENT_3D('',#13245,#7030,#7031);
#6412=AXIS2_PLACEMENT_3D('',#13246,#7032,#7033);
#6413=AXIS2_PLACEMENT_3D('',#13247,#7034,#7035);
#6414=AXIS2_PLACEMENT_3D('',#13250,#7036,#7037);
#6415=AXIS2_PLACEMENT_3D('',#13254,#7039,#7040);
#6416=AXIS2_PLACEMENT_3D('',#13256,#7042,#7043);
#6417=AXIS2_PLACEMENT_3D('',#13262,#7047,#7048);
#6418=AXIS2_PLACEMENT_3D('',#13264,#7049,#7050);
#6419=AXIS2_PLACEMENT_3D('',#13266,#7051,#7052);
#6420=AXIS2_PLACEMENT_3D('',#13268,#7054,#7055);
#6421=AXIS2_PLACEMENT_3D('',#13274,#7059,#7060);
#6422=AXIS2_PLACEMENT_3D('',#13276,#7061,#7062);
#6423=AXIS2_PLACEMENT_3D('',#13278,#7063,#7064);
#6424=AXIS2_PLACEMENT_3D('',#13280,#7066,#7067);
#6425=AXIS2_PLACEMENT_3D('',#13286,#7071,#7072);
#6426=AXIS2_PLACEMENT_3D('',#13288,#7073,#7074);
#6427=AXIS2_PLACEMENT_3D('',#13290,#7075,#7076);
#6428=AXIS2_PLACEMENT_3D('',#13292,#7078,#7079);
#6429=AXIS2_PLACEMENT_3D('',#13298,#7083,#7084);
#6430=AXIS2_PLACEMENT_3D('',#13300,#7085,#7086);
#6431=AXIS2_PLACEMENT_3D('',#13302,#7087,#7088);
#6432=AXIS2_PLACEMENT_3D('',#13304,#7090,#7091);
#6433=AXIS2_PLACEMENT_3D('',#13310,#7095,#7096);
#6434=AXIS2_PLACEMENT_3D('',#13312,#7097,#7098);
#6435=AXIS2_PLACEMENT_3D('',#13314,#7099,#7100);
#6436=AXIS2_PLACEMENT_3D('',#13316,#7102,#7103);
#6437=AXIS2_PLACEMENT_3D('',#13319,#7106,#7107);
#6438=AXIS2_PLACEMENT_3D('',#13320,#7108,#7109);
#6439=DIRECTION('axis',(0.,0.,1.));
#6440=DIRECTION('refdir',(1.,0.,0.));
#6441=DIRECTION('center_axis',(0.,1.,0.));
#6442=DIRECTION('ref_axis',(1.,0.,0.));
#6443=DIRECTION('center_axis',(0.,1.,0.));
#6444=DIRECTION('ref_axis',(1.,0.,0.));
#6445=DIRECTION('',(0.,1.,0.));
#6446=DIRECTION('center_axis',(0.,-1.,0.));
#6447=DIRECTION('ref_axis',(1.,0.,0.));
#6448=DIRECTION('center_axis',(0.,1.,0.));
#6449=DIRECTION('ref_axis',(1.,0.,0.));
#6450=DIRECTION('center_axis',(0.,1.,0.));
#6451=DIRECTION('ref_axis',(1.,0.,0.));
#6452=DIRECTION('',(0.,1.,0.));
#6453=DIRECTION('center_axis',(0.,-1.,0.));
#6454=DIRECTION('ref_axis',(1.,0.,0.));
#6455=DIRECTION('center_axis',(0.,1.,0.));
#6456=DIRECTION('ref_axis',(1.,0.,0.));
#6457=DIRECTION('center_axis',(0.,1.,0.));
#6458=DIRECTION('ref_axis',(1.,0.,0.));
#6459=DIRECTION('',(0.,1.,0.));
#6460=DIRECTION('center_axis',(0.,-1.,0.));
#6461=DIRECTION('ref_axis',(1.,0.,0.));
#6462=DIRECTION('center_axis',(0.,1.,0.));
#6463=DIRECTION('ref_axis',(1.,0.,0.));
#6464=DIRECTION('center_axis',(0.,1.,0.));
#6465=DIRECTION('ref_axis',(1.,0.,0.));
#6466=DIRECTION('',(0.,1.,0.));
#6467=DIRECTION('center_axis',(0.,-1.,0.));
#6468=DIRECTION('ref_axis',(1.,0.,0.));
#6469=DIRECTION('center_axis',(0.,1.,0.));
#6470=DIRECTION('ref_axis',(1.,0.,0.));
#6471=DIRECTION('center_axis',(0.,1.,0.));
#6472=DIRECTION('ref_axis',(1.,0.,0.));
#6473=DIRECTION('',(0.,1.,0.));
#6474=DIRECTION('center_axis',(0.,-1.,0.));
#6475=DIRECTION('ref_axis',(1.,0.,0.));
#6476=DIRECTION('center_axis',(0.,1.,0.));
#6477=DIRECTION('ref_axis',(1.,0.,0.));
#6478=DIRECTION('center_axis',(0.,1.,0.));
#6479=DIRECTION('ref_axis',(1.,0.,0.));
#6480=DIRECTION('',(0.,1.,0.));
#6481=DIRECTION('center_axis',(0.,-1.,0.));
#6482=DIRECTION('ref_axis',(1.,0.,0.));
#6483=DIRECTION('center_axis',(0.,1.,0.));
#6484=DIRECTION('ref_axis',(1.,0.,0.));
#6485=DIRECTION('center_axis',(0.,1.,0.));
#6486=DIRECTION('ref_axis',(1.,0.,0.));
#6487=DIRECTION('',(0.,1.,0.));
#6488=DIRECTION('center_axis',(0.,1.,0.));
#6489=DIRECTION('ref_axis',(1.,0.,0.));
#6490=DIRECTION('center_axis',(0.,-1.,0.));
#6491=DIRECTION('ref_axis',(1.,0.,0.));
#6492=DIRECTION('center_axis',(0.,1.,0.));
#6493=DIRECTION('ref_axis',(1.,0.,0.));
#6494=DIRECTION('center_axis',(0.,1.,0.));
#6495=DIRECTION('ref_axis',(1.,0.,0.));
#6496=DIRECTION('',(0.,1.,0.));
#6497=DIRECTION('center_axis',(0.,1.,0.));
#6498=DIRECTION('ref_axis',(1.,0.,0.));
#6499=DIRECTION('center_axis',(0.,-1.,0.));
#6500=DIRECTION('ref_axis',(1.,0.,0.));
#6501=DIRECTION('center_axis',(0.,1.,0.));
#6502=DIRECTION('ref_axis',(1.,0.,0.));
#6503=DIRECTION('center_axis',(0.,1.,0.));
#6504=DIRECTION('ref_axis',(1.,0.,0.));
#6505=DIRECTION('',(0.,1.,0.));
#6506=DIRECTION('center_axis',(0.,1.,0.));
#6507=DIRECTION('ref_axis',(1.,0.,0.));
#6508=DIRECTION('center_axis',(0.,-1.,0.));
#6509=DIRECTION('ref_axis',(1.,0.,0.));
#6510=DIRECTION('center_axis',(0.,1.,0.));
#6511=DIRECTION('ref_axis',(1.,0.,0.));
#6512=DIRECTION('center_axis',(0.,1.,0.));
#6513=DIRECTION('ref_axis',(1.,0.,0.));
#6514=DIRECTION('',(0.,1.,0.));
#6515=DIRECTION('center_axis',(0.,1.,0.));
#6516=DIRECTION('ref_axis',(1.,0.,0.));
#6517=DIRECTION('center_axis',(0.,-1.,0.));
#6518=DIRECTION('ref_axis',(1.,0.,0.));
#6519=DIRECTION('center_axis',(0.,1.,0.));
#6520=DIRECTION('ref_axis',(1.,0.,0.));
#6521=DIRECTION('center_axis',(0.,1.,0.));
#6522=DIRECTION('ref_axis',(1.,0.,0.));
#6523=DIRECTION('',(0.,1.,0.));
#6524=DIRECTION('center_axis',(0.,1.,0.));
#6525=DIRECTION('ref_axis',(1.,0.,0.));
#6526=DIRECTION('center_axis',(0.,-1.,0.));
#6527=DIRECTION('ref_axis',(1.,0.,0.));
#6528=DIRECTION('center_axis',(0.,1.,0.));
#6529=DIRECTION('ref_axis',(1.,0.,0.));
#6530=DIRECTION('center_axis',(0.,1.,0.));
#6531=DIRECTION('ref_axis',(1.,0.,0.));
#6532=DIRECTION('',(0.,1.,0.));
#6533=DIRECTION('center_axis',(0.,1.,0.));
#6534=DIRECTION('ref_axis',(1.,0.,0.));
#6535=DIRECTION('center_axis',(0.,-1.,0.));
#6536=DIRECTION('ref_axis',(1.,0.,0.));
#6537=DIRECTION('',(0.,1.,0.));
#6538=DIRECTION('',(0.,1.,0.));
#6539=DIRECTION('',(0.,1.,0.));
#6540=DIRECTION('',(0.,1.,0.));
#6541=DIRECTION('center_axis',(-1.64706839629795E-15,0.,-1.));
#6542=DIRECTION('ref_axis',(-1.,0.,1.64706839629795E-15));
#6543=DIRECTION('',(-1.,0.,1.64706839629795E-15));
#6544=DIRECTION('',(0.,1.,0.));
#6545=DIRECTION('',(-1.,0.,1.64706839629795E-15));
#6546=DIRECTION('',(0.,1.,0.));
#6547=DIRECTION('',(0.,1.,0.));
#6548=DIRECTION('',(0.,1.,0.));
#6549=DIRECTION('',(0.,1.,0.));
#6550=DIRECTION('',(0.,1.,0.));
#6551=DIRECTION('',(0.,1.,0.));
#6552=DIRECTION('center_axis',(0.,0.,1.));
#6553=DIRECTION('ref_axis',(1.,0.,0.));
#6554=DIRECTION('',(1.,0.,0.));
#6555=DIRECTION('',(0.,1.,0.));
#6556=DIRECTION('',(1.,0.,0.));
#6557=DIRECTION('center_axis',(0.72180256591018,0.,0.692099021705334));
#6558=DIRECTION('ref_axis',(0.692099021705334,0.,-0.72180256591018));
#6559=DIRECTION('',(0.692099021705334,0.,-0.72180256591018));
#6560=DIRECTION('',(0.,1.,0.));
#6561=DIRECTION('',(0.692099021705334,0.,-0.72180256591018));
#6562=DIRECTION('center_axis',(0.544988350595414,0.,-0.838443616300637));
#6563=DIRECTION('ref_axis',(-0.838443616300637,0.,-0.544988350595414));
#6564=DIRECTION('',(-0.838443616300637,0.,-0.544988350595414));
#6565=DIRECTION('',(0.,1.,0.));
#6566=DIRECTION('',(-0.838443616300637,0.,-0.544988350595414));
#6567=DIRECTION('',(0.,1.,0.));
#6568=DIRECTION('',(0.,1.,0.));
#6569=DIRECTION('',(0.,1.,0.));
#6570=DIRECTION('',(0.,1.,0.));
#6571=DIRECTION('',(0.,1.,0.));
#6572=DIRECTION('',(0.,1.,0.));
#6573=DIRECTION('',(0.,1.,0.));
#6574=DIRECTION('center_axis',(-0.572353728831955,0.,0.820006834783807));
#6575=DIRECTION('ref_axis',(0.820006834783806,0.,0.572353728831955));
#6576=DIRECTION('',(0.820006834783806,0.,0.572353728831955));
#6577=DIRECTION('',(0.,1.,0.));
#6578=DIRECTION('',(0.820006834783806,0.,0.572353728831955));
#6579=DIRECTION('center_axis',(0.725952575675242,0.,0.687744762154159));
#6580=DIRECTION('ref_axis',(0.687744762154159,0.,-0.725952575675242));
#6581=DIRECTION('',(0.687744762154159,0.,-0.725952575675242));
#6582=DIRECTION('',(0.,1.,0.));
#6583=DIRECTION('',(0.687744762154159,0.,-0.725952575675242));
#6584=DIRECTION('',(0.,1.,0.));
#6585=DIRECTION('',(0.,1.,0.));
#6586=DIRECTION('',(0.,1.,0.));
#6587=DIRECTION('',(0.,1.,0.));
#6588=DIRECTION('',(0.,1.,0.));
#6589=DIRECTION('center_axis',(-0.692111598812689,0.,-0.721790506164319));
#6590=DIRECTION('ref_axis',(-0.721790506164319,0.,0.692111598812689));
#6591=DIRECTION('',(-0.721790506164319,0.,0.692111598812689));
#6592=DIRECTION('',(0.,1.,0.));
#6593=DIRECTION('',(-0.721790506164319,0.,0.692111598812689));
#6594=DIRECTION('center_axis',(0.,0.,1.));
#6595=DIRECTION('ref_axis',(1.,0.,0.));
#6596=DIRECTION('',(1.,0.,0.));
#6597=DIRECTION('',(0.,1.,0.));
#6598=DIRECTION('',(1.,0.,0.));
#6599=DIRECTION('center_axis',(0.,-1.,0.));
#6600=DIRECTION('ref_axis',(1.,0.,0.));
#6601=DIRECTION('',(0.,1.,0.));
#6602=DIRECTION('',(0.,1.,0.));
#6603=DIRECTION('',(0.,1.,0.));
#6604=DIRECTION('',(0.,1.,0.));
#6605=DIRECTION('',(0.,1.,0.));
#6606=DIRECTION('',(0.,1.,0.));
#6607=DIRECTION('',(0.,1.,0.));
#6608=DIRECTION('',(0.,1.,0.));
#6609=DIRECTION('',(0.,1.,0.));
#6610=DIRECTION('',(0.,1.,0.));
#6611=DIRECTION('',(0.,1.,0.));
#6612=DIRECTION('',(0.,1.,0.));
#6613=DIRECTION('center_axis',(0.356828808074274,0.,0.934169792772327));
#6614=DIRECTION('ref_axis',(0.934169792772327,0.,-0.356828808074274));
#6615=DIRECTION('',(0.934169792772327,0.,-0.356828808074274));
#6616=DIRECTION('',(0.,1.,0.));
#6617=DIRECTION('',(0.934169792772327,0.,-0.356828808074274));
#6618=DIRECTION('',(0.,1.,0.));
#6619=DIRECTION('',(0.,1.,0.));
#6620=DIRECTION('',(0.,1.,0.));
#6621=DIRECTION('',(0.,1.,0.));
#6622=DIRECTION('',(0.,1.,0.));
#6623=DIRECTION('',(0.,1.,0.));
#6624=DIRECTION('',(0.,1.,0.));
#6625=DIRECTION('',(0.,1.,0.));
#6626=DIRECTION('center_axis',(-0.330686684117109,0.,-0.943740598336021));
#6627=DIRECTION('ref_axis',(-0.943740598336021,0.,0.330686684117109));
#6628=DIRECTION('',(-0.943740598336021,0.,0.330686684117109));
#6629=DIRECTION('',(0.,1.,0.));
#6630=DIRECTION('',(-0.943740598336021,0.,0.330686684117109));
#6631=DIRECTION('center_axis',(-0.325079891711919,0.,0.945686556954558));
#6632=DIRECTION('ref_axis',(0.945686556954558,0.,0.325079891711919));
#6633=DIRECTION('',(0.945686556954558,0.,0.325079891711919));
#6634=DIRECTION('',(0.,1.,0.));
#6635=DIRECTION('',(0.945686556954558,0.,0.325079891711919));
#6636=DIRECTION('',(0.,1.,0.));
#6637=DIRECTION('',(0.,1.,0.));
#6638=DIRECTION('',(0.,1.,0.));
#6639=DIRECTION('',(0.,1.,0.));
#6640=DIRECTION('',(0.,1.,0.));
#6641=DIRECTION('',(0.,1.,0.));
#6642=DIRECTION('center_axis',(0.369116789503963,0.,-0.929383018838997));
#6643=DIRECTION('ref_axis',(-0.929383018838997,0.,-0.369116789503963));
#6644=DIRECTION('',(-0.929383018838997,0.,-0.369116789503963));
#6645=DIRECTION('',(0.,1.,0.));
#6646=DIRECTION('',(-0.929383018838997,0.,-0.369116789503963));
#6647=DIRECTION('center_axis',(-0.379223981817921,0.,-0.925304907376029));
#6648=DIRECTION('ref_axis',(-0.925304907376029,0.,0.379223981817921));
#6649=DIRECTION('',(-0.925304907376029,0.,0.379223981817921));
#6650=DIRECTION('',(0.,1.,0.));
#6651=DIRECTION('',(-0.925304907376029,0.,0.379223981817921));
#6652=DIRECTION('center_axis',(0.,-1.,0.));
#6653=DIRECTION('ref_axis',(1.,0.,0.));
#6654=DIRECTION('',(0.,1.,0.));
#6655=DIRECTION('',(0.,1.,0.));
#6656=DIRECTION('',(0.,1.,0.));
#6657=DIRECTION('',(0.,1.,0.));
#6658=DIRECTION('',(0.,1.,0.));
#6659=DIRECTION('',(0.,1.,0.));
#6660=DIRECTION('',(0.,1.,0.));
#6661=DIRECTION('',(0.,1.,0.));
#6662=DIRECTION('',(0.,1.,0.));
#6663=DIRECTION('',(0.,1.,0.));
#6664=DIRECTION('',(0.,1.,0.));
#6665=DIRECTION('',(0.,1.,0.));
#6666=DIRECTION('',(0.,1.,0.));
#6667=DIRECTION('',(0.,1.,0.));
#6668=DIRECTION('',(0.,1.,0.));
#6669=DIRECTION('',(0.,1.,0.));
#6670=DIRECTION('center_axis',(1.49111680787453E-15,0.,1.));
#6671=DIRECTION('ref_axis',(1.,0.,-1.49111680787453E-15));
#6672=DIRECTION('',(1.,0.,-1.49111680787453E-15));
#6673=DIRECTION('',(0.,1.,0.));
#6674=DIRECTION('',(1.,0.,-1.49111680787453E-15));
#6675=DIRECTION('',(0.,1.,0.));
#6676=DIRECTION('',(0.,1.,0.));
#6677=DIRECTION('',(0.,1.,0.));
#6678=DIRECTION('',(0.,1.,0.));
#6679=DIRECTION('center_axis',(-1.11371248380741E-15,0.,-1.));
#6680=DIRECTION('ref_axis',(-1.,0.,1.11371248380741E-15));
#6681=DIRECTION('',(-1.,0.,1.11371248380741E-15));
#6682=DIRECTION('',(0.,1.,0.));
#6683=DIRECTION('',(-1.,0.,1.11371248380741E-15));
#6684=DIRECTION('',(0.,1.,0.));
#6685=DIRECTION('',(0.,1.,0.));
#6686=DIRECTION('',(0.,1.,0.));
#6687=DIRECTION('',(0.,1.,0.));
#6688=DIRECTION('',(0.,1.,0.));
#6689=DIRECTION('',(0.,1.,0.));
#6690=DIRECTION('',(0.,1.,0.));
#6691=DIRECTION('',(0.,1.,0.));
#6692=DIRECTION('',(0.,1.,0.));
#6693=DIRECTION('',(0.,1.,0.));
#6694=DIRECTION('',(0.,1.,0.));
#6695=DIRECTION('center_axis',(0.,0.,-1.));
#6696=DIRECTION('ref_axis',(-1.,0.,0.));
#6697=DIRECTION('',(-1.,0.,0.));
#6698=DIRECTION('',(0.,1.,0.));
#6699=DIRECTION('',(-1.,0.,0.));
#6700=DIRECTION('center_axis',(0.,-1.,0.));
#6701=DIRECTION('ref_axis',(1.,0.,0.));
#6702=DIRECTION('',(0.,1.,0.));
#6703=DIRECTION('',(0.,1.,0.));
#6704=DIRECTION('',(0.,1.,0.));
#6705=DIRECTION('',(0.,1.,0.));
#6706=DIRECTION('',(0.,1.,0.));
#6707=DIRECTION('',(0.,1.,0.));
#6708=DIRECTION('',(0.,1.,0.));
#6709=DIRECTION('',(0.,1.,0.));
#6710=DIRECTION('',(0.,1.,0.));
#6711=DIRECTION('',(0.,1.,0.));
#6712=DIRECTION('center_axis',(0.,0.,-1.));
#6713=DIRECTION('ref_axis',(-1.,0.,0.));
#6714=DIRECTION('',(-1.,0.,0.));
#6715=DIRECTION('',(-1.,0.,0.));
#6716=DIRECTION('',(0.,1.,0.));
#6717=DIRECTION('',(0.,1.,0.));
#6718=DIRECTION('',(0.,1.,0.));
#6719=DIRECTION('',(0.,1.,0.));
#6720=DIRECTION('',(0.,1.,0.));
#6721=DIRECTION('',(0.,1.,0.));
#6722=DIRECTION('',(0.,1.,0.));
#6723=DIRECTION('',(0.,1.,0.));
#6724=DIRECTION('',(0.,1.,0.));
#6725=DIRECTION('',(0.,1.,0.));
#6726=DIRECTION('',(0.,1.,0.));
#6727=DIRECTION('',(0.,1.,0.));
#6728=DIRECTION('',(0.,1.,0.));
#6729=DIRECTION('',(0.,1.,0.));
#6730=DIRECTION('',(0.,1.,0.));
#6731=DIRECTION('',(0.,1.,0.));
#6732=DIRECTION('',(0.,1.,0.));
#6733=DIRECTION('',(0.,1.,0.));
#6734=DIRECTION('',(0.,1.,0.));
#6735=DIRECTION('',(0.,1.,0.));
#6736=DIRECTION('',(0.,1.,0.));
#6737=DIRECTION('',(0.,1.,0.));
#6738=DIRECTION('',(0.,1.,0.));
#6739=DIRECTION('',(0.,1.,0.));
#6740=DIRECTION('',(0.,1.,0.));
#6741=DIRECTION('',(0.,1.,0.));
#6742=DIRECTION('',(0.,1.,0.));
#6743=DIRECTION('',(0.,1.,0.));
#6744=DIRECTION('',(0.,1.,0.));
#6745=DIRECTION('',(0.,1.,0.));
#6746=DIRECTION('',(0.,1.,0.));
#6747=DIRECTION('',(0.,1.,0.));
#6748=DIRECTION('center_axis',(0.,-1.,0.));
#6749=DIRECTION('ref_axis',(1.,0.,0.));
#6750=DIRECTION('center_axis',(1.,0.,0.));
#6751=DIRECTION('ref_axis',(0.,0.,-1.));
#6752=DIRECTION('',(0.,0.,-1.));
#6753=DIRECTION('',(0.,1.,0.));
#6754=DIRECTION('',(0.,0.,-1.));
#6755=DIRECTION('',(0.,1.,0.));
#6756=DIRECTION('center_axis',(0.,0.,-1.));
#6757=DIRECTION('ref_axis',(-1.,0.,0.));
#6758=DIRECTION('',(-1.,0.,0.));
#6759=DIRECTION('',(0.,1.,0.));
#6760=DIRECTION('',(-1.,0.,0.));
#6761=DIRECTION('center_axis',(1.,0.,0.));
#6762=DIRECTION('ref_axis',(0.,0.,-1.));
#6763=DIRECTION('',(0.,0.,-1.));
#6764=DIRECTION('',(0.,1.,0.));
#6765=DIRECTION('',(0.,0.,-1.));
#6766=DIRECTION('center_axis',(0.,0.,1.));
#6767=DIRECTION('ref_axis',(1.,0.,0.));
#6768=DIRECTION('',(1.,0.,0.));
#6769=DIRECTION('',(0.,1.,0.));
#6770=DIRECTION('',(1.,0.,0.));
#6771=DIRECTION('center_axis',(1.,0.,0.));
#6772=DIRECTION('ref_axis',(0.,0.,-1.));
#6773=DIRECTION('',(0.,0.,-1.));
#6774=DIRECTION('',(0.,1.,0.));
#6775=DIRECTION('',(0.,0.,-1.));
#6776=DIRECTION('center_axis',(0.,0.,1.));
#6777=DIRECTION('ref_axis',(1.,0.,0.));
#6778=DIRECTION('',(1.,0.,0.));
#6779=DIRECTION('',(0.,1.,0.));
#6780=DIRECTION('',(1.,0.,0.));
#6781=DIRECTION('center_axis',(-1.,0.,0.));
#6782=DIRECTION('ref_axis',(0.,0.,1.));
#6783=DIRECTION('',(0.,0.,1.));
#6784=DIRECTION('',(0.,1.,0.));
#6785=DIRECTION('',(0.,0.,1.));
#6786=DIRECTION('center_axis',(0.,0.,-1.));
#6787=DIRECTION('ref_axis',(-1.,0.,0.));
#6788=DIRECTION('',(-1.,0.,0.));
#6789=DIRECTION('',(-1.,0.,0.));
#6790=DIRECTION('center_axis',(0.,1.,0.));
#6791=DIRECTION('ref_axis',(0.,0.,1.));
#6792=DIRECTION('',(0.,1.,0.));
#6793=DIRECTION('',(0.,1.,0.));
#6794=DIRECTION('',(0.,1.,0.));
#6795=DIRECTION('',(0.,1.,0.));
#6796=DIRECTION('',(0.,1.,0.));
#6797=DIRECTION('',(0.,1.,0.));
#6798=DIRECTION('',(0.,1.,0.));
#6799=DIRECTION('',(0.,1.,0.));
#6800=DIRECTION('',(0.,1.,0.));
#6801=DIRECTION('',(0.,1.,0.));
#6802=DIRECTION('',(0.,1.,0.));
#6803=DIRECTION('',(0.,1.,0.));
#6804=DIRECTION('',(0.,1.,0.));
#6805=DIRECTION('',(0.,1.,0.));
#6806=DIRECTION('',(0.,1.,0.));
#6807=DIRECTION('center_axis',(-1.18112131785173E-15,0.,-1.));
#6808=DIRECTION('ref_axis',(-1.,0.,1.18112131785173E-15));
#6809=DIRECTION('',(-1.,0.,1.18112131785173E-15));
#6810=DIRECTION('',(0.,1.,0.));
#6811=DIRECTION('',(-1.,0.,1.18112131785173E-15));
#6812=DIRECTION('',(0.,1.,0.));
#6813=DIRECTION('',(0.,1.,0.));
#6814=DIRECTION('',(0.,1.,0.));
#6815=DIRECTION('',(0.,1.,0.));
#6816=DIRECTION('center_axis',(0.,0.,1.));
#6817=DIRECTION('ref_axis',(1.,0.,0.));
#6818=DIRECTION('',(1.,0.,0.));
#6819=DIRECTION('',(0.,1.,0.));
#6820=DIRECTION('',(1.,0.,0.));
#6821=DIRECTION('center_axis',(0.,-1.,0.));
#6822=DIRECTION('ref_axis',(1.,0.,0.));
#6823=DIRECTION('',(0.,1.,0.));
#6824=DIRECTION('',(0.,1.,0.));
#6825=DIRECTION('',(0.,1.,0.));
#6826=DIRECTION('',(0.,1.,0.));
#6827=DIRECTION('',(0.,1.,0.));
#6828=DIRECTION('',(0.,1.,0.));
#6829=DIRECTION('',(0.,1.,0.));
#6830=DIRECTION('',(0.,1.,0.));
#6831=DIRECTION('',(0.,1.,0.));
#6832=DIRECTION('',(0.,1.,0.));
#6833=DIRECTION('',(0.,1.,0.));
#6834=DIRECTION('',(0.,1.,0.));
#6835=DIRECTION('',(0.,1.,0.));
#6836=DIRECTION('',(0.,1.,0.));
#6837=DIRECTION('',(0.,1.,0.));
#6838=DIRECTION('',(0.,1.,0.));
#6839=DIRECTION('',(0.,1.,0.));
#6840=DIRECTION('',(0.,1.,0.));
#6841=DIRECTION('',(0.,1.,0.));
#6842=DIRECTION('',(0.,1.,0.));
#6843=DIRECTION('',(0.,1.,0.));
#6844=DIRECTION('',(0.,1.,0.));
#6845=DIRECTION('',(0.,1.,0.));
#6846=DIRECTION('',(0.,1.,0.));
#6847=DIRECTION('',(0.,1.,0.));
#6848=DIRECTION('',(0.,1.,0.));
#6849=DIRECTION('center_axis',(0.,-1.,0.));
#6850=DIRECTION('ref_axis',(1.,0.,0.));
#6851=DIRECTION('',(0.,1.,0.));
#6852=DIRECTION('',(0.,1.,0.));
#6853=DIRECTION('',(0.,1.,0.));
#6854=DIRECTION('',(0.,1.,0.));
#6855=DIRECTION('',(0.,1.,0.));
#6856=DIRECTION('',(0.,1.,0.));
#6857=DIRECTION('',(0.,1.,0.));
#6858=DIRECTION('',(0.,1.,0.));
#6859=DIRECTION('',(0.,1.,0.));
#6860=DIRECTION('',(0.,1.,0.));
#6861=DIRECTION('',(0.,1.,0.));
#6862=DIRECTION('',(0.,1.,0.));
#6863=DIRECTION('',(0.,1.,0.));
#6864=DIRECTION('',(0.,1.,0.));
#6865=DIRECTION('center_axis',(-1.50612806810238E-15,0.,-1.));
#6866=DIRECTION('ref_axis',(-1.,0.,1.50612806810238E-15));
#6867=DIRECTION('',(-1.,0.,1.50612806810238E-15));
#6868=DIRECTION('',(0.,1.,0.));
#6869=DIRECTION('',(-1.,0.,1.50612806810238E-15));
#6870=DIRECTION('',(0.,1.,0.));
#6871=DIRECTION('',(0.,1.,0.));
#6872=DIRECTION('',(0.,1.,0.));
#6873=DIRECTION('',(0.,1.,0.));
#6874=DIRECTION('center_axis',(0.,0.,1.));
#6875=DIRECTION('ref_axis',(1.,0.,0.));
#6876=DIRECTION('',(1.,0.,0.));
#6877=DIRECTION('',(0.,1.,0.));
#6878=DIRECTION('',(1.,0.,0.));
#6879=DIRECTION('',(0.,1.,0.));
#6880=DIRECTION('',(0.,1.,0.));
#6881=DIRECTION('',(0.,1.,0.));
#6882=DIRECTION('',(0.,1.,0.));
#6883=DIRECTION('',(0.,1.,0.));
#6884=DIRECTION('',(0.,1.,0.));
#6885=DIRECTION('',(0.,1.,0.));
#6886=DIRECTION('',(0.,1.,0.));
#6887=DIRECTION('',(0.,1.,0.));
#6888=DIRECTION('',(0.,1.,0.));
#6889=DIRECTION('',(0.,1.,0.));
#6890=DIRECTION('',(0.,1.,0.));
#6891=DIRECTION('',(0.,1.,0.));
#6892=DIRECTION('center_axis',(0.,0.,1.));
#6893=DIRECTION('ref_axis',(1.,0.,0.));
#6894=DIRECTION('',(1.,0.,0.));
#6895=DIRECTION('',(0.,1.,0.));
#6896=DIRECTION('',(1.,0.,0.));
#6897=DIRECTION('center_axis',(0.,-1.,0.));
#6898=DIRECTION('ref_axis',(1.,0.,0.));
#6899=DIRECTION('',(0.,1.,0.));
#6900=DIRECTION('',(0.,1.,0.));
#6901=DIRECTION('',(0.,1.,0.));
#6902=DIRECTION('',(0.,1.,0.));
#6903=DIRECTION('center_axis',(-1.,0.,1.81343840483496E-15));
#6904=DIRECTION('ref_axis',(1.81343840483496E-15,0.,1.));
#6905=DIRECTION('',(1.81343840483496E-15,0.,1.));
#6906=DIRECTION('',(0.,1.,0.));
#6907=DIRECTION('',(1.81343840483496E-15,0.,1.));
#6908=DIRECTION('',(0.,1.,0.));
#6909=DIRECTION('',(0.,1.,0.));
#6910=DIRECTION('',(0.,1.,0.));
#6911=DIRECTION('',(0.,1.,0.));
#6912=DIRECTION('',(0.,1.,0.));
#6913=DIRECTION('',(0.,1.,0.));
#6914=DIRECTION('',(0.,1.,0.));
#6915=DIRECTION('',(0.,1.,0.));
#6916=DIRECTION('',(0.,1.,0.));
#6917=DIRECTION('',(0.,1.,0.));
#6918=DIRECTION('',(0.,1.,0.));
#6919=DIRECTION('',(0.,1.,0.));
#6920=DIRECTION('',(0.,1.,0.));
#6921=DIRECTION('',(0.,1.,0.));
#6922=DIRECTION('',(0.,1.,0.));
#6923=DIRECTION('',(0.,1.,0.));
#6924=DIRECTION('',(0.,1.,0.));
#6925=DIRECTION('',(0.,1.,0.));
#6926=DIRECTION('',(0.,1.,0.));
#6927=DIRECTION('',(0.,1.,0.));
#6928=DIRECTION('',(0.,1.,0.));
#6929=DIRECTION('',(0.,1.,0.));
#6930=DIRECTION('',(0.,1.,0.));
#6931=DIRECTION('',(0.,1.,0.));
#6932=DIRECTION('',(0.,1.,0.));
#6933=DIRECTION('center_axis',(1.,0.,-1.68099665111181E-15));
#6934=DIRECTION('ref_axis',(-1.68099665111181E-15,0.,-1.));
#6935=DIRECTION('',(-1.68099665111181E-15,0.,-1.));
#6936=DIRECTION('',(0.,1.,0.));
#6937=DIRECTION('',(-1.68099665111181E-15,0.,-1.));
#6938=DIRECTION('center_axis',(0.,-1.,0.));
#6939=DIRECTION('ref_axis',(1.,0.,0.));
#6940=DIRECTION('',(0.,1.,0.));
#6941=DIRECTION('',(0.,1.,0.));
#6942=DIRECTION('',(0.,1.,0.));
#6943=DIRECTION('',(0.,1.,0.));
#6944=DIRECTION('',(0.,1.,0.));
#6945=DIRECTION('',(0.,1.,0.));
#6946=DIRECTION('',(0.,1.,0.));
#6947=DIRECTION('',(0.,1.,0.));
#6948=DIRECTION('',(0.,1.,0.));
#6949=DIRECTION('',(0.,1.,0.));
#6950=DIRECTION('',(0.,1.,0.));
#6951=DIRECTION('',(0.,1.,0.));
#6952=DIRECTION('',(0.,1.,0.));
#6953=DIRECTION('',(0.,1.,0.));
#6954=DIRECTION('',(0.,1.,0.));
#6955=DIRECTION('',(0.,1.,0.));
#6956=DIRECTION('',(0.,1.,0.));
#6957=DIRECTION('',(0.,1.,0.));
#6958=DIRECTION('',(0.,1.,0.));
#6959=DIRECTION('',(0.,1.,0.));
#6960=DIRECTION('',(0.,1.,0.));
#6961=DIRECTION('',(0.,1.,0.));
#6962=DIRECTION('',(0.,1.,0.));
#6963=DIRECTION('',(0.,1.,0.));
#6964=DIRECTION('',(0.,1.,0.));
#6965=DIRECTION('',(0.,1.,0.));
#6966=DIRECTION('',(0.,1.,0.));
#6967=DIRECTION('center_axis',(-0.992164422624237,0.,-0.12493901904015));
#6968=DIRECTION('ref_axis',(-0.12493901904015,0.,0.992164422624237));
#6969=DIRECTION('',(-0.12493901904015,0.,0.992164422624237));
#6970=DIRECTION('',(0.,1.,0.));
#6971=DIRECTION('',(-0.12493901904015,0.,0.992164422624237));
#6972=DIRECTION('center_axis',(0.,-1.,0.));
#6973=DIRECTION('ref_axis',(1.,0.,0.));
#6974=DIRECTION('center_axis',(0.,-1.,0.));
#6975=DIRECTION('ref_axis',(1.,0.,0.));
#6976=DIRECTION('center_axis',(0.,-1.,0.));
#6977=DIRECTION('ref_axis',(1.,0.,0.));
#6978=DIRECTION('center_axis',(0.,-1.,0.));
#6979=DIRECTION('ref_axis',(1.,0.,0.));
#6980=DIRECTION('center_axis',(0.,-1.,0.));
#6981=DIRECTION('ref_axis',(1.,0.,0.));
#6982=DIRECTION('center_axis',(0.,-1.,0.));
#6983=DIRECTION('ref_axis',(1.,0.,0.));
#6984=DIRECTION('center_axis',(0.,-1.,0.));
#6985=DIRECTION('ref_axis',(1.,0.,0.));
#6986=DIRECTION('center_axis',(0.,0.,-1.));
#6987=DIRECTION('ref_axis',(1.,0.,0.));
#6988=DIRECTION('',(1.,0.,0.));
#6989=DIRECTION('',(0.,-1.,0.));
#6990=DIRECTION('',(1.,0.,0.));
#6991=DIRECTION('',(0.,-1.,0.));
#6992=DIRECTION('center_axis',(0.,-1.,0.));
#6993=DIRECTION('ref_axis',(-8.62309145339926E-16,0.,1.));
#6994=DIRECTION('center_axis',(0.,1.,0.));
#6995=DIRECTION('ref_axis',(-8.62309145339926E-16,0.,1.));
#6996=DIRECTION('center_axis',(0.,1.,0.));
#6997=DIRECTION('ref_axis',(-8.62309145339926E-16,0.,1.));
#6998=DIRECTION('',(0.,-1.,0.));
#6999=DIRECTION('center_axis',(1.,0.,3.82835525732813E-17));
#7000=DIRECTION('ref_axis',(-3.82835525732813E-17,0.,1.));
#7001=DIRECTION('',(-3.82835525732813E-17,0.,1.));
#7002=DIRECTION('',(-3.82835525732813E-17,0.,1.));
#7003=DIRECTION('',(0.,-1.,0.));
#7004=DIRECTION('center_axis',(0.,-1.,0.));
#7005=DIRECTION('ref_axis',(-1.,0.,1.72461829067986E-15));
#7006=DIRECTION('center_axis',(0.,1.,0.));
#7007=DIRECTION('ref_axis',(-1.,0.,1.72461829067986E-15));
#7008=DIRECTION('center_axis',(0.,1.,0.));
#7009=DIRECTION('ref_axis',(-1.,0.,1.72461829067986E-15));
#7010=DIRECTION('',(0.,-1.,0.));
#7011=DIRECTION('center_axis',(-1.53134210293125E-16,0.,1.));
#7012=DIRECTION('ref_axis',(-1.,0.,-1.53134210293125E-16));
#7013=DIRECTION('',(-1.,0.,-1.53134210293125E-16));
#7014=DIRECTION('',(-1.,0.,-1.53134210293125E-16));
#7015=DIRECTION('',(0.,-1.,0.));
#7016=DIRECTION('center_axis',(0.,-1.,0.));
#7017=DIRECTION('ref_axis',(0.,0.,-1.));
#7018=DIRECTION('center_axis',(0.,1.,0.));
#7019=DIRECTION('ref_axis',(0.,0.,-1.));
#7020=DIRECTION('center_axis',(0.,1.,0.));
#7021=DIRECTION('ref_axis',(0.,0.,-1.));
#7022=DIRECTION('',(0.,-1.,0.));
#7023=DIRECTION('center_axis',(-1.,0.,1.53134210293125E-16));
#7024=DIRECTION('ref_axis',(-1.53134210293125E-16,0.,-1.));
#7025=DIRECTION('',(-1.53134210293125E-16,0.,-1.));
#7026=DIRECTION('',(-1.53134210293125E-16,0.,-1.));
#7027=DIRECTION('',(0.,-1.,0.));
#7028=DIRECTION('center_axis',(0.,-1.,0.));
#7029=DIRECTION('ref_axis',(1.,0.,-4.31154572669964E-16));
#7030=DIRECTION('center_axis',(0.,1.,0.));
#7031=DIRECTION('ref_axis',(1.,0.,-4.31154572669964E-16));
#7032=DIRECTION('center_axis',(0.,1.,0.));
#7033=DIRECTION('ref_axis',(1.,0.,-4.31154572669964E-16));
#7034=DIRECTION('center_axis',(0.,-1.,0.));
#7035=DIRECTION('ref_axis',(-1.,0.,2.368475785867E-15));
#7036=DIRECTION('center_axis',(0.,-1.,0.));
#7037=DIRECTION('ref_axis',(-1.,0.,2.368475785867E-15));
#7038=DIRECTION('',(0.,-1.,0.));
#7039=DIRECTION('center_axis',(0.,-1.,0.));
#7040=DIRECTION('ref_axis',(-1.,0.,2.368475785867E-15));
#7041=DIRECTION('',(0.,-1.,0.));
#7042=DIRECTION('center_axis',(-1.,0.,0.));
#7043=DIRECTION('ref_axis',(0.,0.,-1.));
#7044=DIRECTION('',(0.,0.,-1.));
#7045=DIRECTION('',(0.,0.,-1.));
#7046=DIRECTION('',(0.,-1.,0.));
#7047=DIRECTION('center_axis',(0.,-1.,0.));
#7048=DIRECTION('ref_axis',(-0.973886361875499,0.,0.227036019505506));
#7049=DIRECTION('center_axis',(0.,-1.,0.));
#7050=DIRECTION('ref_axis',(-0.973886361875499,0.,0.227036019505506));
#7051=DIRECTION('center_axis',(0.,-1.,0.));
#7052=DIRECTION('ref_axis',(-0.973886361875499,0.,0.227036019505506));
#7053=DIRECTION('',(0.,-1.,0.));
#7054=DIRECTION('center_axis',(-0.973886361875498,0.,0.227036019505509));
#7055=DIRECTION('ref_axis',(-0.227036019505509,0.,-0.973886361875498));
#7056=DIRECTION('',(-0.227036019505509,0.,-0.973886361875498));
#7057=DIRECTION('',(-0.227036019505509,0.,-0.973886361875498));
#7058=DIRECTION('',(0.,-1.,0.));
#7059=DIRECTION('center_axis',(0.,-1.,0.));
#7060=DIRECTION('ref_axis',(3.5527136788005E-16,0.,1.));
#7061=DIRECTION('center_axis',(0.,-1.,0.));
#7062=DIRECTION('ref_axis',(3.5527136788005E-16,0.,1.));
#7063=DIRECTION('center_axis',(0.,-1.,0.));
#7064=DIRECTION('ref_axis',(3.5527136788005E-16,0.,1.));
#7065=DIRECTION('',(0.,-1.,0.));
#7066=DIRECTION('center_axis',(1.53134210293125E-16,0.,1.));
#7067=DIRECTION('ref_axis',(-1.,0.,1.53134210293125E-16));
#7068=DIRECTION('',(-1.,0.,1.53134210293125E-16));
#7069=DIRECTION('',(-1.,0.,1.53134210293125E-16));
#7070=DIRECTION('',(0.,-1.,0.));
#7071=DIRECTION('center_axis',(0.,-1.,0.));
#7072=DIRECTION('ref_axis',(1.,0.,7.105427357601E-16));
#7073=DIRECTION('center_axis',(0.,-1.,0.));
#7074=DIRECTION('ref_axis',(1.,0.,7.105427357601E-16));
#7075=DIRECTION('center_axis',(0.,-1.,0.));
#7076=DIRECTION('ref_axis',(1.,0.,7.105427357601E-16));
#7077=DIRECTION('',(0.,-1.,0.));
#7078=DIRECTION('center_axis',(1.,0.,-1.53134210293125E-16));
#7079=DIRECTION('ref_axis',(1.53134210293125E-16,0.,1.));
#7080=DIRECTION('',(1.53134210293125E-16,0.,1.));
#7081=DIRECTION('',(1.53134210293125E-16,0.,1.));
#7082=DIRECTION('',(0.,-1.,0.));
#7083=DIRECTION('center_axis',(0.,-1.,0.));
#7084=DIRECTION('ref_axis',(0.788758423063222,0.,-0.614703302453158));
#7085=DIRECTION('center_axis',(0.,-1.,0.));
#7086=DIRECTION('ref_axis',(0.788758423063222,0.,-0.614703302453158));
#7087=DIRECTION('center_axis',(0.,-1.,0.));
#7088=DIRECTION('ref_axis',(0.788758423063222,0.,-0.614703302453158));
#7089=DIRECTION('',(0.,-1.,0.));
#7090=DIRECTION('center_axis',(0.78875842306318,0.,-0.614703302453213));
#7091=DIRECTION('ref_axis',(0.614703302453213,0.,0.78875842306318));
#7092=DIRECTION('',(0.614703302453213,0.,0.78875842306318));
#7093=DIRECTION('',(0.614703302453213,0.,0.78875842306318));
#7094=DIRECTION('',(0.,-1.,0.));
#7095=DIRECTION('center_axis',(0.,-1.,0.));
#7096=DIRECTION('ref_axis',(4.73695157173397E-15,0.,-1.));
#7097=DIRECTION('center_axis',(0.,-1.,0.));
#7098=DIRECTION('ref_axis',(4.73695157173397E-15,0.,-1.));
#7099=DIRECTION('center_axis',(0.,-1.,0.));
#7100=DIRECTION('ref_axis',(4.73695157173397E-15,0.,-1.));
#7101=DIRECTION('',(0.,-1.,0.));
#7102=DIRECTION('center_axis',(0.,0.,-1.));
#7103=DIRECTION('ref_axis',(1.,0.,0.));
#7104=DIRECTION('',(1.,0.,0.));
#7105=DIRECTION('',(1.,0.,0.));
#7106=DIRECTION('center_axis',(0.,-1.,0.));
#7107=DIRECTION('ref_axis',(1.,0.,0.));
#7108=DIRECTION('center_axis',(0.,-1.,0.));
#7109=DIRECTION('ref_axis',(1.,0.,0.));
#7110=CARTESIAN_POINT('',(0.,0.,0.));
#7111=CARTESIAN_POINT('Origin',(59.2271584930482,-11.,-54.1558285049547));
#7112=CARTESIAN_POINT('',(57.8771584930482,-11.,-54.1558285049547));
#7113=CARTESIAN_POINT('Origin',(59.2271584930482,-11.,-54.1558285049547));
#7114=CARTESIAN_POINT('',(57.8771584930482,-10.,-54.1558285049547));
#7115=CARTESIAN_POINT('',(57.8771584930482,-11.,-54.1558285049547));
#7116=CARTESIAN_POINT('Origin',(59.2271584930482,-10.,-54.1558285049547));
#7117=CARTESIAN_POINT('Origin',(-32.2399232090542,-11.,-62.8364030390571));
#7118=CARTESIAN_POINT('',(-33.5899232090542,-11.,-62.8364030390571));
#7119=CARTESIAN_POINT('Origin',(-32.2399232090542,-11.,-62.8364030390571));
#7120=CARTESIAN_POINT('',(-33.5899232090542,-10.,-62.8364030390571));
#7121=CARTESIAN_POINT('',(-33.5899232090542,-11.,-62.8364030390571));
#7122=CARTESIAN_POINT('Origin',(-32.2399232090542,-10.,-62.8364030390571));
#7123=CARTESIAN_POINT('Origin',(57.2402173439713,-11.,13.2402173439713));
#7124=CARTESIAN_POINT('',(55.8902173439713,-11.,13.2402173439713));
#7125=CARTESIAN_POINT('Origin',(57.2402173439713,-11.,13.2402173439713));
#7126=CARTESIAN_POINT('',(55.8902173439713,-10.,13.2402173439713));
#7127=CARTESIAN_POINT('',(55.8902173439713,-11.,13.2402173439713));
#7128=CARTESIAN_POINT('Origin',(57.2402173439713,-10.,13.2402173439713));
#7129=CARTESIAN_POINT('Origin',(30.8056161072991,-11.,-90.5279615164457));
#7130=CARTESIAN_POINT('',(29.4556161072991,-11.,-90.5279615164457));
#7131=CARTESIAN_POINT('Origin',(30.8056161072991,-11.,-90.5279615164457));
#7132=CARTESIAN_POINT('',(29.4556161072991,-10.,-90.5279615164457));
#7133=CARTESIAN_POINT('',(29.4556161072991,-11.,-90.5279615164457));
#7134=CARTESIAN_POINT('Origin',(30.8056161072991,-10.,-90.5279615164457));
#7135=CARTESIAN_POINT('Origin',(-31.1661356129909,-11.,-89.8101338564319));
#7136=CARTESIAN_POINT('',(-32.5161356129909,-11.,-89.8101338564319));
#7137=CARTESIAN_POINT('Origin',(-31.1661356129909,-11.,-89.8101338564319));
#7138=CARTESIAN_POINT('',(-32.5161356129909,-10.,-89.8101338564319));
#7139=CARTESIAN_POINT('',(-32.5161356129909,-11.,-89.8101338564319));
#7140=CARTESIAN_POINT('Origin',(-31.1661356129909,-10.,-89.8101338564319));
#7141=CARTESIAN_POINT('Origin',(-12.5595872436668,-11.,13.85198663902));
#7142=CARTESIAN_POINT('',(-13.9095872436668,-11.,13.85198663902));
#7143=CARTESIAN_POINT('Origin',(-12.5595872436668,-11.,13.85198663902));
#7144=CARTESIAN_POINT('',(-13.9095872436668,-10.,13.85198663902));
#7145=CARTESIAN_POINT('',(-13.9095872436668,-11.,13.85198663902));
#7146=CARTESIAN_POINT('Origin',(-12.5595872436668,-10.,13.85198663902));
#7147=CARTESIAN_POINT('Origin',(-32.2399232090542,-12.5,-62.8364030390571));
#7148=CARTESIAN_POINT('',(-35.2399232090542,-12.5,-62.8364030390571));
#7149=CARTESIAN_POINT('Origin',(-32.2399232090542,-12.5,-62.8364030390571));
#7150=CARTESIAN_POINT('',(-35.2399232090542,-11.,-62.8364030390571));
#7151=CARTESIAN_POINT('',(-35.2399232090542,-12.5,-62.8364030390571));
#7152=CARTESIAN_POINT('Origin',(-32.2399232090542,-11.,-62.8364030390571));
#7153=CARTESIAN_POINT('Origin',(-32.2399232090542,-11.,-62.8364030390571));
#7154=CARTESIAN_POINT('Origin',(59.2271584930482,-12.5,-54.1558285049547));
#7155=CARTESIAN_POINT('',(56.2271584930482,-12.5,-54.1558285049547));
#7156=CARTESIAN_POINT('Origin',(59.2271584930482,-12.5,-54.1558285049547));
#7157=CARTESIAN_POINT('',(56.2271584930482,-11.,-54.1558285049547));
#7158=CARTESIAN_POINT('',(56.2271584930482,-12.5,-54.1558285049547));
#7159=CARTESIAN_POINT('Origin',(59.2271584930482,-11.,-54.1558285049547));
#7160=CARTESIAN_POINT('Origin',(59.2271584930482,-11.,-54.1558285049547));
#7161=CARTESIAN_POINT('Origin',(-12.5595872436668,-12.5,13.85198663902));
#7162=CARTESIAN_POINT('',(-15.5595872436668,-12.5,13.85198663902));
#7163=CARTESIAN_POINT('Origin',(-12.5595872436668,-12.5,13.85198663902));
#7164=CARTESIAN_POINT('',(-15.5595872436668,-11.,13.85198663902));
#7165=CARTESIAN_POINT('',(-15.5595872436668,-12.5,13.85198663902));
#7166=CARTESIAN_POINT('Origin',(-12.5595872436668,-11.,13.85198663902));
#7167=CARTESIAN_POINT('Origin',(-12.5595872436668,-11.,13.85198663902));
#7168=CARTESIAN_POINT('Origin',(-31.1661356129909,-12.5,-89.8101338564319));
#7169=CARTESIAN_POINT('',(-34.1661356129909,-12.5,-89.8101338564319));
#7170=CARTESIAN_POINT('Origin',(-31.1661356129909,-12.5,-89.8101338564319));
#7171=CARTESIAN_POINT('',(-34.1661356129909,-11.,-89.8101338564319));
#7172=CARTESIAN_POINT('',(-34.1661356129909,-12.5,-89.8101338564319));
#7173=CARTESIAN_POINT('Origin',(-31.1661356129909,-11.,-89.8101338564319));
#7174=CARTESIAN_POINT('Origin',(-31.1661356129909,-11.,-89.8101338564319));
#7175=CARTESIAN_POINT('Origin',(30.8056161072991,-12.5,-90.5279615164457));
#7176=CARTESIAN_POINT('',(27.8056161072991,-12.5,-90.5279615164457));
#7177=CARTESIAN_POINT('Origin',(30.8056161072991,-12.5,-90.5279615164457));
#7178=CARTESIAN_POINT('',(27.8056161072991,-11.,-90.5279615164457));
#7179=CARTESIAN_POINT('',(27.8056161072991,-12.5,-90.5279615164457));
#7180=CARTESIAN_POINT('Origin',(30.8056161072991,-11.,-90.5279615164457));
#7181=CARTESIAN_POINT('Origin',(30.8056161072991,-11.,-90.5279615164457));
#7182=CARTESIAN_POINT('Origin',(57.2402173439713,-12.5,13.2402173439713));
#7183=CARTESIAN_POINT('',(54.2402173439713,-12.5,13.2402173439713));
#7184=CARTESIAN_POINT('Origin',(57.2402173439713,-12.5,13.2402173439713));
#7185=CARTESIAN_POINT('',(54.2402173439713,-11.,13.2402173439713));
#7186=CARTESIAN_POINT('',(54.2402173439713,-12.5,13.2402173439713));
#7187=CARTESIAN_POINT('Origin',(57.2402173439713,-11.,13.2402173439713));
#7188=CARTESIAN_POINT('Origin',(57.2402173439713,-11.,13.2402173439713));
#7189=CARTESIAN_POINT('Ctrl Pts',(-23.6429245425005,-12.5,-61.180603185831));
#7190=CARTESIAN_POINT('Ctrl Pts',(-23.6429245425005,-12.,-61.180603185831));
#7191=CARTESIAN_POINT('Ctrl Pts',(-23.6347030632692,-12.5,-61.0764565246494));
#7192=CARTESIAN_POINT('Ctrl Pts',(-23.6347030632692,-12.,-61.0764565246494));
#7193=CARTESIAN_POINT('Ctrl Pts',(-23.618696682137,-12.5,-60.8736936025991));
#7194=CARTESIAN_POINT('Ctrl Pts',(-23.618696682137,-12.,-60.8736936025991));
#7195=CARTESIAN_POINT('Ctrl Pts',(-23.4852178801922,-12.5,-60.7207085558119));
#7196=CARTESIAN_POINT('Ctrl Pts',(-23.4852178801922,-12.,-60.7207085558119));
#7197=CARTESIAN_POINT('Ctrl Pts',(-23.4202988100786,-12.5,-60.6463023816928));
#7198=CARTESIAN_POINT('Ctrl Pts',(-23.4202988100786,-12.,-60.6463023816928));
#7199=CARTESIAN_POINT('',(-23.6429245425005,-12.5,-61.180603185831));
#7200=CARTESIAN_POINT('',(-23.4202988100786,-12.5,-60.6463023816928));
#7201=CARTESIAN_POINT('Ctrl Pts',(-23.6429245425005,-12.5,-61.180603185831));
#7202=CARTESIAN_POINT('Ctrl Pts',(-23.6347030632692,-12.5,-61.0764565246494));
#7203=CARTESIAN_POINT('Ctrl Pts',(-23.618696682137,-12.5,-60.8736936025991));
#7204=CARTESIAN_POINT('Ctrl Pts',(-23.4852178801922,-12.5,-60.7207085558119));
#7205=CARTESIAN_POINT('Ctrl Pts',(-23.4202988100786,-12.5,-60.6463023816928));
#7206=CARTESIAN_POINT('',(-23.6429245425005,-12.,-61.180603185831));
#7207=CARTESIAN_POINT('',(-23.6429245425005,-12.5,-61.180603185831));
#7208=CARTESIAN_POINT('',(-23.4202988100786,-12.,-60.6463023816928));
#7209=CARTESIAN_POINT('Ctrl Pts',(-23.6429245425005,-12.,-61.180603185831));
#7210=CARTESIAN_POINT('Ctrl Pts',(-23.6347030632692,-12.,-61.0764565246494));
#7211=CARTESIAN_POINT('Ctrl Pts',(-23.618696682137,-12.,-60.8736936025991));
#7212=CARTESIAN_POINT('Ctrl Pts',(-23.4852178801922,-12.,-60.7207085558119));
#7213=CARTESIAN_POINT('Ctrl Pts',(-23.4202988100786,-12.,-60.6463023816928));
#7214=CARTESIAN_POINT('',(-23.4202988100786,-12.5,-60.6463023816928));
#7215=CARTESIAN_POINT('Ctrl Pts',(-23.4202988100786,-12.5,-61.714904064475));
#7216=CARTESIAN_POINT('Ctrl Pts',(-23.4202988100786,-12.,-61.714904064475));
#7217=CARTESIAN_POINT('Ctrl Pts',(-23.4852096647379,-12.5,-61.641338203306));
#7218=CARTESIAN_POINT('Ctrl Pts',(-23.4852096647379,-12.,-61.641338203306));
#7219=CARTESIAN_POINT('Ctrl Pts',(-23.6197051028333,-12.5,-61.4889095720899));
#7220=CARTESIAN_POINT('Ctrl Pts',(-23.6197051028333,-12.,-61.4889095720899));
#7221=CARTESIAN_POINT('Ctrl Pts',(-23.6350074763186,-12.5,-61.2857255358657));
#7222=CARTESIAN_POINT('Ctrl Pts',(-23.6350074763186,-12.,-61.2857255358657));
#7223=CARTESIAN_POINT('Ctrl Pts',(-23.6429245425005,-12.5,-61.180603185831));
#7224=CARTESIAN_POINT('Ctrl Pts',(-23.6429245425005,-12.,-61.180603185831));
#7225=CARTESIAN_POINT('',(-23.4202988100786,-12.5,-61.714904064475));
#7226=CARTESIAN_POINT('Ctrl Pts',(-23.4202988100786,-12.5,-61.714904064475));
#7227=CARTESIAN_POINT('Ctrl Pts',(-23.4852096647379,-12.5,-61.641338203306));
#7228=CARTESIAN_POINT('Ctrl Pts',(-23.6197051028333,-12.5,-61.4889095720899));
#7229=CARTESIAN_POINT('Ctrl Pts',(-23.6350074763186,-12.5,-61.2857255358657));
#7230=CARTESIAN_POINT('Ctrl Pts',(-23.6429245425005,-12.5,-61.180603185831));
#7231=CARTESIAN_POINT('',(-23.4202988100786,-12.,-61.714904064475));
#7232=CARTESIAN_POINT('',(-23.4202988100786,-12.5,-61.714904064475));
#7233=CARTESIAN_POINT('Ctrl Pts',(-23.4202988100786,-12.,-61.714904064475));
#7234=CARTESIAN_POINT('Ctrl Pts',(-23.4852096647379,-12.,-61.641338203306));
#7235=CARTESIAN_POINT('Ctrl Pts',(-23.6197051028333,-12.,-61.4889095720899));
#7236=CARTESIAN_POINT('Ctrl Pts',(-23.6350074763186,-12.,-61.2857255358657));
#7237=CARTESIAN_POINT('Ctrl Pts',(-23.6429245425005,-12.,-61.180603185831));
#7238=CARTESIAN_POINT('Ctrl Pts',(-22.7524228049059,-12.5,-61.9078460132465));
#7239=CARTESIAN_POINT('Ctrl Pts',(-22.7524228049059,-12.,-61.9078460132465));
#7240=CARTESIAN_POINT('Ctrl Pts',(-22.8861139003611,-12.5,-61.9040779109834));
#7241=CARTESIAN_POINT('Ctrl Pts',(-22.8861139003611,-12.,-61.9040779109834));
#7242=CARTESIAN_POINT('Ctrl Pts',(-23.1266221706533,-12.5,-61.8972991516765));
#7243=CARTESIAN_POINT('Ctrl Pts',(-23.1266221706533,-12.,-61.8972991516765));
#7244=CARTESIAN_POINT('Ctrl Pts',(-23.3299808982212,-12.5,-61.7709982211002));
#7245=CARTESIAN_POINT('Ctrl Pts',(-23.3299808982212,-12.,-61.7709982211002));
#7246=CARTESIAN_POINT('Ctrl Pts',(-23.4202988100786,-12.5,-61.714904064475));
#7247=CARTESIAN_POINT('Ctrl Pts',(-23.4202988100786,-12.,-61.714904064475));
#7248=CARTESIAN_POINT('',(-22.7524228049059,-12.5,-61.9078460132465));
#7249=CARTESIAN_POINT('Ctrl Pts',(-22.7524228049059,-12.5,-61.9078460132465));
#7250=CARTESIAN_POINT('Ctrl Pts',(-22.8861139003611,-12.5,-61.9040779109834));
#7251=CARTESIAN_POINT('Ctrl Pts',(-23.1266221706533,-12.5,-61.8972991516765));
#7252=CARTESIAN_POINT('Ctrl Pts',(-23.3299808982212,-12.5,-61.7709982211002));
#7253=CARTESIAN_POINT('Ctrl Pts',(-23.4202988100786,-12.5,-61.714904064475));
#7254=CARTESIAN_POINT('',(-22.7524228049059,-12.,-61.9078460132465));
#7255=CARTESIAN_POINT('',(-22.7524228049059,-12.5,-61.9078460132465));
#7256=CARTESIAN_POINT('Ctrl Pts',(-22.7524228049059,-12.,-61.9078460132465));
#7257=CARTESIAN_POINT('Ctrl Pts',(-22.8861139003611,-12.,-61.9040779109834));
#7258=CARTESIAN_POINT('Ctrl Pts',(-23.1266221706533,-12.,-61.8972991516765));
#7259=CARTESIAN_POINT('Ctrl Pts',(-23.3299808982212,-12.,-61.7709982211002));
#7260=CARTESIAN_POINT('Ctrl Pts',(-23.4202988100786,-12.,-61.714904064475));
#7261=CARTESIAN_POINT('Origin',(-17.359942312314,-12.5,-61.9078460132465));
#7262=CARTESIAN_POINT('',(-17.359942312314,-12.5,-61.9078460132465));
#7263=CARTESIAN_POINT('',(-1.80859245204237,-12.5,-61.9078460132465));
#7264=CARTESIAN_POINT('',(-17.359942312314,-12.,-61.9078460132465));
#7265=CARTESIAN_POINT('',(-17.359942312314,-12.5,-61.9078460132465));
#7266=CARTESIAN_POINT('',(-17.359942312314,-12.,-61.9078460132465));
#7267=CARTESIAN_POINT('Ctrl Pts',(-16.8305886936922,-12.5,-61.8930043076858));
#7268=CARTESIAN_POINT('Ctrl Pts',(-16.8305886936922,-12.,-61.8930043076858));
#7269=CARTESIAN_POINT('Ctrl Pts',(-16.9051913942894,-12.5,-61.8973078498981));
#7270=CARTESIAN_POINT('Ctrl Pts',(-16.9051913942894,-12.,-61.8973078498981));
#7271=CARTESIAN_POINT('Ctrl Pts',(-17.0814811089598,-12.5,-61.90747732396));
#7272=CARTESIAN_POINT('Ctrl Pts',(-17.0814811089598,-12.,-61.90747732396));
#7273=CARTESIAN_POINT('Ctrl Pts',(-17.2580780719789,-12.5,-61.9077111425585));
#7274=CARTESIAN_POINT('Ctrl Pts',(-17.2580780719789,-12.,-61.9077111425585));
#7275=CARTESIAN_POINT('Ctrl Pts',(-17.359942312314,-12.5,-61.9078460132465));
#7276=CARTESIAN_POINT('Ctrl Pts',(-17.359942312314,-12.,-61.9078460132465));
#7277=CARTESIAN_POINT('',(-16.8305886936922,-12.5,-61.8930043076858));
#7278=CARTESIAN_POINT('Ctrl Pts',(-16.8305886936922,-12.5,-61.8930043076858));
#7279=CARTESIAN_POINT('Ctrl Pts',(-16.9051913942894,-12.5,-61.8973078498981));
#7280=CARTESIAN_POINT('Ctrl Pts',(-17.0814811089598,-12.5,-61.90747732396));
#7281=CARTESIAN_POINT('Ctrl Pts',(-17.2580780719789,-12.5,-61.9077111425585));
#7282=CARTESIAN_POINT('Ctrl Pts',(-17.359942312314,-12.5,-61.9078460132465));
#7283=CARTESIAN_POINT('',(-16.8305886936922,-12.,-61.8930043076858));
#7284=CARTESIAN_POINT('',(-16.8305886936922,-12.5,-61.8930043076858));
#7285=CARTESIAN_POINT('Ctrl Pts',(-16.8305886936922,-12.,-61.8930043076858));
#7286=CARTESIAN_POINT('Ctrl Pts',(-16.9051913942894,-12.,-61.8973078498981));
#7287=CARTESIAN_POINT('Ctrl Pts',(-17.0814811089598,-12.,-61.90747732396));
#7288=CARTESIAN_POINT('Ctrl Pts',(-17.2580780719789,-12.,-61.9077111425585));
#7289=CARTESIAN_POINT('Ctrl Pts',(-17.359942312314,-12.,-61.9078460132465));
#7290=CARTESIAN_POINT('Ctrl Pts',(-16.5090192509432,-12.5,-61.8089014088497));
#7291=CARTESIAN_POINT('Ctrl Pts',(-16.5090192509432,-12.,-61.8089014088497));
#7292=CARTESIAN_POINT('Ctrl Pts',(-16.5582761974429,-12.5,-61.8298116957005));
#7293=CARTESIAN_POINT('Ctrl Pts',(-16.5582761974429,-12.,-61.8298116957005));
#7294=CARTESIAN_POINT('Ctrl Pts',(-16.6612900948223,-12.5,-61.8735425864053));
#7295=CARTESIAN_POINT('Ctrl Pts',(-16.6612900948223,-12.,-61.8735425864053));
#7296=CARTESIAN_POINT('Ctrl Pts',(-16.7725359589872,-12.5,-61.8863308552772));
#7297=CARTESIAN_POINT('Ctrl Pts',(-16.7725359589872,-12.,-61.8863308552772));
#7298=CARTESIAN_POINT('Ctrl Pts',(-16.8305886936922,-12.5,-61.8930043076858));
#7299=CARTESIAN_POINT('Ctrl Pts',(-16.8305886936922,-12.,-61.8930043076858));
#7300=CARTESIAN_POINT('',(-16.5090192509432,-12.5,-61.8089014088497));
#7301=CARTESIAN_POINT('Ctrl Pts',(-16.5090192509432,-12.5,-61.8089014088497));
#7302=CARTESIAN_POINT('Ctrl Pts',(-16.5582761974429,-12.5,-61.8298116957005));
#7303=CARTESIAN_POINT('Ctrl Pts',(-16.6612900948223,-12.5,-61.8735425864053));
#7304=CARTESIAN_POINT('Ctrl Pts',(-16.7725359589872,-12.5,-61.8863308552772));
#7305=CARTESIAN_POINT('Ctrl Pts',(-16.8305886936922,-12.5,-61.8930043076858));
#7306=CARTESIAN_POINT('',(-16.5090192509432,-12.,-61.8089014088497));
#7307=CARTESIAN_POINT('',(-16.5090192509432,-12.5,-61.8089014088497));
#7308=CARTESIAN_POINT('Ctrl Pts',(-16.5090192509432,-12.,-61.8089014088497));
#7309=CARTESIAN_POINT('Ctrl Pts',(-16.5582761974429,-12.,-61.8298116957005));
#7310=CARTESIAN_POINT('Ctrl Pts',(-16.6612900948223,-12.,-61.8735425864053));
#7311=CARTESIAN_POINT('Ctrl Pts',(-16.7725359589872,-12.,-61.8863308552772));
#7312=CARTESIAN_POINT('Ctrl Pts',(-16.8305886936922,-12.,-61.8930043076858));
#7313=CARTESIAN_POINT('Ctrl Pts',(-16.2418688488741,-12.5,-61.5417510067806));
#7314=CARTESIAN_POINT('Ctrl Pts',(-16.2418688488741,-12.,-61.5417510067806));
#7315=CARTESIAN_POINT('Ctrl Pts',(-16.2774774677907,-12.5,-61.5960250738488));
#7316=CARTESIAN_POINT('Ctrl Pts',(-16.2774774677907,-12.,-61.5960250738488));
#7317=CARTESIAN_POINT('Ctrl Pts',(-16.3480535394067,-12.5,-61.7035959530581));
#7318=CARTESIAN_POINT('Ctrl Pts',(-16.3480535394067,-12.,-61.7035959530581));
#7319=CARTESIAN_POINT('Ctrl Pts',(-16.4556899638943,-12.5,-61.7740128302442));
#7320=CARTESIAN_POINT('Ctrl Pts',(-16.4556899638943,-12.,-61.7740128302442));
#7321=CARTESIAN_POINT('Ctrl Pts',(-16.5090192509432,-12.5,-61.8089014088497));
#7322=CARTESIAN_POINT('Ctrl Pts',(-16.5090192509432,-12.,-61.8089014088497));
#7323=CARTESIAN_POINT('',(-16.2418688488741,-12.5,-61.5417510067806));
#7324=CARTESIAN_POINT('Ctrl Pts',(-16.2418688488741,-12.5,-61.5417510067806));
#7325=CARTESIAN_POINT('Ctrl Pts',(-16.2774774677907,-12.5,-61.5960250738488));
#7326=CARTESIAN_POINT('Ctrl Pts',(-16.3480535394067,-12.5,-61.7035959530581));
#7327=CARTESIAN_POINT('Ctrl Pts',(-16.4556899638943,-12.5,-61.7740128302442));
#7328=CARTESIAN_POINT('Ctrl Pts',(-16.5090192509432,-12.5,-61.8089014088497));
#7329=CARTESIAN_POINT('',(-16.2418688488741,-12.,-61.5417510067806));
#7330=CARTESIAN_POINT('',(-16.2418688488741,-12.5,-61.5417510067806));
#7331=CARTESIAN_POINT('Ctrl Pts',(-16.2418688488741,-12.,-61.5417510067806));
#7332=CARTESIAN_POINT('Ctrl Pts',(-16.2774774677907,-12.,-61.5960250738488));
#7333=CARTESIAN_POINT('Ctrl Pts',(-16.3480535394067,-12.,-61.7035959530581));
#7334=CARTESIAN_POINT('Ctrl Pts',(-16.4556899638943,-12.,-61.7740128302442));
#7335=CARTESIAN_POINT('Ctrl Pts',(-16.5090192509432,-12.,-61.8089014088497));
#7336=CARTESIAN_POINT('Ctrl Pts',(-16.142923946454,-12.5,-61.180603185831));
#7337=CARTESIAN_POINT('Ctrl Pts',(-16.142923946454,-12.,-61.180603185831));
#7338=CARTESIAN_POINT('Ctrl Pts',(-16.1472966300065,-12.5,-61.243083760805));
#7339=CARTESIAN_POINT('Ctrl Pts',(-16.1472966300065,-12.,-61.243083760805));
#7340=CARTESIAN_POINT('Ctrl Pts',(-16.1561798972852,-12.5,-61.3700153442501));
#7341=CARTESIAN_POINT('Ctrl Pts',(-16.1561798972852,-12.,-61.3700153442501));
#7342=CARTESIAN_POINT('Ctrl Pts',(-16.2130117867482,-12.5,-61.4839164016071));
#7343=CARTESIAN_POINT('Ctrl Pts',(-16.2130117867482,-12.,-61.4839164016071));
#7344=CARTESIAN_POINT('Ctrl Pts',(-16.2418688488741,-12.5,-61.5417510067806));
#7345=CARTESIAN_POINT('Ctrl Pts',(-16.2418688488741,-12.,-61.5417510067806));
#7346=CARTESIAN_POINT('',(-16.142923946454,-12.5,-61.180603185831));
#7347=CARTESIAN_POINT('Ctrl Pts',(-16.142923946454,-12.5,-61.180603185831));
#7348=CARTESIAN_POINT('Ctrl Pts',(-16.1472966300065,-12.5,-61.243083760805));
#7349=CARTESIAN_POINT('Ctrl Pts',(-16.1561798972852,-12.5,-61.3700153442501));
#7350=CARTESIAN_POINT('Ctrl Pts',(-16.2130117867482,-12.5,-61.4839164016071));
#7351=CARTESIAN_POINT('Ctrl Pts',(-16.2418688488741,-12.5,-61.5417510067806));
#7352=CARTESIAN_POINT('',(-16.142923946454,-12.,-61.180603185831));
#7353=CARTESIAN_POINT('',(-16.142923946454,-12.5,-61.180603185831));
#7354=CARTESIAN_POINT('Ctrl Pts',(-16.142923946454,-12.,-61.180603185831));
#7355=CARTESIAN_POINT('Ctrl Pts',(-16.1472966300065,-12.,-61.243083760805));
#7356=CARTESIAN_POINT('Ctrl Pts',(-16.1561798972852,-12.,-61.3700153442501));
#7357=CARTESIAN_POINT('Ctrl Pts',(-16.2130117867482,-12.,-61.4839164016071));
#7358=CARTESIAN_POINT('Ctrl Pts',(-16.2418688488741,-12.,-61.5417510067806));
#7359=CARTESIAN_POINT('Ctrl Pts',(-16.3606024933595,-12.5,-60.6463023816928));
#7360=CARTESIAN_POINT('Ctrl Pts',(-16.3606024933595,-12.,-60.6463023816928));
#7361=CARTESIAN_POINT('Ctrl Pts',(-16.2971226438845,-12.5,-60.7217146447417));
#7362=CARTESIAN_POINT('Ctrl Pts',(-16.2971226438845,-12.,-60.7217146447417));
#7363=CARTESIAN_POINT('Ctrl Pts',(-16.167165414373,-12.5,-60.8761001522386));
#7364=CARTESIAN_POINT('Ctrl Pts',(-16.167165414373,-12.,-60.8761001522386));
#7365=CARTESIAN_POINT('Ctrl Pts',(-16.151127741494,-12.5,-61.0775533010222));
#7366=CARTESIAN_POINT('Ctrl Pts',(-16.151127741494,-12.,-61.0775533010222));
#7367=CARTESIAN_POINT('Ctrl Pts',(-16.142923946454,-12.5,-61.180603185831));
#7368=CARTESIAN_POINT('Ctrl Pts',(-16.142923946454,-12.,-61.180603185831));
#7369=CARTESIAN_POINT('',(-16.3606024933595,-12.5,-60.6463023816928));
#7370=CARTESIAN_POINT('Ctrl Pts',(-16.3606024933595,-12.5,-60.6463023816928));
#7371=CARTESIAN_POINT('Ctrl Pts',(-16.2971226438845,-12.5,-60.7217146447417));
#7372=CARTESIAN_POINT('Ctrl Pts',(-16.167165414373,-12.5,-60.8761001522386));
#7373=CARTESIAN_POINT('Ctrl Pts',(-16.151127741494,-12.5,-61.0775533010222));
#7374=CARTESIAN_POINT('Ctrl Pts',(-16.142923946454,-12.5,-61.180603185831));
#7375=CARTESIAN_POINT('',(-16.3606024933595,-12.,-60.6463023816928));
#7376=CARTESIAN_POINT('',(-16.3606024933595,-12.5,-60.6463023816928));
#7377=CARTESIAN_POINT('Ctrl Pts',(-16.3606024933595,-12.,-60.6463023816928));
#7378=CARTESIAN_POINT('Ctrl Pts',(-16.2971226438845,-12.,-60.7217146447417));
#7379=CARTESIAN_POINT('Ctrl Pts',(-16.167165414373,-12.,-60.8761001522386));
#7380=CARTESIAN_POINT('Ctrl Pts',(-16.151127741494,-12.,-61.0775533010222));
#7381=CARTESIAN_POINT('Ctrl Pts',(-16.142923946454,-12.,-61.180603185831));
#7382=CARTESIAN_POINT('Ctrl Pts',(-17.038372869565,-12.5,-60.4385188018665));
#7383=CARTESIAN_POINT('Ctrl Pts',(-17.038372869565,-12.,-60.4385188018665));
#7384=CARTESIAN_POINT('Ctrl Pts',(-16.9016935379171,-12.5,-60.4426656008649));
#7385=CARTESIAN_POINT('Ctrl Pts',(-16.9016935379171,-12.,-60.4426656008649));
#7386=CARTESIAN_POINT('Ctrl Pts',(-16.6554026493578,-12.5,-60.4501379728592));
#7387=CARTESIAN_POINT('Ctrl Pts',(-16.6554026493578,-12.,-60.4501379728592));
#7388=CARTESIAN_POINT('Ctrl Pts',(-16.4513956432463,-12.5,-60.585887269247));
#7389=CARTESIAN_POINT('Ctrl Pts',(-16.4513956432463,-12.,-60.585887269247));
#7390=CARTESIAN_POINT('Ctrl Pts',(-16.3606024933595,-12.5,-60.6463023816928));
#7391=CARTESIAN_POINT('Ctrl Pts',(-16.3606024933595,-12.,-60.6463023816928));
#7392=CARTESIAN_POINT('',(-17.038372869565,-12.5,-60.4385188018665));
#7393=CARTESIAN_POINT('Ctrl Pts',(-17.038372869565,-12.5,-60.4385188018665));
#7394=CARTESIAN_POINT('Ctrl Pts',(-16.9016935379171,-12.5,-60.4426656008649));
#7395=CARTESIAN_POINT('Ctrl Pts',(-16.6554026493578,-12.5,-60.4501379728592));
#7396=CARTESIAN_POINT('Ctrl Pts',(-16.4513956432463,-12.5,-60.585887269247));
#7397=CARTESIAN_POINT('Ctrl Pts',(-16.3606024933595,-12.5,-60.6463023816928));
#7398=CARTESIAN_POINT('',(-17.038372869565,-12.,-60.4385188018665));
#7399=CARTESIAN_POINT('',(-17.038372869565,-12.5,-60.4385188018665));
#7400=CARTESIAN_POINT('Ctrl Pts',(-17.038372869565,-12.,-60.4385188018665));
#7401=CARTESIAN_POINT('Ctrl Pts',(-16.9016935379171,-12.,-60.4426656008649));
#7402=CARTESIAN_POINT('Ctrl Pts',(-16.6554026493578,-12.,-60.4501379728592));
#7403=CARTESIAN_POINT('Ctrl Pts',(-16.4513956432463,-12.,-60.585887269247));
#7404=CARTESIAN_POINT('Ctrl Pts',(-16.3606024933595,-12.,-60.6463023816928));
#7405=CARTESIAN_POINT('Origin',(-18.5373831940431,-12.5,-60.4385188018665));
#7406=CARTESIAN_POINT('',(-18.5373831940431,-12.5,-60.4385188018665));
#7407=CARTESIAN_POINT('',(-2.39731289290691,-12.5,-60.4385188018665));
#7408=CARTESIAN_POINT('',(-18.5373831940431,-12.,-60.4385188018665));
#7409=CARTESIAN_POINT('',(-18.5373831940431,-12.5,-60.4385188018665));
#7410=CARTESIAN_POINT('',(-18.5373831940431,-12.,-60.4385188018665));
#7411=CARTESIAN_POINT('Origin',(-19.6900881481905,-12.5,-59.2363419925556));
#7412=CARTESIAN_POINT('',(-19.6900881481905,-12.5,-59.2363419925556));
#7413=CARTESIAN_POINT('',(-17.0924020394259,-12.5,-61.9455157378319));
#7414=CARTESIAN_POINT('',(-19.6900881481905,-12.,-59.2363419925556));
#7415=CARTESIAN_POINT('',(-19.6900881481905,-12.5,-59.2363419925556));
#7416=CARTESIAN_POINT('',(-19.6900881481905,-12.,-59.2363419925556));
#7417=CARTESIAN_POINT('Origin',(-17.0185841274996,-12.5,-57.4998643791065));
#7418=CARTESIAN_POINT('',(-17.0185841274996,-12.5,-57.4998643791065));
#7419=CARTESIAN_POINT('',(-1.654877179036,-12.5,-47.5134548626052));
#7420=CARTESIAN_POINT('',(-17.0185841274996,-12.,-57.4998643791065));
#7421=CARTESIAN_POINT('',(-17.0185841274996,-12.5,-57.4998643791065));
#7422=CARTESIAN_POINT('',(-17.0185841274996,-12.,-57.4998643791065));
#7423=CARTESIAN_POINT('Ctrl Pts',(-16.6228057099123,-12.5,-57.2623970901355));
#7424=CARTESIAN_POINT('Ctrl Pts',(-16.6228057099123,-12.,-57.2623970901355));
#7425=CARTESIAN_POINT('Ctrl Pts',(-16.6919453170588,-12.5,-57.3046510118802));
#7426=CARTESIAN_POINT('Ctrl Pts',(-16.6919453170588,-12.,-57.3046510118802));
#7427=CARTESIAN_POINT('Ctrl Pts',(-16.8232266471456,-12.5,-57.3848821742627));
#7428=CARTESIAN_POINT('Ctrl Pts',(-16.8232266471456,-12.,-57.3848821742627));
#7429=CARTESIAN_POINT('Ctrl Pts',(-16.9558209241043,-12.5,-57.4629236308107));
#7430=CARTESIAN_POINT('Ctrl Pts',(-16.9558209241043,-12.,-57.4629236308107));
#7431=CARTESIAN_POINT('Ctrl Pts',(-17.0185841274996,-12.5,-57.4998643791065));
#7432=CARTESIAN_POINT('Ctrl Pts',(-17.0185841274996,-12.,-57.4998643791065));
#7433=CARTESIAN_POINT('',(-16.6228057099123,-12.5,-57.2623970901355));
#7434=CARTESIAN_POINT('Ctrl Pts',(-16.6228057099123,-12.5,-57.2623970901355));
#7435=CARTESIAN_POINT('Ctrl Pts',(-16.6919453170588,-12.5,-57.3046510118802));
#7436=CARTESIAN_POINT('Ctrl Pts',(-16.8232266471456,-12.5,-57.3848821742627));
#7437=CARTESIAN_POINT('Ctrl Pts',(-16.9558209241043,-12.5,-57.4629236308107));
#7438=CARTESIAN_POINT('Ctrl Pts',(-17.0185841274996,-12.5,-57.4998643791065));
#7439=CARTESIAN_POINT('',(-16.6228057099123,-12.,-57.2623970901355));
#7440=CARTESIAN_POINT('',(-16.6228057099123,-12.5,-57.2623970901355));
#7441=CARTESIAN_POINT('Ctrl Pts',(-16.6228057099123,-12.,-57.2623970901355));
#7442=CARTESIAN_POINT('Ctrl Pts',(-16.6919453170588,-12.,-57.3046510118802));
#7443=CARTESIAN_POINT('Ctrl Pts',(-16.8232266471456,-12.,-57.3848821742627));
#7444=CARTESIAN_POINT('Ctrl Pts',(-16.9558209241043,-12.,-57.4629236308107));
#7445=CARTESIAN_POINT('Ctrl Pts',(-17.0185841274996,-12.,-57.4998643791065));
#7446=CARTESIAN_POINT('Ctrl Pts',(-16.2715519619722,-12.5,-56.9358798658237));
#7447=CARTESIAN_POINT('Ctrl Pts',(-16.2715519619722,-12.,-56.9358798658237));
#7448=CARTESIAN_POINT('Ctrl Pts',(-16.3203432152307,-12.5,-56.9981834390706));
#7449=CARTESIAN_POINT('Ctrl Pts',(-16.3203432152307,-12.,-56.9981834390706));
#7450=CARTESIAN_POINT('Ctrl Pts',(-16.4201044534029,-12.5,-57.1255726983037));
#7451=CARTESIAN_POINT('Ctrl Pts',(-16.4201044534029,-12.,-57.1255726983037));
#7452=CARTESIAN_POINT('Ctrl Pts',(-16.5542619817135,-12.5,-57.2161297206767));
#7453=CARTESIAN_POINT('Ctrl Pts',(-16.5542619817135,-12.,-57.2161297206767));
#7454=CARTESIAN_POINT('Ctrl Pts',(-16.6228057099123,-12.5,-57.2623970901355));
#7455=CARTESIAN_POINT('Ctrl Pts',(-16.6228057099123,-12.,-57.2623970901355));
#7456=CARTESIAN_POINT('',(-16.2715519619722,-12.5,-56.9358798658237));
#7457=CARTESIAN_POINT('Ctrl Pts',(-16.2715519619722,-12.5,-56.9358798658237));
#7458=CARTESIAN_POINT('Ctrl Pts',(-16.3203432152307,-12.5,-56.9981834390706));
#7459=CARTESIAN_POINT('Ctrl Pts',(-16.4201044534029,-12.5,-57.1255726983037));
#7460=CARTESIAN_POINT('Ctrl Pts',(-16.5542619817135,-12.5,-57.2161297206767));
#7461=CARTESIAN_POINT('Ctrl Pts',(-16.6228057099123,-12.5,-57.2623970901355));
#7462=CARTESIAN_POINT('',(-16.2715519619722,-12.,-56.9358798658237));
#7463=CARTESIAN_POINT('',(-16.2715519619722,-12.5,-56.9358798658237));
#7464=CARTESIAN_POINT('Ctrl Pts',(-16.2715519619722,-12.,-56.9358798658237));
#7465=CARTESIAN_POINT('Ctrl Pts',(-16.3203432152307,-12.,-56.9981834390706));
#7466=CARTESIAN_POINT('Ctrl Pts',(-16.4201044534029,-12.,-57.1255726983037));
#7467=CARTESIAN_POINT('Ctrl Pts',(-16.5542619817135,-12.,-57.2161297206767));
#7468=CARTESIAN_POINT('Ctrl Pts',(-16.6228057099123,-12.,-57.2623970901355));
#7469=CARTESIAN_POINT('Ctrl Pts',(-16.142923946454,-12.5,-56.4362099563465));
#7470=CARTESIAN_POINT('Ctrl Pts',(-16.142923946454,-12.,-56.4362099563465));
#7471=CARTESIAN_POINT('Ctrl Pts',(-16.1465047339942,-12.5,-56.5308922818009));
#7472=CARTESIAN_POINT('Ctrl Pts',(-16.1465047339942,-12.,-56.5308922818009));
#7473=CARTESIAN_POINT('Ctrl Pts',(-16.1531724082875,-12.5,-56.7071973265331));
#7474=CARTESIAN_POINT('Ctrl Pts',(-16.1531724082875,-12.,-56.7071973265331));
#7475=CARTESIAN_POINT('Ctrl Pts',(-16.2340900736961,-12.5,-56.8635119655323));
#7476=CARTESIAN_POINT('Ctrl Pts',(-16.2340900736961,-12.,-56.8635119655323));
#7477=CARTESIAN_POINT('Ctrl Pts',(-16.2715519619722,-12.5,-56.9358798658237));
#7478=CARTESIAN_POINT('Ctrl Pts',(-16.2715519619722,-12.,-56.9358798658237));
#7479=CARTESIAN_POINT('',(-16.142923946454,-12.5,-56.4362099563465));
#7480=CARTESIAN_POINT('Ctrl Pts',(-16.142923946454,-12.5,-56.4362099563465));
#7481=CARTESIAN_POINT('Ctrl Pts',(-16.1465047339942,-12.5,-56.5308922818009));
#7482=CARTESIAN_POINT('Ctrl Pts',(-16.1531724082875,-12.5,-56.7071973265331));
#7483=CARTESIAN_POINT('Ctrl Pts',(-16.2340900736961,-12.5,-56.8635119655323));
#7484=CARTESIAN_POINT('Ctrl Pts',(-16.2715519619722,-12.5,-56.9358798658237));
#7485=CARTESIAN_POINT('',(-16.142923946454,-12.,-56.4362099563465));
#7486=CARTESIAN_POINT('',(-16.142923946454,-12.5,-56.4362099563465));
#7487=CARTESIAN_POINT('Ctrl Pts',(-16.142923946454,-12.,-56.4362099563465));
#7488=CARTESIAN_POINT('Ctrl Pts',(-16.1465047339942,-12.,-56.5308922818009));
#7489=CARTESIAN_POINT('Ctrl Pts',(-16.1531724082875,-12.,-56.7071973265331));
#7490=CARTESIAN_POINT('Ctrl Pts',(-16.2340900736961,-12.,-56.8635119655323));
#7491=CARTESIAN_POINT('Ctrl Pts',(-16.2715519619722,-12.,-56.9358798658237));
#7492=CARTESIAN_POINT('Ctrl Pts',(-16.3210238171358,-12.5,-55.9216978942737));
#7493=CARTESIAN_POINT('Ctrl Pts',(-16.3210238171358,-12.,-55.9216978942737));
#7494=CARTESIAN_POINT('Ctrl Pts',(-16.2691354075384,-12.5,-55.9932528326806));
#7495=CARTESIAN_POINT('Ctrl Pts',(-16.2691354075384,-12.,-55.9932528326806));
#7496=CARTESIAN_POINT('Ctrl Pts',(-16.1582358082794,-12.5,-56.146185135981));
#7497=CARTESIAN_POINT('Ctrl Pts',(-16.1582358082794,-12.,-56.146185135981));
#7498=CARTESIAN_POINT('Ctrl Pts',(-16.1482418617435,-12.5,-56.3354823345758));
#7499=CARTESIAN_POINT('Ctrl Pts',(-16.1482418617435,-12.,-56.3354823345758));
#7500=CARTESIAN_POINT('Ctrl Pts',(-16.142923946454,-12.5,-56.4362099563465));
#7501=CARTESIAN_POINT('Ctrl Pts',(-16.142923946454,-12.,-56.4362099563465));
#7502=CARTESIAN_POINT('',(-16.3210238171358,-12.5,-55.9216978942737));
#7503=CARTESIAN_POINT('Ctrl Pts',(-16.3210238171358,-12.5,-55.9216978942737));
#7504=CARTESIAN_POINT('Ctrl Pts',(-16.2691354075384,-12.5,-55.9932528326806));
#7505=CARTESIAN_POINT('Ctrl Pts',(-16.1582358082794,-12.5,-56.146185135981));
#7506=CARTESIAN_POINT('Ctrl Pts',(-16.1482418617435,-12.5,-56.3354823345758));
#7507=CARTESIAN_POINT('Ctrl Pts',(-16.142923946454,-12.5,-56.4362099563465));
#7508=CARTESIAN_POINT('',(-16.3210238171358,-12.,-55.9216978942737));
#7509=CARTESIAN_POINT('',(-16.3210238171358,-12.5,-55.9216978942737));
#7510=CARTESIAN_POINT('Ctrl Pts',(-16.3210238171358,-12.,-55.9216978942737));
#7511=CARTESIAN_POINT('Ctrl Pts',(-16.2691354075384,-12.,-55.9932528326806));
#7512=CARTESIAN_POINT('Ctrl Pts',(-16.1582358082794,-12.,-56.146185135981));
#7513=CARTESIAN_POINT('Ctrl Pts',(-16.1482418617435,-12.,-56.3354823345758));
#7514=CARTESIAN_POINT('Ctrl Pts',(-16.142923946454,-12.,-56.4362099563465));
#7515=CARTESIAN_POINT('Ctrl Pts',(-16.7415393543977,-12.5,-55.7287558709964));
#7516=CARTESIAN_POINT('Ctrl Pts',(-16.7415393543977,-12.,-55.7287558709964));
#7517=CARTESIAN_POINT('Ctrl Pts',(-16.6627733074766,-12.5,-55.7375006048044));
#7518=CARTESIAN_POINT('Ctrl Pts',(-16.6627733074766,-12.,-55.7375006048044));
#7519=CARTESIAN_POINT('Ctrl Pts',(-16.5015819407928,-12.5,-55.7553963308042));
#7520=CARTESIAN_POINT('Ctrl Pts',(-16.5015819407928,-12.,-55.7553963308042));
#7521=CARTESIAN_POINT('Ctrl Pts',(-16.3821138898039,-12.5,-55.8654313891096));
#7522=CARTESIAN_POINT('Ctrl Pts',(-16.3821138898039,-12.,-55.8654313891096));
#7523=CARTESIAN_POINT('Ctrl Pts',(-16.3210238171358,-12.5,-55.9216978942737));
#7524=CARTESIAN_POINT('Ctrl Pts',(-16.3210238171358,-12.,-55.9216978942737));
#7525=CARTESIAN_POINT('',(-16.7415393543977,-12.5,-55.7287558709964));
#7526=CARTESIAN_POINT('Ctrl Pts',(-16.7415393543977,-12.5,-55.7287558709964));
#7527=CARTESIAN_POINT('Ctrl Pts',(-16.6627733074766,-12.5,-55.7375006048044));
#7528=CARTESIAN_POINT('Ctrl Pts',(-16.5015819407928,-12.5,-55.7553963308042));
#7529=CARTESIAN_POINT('Ctrl Pts',(-16.3821138898039,-12.5,-55.8654313891096));
#7530=CARTESIAN_POINT('Ctrl Pts',(-16.3210238171358,-12.5,-55.9216978942737));
#7531=CARTESIAN_POINT('',(-16.7415393543977,-12.,-55.7287558709964));
#7532=CARTESIAN_POINT('',(-16.7415393543977,-12.5,-55.7287558709964));
#7533=CARTESIAN_POINT('Ctrl Pts',(-16.7415393543977,-12.,-55.7287558709964));
#7534=CARTESIAN_POINT('Ctrl Pts',(-16.6627733074766,-12.,-55.7375006048044));
#7535=CARTESIAN_POINT('Ctrl Pts',(-16.5015819407928,-12.,-55.7553963308042));
#7536=CARTESIAN_POINT('Ctrl Pts',(-16.3821138898039,-12.,-55.8654313891096));
#7537=CARTESIAN_POINT('Ctrl Pts',(-16.3210238171358,-12.,-55.9216978942737));
#7538=CARTESIAN_POINT('Ctrl Pts',(-17.1867896271486,-12.5,-55.8375951444492));
#7539=CARTESIAN_POINT('Ctrl Pts',(-17.1867896271486,-12.,-55.8375951444492));
#7540=CARTESIAN_POINT('Ctrl Pts',(-17.1128410504588,-12.5,-55.8058642646956));
#7541=CARTESIAN_POINT('Ctrl Pts',(-17.1128410504588,-12.,-55.8058642646956));
#7542=CARTESIAN_POINT('Ctrl Pts',(-16.970384663878,-12.5,-55.7447371047818));
#7543=CARTESIAN_POINT('Ctrl Pts',(-16.970384663878,-12.,-55.7447371047818));
#7544=CARTESIAN_POINT('Ctrl Pts',(-16.8158538173185,-12.5,-55.7339455635808));
#7545=CARTESIAN_POINT('Ctrl Pts',(-16.8158538173185,-12.,-55.7339455635808));
#7546=CARTESIAN_POINT('Ctrl Pts',(-16.7415393543977,-12.5,-55.7287558709964));
#7547=CARTESIAN_POINT('Ctrl Pts',(-16.7415393543977,-12.,-55.7287558709964));
#7548=CARTESIAN_POINT('',(-17.1867896271486,-12.5,-55.8375951444492));
#7549=CARTESIAN_POINT('Ctrl Pts',(-17.1867896271486,-12.5,-55.8375951444492));
#7550=CARTESIAN_POINT('Ctrl Pts',(-17.1128410504588,-12.5,-55.8058642646956));
#7551=CARTESIAN_POINT('Ctrl Pts',(-16.970384663878,-12.5,-55.7447371047818));
#7552=CARTESIAN_POINT('Ctrl Pts',(-16.8158538173185,-12.5,-55.7339455635808));
#7553=CARTESIAN_POINT('Ctrl Pts',(-16.7415393543977,-12.5,-55.7287558709964));
#7554=CARTESIAN_POINT('',(-17.1867896271486,-12.,-55.8375951444492));
#7555=CARTESIAN_POINT('',(-17.1867896271486,-12.5,-55.8375951444492));
#7556=CARTESIAN_POINT('Ctrl Pts',(-17.1867896271486,-12.,-55.8375951444492));
#7557=CARTESIAN_POINT('Ctrl Pts',(-17.1128410504588,-12.,-55.8058642646956));
#7558=CARTESIAN_POINT('Ctrl Pts',(-16.970384663878,-12.,-55.7447371047818));
#7559=CARTESIAN_POINT('Ctrl Pts',(-16.8158538173185,-12.,-55.7339455635808));
#7560=CARTESIAN_POINT('Ctrl Pts',(-16.7415393543977,-12.,-55.7287558709964));
#7561=CARTESIAN_POINT('Ctrl Pts',(-17.7260376168031,-12.5,-56.164112368761));
#7562=CARTESIAN_POINT('Ctrl Pts',(-17.7260376168031,-12.,-56.164112368761));
#7563=CARTESIAN_POINT('Ctrl Pts',(-17.6313960666315,-12.5,-56.0982601254846));
#7564=CARTESIAN_POINT('Ctrl Pts',(-17.6313960666315,-12.,-56.0982601254846));
#7565=CARTESIAN_POINT('Ctrl Pts',(-17.4585161486359,-12.5,-55.977969086329));
#7566=CARTESIAN_POINT('Ctrl Pts',(-17.4585161486359,-12.,-55.977969086329));
#7567=CARTESIAN_POINT('Ctrl Pts',(-17.2714486931591,-12.5,-55.8813300244554));
#7568=CARTESIAN_POINT('Ctrl Pts',(-17.2714486931591,-12.,-55.8813300244554));
#7569=CARTESIAN_POINT('Ctrl Pts',(-17.1867896271486,-12.5,-55.8375951444492));
#7570=CARTESIAN_POINT('Ctrl Pts',(-17.1867896271486,-12.,-55.8375951444492));
#7571=CARTESIAN_POINT('',(-17.7260376168031,-12.5,-56.164112368761));
#7572=CARTESIAN_POINT('Ctrl Pts',(-17.7260376168031,-12.5,-56.164112368761));
#7573=CARTESIAN_POINT('Ctrl Pts',(-17.6313960666315,-12.5,-56.0982601254846));
#7574=CARTESIAN_POINT('Ctrl Pts',(-17.4585161486359,-12.5,-55.977969086329));
#7575=CARTESIAN_POINT('Ctrl Pts',(-17.2714486931591,-12.5,-55.8813300244554));
#7576=CARTESIAN_POINT('Ctrl Pts',(-17.1867896271486,-12.5,-55.8375951444492));
#7577=CARTESIAN_POINT('',(-17.7260376168031,-12.,-56.164112368761));
#7578=CARTESIAN_POINT('',(-17.7260376168031,-12.5,-56.164112368761));
#7579=CARTESIAN_POINT('Ctrl Pts',(-17.7260376168031,-12.,-56.164112368761));
#7580=CARTESIAN_POINT('Ctrl Pts',(-17.6313960666315,-12.,-56.0982601254846));
#7581=CARTESIAN_POINT('Ctrl Pts',(-17.4585161486359,-12.,-55.977969086329));
#7582=CARTESIAN_POINT('Ctrl Pts',(-17.2714486931591,-12.,-55.8813300244554));
#7583=CARTESIAN_POINT('Ctrl Pts',(-17.1867896271486,-12.,-55.8375951444492));
#7584=CARTESIAN_POINT('Origin',(-20.6745864105959,-12.5,-58.2221597229823));
#7585=CARTESIAN_POINT('',(-20.6745864105959,-12.5,-58.2221597229823));
#7586=CARTESIAN_POINT('',(-4.25907119880868,-12.5,-46.764351149178));
#7587=CARTESIAN_POINT('',(-20.6745864105959,-12.,-58.2221597229823));
#7588=CARTESIAN_POINT('',(-20.6745864105959,-12.5,-58.2221597229823));
#7589=CARTESIAN_POINT('',(-20.6745864105959,-12.,-58.2221597229823));
#7590=CARTESIAN_POINT('Origin',(-22.3665393543978,-12.5,-56.4362099563465));
#7591=CARTESIAN_POINT('',(-22.3665393543978,-12.5,-56.4362099563465));
#7592=CARTESIAN_POINT('',(-18.5341796543339,-12.5,-60.4814772535646));
#7593=CARTESIAN_POINT('',(-22.3665393543978,-12.,-56.4362099563465));
#7594=CARTESIAN_POINT('',(-22.3665393543978,-12.5,-56.4362099563465));
#7595=CARTESIAN_POINT('',(-22.3665393543978,-12.,-56.4362099563465));
#7596=CARTESIAN_POINT('Ctrl Pts',(-23.0047316504259,-12.5,-56.1047455465183));
#7597=CARTESIAN_POINT('Ctrl Pts',(-23.0047316504259,-12.,-56.1047455465183));
#7598=CARTESIAN_POINT('Ctrl Pts',(-22.8934709796255,-12.5,-56.1232838177241));
#7599=CARTESIAN_POINT('Ctrl Pts',(-22.8934709796255,-12.,-56.1232838177241));
#7600=CARTESIAN_POINT('Ctrl Pts',(-22.6465202514298,-12.5,-56.1644307885347));
#7601=CARTESIAN_POINT('Ctrl Pts',(-22.6465202514298,-12.,-56.1644307885347));
#7602=CARTESIAN_POINT('Ctrl Pts',(-22.4658247035254,-12.5,-56.3398330611802));
#7603=CARTESIAN_POINT('Ctrl Pts',(-22.4658247035254,-12.,-56.3398330611802));
#7604=CARTESIAN_POINT('Ctrl Pts',(-22.3665393543978,-12.5,-56.4362099563465));
#7605=CARTESIAN_POINT('Ctrl Pts',(-22.3665393543978,-12.,-56.4362099563465));
#7606=CARTESIAN_POINT('',(-23.0047316504259,-12.5,-56.1047455465183));
#7607=CARTESIAN_POINT('Ctrl Pts',(-23.0047316504259,-12.5,-56.1047455465183));
#7608=CARTESIAN_POINT('Ctrl Pts',(-22.8934709796255,-12.5,-56.1232838177241));
#7609=CARTESIAN_POINT('Ctrl Pts',(-22.6465202514298,-12.5,-56.1644307885347));
#7610=CARTESIAN_POINT('Ctrl Pts',(-22.4658247035254,-12.5,-56.3398330611802));
#7611=CARTESIAN_POINT('Ctrl Pts',(-22.3665393543978,-12.5,-56.4362099563465));
#7612=CARTESIAN_POINT('',(-23.0047316504259,-12.,-56.1047455465183));
#7613=CARTESIAN_POINT('',(-23.0047316504259,-12.5,-56.1047455465183));
#7614=CARTESIAN_POINT('Ctrl Pts',(-23.0047316504259,-12.,-56.1047455465183));
#7615=CARTESIAN_POINT('Ctrl Pts',(-22.8934709796255,-12.,-56.1232838177241));
#7616=CARTESIAN_POINT('Ctrl Pts',(-22.6465202514298,-12.,-56.1644307885347));
#7617=CARTESIAN_POINT('Ctrl Pts',(-22.4658247035254,-12.,-56.3398330611802));
#7618=CARTESIAN_POINT('Ctrl Pts',(-22.3665393543978,-12.,-56.4362099563465));
#7619=CARTESIAN_POINT('Ctrl Pts',(-23.4549297047395,-12.5,-56.3026347553119));
#7620=CARTESIAN_POINT('Ctrl Pts',(-23.4549297047395,-12.,-56.3026347553119));
#7621=CARTESIAN_POINT('Ctrl Pts',(-23.3905241324868,-12.5,-56.2449169538562));
#7622=CARTESIAN_POINT('Ctrl Pts',(-23.3905241324868,-12.,-56.2449169538562));
#7623=CARTESIAN_POINT('Ctrl Pts',(-23.2620418888582,-12.5,-56.1297760992848));
#7624=CARTESIAN_POINT('Ctrl Pts',(-23.2620418888582,-12.,-56.1297760992848));
#7625=CARTESIAN_POINT('Ctrl Pts',(-23.0903552300419,-12.5,-56.1130748129349));
#7626=CARTESIAN_POINT('Ctrl Pts',(-23.0903552300419,-12.,-56.1130748129349));
#7627=CARTESIAN_POINT('Ctrl Pts',(-23.0047316504259,-12.5,-56.1047455465183));
#7628=CARTESIAN_POINT('Ctrl Pts',(-23.0047316504259,-12.,-56.1047455465183));
#7629=CARTESIAN_POINT('',(-23.4549297047395,-12.5,-56.3026347553119));
#7630=CARTESIAN_POINT('Ctrl Pts',(-23.4549297047395,-12.5,-56.3026347553119));
#7631=CARTESIAN_POINT('Ctrl Pts',(-23.3905241324868,-12.5,-56.2449169538562));
#7632=CARTESIAN_POINT('Ctrl Pts',(-23.2620418888582,-12.5,-56.1297760992848));
#7633=CARTESIAN_POINT('Ctrl Pts',(-23.0903552300419,-12.5,-56.1130748129349));
#7634=CARTESIAN_POINT('Ctrl Pts',(-23.0047316504259,-12.5,-56.1047455465183));
#7635=CARTESIAN_POINT('',(-23.4549297047395,-12.,-56.3026347553119));
#7636=CARTESIAN_POINT('',(-23.4549297047395,-12.5,-56.3026347553119));
#7637=CARTESIAN_POINT('Ctrl Pts',(-23.4549297047395,-12.,-56.3026347553119));
#7638=CARTESIAN_POINT('Ctrl Pts',(-23.3905241324868,-12.,-56.2449169538562));
#7639=CARTESIAN_POINT('Ctrl Pts',(-23.2620418888582,-12.,-56.1297760992848));
#7640=CARTESIAN_POINT('Ctrl Pts',(-23.0903552300419,-12.,-56.1130748129349));
#7641=CARTESIAN_POINT('Ctrl Pts',(-23.0047316504259,-12.,-56.1047455465183));
#7642=CARTESIAN_POINT('Ctrl Pts',(-23.6429245425005,-12.5,-56.8121996318683));
#7643=CARTESIAN_POINT('Ctrl Pts',(-23.6429245425005,-12.,-56.8121996318683));
#7644=CARTESIAN_POINT('Ctrl Pts',(-23.6366038271003,-12.5,-56.7134203273805));
#7645=CARTESIAN_POINT('Ctrl Pts',(-23.6366038271003,-12.,-56.7134203273805));
#7646=CARTESIAN_POINT('Ctrl Pts',(-23.6245076875178,-12.5,-56.5243834574541));
#7647=CARTESIAN_POINT('Ctrl Pts',(-23.6245076875178,-12.,-56.5243834574541));
#7648=CARTESIAN_POINT('Ctrl Pts',(-23.5097309966362,-12.5,-56.374295681776));
#7649=CARTESIAN_POINT('Ctrl Pts',(-23.5097309966362,-12.,-56.374295681776));
#7650=CARTESIAN_POINT('Ctrl Pts',(-23.4549297047395,-12.5,-56.3026347553119));
#7651=CARTESIAN_POINT('Ctrl Pts',(-23.4549297047395,-12.,-56.3026347553119));
#7652=CARTESIAN_POINT('',(-23.6429245425005,-12.5,-56.8121996318683));
#7653=CARTESIAN_POINT('Ctrl Pts',(-23.6429245425005,-12.5,-56.8121996318683));
#7654=CARTESIAN_POINT('Ctrl Pts',(-23.6366038271003,-12.5,-56.7134203273805));
#7655=CARTESIAN_POINT('Ctrl Pts',(-23.6245076875178,-12.5,-56.5243834574541));
#7656=CARTESIAN_POINT('Ctrl Pts',(-23.5097309966362,-12.5,-56.374295681776));
#7657=CARTESIAN_POINT('Ctrl Pts',(-23.4549297047395,-12.5,-56.3026347553119));
#7658=CARTESIAN_POINT('',(-23.6429245425005,-12.,-56.8121996318683));
#7659=CARTESIAN_POINT('',(-23.6429245425005,-12.5,-56.8121996318683));
#7660=CARTESIAN_POINT('Ctrl Pts',(-23.6429245425005,-12.,-56.8121996318683));
#7661=CARTESIAN_POINT('Ctrl Pts',(-23.6366038271003,-12.,-56.7134203273805));
#7662=CARTESIAN_POINT('Ctrl Pts',(-23.6245076875178,-12.,-56.5243834574541));
#7663=CARTESIAN_POINT('Ctrl Pts',(-23.5097309966362,-12.,-56.374295681776));
#7664=CARTESIAN_POINT('Ctrl Pts',(-23.4549297047395,-12.,-56.3026347553119));
#7665=CARTESIAN_POINT('Ctrl Pts',(-23.5390324545641,-12.5,-57.2030302678928));
#7666=CARTESIAN_POINT('Ctrl Pts',(-23.5390324545641,-12.,-57.2030302678928));
#7667=CARTESIAN_POINT('Ctrl Pts',(-23.5692862327393,-12.5,-57.1469180633495));
#7668=CARTESIAN_POINT('Ctrl Pts',(-23.5692862327393,-12.,-57.1469180633495));
#7669=CARTESIAN_POINT('Ctrl Pts',(-23.6348748688045,-12.5,-57.0252696880193));
#7670=CARTESIAN_POINT('Ctrl Pts',(-23.6348748688045,-12.,-57.0252696880193));
#7671=CARTESIAN_POINT('Ctrl Pts',(-23.640106228697,-12.5,-56.8867987153885));
#7672=CARTESIAN_POINT('Ctrl Pts',(-23.640106228697,-12.,-56.8867987153885));
#7673=CARTESIAN_POINT('Ctrl Pts',(-23.6429245425005,-12.5,-56.8121996318683));
#7674=CARTESIAN_POINT('Ctrl Pts',(-23.6429245425005,-12.,-56.8121996318683));
#7675=CARTESIAN_POINT('',(-23.5390324545641,-12.5,-57.2030302678928));
#7676=CARTESIAN_POINT('Ctrl Pts',(-23.5390324545641,-12.5,-57.2030302678928));
#7677=CARTESIAN_POINT('Ctrl Pts',(-23.5692862327393,-12.5,-57.1469180633495));
#7678=CARTESIAN_POINT('Ctrl Pts',(-23.6348748688045,-12.5,-57.0252696880193));
#7679=CARTESIAN_POINT('Ctrl Pts',(-23.640106228697,-12.5,-56.8867987153885));
#7680=CARTESIAN_POINT('Ctrl Pts',(-23.6429245425005,-12.5,-56.8121996318683));
#7681=CARTESIAN_POINT('',(-23.5390324545641,-12.,-57.2030302678928));
#7682=CARTESIAN_POINT('',(-23.5390324545641,-12.5,-57.2030302678928));
#7683=CARTESIAN_POINT('Ctrl Pts',(-23.5390324545641,-12.,-57.2030302678928));
#7684=CARTESIAN_POINT('Ctrl Pts',(-23.5692862327393,-12.,-57.1469180633495));
#7685=CARTESIAN_POINT('Ctrl Pts',(-23.6348748688045,-12.,-57.0252696880193));
#7686=CARTESIAN_POINT('Ctrl Pts',(-23.640106228697,-12.,-56.8867987153885));
#7687=CARTESIAN_POINT('Ctrl Pts',(-23.6429245425005,-12.,-56.8121996318683));
#7688=CARTESIAN_POINT('Ctrl Pts',(-23.2174624157686,-12.5,-57.5542840158328));
#7689=CARTESIAN_POINT('Ctrl Pts',(-23.2174624157686,-12.,-57.5542840158328));
#7690=CARTESIAN_POINT('Ctrl Pts',(-23.2821653712152,-12.5,-57.4918538807305));
#7691=CARTESIAN_POINT('Ctrl Pts',(-23.2821653712152,-12.,-57.4918538807305));
#7692=CARTESIAN_POINT('Ctrl Pts',(-23.3966598615771,-12.5,-57.3813812376736));
#7693=CARTESIAN_POINT('Ctrl Pts',(-23.3966598615771,-12.,-57.3813812376736));
#7694=CARTESIAN_POINT('Ctrl Pts',(-23.4958824062095,-12.5,-57.2570845827625));
#7695=CARTESIAN_POINT('Ctrl Pts',(-23.4958824062095,-12.,-57.2570845827625));
#7696=CARTESIAN_POINT('Ctrl Pts',(-23.5390324545641,-12.5,-57.2030302678928));
#7697=CARTESIAN_POINT('Ctrl Pts',(-23.5390324545641,-12.,-57.2030302678928));
#7698=CARTESIAN_POINT('',(-23.2174624157686,-12.5,-57.5542840158328));
#7699=CARTESIAN_POINT('Ctrl Pts',(-23.2174624157686,-12.5,-57.5542840158328));
#7700=CARTESIAN_POINT('Ctrl Pts',(-23.2821653712152,-12.5,-57.4918538807305));
#7701=CARTESIAN_POINT('Ctrl Pts',(-23.3966598615771,-12.5,-57.3813812376736));
#7702=CARTESIAN_POINT('Ctrl Pts',(-23.4958824062095,-12.5,-57.2570845827625));
#7703=CARTESIAN_POINT('Ctrl Pts',(-23.5390324545641,-12.5,-57.2030302678928));
#7704=CARTESIAN_POINT('',(-23.2174624157686,-12.,-57.5542840158328));
#7705=CARTESIAN_POINT('',(-23.2174624157686,-12.5,-57.5542840158328));
#7706=CARTESIAN_POINT('Ctrl Pts',(-23.2174624157686,-12.,-57.5542840158328));
#7707=CARTESIAN_POINT('Ctrl Pts',(-23.2821653712152,-12.,-57.4918538807305));
#7708=CARTESIAN_POINT('Ctrl Pts',(-23.3966598615771,-12.,-57.3813812376736));
#7709=CARTESIAN_POINT('Ctrl Pts',(-23.4958824062095,-12.,-57.2570845827625));
#7710=CARTESIAN_POINT('Ctrl Pts',(-23.5390324545641,-12.,-57.2030302678928));
#7711=CARTESIAN_POINT('Origin',(-20.2095467997331,-12.5,-60.4385188018665));
#7712=CARTESIAN_POINT('',(-20.2095467997331,-12.5,-60.4385188018665));
#7713=CARTESIAN_POINT('',(-17.075070466526,-12.5,-63.4441103244608));
#7714=CARTESIAN_POINT('',(-20.2095467997331,-12.,-60.4385188018665));
#7715=CARTESIAN_POINT('',(-20.2095467997331,-12.5,-60.4385188018665));
#7716=CARTESIAN_POINT('',(-20.2095467997331,-12.,-60.4385188018665));
#7717=CARTESIAN_POINT('Origin',(-22.7524228049059,-12.5,-60.4385188018665));
#7718=CARTESIAN_POINT('',(-22.7524228049059,-12.5,-60.4385188018665));
#7719=CARTESIAN_POINT('',(-4.50483269833828,-12.5,-60.4385188018665));
#7720=CARTESIAN_POINT('',(-22.7524228049059,-12.,-60.4385188018665));
#7721=CARTESIAN_POINT('',(-22.7524228049059,-12.5,-60.4385188018665));
#7722=CARTESIAN_POINT('',(-22.7524228049059,-12.,-60.4385188018665));
#7723=CARTESIAN_POINT('Ctrl Pts',(-23.4202988100786,-12.5,-60.6463023816928));
#7724=CARTESIAN_POINT('Ctrl Pts',(-23.4202988100786,-12.,-60.6463023816928));
#7725=CARTESIAN_POINT('Ctrl Pts',(-23.33119713563,-12.5,-60.5858892134095));
#7726=CARTESIAN_POINT('Ctrl Pts',(-23.33119713563,-12.,-60.5858892134095));
#7727=CARTESIAN_POINT('Ctrl Pts',(-23.1308568309383,-12.5,-60.4500534660323));
#7728=CARTESIAN_POINT('Ctrl Pts',(-23.1308568309383,-12.,-60.4500534660323));
#7729=CARTESIAN_POINT('Ctrl Pts',(-22.8875297648871,-12.5,-60.4426368602403));
#7730=CARTESIAN_POINT('Ctrl Pts',(-22.8875297648871,-12.,-60.4426368602403));
#7731=CARTESIAN_POINT('Ctrl Pts',(-22.7524228049059,-12.5,-60.4385188018665));
#7732=CARTESIAN_POINT('Ctrl Pts',(-22.7524228049059,-12.,-60.4385188018665));
#7733=CARTESIAN_POINT('Ctrl Pts',(-23.4202988100786,-12.5,-60.6463023816928));
#7734=CARTESIAN_POINT('Ctrl Pts',(-23.33119713563,-12.5,-60.5858892134095));
#7735=CARTESIAN_POINT('Ctrl Pts',(-23.1308568309383,-12.5,-60.4500534660323));
#7736=CARTESIAN_POINT('Ctrl Pts',(-22.8875297648871,-12.5,-60.4426368602403));
#7737=CARTESIAN_POINT('Ctrl Pts',(-22.7524228049059,-12.5,-60.4385188018665));
#7738=CARTESIAN_POINT('Ctrl Pts',(-23.4202988100786,-12.,-60.6463023816928));
#7739=CARTESIAN_POINT('Ctrl Pts',(-23.33119713563,-12.,-60.5858892134095));
#7740=CARTESIAN_POINT('Ctrl Pts',(-23.1308568309383,-12.,-60.4500534660323));
#7741=CARTESIAN_POINT('Ctrl Pts',(-22.8875297648871,-12.,-60.4426368602403));
#7742=CARTESIAN_POINT('Ctrl Pts',(-22.7524228049059,-12.,-60.4385188018665));
#7743=CARTESIAN_POINT('Origin',(-18.8911102367182,-12.,-38.5099211131916));
#7744=CARTESIAN_POINT('Ctrl Pts',(-15.232633466794,-12.5,-47.7290859615192));
#7745=CARTESIAN_POINT('Ctrl Pts',(-15.232633466794,-12.,-47.7290859615192));
#7746=CARTESIAN_POINT('Ctrl Pts',(-15.2620074724608,-12.5,-47.6846655663961));
#7747=CARTESIAN_POINT('Ctrl Pts',(-15.2620074724608,-12.,-47.6846655663961));
#7748=CARTESIAN_POINT('Ctrl Pts',(-15.3256740269054,-12.5,-47.5883867838346));
#7749=CARTESIAN_POINT('Ctrl Pts',(-15.3256740269054,-12.,-47.5883867838346));
#7750=CARTESIAN_POINT('Ctrl Pts',(-15.4227566066696,-12.5,-47.525494290712));
#7751=CARTESIAN_POINT('Ctrl Pts',(-15.4227566066696,-12.,-47.525494290712));
#7752=CARTESIAN_POINT('Ctrl Pts',(-15.4750479412813,-12.5,-47.4916186725483));
#7753=CARTESIAN_POINT('Ctrl Pts',(-15.4750479412813,-12.,-47.4916186725483));
#7754=CARTESIAN_POINT('',(-15.232633466794,-12.5,-47.7290859615192));
#7755=CARTESIAN_POINT('',(-15.4750479412813,-12.5,-47.4916186725483));
#7756=CARTESIAN_POINT('Ctrl Pts',(-15.232633466794,-12.5,-47.7290859615192));
#7757=CARTESIAN_POINT('Ctrl Pts',(-15.2620074724608,-12.5,-47.6846655663961));
#7758=CARTESIAN_POINT('Ctrl Pts',(-15.3256740269054,-12.5,-47.5883867838346));
#7759=CARTESIAN_POINT('Ctrl Pts',(-15.4227566066696,-12.5,-47.525494290712));
#7760=CARTESIAN_POINT('Ctrl Pts',(-15.4750479412813,-12.5,-47.4916186725483));
#7761=CARTESIAN_POINT('',(-15.232633466794,-12.,-47.7290859615192));
#7762=CARTESIAN_POINT('',(-15.232633466794,-12.5,-47.7290859615192));
#7763=CARTESIAN_POINT('',(-15.4750479412813,-12.,-47.4916186725483));
#7764=CARTESIAN_POINT('Ctrl Pts',(-15.232633466794,-12.,-47.7290859615192));
#7765=CARTESIAN_POINT('Ctrl Pts',(-15.2620074724608,-12.,-47.6846655663961));
#7766=CARTESIAN_POINT('Ctrl Pts',(-15.3256740269054,-12.,-47.5883867838346));
#7767=CARTESIAN_POINT('Ctrl Pts',(-15.4227566066696,-12.,-47.525494290712));
#7768=CARTESIAN_POINT('Ctrl Pts',(-15.4750479412813,-12.,-47.4916186725483));
#7769=CARTESIAN_POINT('',(-15.4750479412813,-12.5,-47.4916186725483));
#7770=CARTESIAN_POINT('Ctrl Pts',(-15.163372869565,-12.5,-48.0951812660083));
#7771=CARTESIAN_POINT('Ctrl Pts',(-15.163372869565,-12.,-48.0951812660083));
#7772=CARTESIAN_POINT('Ctrl Pts',(-15.1647267410861,-12.5,-48.0250242882536));
#7773=CARTESIAN_POINT('Ctrl Pts',(-15.1647267410861,-12.,-48.0250242882536));
#7774=CARTESIAN_POINT('Ctrl Pts',(-15.167162502919,-12.5,-47.8988042695464));
#7775=CARTESIAN_POINT('Ctrl Pts',(-15.167162502919,-12.,-47.8988042695464));
#7776=CARTESIAN_POINT('Ctrl Pts',(-15.2124971944724,-12.5,-47.7812845831085));
#7777=CARTESIAN_POINT('Ctrl Pts',(-15.2124971944724,-12.,-47.7812845831085));
#7778=CARTESIAN_POINT('Ctrl Pts',(-15.232633466794,-12.5,-47.7290859615192));
#7779=CARTESIAN_POINT('Ctrl Pts',(-15.232633466794,-12.,-47.7290859615192));
#7780=CARTESIAN_POINT('',(-15.163372869565,-12.5,-48.0951812660083));
#7781=CARTESIAN_POINT('Ctrl Pts',(-15.163372869565,-12.5,-48.0951812660083));
#7782=CARTESIAN_POINT('Ctrl Pts',(-15.1647267410861,-12.5,-48.0250242882536));
#7783=CARTESIAN_POINT('Ctrl Pts',(-15.167162502919,-12.5,-47.8988042695464));
#7784=CARTESIAN_POINT('Ctrl Pts',(-15.2124971944724,-12.5,-47.7812845831085));
#7785=CARTESIAN_POINT('Ctrl Pts',(-15.232633466794,-12.5,-47.7290859615192));
#7786=CARTESIAN_POINT('',(-15.163372869565,-12.,-48.0951812660083));
#7787=CARTESIAN_POINT('',(-15.163372869565,-12.5,-48.0951812660083));
#7788=CARTESIAN_POINT('Ctrl Pts',(-15.163372869565,-12.,-48.0951812660083));
#7789=CARTESIAN_POINT('Ctrl Pts',(-15.1647267410861,-12.,-48.0250242882536));
#7790=CARTESIAN_POINT('Ctrl Pts',(-15.167162502919,-12.,-47.8988042695464));
#7791=CARTESIAN_POINT('Ctrl Pts',(-15.2124971944724,-12.,-47.7812845831085));
#7792=CARTESIAN_POINT('Ctrl Pts',(-15.232633466794,-12.,-47.7290859615192));
#7793=CARTESIAN_POINT('Ctrl Pts',(-15.1930559826631,-12.5,-48.3178058063373));
#7794=CARTESIAN_POINT('Ctrl Pts',(-15.1930559826631,-12.,-48.3178058063373));
#7795=CARTESIAN_POINT('Ctrl Pts',(-15.1844178924663,-12.5,-48.2779719112854));
#7796=CARTESIAN_POINT('Ctrl Pts',(-15.1844178924663,-12.,-48.2779719112854));
#7797=CARTESIAN_POINT('Ctrl Pts',(-15.168493696096,-12.5,-48.2045386925353));
#7798=CARTESIAN_POINT('Ctrl Pts',(-15.168493696096,-12.,-48.2045386925353));
#7799=CARTESIAN_POINT('Ctrl Pts',(-15.1649803835442,-12.5,-48.1295104101045));
#7800=CARTESIAN_POINT('Ctrl Pts',(-15.1649803835442,-12.,-48.1295104101045));
#7801=CARTESIAN_POINT('Ctrl Pts',(-15.163372869565,-12.5,-48.0951812660083));
#7802=CARTESIAN_POINT('Ctrl Pts',(-15.163372869565,-12.,-48.0951812660083));
#7803=CARTESIAN_POINT('',(-15.1930559826631,-12.5,-48.3178058063373));
#7804=CARTESIAN_POINT('Ctrl Pts',(-15.1930559826631,-12.5,-48.3178058063373));
#7805=CARTESIAN_POINT('Ctrl Pts',(-15.1844178924663,-12.5,-48.2779719112854));
#7806=CARTESIAN_POINT('Ctrl Pts',(-15.168493696096,-12.5,-48.2045386925353));
#7807=CARTESIAN_POINT('Ctrl Pts',(-15.1649803835442,-12.5,-48.1295104101045));
#7808=CARTESIAN_POINT('Ctrl Pts',(-15.163372869565,-12.5,-48.0951812660083));
#7809=CARTESIAN_POINT('',(-15.1930559826631,-12.,-48.3178058063373));
#7810=CARTESIAN_POINT('',(-15.1930559826631,-12.5,-48.3178058063373));
#7811=CARTESIAN_POINT('Ctrl Pts',(-15.1930559826631,-12.,-48.3178058063373));
#7812=CARTESIAN_POINT('Ctrl Pts',(-15.1844178924663,-12.,-48.2779719112854));
#7813=CARTESIAN_POINT('Ctrl Pts',(-15.168493696096,-12.,-48.2045386925353));
#7814=CARTESIAN_POINT('Ctrl Pts',(-15.1649803835442,-12.,-48.1295104101045));
#7815=CARTESIAN_POINT('Ctrl Pts',(-15.163372869565,-12.,-48.0951812660083));
#7816=CARTESIAN_POINT('Ctrl Pts',(-15.2227390957613,-12.5,-48.5305371677265));
#7817=CARTESIAN_POINT('Ctrl Pts',(-15.2227390957613,-12.,-48.5305371677265));
#7818=CARTESIAN_POINT('Ctrl Pts',(-15.2215114389164,-12.5,-48.4944958606071));
#7819=CARTESIAN_POINT('Ctrl Pts',(-15.2215114389164,-12.,-48.4944958606071));
#7820=CARTESIAN_POINT('Ctrl Pts',(-15.2190606403828,-12.5,-48.4225458014271));
#7821=CARTESIAN_POINT('Ctrl Pts',(-15.2190606403828,-12.,-48.4225458014271));
#7822=CARTESIAN_POINT('Ctrl Pts',(-15.2017135489364,-12.5,-48.3526762306564));
#7823=CARTESIAN_POINT('Ctrl Pts',(-15.2017135489364,-12.,-48.3526762306564));
#7824=CARTESIAN_POINT('Ctrl Pts',(-15.1930559826631,-12.5,-48.3178058063373));
#7825=CARTESIAN_POINT('Ctrl Pts',(-15.1930559826631,-12.,-48.3178058063373));
#7826=CARTESIAN_POINT('',(-15.2227390957613,-12.5,-48.5305371677265));
#7827=CARTESIAN_POINT('Ctrl Pts',(-15.2227390957613,-12.5,-48.5305371677265));
#7828=CARTESIAN_POINT('Ctrl Pts',(-15.2215114389164,-12.5,-48.4944958606071));
#7829=CARTESIAN_POINT('Ctrl Pts',(-15.2190606403828,-12.5,-48.4225458014271));
#7830=CARTESIAN_POINT('Ctrl Pts',(-15.2017135489364,-12.5,-48.3526762306564));
#7831=CARTESIAN_POINT('Ctrl Pts',(-15.1930559826631,-12.5,-48.3178058063373));
#7832=CARTESIAN_POINT('',(-15.2227390957613,-12.,-48.5305371677265));
#7833=CARTESIAN_POINT('',(-15.2227390957613,-12.5,-48.5305371677265));
#7834=CARTESIAN_POINT('Ctrl Pts',(-15.2227390957613,-12.,-48.5305371677265));
#7835=CARTESIAN_POINT('Ctrl Pts',(-15.2215114389164,-12.,-48.4944958606071));
#7836=CARTESIAN_POINT('Ctrl Pts',(-15.2190606403828,-12.,-48.4225458014271));
#7837=CARTESIAN_POINT('Ctrl Pts',(-15.2017135489364,-12.,-48.3526762306564));
#7838=CARTESIAN_POINT('Ctrl Pts',(-15.1930559826631,-12.,-48.3178058063373));
#7839=CARTESIAN_POINT('Ctrl Pts',(-15.0990582657594,-12.5,-48.9510515128955));
#7840=CARTESIAN_POINT('Ctrl Pts',(-15.0990582657594,-12.,-48.9510515128955));
#7841=CARTESIAN_POINT('Ctrl Pts',(-15.1350324682169,-12.5,-48.8936860599227));
#7842=CARTESIAN_POINT('Ctrl Pts',(-15.1350324682169,-12.,-48.8936860599227));
#7843=CARTESIAN_POINT('Ctrl Pts',(-15.2152473700375,-12.5,-48.7657731705806));
#7844=CARTESIAN_POINT('Ctrl Pts',(-15.2152473700375,-12.,-48.7657731705806));
#7845=CARTESIAN_POINT('Ctrl Pts',(-15.2200759839181,-12.5,-48.6141573919886));
#7846=CARTESIAN_POINT('Ctrl Pts',(-15.2200759839181,-12.,-48.6141573919886));
#7847=CARTESIAN_POINT('Ctrl Pts',(-15.2227390957613,-12.5,-48.5305371677265));
#7848=CARTESIAN_POINT('Ctrl Pts',(-15.2227390957613,-12.,-48.5305371677265));
#7849=CARTESIAN_POINT('',(-15.0990582657594,-12.5,-48.9510515128955));
#7850=CARTESIAN_POINT('Ctrl Pts',(-15.0990582657594,-12.5,-48.9510515128955));
#7851=CARTESIAN_POINT('Ctrl Pts',(-15.1350324682169,-12.5,-48.8936860599227));
#7852=CARTESIAN_POINT('Ctrl Pts',(-15.2152473700375,-12.5,-48.7657731705806));
#7853=CARTESIAN_POINT('Ctrl Pts',(-15.2200759839181,-12.5,-48.6141573919886));
#7854=CARTESIAN_POINT('Ctrl Pts',(-15.2227390957613,-12.5,-48.5305371677265));
#7855=CARTESIAN_POINT('',(-15.0990582657594,-12.,-48.9510515128955));
#7856=CARTESIAN_POINT('',(-15.0990582657594,-12.5,-48.9510515128955));
#7857=CARTESIAN_POINT('Ctrl Pts',(-15.0990582657594,-12.,-48.9510515128955));
#7858=CARTESIAN_POINT('Ctrl Pts',(-15.1350324682169,-12.,-48.8936860599227));
#7859=CARTESIAN_POINT('Ctrl Pts',(-15.2152473700375,-12.,-48.7657731705806));
#7860=CARTESIAN_POINT('Ctrl Pts',(-15.2200759839181,-12.,-48.6141573919886));
#7861=CARTESIAN_POINT('Ctrl Pts',(-15.2227390957613,-12.,-48.5305371677265));
#7862=CARTESIAN_POINT('Ctrl Pts',(-14.7379101467867,-12.5,-49.0895738994464));
#7863=CARTESIAN_POINT('Ctrl Pts',(-14.7379101467867,-12.,-49.0895738994464));
#7864=CARTESIAN_POINT('Ctrl Pts',(-14.8096453329477,-12.5,-49.0852798206492));
#7865=CARTESIAN_POINT('Ctrl Pts',(-14.8096453329477,-12.,-49.0852798206492));
#7866=CARTESIAN_POINT('Ctrl Pts',(-14.9451816115921,-12.5,-49.0771665990697));
#7867=CARTESIAN_POINT('Ctrl Pts',(-14.9451816115921,-12.,-49.0771665990697));
#7868=CARTESIAN_POINT('Ctrl Pts',(-15.0498075979694,-12.5,-48.991416649804));
#7869=CARTESIAN_POINT('Ctrl Pts',(-15.0498075979694,-12.,-48.991416649804));
#7870=CARTESIAN_POINT('Ctrl Pts',(-15.0990582657594,-12.5,-48.9510515128955));
#7871=CARTESIAN_POINT('Ctrl Pts',(-15.0990582657594,-12.,-48.9510515128955));
#7872=CARTESIAN_POINT('',(-14.7379101467867,-12.5,-49.0895738994464));
#7873=CARTESIAN_POINT('Ctrl Pts',(-14.7379101467867,-12.5,-49.0895738994464));
#7874=CARTESIAN_POINT('Ctrl Pts',(-14.8096453329477,-12.5,-49.0852798206492));
#7875=CARTESIAN_POINT('Ctrl Pts',(-14.9451816115921,-12.5,-49.0771665990697));
#7876=CARTESIAN_POINT('Ctrl Pts',(-15.0498075979694,-12.5,-48.991416649804));
#7877=CARTESIAN_POINT('Ctrl Pts',(-15.0990582657594,-12.5,-48.9510515128955));
#7878=CARTESIAN_POINT('',(-14.7379101467867,-12.,-49.0895738994464));
#7879=CARTESIAN_POINT('',(-14.7379101467867,-12.5,-49.0895738994464));
#7880=CARTESIAN_POINT('Ctrl Pts',(-14.7379101467867,-12.,-49.0895738994464));
#7881=CARTESIAN_POINT('Ctrl Pts',(-14.8096453329477,-12.,-49.0852798206492));
#7882=CARTESIAN_POINT('Ctrl Pts',(-14.9451816115921,-12.,-49.0771665990697));
#7883=CARTESIAN_POINT('Ctrl Pts',(-15.0498075979694,-12.,-48.991416649804));
#7884=CARTESIAN_POINT('Ctrl Pts',(-15.0990582657594,-12.,-48.9510515128955));
#7885=CARTESIAN_POINT('Ctrl Pts',(-14.267923946454,-12.5,-48.7927403842792));
#7886=CARTESIAN_POINT('Ctrl Pts',(-14.267923946454,-12.,-48.7927403842792));
#7887=CARTESIAN_POINT('Ctrl Pts',(-14.3206219997006,-12.5,-48.8793098099231));
#7888=CARTESIAN_POINT('Ctrl Pts',(-14.3206219997006,-12.,-48.8793098099231));
#7889=CARTESIAN_POINT('Ctrl Pts',(-14.4278779416679,-12.5,-49.0555038953014));
#7890=CARTESIAN_POINT('Ctrl Pts',(-14.4278779416679,-12.,-49.0555038953014));
#7891=CARTESIAN_POINT('Ctrl Pts',(-14.6333782753466,-12.5,-49.0780867015539));
#7892=CARTESIAN_POINT('Ctrl Pts',(-14.6333782753466,-12.,-49.0780867015539));
#7893=CARTESIAN_POINT('Ctrl Pts',(-14.7379101467867,-12.5,-49.0895738994464));
#7894=CARTESIAN_POINT('Ctrl Pts',(-14.7379101467867,-12.,-49.0895738994464));
#7895=CARTESIAN_POINT('',(-14.267923946454,-12.5,-48.7927403842792));
#7896=CARTESIAN_POINT('Ctrl Pts',(-14.267923946454,-12.5,-48.7927403842792));
#7897=CARTESIAN_POINT('Ctrl Pts',(-14.3206219997006,-12.5,-48.8793098099231));
#7898=CARTESIAN_POINT('Ctrl Pts',(-14.4278779416679,-12.5,-49.0555038953014));
#7899=CARTESIAN_POINT('Ctrl Pts',(-14.6333782753466,-12.5,-49.0780867015539));
#7900=CARTESIAN_POINT('Ctrl Pts',(-14.7379101467867,-12.5,-49.0895738994464));
#7901=CARTESIAN_POINT('',(-14.267923946454,-12.,-48.7927403842792));
#7902=CARTESIAN_POINT('',(-14.267923946454,-12.5,-48.7927403842792));
#7903=CARTESIAN_POINT('Ctrl Pts',(-14.267923946454,-12.,-48.7927403842792));
#7904=CARTESIAN_POINT('Ctrl Pts',(-14.3206219997006,-12.,-48.8793098099231));
#7905=CARTESIAN_POINT('Ctrl Pts',(-14.4278779416679,-12.,-49.0555038953014));
#7906=CARTESIAN_POINT('Ctrl Pts',(-14.6333782753466,-12.,-49.0780867015539));
#7907=CARTESIAN_POINT('Ctrl Pts',(-14.7379101467867,-12.,-49.0895738994464));
#7908=CARTESIAN_POINT('Ctrl Pts',(-14.1392959309358,-12.5,-47.9022386466846));
#7909=CARTESIAN_POINT('Ctrl Pts',(-14.1392959309358,-12.,-47.9022386466846));
#7910=CARTESIAN_POINT('Ctrl Pts',(-14.1405321273288,-12.5,-48.0769035333303));
#7911=CARTESIAN_POINT('Ctrl Pts',(-14.1405321273288,-12.,-48.0769035333303));
#7912=CARTESIAN_POINT('Ctrl Pts',(-14.1426789358853,-12.5,-48.3802308001795));
#7913=CARTESIAN_POINT('Ctrl Pts',(-14.1426789358853,-12.,-48.3802308001795));
#7914=CARTESIAN_POINT('Ctrl Pts',(-14.230621383121,-12.5,-48.6698798821604));
#7915=CARTESIAN_POINT('Ctrl Pts',(-14.230621383121,-12.,-48.6698798821604));
#7916=CARTESIAN_POINT('Ctrl Pts',(-14.267923946454,-12.5,-48.7927403842792));
#7917=CARTESIAN_POINT('Ctrl Pts',(-14.267923946454,-12.,-48.7927403842792));
#7918=CARTESIAN_POINT('',(-14.1392959309358,-12.5,-47.9022386466846));
#7919=CARTESIAN_POINT('Ctrl Pts',(-14.1392959309358,-12.5,-47.9022386466846));
#7920=CARTESIAN_POINT('Ctrl Pts',(-14.1405321273288,-12.5,-48.0769035333303));
#7921=CARTESIAN_POINT('Ctrl Pts',(-14.1426789358853,-12.5,-48.3802308001795));
#7922=CARTESIAN_POINT('Ctrl Pts',(-14.230621383121,-12.5,-48.6698798821604));
#7923=CARTESIAN_POINT('Ctrl Pts',(-14.267923946454,-12.5,-48.7927403842792));
#7924=CARTESIAN_POINT('',(-14.1392959309358,-12.,-47.9022386466846));
#7925=CARTESIAN_POINT('',(-14.1392959309358,-12.5,-47.9022386466846));
#7926=CARTESIAN_POINT('Ctrl Pts',(-14.1392959309358,-12.,-47.9022386466846));
#7927=CARTESIAN_POINT('Ctrl Pts',(-14.1405321273288,-12.,-48.0769035333303));
#7928=CARTESIAN_POINT('Ctrl Pts',(-14.1426789358853,-12.,-48.3802308001795));
#7929=CARTESIAN_POINT('Ctrl Pts',(-14.230621383121,-12.,-48.6698798821604));
#7930=CARTESIAN_POINT('Ctrl Pts',(-14.267923946454,-12.,-48.7927403842792));
#7931=CARTESIAN_POINT('Ctrl Pts',(-14.3272913647432,-12.5,-46.9375291263446));
#7932=CARTESIAN_POINT('Ctrl Pts',(-14.3272913647432,-12.,-46.9375291263446));
#7933=CARTESIAN_POINT('Ctrl Pts',(-14.2726193266761,-12.5,-47.075691613441));
#7934=CARTESIAN_POINT('Ctrl Pts',(-14.2726193266761,-12.,-47.075691613441));
#7935=CARTESIAN_POINT('Ctrl Pts',(-14.1502852339009,-12.5,-47.3848438439423));
#7936=CARTESIAN_POINT('Ctrl Pts',(-14.1502852339009,-12.,-47.3848438439423));
#7937=CARTESIAN_POINT('Ctrl Pts',(-14.1432094777539,-12.5,-47.7179823030031));
#7938=CARTESIAN_POINT('Ctrl Pts',(-14.1432094777539,-12.,-47.7179823030031));
#7939=CARTESIAN_POINT('Ctrl Pts',(-14.1392959309358,-12.5,-47.9022386466846));
#7940=CARTESIAN_POINT('Ctrl Pts',(-14.1392959309358,-12.,-47.9022386466846));
#7941=CARTESIAN_POINT('',(-14.3272913647432,-12.5,-46.9375291263446));
#7942=CARTESIAN_POINT('Ctrl Pts',(-14.3272913647432,-12.5,-46.9375291263446));
#7943=CARTESIAN_POINT('Ctrl Pts',(-14.2726193266761,-12.5,-47.075691613441));
#7944=CARTESIAN_POINT('Ctrl Pts',(-14.1502852339009,-12.5,-47.3848438439423));
#7945=CARTESIAN_POINT('Ctrl Pts',(-14.1432094777539,-12.5,-47.7179823030031));
#7946=CARTESIAN_POINT('Ctrl Pts',(-14.1392959309358,-12.5,-47.9022386466846));
#7947=CARTESIAN_POINT('',(-14.3272913647432,-12.,-46.9375291263446));
#7948=CARTESIAN_POINT('',(-14.3272913647432,-12.5,-46.9375291263446));
#7949=CARTESIAN_POINT('Ctrl Pts',(-14.3272913647432,-12.,-46.9375291263446));
#7950=CARTESIAN_POINT('Ctrl Pts',(-14.2726193266761,-12.,-47.075691613441));
#7951=CARTESIAN_POINT('Ctrl Pts',(-14.1502852339009,-12.,-47.3848438439423));
#7952=CARTESIAN_POINT('Ctrl Pts',(-14.1432094777539,-12.,-47.7179823030031));
#7953=CARTESIAN_POINT('Ctrl Pts',(-14.1392959309358,-12.,-47.9022386466846));
#7954=CARTESIAN_POINT('Ctrl Pts',(-14.8566437912721,-12.5,-46.3587036525592));
#7955=CARTESIAN_POINT('Ctrl Pts',(-14.8566437912721,-12.,-46.3587036525592));
#7956=CARTESIAN_POINT('Ctrl Pts',(-14.7480939147896,-12.5,-46.4370778991138));
#7957=CARTESIAN_POINT('Ctrl Pts',(-14.7480939147896,-12.,-46.4370778991138));
#7958=CARTESIAN_POINT('Ctrl Pts',(-14.5315770154316,-12.5,-46.5934055652834));
#7959=CARTESIAN_POINT('Ctrl Pts',(-14.5315770154316,-12.,-46.5934055652834));
#7960=CARTESIAN_POINT('Ctrl Pts',(-14.3952642657399,-12.5,-46.8230273164141));
#7961=CARTESIAN_POINT('Ctrl Pts',(-14.3952642657399,-12.,-46.8230273164141));
#7962=CARTESIAN_POINT('Ctrl Pts',(-14.3272913647432,-12.5,-46.9375291263446));
#7963=CARTESIAN_POINT('Ctrl Pts',(-14.3272913647432,-12.,-46.9375291263446));
#7964=CARTESIAN_POINT('',(-14.8566437912721,-12.5,-46.3587036525592));
#7965=CARTESIAN_POINT('Ctrl Pts',(-14.8566437912721,-12.5,-46.3587036525592));
#7966=CARTESIAN_POINT('Ctrl Pts',(-14.7480939147896,-12.5,-46.4370778991138));
#7967=CARTESIAN_POINT('Ctrl Pts',(-14.5315770154316,-12.5,-46.5934055652834));
#7968=CARTESIAN_POINT('Ctrl Pts',(-14.3952642657399,-12.5,-46.8230273164141));
#7969=CARTESIAN_POINT('Ctrl Pts',(-14.3272913647432,-12.5,-46.9375291263446));
#7970=CARTESIAN_POINT('',(-14.8566437912721,-12.,-46.3587036525592));
#7971=CARTESIAN_POINT('',(-14.8566437912721,-12.5,-46.3587036525592));
#7972=CARTESIAN_POINT('Ctrl Pts',(-14.8566437912721,-12.,-46.3587036525592));
#7973=CARTESIAN_POINT('Ctrl Pts',(-14.7480939147896,-12.,-46.4370778991138));
#7974=CARTESIAN_POINT('Ctrl Pts',(-14.5315770154316,-12.,-46.5934055652834));
#7975=CARTESIAN_POINT('Ctrl Pts',(-14.3952642657399,-12.,-46.8230273164141));
#7976=CARTESIAN_POINT('Ctrl Pts',(-14.3272913647432,-12.,-46.9375291263446));
#7977=CARTESIAN_POINT('Ctrl Pts',(-15.8114601326723,-12.5,-45.9134521877155));
#7978=CARTESIAN_POINT('Ctrl Pts',(-15.8114601326723,-12.,-45.9134521877155));
#7979=CARTESIAN_POINT('Ctrl Pts',(-15.6281894849946,-12.5,-45.983657959308));
#7980=CARTESIAN_POINT('Ctrl Pts',(-15.6281894849946,-12.,-45.983657959308));
#7981=CARTESIAN_POINT('Ctrl Pts',(-15.2993040133143,-12.5,-46.1096446276452));
#7982=CARTESIAN_POINT('Ctrl Pts',(-15.2993040133143,-12.,-46.1096446276452));
#7983=CARTESIAN_POINT('Ctrl Pts',(-14.9924875218495,-12.5,-46.2822723280499));
#7984=CARTESIAN_POINT('Ctrl Pts',(-14.9924875218495,-12.,-46.2822723280499));
#7985=CARTESIAN_POINT('Ctrl Pts',(-14.8566437912721,-12.5,-46.3587036525592));
#7986=CARTESIAN_POINT('Ctrl Pts',(-14.8566437912721,-12.,-46.3587036525592));
#7987=CARTESIAN_POINT('',(-15.8114601326723,-12.5,-45.9134521877155));
#7988=CARTESIAN_POINT('Ctrl Pts',(-15.8114601326723,-12.5,-45.9134521877155));
#7989=CARTESIAN_POINT('Ctrl Pts',(-15.6281894849946,-12.5,-45.983657959308));
#7990=CARTESIAN_POINT('Ctrl Pts',(-15.2993040133143,-12.5,-46.1096446276452));
#7991=CARTESIAN_POINT('Ctrl Pts',(-14.9924875218495,-12.5,-46.2822723280499));
#7992=CARTESIAN_POINT('Ctrl Pts',(-14.8566437912721,-12.5,-46.3587036525592));
#7993=CARTESIAN_POINT('',(-15.8114601326723,-12.,-45.9134521877155));
#7994=CARTESIAN_POINT('',(-15.8114601326723,-12.5,-45.9134521877155));
#7995=CARTESIAN_POINT('Ctrl Pts',(-15.8114601326723,-12.,-45.9134521877155));
#7996=CARTESIAN_POINT('Ctrl Pts',(-15.6281894849946,-12.,-45.983657959308));
#7997=CARTESIAN_POINT('Ctrl Pts',(-15.2993040133143,-12.,-46.1096446276452));
#7998=CARTESIAN_POINT('Ctrl Pts',(-14.9924875218495,-12.,-46.2822723280499));
#7999=CARTESIAN_POINT('Ctrl Pts',(-14.8566437912721,-12.,-46.3587036525592));
#8000=CARTESIAN_POINT('Origin',(-20.4222775650758,-12.5,-44.1522386466846));
#8001=CARTESIAN_POINT('',(-20.4222775650758,-12.5,-44.1522386466846));
#8002=CARTESIAN_POINT('',(-6.61033944210166,-12.5,-49.4280433834126));
#8003=CARTESIAN_POINT('',(-20.4222775650758,-12.,-44.1522386466846));
#8004=CARTESIAN_POINT('',(-20.4222775650758,-12.5,-44.1522386466846));
#8005=CARTESIAN_POINT('',(-20.4222775650758,-12.,-44.1522386466846));
#8006=CARTESIAN_POINT('Ctrl Pts',(-20.7735313130159,-12.5,-44.0433993732318));
#8007=CARTESIAN_POINT('Ctrl Pts',(-20.7735313130159,-12.,-44.0433993732318));
#8008=CARTESIAN_POINT('Ctrl Pts',(-20.7151925381285,-12.5,-44.0592154883683));
#8009=CARTESIAN_POINT('Ctrl Pts',(-20.7151925381285,-12.,-44.0592154883683));
#8010=CARTESIAN_POINT('Ctrl Pts',(-20.5968124616505,-12.5,-44.0913092874418));
#8011=CARTESIAN_POINT('Ctrl Pts',(-20.5968124616505,-12.,-44.0913092874418));
#8012=CARTESIAN_POINT('Ctrl Pts',(-20.4810110110158,-12.5,-44.1317350608833));
#8013=CARTESIAN_POINT('Ctrl Pts',(-20.4810110110158,-12.,-44.1317350608833));
#8014=CARTESIAN_POINT('Ctrl Pts',(-20.4222775650758,-12.5,-44.1522386466846));
#8015=CARTESIAN_POINT('Ctrl Pts',(-20.4222775650758,-12.,-44.1522386466846));
#8016=CARTESIAN_POINT('',(-20.7735313130159,-12.5,-44.0433993732318));
#8017=CARTESIAN_POINT('Ctrl Pts',(-20.7735313130159,-12.5,-44.0433993732318));
#8018=CARTESIAN_POINT('Ctrl Pts',(-20.7151925381285,-12.5,-44.0592154883683));
#8019=CARTESIAN_POINT('Ctrl Pts',(-20.5968124616505,-12.5,-44.0913092874418));
#8020=CARTESIAN_POINT('Ctrl Pts',(-20.4810110110158,-12.5,-44.1317350608833));
#8021=CARTESIAN_POINT('Ctrl Pts',(-20.4222775650758,-12.5,-44.1522386466846));
#8022=CARTESIAN_POINT('',(-20.7735313130159,-12.,-44.0433993732318));
#8023=CARTESIAN_POINT('',(-20.7735313130159,-12.5,-44.0433993732318));
#8024=CARTESIAN_POINT('Ctrl Pts',(-20.7735313130159,-12.,-44.0433993732318));
#8025=CARTESIAN_POINT('Ctrl Pts',(-20.7151925381285,-12.,-44.0592154883683));
#8026=CARTESIAN_POINT('Ctrl Pts',(-20.5968124616505,-12.,-44.0913092874418));
#8027=CARTESIAN_POINT('Ctrl Pts',(-20.4810110110158,-12.,-44.1317350608833));
#8028=CARTESIAN_POINT('Ctrl Pts',(-20.4222775650758,-12.,-44.1522386466846));
#8029=CARTESIAN_POINT('Ctrl Pts',(-21.040681715085,-12.5,-43.9790859615192));
#8030=CARTESIAN_POINT('Ctrl Pts',(-21.040681715085,-12.,-43.9790859615192));
#8031=CARTESIAN_POINT('Ctrl Pts',(-21.0027133726956,-12.5,-43.9875780401546));
#8032=CARTESIAN_POINT('Ctrl Pts',(-21.0027133726956,-12.,-43.9875780401546));
#8033=CARTESIAN_POINT('Ctrl Pts',(-20.9133181034016,-12.5,-44.0075723725037));
#8034=CARTESIAN_POINT('Ctrl Pts',(-20.9133181034016,-12.,-44.0075723725037));
#8035=CARTESIAN_POINT('Ctrl Pts',(-20.8245801195638,-12.5,-44.0303156932624));
#8036=CARTESIAN_POINT('Ctrl Pts',(-20.8245801195638,-12.,-44.0303156932624));
#8037=CARTESIAN_POINT('Ctrl Pts',(-20.7735313130159,-12.5,-44.0433993732318));
#8038=CARTESIAN_POINT('Ctrl Pts',(-20.7735313130159,-12.,-44.0433993732318));
#8039=CARTESIAN_POINT('',(-21.040681715085,-12.5,-43.9790859615192));
#8040=CARTESIAN_POINT('Ctrl Pts',(-21.040681715085,-12.5,-43.9790859615192));
#8041=CARTESIAN_POINT('Ctrl Pts',(-21.0027133726956,-12.5,-43.9875780401546));
#8042=CARTESIAN_POINT('Ctrl Pts',(-20.9133181034016,-12.5,-44.0075723725037));
#8043=CARTESIAN_POINT('Ctrl Pts',(-20.8245801195638,-12.5,-44.0303156932624));
#8044=CARTESIAN_POINT('Ctrl Pts',(-20.7735313130159,-12.5,-44.0433993732318));
#8045=CARTESIAN_POINT('',(-21.040681715085,-12.,-43.9790859615192));
#8046=CARTESIAN_POINT('',(-21.040681715085,-12.5,-43.9790859615192));
#8047=CARTESIAN_POINT('Ctrl Pts',(-21.040681715085,-12.,-43.9790859615192));
#8048=CARTESIAN_POINT('Ctrl Pts',(-21.0027133726956,-12.,-43.9875780401546));
#8049=CARTESIAN_POINT('Ctrl Pts',(-20.9133181034016,-12.,-44.0075723725037));
#8050=CARTESIAN_POINT('Ctrl Pts',(-20.8245801195638,-12.,-44.0303156932624));
#8051=CARTESIAN_POINT('Ctrl Pts',(-20.7735313130159,-12.,-44.0433993732318));
#8052=CARTESIAN_POINT('Ctrl Pts',(-21.3325680447359,-12.5,-44.0582409297809));
#8053=CARTESIAN_POINT('Ctrl Pts',(-21.3325680447359,-12.,-44.0582409297809));
#8054=CARTESIAN_POINT('Ctrl Pts',(-21.2860464448944,-12.5,-44.0351547831236));
#8055=CARTESIAN_POINT('Ctrl Pts',(-21.2860464448944,-12.,-44.0351547831236));
#8056=CARTESIAN_POINT('Ctrl Pts',(-21.1939597159245,-12.5,-43.9894571343446));
#8057=CARTESIAN_POINT('Ctrl Pts',(-21.1939597159245,-12.,-43.9894571343446));
#8058=CARTESIAN_POINT('Ctrl Pts',(-21.0914193658315,-12.5,-43.9825189978438));
#8059=CARTESIAN_POINT('Ctrl Pts',(-21.0914193658315,-12.,-43.9825189978438));
#8060=CARTESIAN_POINT('Ctrl Pts',(-21.040681715085,-12.5,-43.9790859615192));
#8061=CARTESIAN_POINT('Ctrl Pts',(-21.040681715085,-12.,-43.9790859615192));
#8062=CARTESIAN_POINT('',(-21.3325680447359,-12.5,-44.0582409297809));
#8063=CARTESIAN_POINT('Ctrl Pts',(-21.3325680447359,-12.5,-44.0582409297809));
#8064=CARTESIAN_POINT('Ctrl Pts',(-21.2860464448944,-12.5,-44.0351547831236));
#8065=CARTESIAN_POINT('Ctrl Pts',(-21.1939597159245,-12.5,-43.9894571343446));
#8066=CARTESIAN_POINT('Ctrl Pts',(-21.0914193658315,-12.5,-43.9825189978438));
#8067=CARTESIAN_POINT('Ctrl Pts',(-21.040681715085,-12.5,-43.9790859615192));
#8068=CARTESIAN_POINT('',(-21.3325680447359,-12.,-44.0582409297809));
#8069=CARTESIAN_POINT('',(-21.3325680447359,-12.5,-44.0582409297809));
#8070=CARTESIAN_POINT('Ctrl Pts',(-21.3325680447359,-12.,-44.0582409297809));
#8071=CARTESIAN_POINT('Ctrl Pts',(-21.2860464448944,-12.,-44.0351547831236));
#8072=CARTESIAN_POINT('Ctrl Pts',(-21.1939597159245,-12.,-43.9894571343446));
#8073=CARTESIAN_POINT('Ctrl Pts',(-21.0914193658315,-12.,-43.9825189978438));
#8074=CARTESIAN_POINT('Ctrl Pts',(-21.040681715085,-12.,-43.9790859615192));
#8075=CARTESIAN_POINT('Ctrl Pts',(-21.5502459955949,-12.5,-44.2759194766864));
#8076=CARTESIAN_POINT('Ctrl Pts',(-21.5502459955949,-12.,-44.2759194766864));
#8077=CARTESIAN_POINT('Ctrl Pts',(-21.5216491402115,-12.5,-44.2311234886421));
#8078=CARTESIAN_POINT('Ctrl Pts',(-21.5216491402115,-12.,-44.2311234886421));
#8079=CARTESIAN_POINT('Ctrl Pts',(-21.4650844101195,-12.5,-44.1425167890953));
#8080=CARTESIAN_POINT('Ctrl Pts',(-21.4650844101195,-12.,-44.1425167890953));
#8081=CARTESIAN_POINT('Ctrl Pts',(-21.376411495587,-12.5,-44.0861238594484));
#8082=CARTESIAN_POINT('Ctrl Pts',(-21.376411495587,-12.,-44.0861238594484));
#8083=CARTESIAN_POINT('Ctrl Pts',(-21.3325680447359,-12.5,-44.0582409297809));
#8084=CARTESIAN_POINT('Ctrl Pts',(-21.3325680447359,-12.,-44.0582409297809));
#8085=CARTESIAN_POINT('',(-21.5502459955949,-12.5,-44.2759194766864));
#8086=CARTESIAN_POINT('Ctrl Pts',(-21.5502459955949,-12.5,-44.2759194766864));
#8087=CARTESIAN_POINT('Ctrl Pts',(-21.5216491402115,-12.5,-44.2311234886421));
#8088=CARTESIAN_POINT('Ctrl Pts',(-21.4650844101195,-12.5,-44.1425167890953));
#8089=CARTESIAN_POINT('Ctrl Pts',(-21.376411495587,-12.5,-44.0861238594484));
#8090=CARTESIAN_POINT('Ctrl Pts',(-21.3325680447359,-12.5,-44.0582409297809));
#8091=CARTESIAN_POINT('',(-21.5502459955949,-12.,-44.2759194766864));
#8092=CARTESIAN_POINT('',(-21.5502459955949,-12.5,-44.2759194766864));
#8093=CARTESIAN_POINT('Ctrl Pts',(-21.5502459955949,-12.,-44.2759194766864));
#8094=CARTESIAN_POINT('Ctrl Pts',(-21.5216491402115,-12.,-44.2311234886421));
#8095=CARTESIAN_POINT('Ctrl Pts',(-21.4650844101195,-12.,-44.1425167890953));
#8096=CARTESIAN_POINT('Ctrl Pts',(-21.376411495587,-12.,-44.0861238594484));
#8097=CARTESIAN_POINT('Ctrl Pts',(-21.3325680447359,-12.,-44.0582409297809));
#8098=CARTESIAN_POINT('Ctrl Pts',(-21.6343493414659,-12.5,-44.5678058063373));
#8099=CARTESIAN_POINT('Ctrl Pts',(-21.6343493414659,-12.,-44.5678058063373));
#8100=CARTESIAN_POINT('Ctrl Pts',(-21.63064529493,-12.5,-44.516976635441));
#8101=CARTESIAN_POINT('Ctrl Pts',(-21.63064529493,-12.,-44.516976635441));
#8102=CARTESIAN_POINT('Ctrl Pts',(-21.6231276379664,-12.5,-44.4138147915396));
#8103=CARTESIAN_POINT('Ctrl Pts',(-21.6231276379664,-12.,-44.4138147915396));
#8104=CARTESIAN_POINT('Ctrl Pts',(-21.5747747779223,-12.5,-44.3223290258121));
#8105=CARTESIAN_POINT('Ctrl Pts',(-21.5747747779223,-12.,-44.3223290258121));
#8106=CARTESIAN_POINT('Ctrl Pts',(-21.5502459955949,-12.5,-44.2759194766864));
#8107=CARTESIAN_POINT('Ctrl Pts',(-21.5502459955949,-12.,-44.2759194766864));
#8108=CARTESIAN_POINT('',(-21.6343493414659,-12.5,-44.5678058063373));
#8109=CARTESIAN_POINT('Ctrl Pts',(-21.6343493414659,-12.5,-44.5678058063373));
#8110=CARTESIAN_POINT('Ctrl Pts',(-21.63064529493,-12.5,-44.516976635441));
#8111=CARTESIAN_POINT('Ctrl Pts',(-21.6231276379664,-12.5,-44.4138147915396));
#8112=CARTESIAN_POINT('Ctrl Pts',(-21.5747747779223,-12.5,-44.3223290258121));
#8113=CARTESIAN_POINT('Ctrl Pts',(-21.5502459955949,-12.5,-44.2759194766864));
#8114=CARTESIAN_POINT('',(-21.6343493414659,-12.,-44.5678058063373));
#8115=CARTESIAN_POINT('',(-21.6343493414659,-12.5,-44.5678058063373));
#8116=CARTESIAN_POINT('Ctrl Pts',(-21.6343493414659,-12.,-44.5678058063373));
#8117=CARTESIAN_POINT('Ctrl Pts',(-21.63064529493,-12.,-44.516976635441));
#8118=CARTESIAN_POINT('Ctrl Pts',(-21.6231276379664,-12.,-44.4138147915396));
#8119=CARTESIAN_POINT('Ctrl Pts',(-21.5747747779223,-12.,-44.3223290258121));
#8120=CARTESIAN_POINT('Ctrl Pts',(-21.5502459955949,-12.,-44.2759194766864));
#8121=CARTESIAN_POINT('Ctrl Pts',(-21.5601403666276,-12.5,-44.8992708122119));
#8122=CARTESIAN_POINT('Ctrl Pts',(-21.5601403666276,-12.,-44.8992708122119));
#8123=CARTESIAN_POINT('Ctrl Pts',(-21.5817181565568,-12.5,-44.8525852452569));
#8124=CARTESIAN_POINT('Ctrl Pts',(-21.5817181565568,-12.,-44.8525852452569));
#8125=CARTESIAN_POINT('Ctrl Pts',(-21.6301580179135,-12.5,-44.7477810740194));
#8126=CARTESIAN_POINT('Ctrl Pts',(-21.6301580179135,-12.,-44.7477810740194));
#8127=CARTESIAN_POINT('Ctrl Pts',(-21.6328541921586,-12.5,-44.6320074584983));
#8128=CARTESIAN_POINT('Ctrl Pts',(-21.6328541921586,-12.,-44.6320074584983));
#8129=CARTESIAN_POINT('Ctrl Pts',(-21.6343493414659,-12.5,-44.5678058063373));
#8130=CARTESIAN_POINT('Ctrl Pts',(-21.6343493414659,-12.,-44.5678058063373));
#8131=CARTESIAN_POINT('',(-21.5601403666276,-12.5,-44.8992708122119));
#8132=CARTESIAN_POINT('Ctrl Pts',(-21.5601403666276,-12.5,-44.8992708122119));
#8133=CARTESIAN_POINT('Ctrl Pts',(-21.5817181565568,-12.5,-44.8525852452569));
#8134=CARTESIAN_POINT('Ctrl Pts',(-21.6301580179135,-12.5,-44.7477810740194));
#8135=CARTESIAN_POINT('Ctrl Pts',(-21.6328541921586,-12.5,-44.6320074584983));
#8136=CARTESIAN_POINT('Ctrl Pts',(-21.6343493414659,-12.5,-44.5678058063373));
#8137=CARTESIAN_POINT('',(-21.5601403666276,-12.,-44.8992708122119));
#8138=CARTESIAN_POINT('',(-21.5601403666276,-12.5,-44.8992708122119));
#8139=CARTESIAN_POINT('Ctrl Pts',(-21.5601403666276,-12.,-44.8992708122119));
#8140=CARTESIAN_POINT('Ctrl Pts',(-21.5817181565568,-12.,-44.8525852452569));
#8141=CARTESIAN_POINT('Ctrl Pts',(-21.6301580179135,-12.,-44.7477810740194));
#8142=CARTESIAN_POINT('Ctrl Pts',(-21.6328541921586,-12.,-44.6320074584983));
#8143=CARTESIAN_POINT('Ctrl Pts',(-21.6343493414659,-12.,-44.5678058063373));
#8144=CARTESIAN_POINT('Ctrl Pts',(-21.2732012224931,-12.5,-45.1169481670246));
#8145=CARTESIAN_POINT('Ctrl Pts',(-21.2732012224931,-12.,-45.1169481670246));
#8146=CARTESIAN_POINT('Ctrl Pts',(-21.3357168887315,-12.5,-45.0854879319642));
#8147=CARTESIAN_POINT('Ctrl Pts',(-21.3357168887315,-12.,-45.0854879319642));
#8148=CARTESIAN_POINT('Ctrl Pts',(-21.4451481949757,-12.5,-45.030417981909));
#8149=CARTESIAN_POINT('Ctrl Pts',(-21.4451481949757,-12.,-45.030417981909));
#8150=CARTESIAN_POINT('Ctrl Pts',(-21.5256342156723,-12.5,-44.9386246566513));
#8151=CARTESIAN_POINT('Ctrl Pts',(-21.5256342156723,-12.,-44.9386246566513));
#8152=CARTESIAN_POINT('Ctrl Pts',(-21.5601403666276,-12.5,-44.8992708122119));
#8153=CARTESIAN_POINT('Ctrl Pts',(-21.5601403666276,-12.,-44.8992708122119));
#8154=CARTESIAN_POINT('',(-21.2732012224931,-12.5,-45.1169481670246));
#8155=CARTESIAN_POINT('Ctrl Pts',(-21.2732012224931,-12.5,-45.1169481670246));
#8156=CARTESIAN_POINT('Ctrl Pts',(-21.3357168887315,-12.5,-45.0854879319642));
#8157=CARTESIAN_POINT('Ctrl Pts',(-21.4451481949757,-12.5,-45.030417981909));
#8158=CARTESIAN_POINT('Ctrl Pts',(-21.5256342156723,-12.5,-44.9386246566513));
#8159=CARTESIAN_POINT('Ctrl Pts',(-21.5601403666276,-12.5,-44.8992708122119));
#8160=CARTESIAN_POINT('',(-21.2732012224931,-12.,-45.1169481670246));
#8161=CARTESIAN_POINT('',(-21.2732012224931,-12.5,-45.1169481670246));
#8162=CARTESIAN_POINT('Ctrl Pts',(-21.2732012224931,-12.,-45.1169481670246));
#8163=CARTESIAN_POINT('Ctrl Pts',(-21.3357168887315,-12.,-45.0854879319642));
#8164=CARTESIAN_POINT('Ctrl Pts',(-21.4451481949757,-12.,-45.030417981909));
#8165=CARTESIAN_POINT('Ctrl Pts',(-21.5256342156723,-12.,-44.9386246566513));
#8166=CARTESIAN_POINT('Ctrl Pts',(-21.5601403666276,-12.,-44.8992708122119));
#8167=CARTESIAN_POINT('Ctrl Pts',(-20.6844807816286,-12.5,-45.3494682704791));
#8168=CARTESIAN_POINT('Ctrl Pts',(-20.6844807816286,-12.,-45.3494682704791));
#8169=CARTESIAN_POINT('Ctrl Pts',(-20.7969430765172,-12.5,-45.3104999269962));
#8170=CARTESIAN_POINT('Ctrl Pts',(-20.7969430765172,-12.,-45.3104999269962));
#8171=CARTESIAN_POINT('Ctrl Pts',(-20.9965189190005,-12.5,-45.241346616649));
#8172=CARTESIAN_POINT('Ctrl Pts',(-20.9965189190005,-12.,-45.241346616649));
#8173=CARTESIAN_POINT('Ctrl Pts',(-21.1891284320513,-12.5,-45.1547479274521));
#8174=CARTESIAN_POINT('Ctrl Pts',(-21.1891284320513,-12.,-45.1547479274521));
#8175=CARTESIAN_POINT('Ctrl Pts',(-21.2732012224931,-12.5,-45.1169481670246));
#8176=CARTESIAN_POINT('Ctrl Pts',(-21.2732012224931,-12.,-45.1169481670246));
#8177=CARTESIAN_POINT('',(-20.6844807816286,-12.5,-45.3494682704791));
#8178=CARTESIAN_POINT('Ctrl Pts',(-20.6844807816286,-12.5,-45.3494682704791));
#8179=CARTESIAN_POINT('Ctrl Pts',(-20.7969430765172,-12.5,-45.3104999269962));
#8180=CARTESIAN_POINT('Ctrl Pts',(-20.9965189190005,-12.5,-45.241346616649));
#8181=CARTESIAN_POINT('Ctrl Pts',(-21.1891284320513,-12.5,-45.1547479274521));
#8182=CARTESIAN_POINT('Ctrl Pts',(-21.2732012224931,-12.5,-45.1169481670246));
#8183=CARTESIAN_POINT('',(-20.6844807816286,-12.,-45.3494682704791));
#8184=CARTESIAN_POINT('',(-20.6844807816286,-12.5,-45.3494682704791));
#8185=CARTESIAN_POINT('Ctrl Pts',(-20.6844807816286,-12.,-45.3494682704791));
#8186=CARTESIAN_POINT('Ctrl Pts',(-20.7969430765172,-12.,-45.3104999269962));
#8187=CARTESIAN_POINT('Ctrl Pts',(-20.9965189190005,-12.,-45.241346616649));
#8188=CARTESIAN_POINT('Ctrl Pts',(-21.1891284320513,-12.,-45.1547479274521));
#8189=CARTESIAN_POINT('Ctrl Pts',(-21.2732012224931,-12.,-45.1169481670246));
#8190=CARTESIAN_POINT('Origin',(-17.5924624157686,-12.5,-46.4329114353046));
#8191=CARTESIAN_POINT('',(-17.5924624157686,-12.5,-46.4329114353046));
#8192=CARTESIAN_POINT('',(-5.01970081756228,-12.5,-50.8384068123567));
#8193=CARTESIAN_POINT('',(-17.5924624157686,-12.,-46.4329114353046));
#8194=CARTESIAN_POINT('',(-17.5924624157686,-12.5,-46.4329114353046));
#8195=CARTESIAN_POINT('',(-17.5924624157686,-12.,-46.4329114353046));
#8196=CARTESIAN_POINT('Origin',(-20.9170008850832,-12.5,-47.5757220184192));
#8197=CARTESIAN_POINT('',(-20.9170008850832,-12.5,-47.5757220184192));
#8198=CARTESIAN_POINT('',(-3.88191286898764,-12.5,-41.7199080313738));
#8199=CARTESIAN_POINT('',(-20.9170008850832,-12.,-47.5757220184192));
#8200=CARTESIAN_POINT('',(-20.9170008850832,-12.5,-47.5757220184192));
#8201=CARTESIAN_POINT('',(-20.9170008850832,-12.,-47.5757220184192));
#8202=CARTESIAN_POINT('Ctrl Pts',(-21.446354503705,-12.5,-47.8379252349719));
#8203=CARTESIAN_POINT('Ctrl Pts',(-21.446354503705,-12.,-47.8379252349719));
#8204=CARTESIAN_POINT('Ctrl Pts',(-21.373298875999,-12.5,-47.7882554446691));
#8205=CARTESIAN_POINT('Ctrl Pts',(-21.373298875999,-12.,-47.7882554446691));
#8206=CARTESIAN_POINT('Ctrl Pts',(-21.2091358465533,-12.5,-47.6766426435191));
#8207=CARTESIAN_POINT('Ctrl Pts',(-21.2091358465533,-12.,-47.6766426435191));
#8208=CARTESIAN_POINT('Ctrl Pts',(-21.0212654376726,-12.5,-47.6117411370147));
#8209=CARTESIAN_POINT('Ctrl Pts',(-21.0212654376726,-12.,-47.6117411370147));
#8210=CARTESIAN_POINT('Ctrl Pts',(-20.9170008850832,-12.5,-47.5757220184192));
#8211=CARTESIAN_POINT('Ctrl Pts',(-20.9170008850832,-12.,-47.5757220184192));
#8212=CARTESIAN_POINT('',(-21.446354503705,-12.5,-47.8379252349719));
#8213=CARTESIAN_POINT('Ctrl Pts',(-21.446354503705,-12.5,-47.8379252349719));
#8214=CARTESIAN_POINT('Ctrl Pts',(-21.373298875999,-12.5,-47.7882554446691));
#8215=CARTESIAN_POINT('Ctrl Pts',(-21.2091358465533,-12.5,-47.6766426435191));
#8216=CARTESIAN_POINT('Ctrl Pts',(-21.0212654376726,-12.5,-47.6117411370147));
#8217=CARTESIAN_POINT('Ctrl Pts',(-20.9170008850832,-12.5,-47.5757220184192));
#8218=CARTESIAN_POINT('',(-21.446354503705,-12.,-47.8379252349719));
#8219=CARTESIAN_POINT('',(-21.446354503705,-12.5,-47.8379252349719));
#8220=CARTESIAN_POINT('Ctrl Pts',(-21.446354503705,-12.,-47.8379252349719));
#8221=CARTESIAN_POINT('Ctrl Pts',(-21.373298875999,-12.,-47.7882554446691));
#8222=CARTESIAN_POINT('Ctrl Pts',(-21.2091358465533,-12.,-47.6766426435191));
#8223=CARTESIAN_POINT('Ctrl Pts',(-21.0212654376726,-12.,-47.6117411370147));
#8224=CARTESIAN_POINT('Ctrl Pts',(-20.9170008850832,-12.,-47.5757220184192));
#8225=CARTESIAN_POINT('Ctrl Pts',(-21.6343493414659,-12.5,-48.2782283222064));
#8226=CARTESIAN_POINT('Ctrl Pts',(-21.6343493414659,-12.,-48.2782283222064));
#8227=CARTESIAN_POINT('Ctrl Pts',(-21.6284789921923,-12.5,-48.1885455746118));
#8228=CARTESIAN_POINT('Ctrl Pts',(-21.6284789921923,-12.,-48.1885455746118));
#8229=CARTESIAN_POINT('Ctrl Pts',(-21.6173756503572,-12.5,-48.018917132274));
#8230=CARTESIAN_POINT('Ctrl Pts',(-21.6173756503572,-12.,-48.018917132274));
#8231=CARTESIAN_POINT('Ctrl Pts',(-21.5011374413314,-12.5,-47.8959020876296));
#8232=CARTESIAN_POINT('Ctrl Pts',(-21.5011374413314,-12.,-47.8959020876296));
#8233=CARTESIAN_POINT('Ctrl Pts',(-21.446354503705,-12.5,-47.8379252349719));
#8234=CARTESIAN_POINT('Ctrl Pts',(-21.446354503705,-12.,-47.8379252349719));
#8235=CARTESIAN_POINT('',(-21.6343493414659,-12.5,-48.2782283222064));
#8236=CARTESIAN_POINT('Ctrl Pts',(-21.6343493414659,-12.5,-48.2782283222064));
#8237=CARTESIAN_POINT('Ctrl Pts',(-21.6284789921923,-12.5,-48.1885455746118));
#8238=CARTESIAN_POINT('Ctrl Pts',(-21.6173756503572,-12.5,-48.018917132274));
#8239=CARTESIAN_POINT('Ctrl Pts',(-21.5011374413314,-12.5,-47.8959020876296));
#8240=CARTESIAN_POINT('Ctrl Pts',(-21.446354503705,-12.5,-47.8379252349719));
#8241=CARTESIAN_POINT('',(-21.6343493414659,-12.,-48.2782283222064));
#8242=CARTESIAN_POINT('',(-21.6343493414659,-12.5,-48.2782283222064));
#8243=CARTESIAN_POINT('Ctrl Pts',(-21.6343493414659,-12.,-48.2782283222064));
#8244=CARTESIAN_POINT('Ctrl Pts',(-21.6284789921923,-12.,-48.1885455746118));
#8245=CARTESIAN_POINT('Ctrl Pts',(-21.6173756503572,-12.,-48.018917132274));
#8246=CARTESIAN_POINT('Ctrl Pts',(-21.5011374413314,-12.,-47.8959020876296));
#8247=CARTESIAN_POINT('Ctrl Pts',(-21.446354503705,-12.,-47.8379252349719));
#8248=CARTESIAN_POINT('Ctrl Pts',(-21.5452988100786,-12.5,-48.6047461425647));
#8249=CARTESIAN_POINT('Ctrl Pts',(-21.5452988100786,-12.,-48.6047461425647));
#8250=CARTESIAN_POINT('Ctrl Pts',(-21.5712686491915,-12.5,-48.5521514209896));
#8251=CARTESIAN_POINT('Ctrl Pts',(-21.5712686491915,-12.,-48.5521514209896));
#8252=CARTESIAN_POINT('Ctrl Pts',(-21.6221813667345,-12.5,-48.4490418024756));
#8253=CARTESIAN_POINT('Ctrl Pts',(-21.6221813667345,-12.,-48.4490418024756));
#8254=CARTESIAN_POINT('Ctrl Pts',(-21.6303482613798,-12.5,-48.3343953039289));
#8255=CARTESIAN_POINT('Ctrl Pts',(-21.6303482613798,-12.,-48.3343953039289));
#8256=CARTESIAN_POINT('Ctrl Pts',(-21.6343493414659,-12.5,-48.2782283222064));
#8257=CARTESIAN_POINT('Ctrl Pts',(-21.6343493414659,-12.,-48.2782283222064));
#8258=CARTESIAN_POINT('',(-21.5452988100786,-12.5,-48.6047461425647));
#8259=CARTESIAN_POINT('Ctrl Pts',(-21.5452988100786,-12.5,-48.6047461425647));
#8260=CARTESIAN_POINT('Ctrl Pts',(-21.5712686491915,-12.5,-48.5521514209896));
#8261=CARTESIAN_POINT('Ctrl Pts',(-21.6221813667345,-12.5,-48.4490418024756));
#8262=CARTESIAN_POINT('Ctrl Pts',(-21.6303482613798,-12.5,-48.3343953039289));
#8263=CARTESIAN_POINT('Ctrl Pts',(-21.6343493414659,-12.5,-48.2782283222064));
#8264=CARTESIAN_POINT('',(-21.5452988100786,-12.,-48.6047461425647));
#8265=CARTESIAN_POINT('',(-21.5452988100786,-12.5,-48.6047461425647));
#8266=CARTESIAN_POINT('Ctrl Pts',(-21.5452988100786,-12.,-48.6047461425647));
#8267=CARTESIAN_POINT('Ctrl Pts',(-21.5712686491915,-12.,-48.5521514209896));
#8268=CARTESIAN_POINT('Ctrl Pts',(-21.6221813667345,-12.,-48.4490418024756));
#8269=CARTESIAN_POINT('Ctrl Pts',(-21.6303482613798,-12.,-48.3343953039289));
#8270=CARTESIAN_POINT('Ctrl Pts',(-21.6343493414659,-12.,-48.2782283222064));
#8271=CARTESIAN_POINT('Ctrl Pts',(-21.3078321171541,-12.5,-48.8471594249591));
#8272=CARTESIAN_POINT('Ctrl Pts',(-21.3078321171541,-12.,-48.8471594249591));
#8273=CARTESIAN_POINT('Ctrl Pts',(-21.3549241181201,-12.5,-48.8146357509726));
#8274=CARTESIAN_POINT('Ctrl Pts',(-21.3549241181201,-12.,-48.8146357509726));
#8275=CARTESIAN_POINT('Ctrl Pts',(-21.4497128905525,-12.5,-48.7491707236018));
#8276=CARTESIAN_POINT('Ctrl Pts',(-21.4497128905525,-12.,-48.7491707236018));
#8277=CARTESIAN_POINT('Ctrl Pts',(-21.513301600858,-12.5,-48.6530920031157));
#8278=CARTESIAN_POINT('Ctrl Pts',(-21.513301600858,-12.,-48.6530920031157));
#8279=CARTESIAN_POINT('Ctrl Pts',(-21.5452988100786,-12.5,-48.6047461425647));
#8280=CARTESIAN_POINT('Ctrl Pts',(-21.5452988100786,-12.,-48.6047461425647));
#8281=CARTESIAN_POINT('',(-21.3078321171541,-12.5,-48.8471594249591));
#8282=CARTESIAN_POINT('Ctrl Pts',(-21.3078321171541,-12.5,-48.8471594249591));
#8283=CARTESIAN_POINT('Ctrl Pts',(-21.3549241181201,-12.5,-48.8146357509726));
#8284=CARTESIAN_POINT('Ctrl Pts',(-21.4497128905525,-12.5,-48.7491707236018));
#8285=CARTESIAN_POINT('Ctrl Pts',(-21.513301600858,-12.5,-48.6530920031157));
#8286=CARTESIAN_POINT('Ctrl Pts',(-21.5452988100786,-12.5,-48.6047461425647));
#8287=CARTESIAN_POINT('',(-21.3078321171541,-12.,-48.8471594249591));
#8288=CARTESIAN_POINT('',(-21.3078321171541,-12.5,-48.8471594249591));
#8289=CARTESIAN_POINT('Ctrl Pts',(-21.3078321171541,-12.,-48.8471594249591));
#8290=CARTESIAN_POINT('Ctrl Pts',(-21.3549241181201,-12.,-48.8146357509726));
#8291=CARTESIAN_POINT('Ctrl Pts',(-21.4497128905525,-12.,-48.7491707236018));
#8292=CARTESIAN_POINT('Ctrl Pts',(-21.513301600858,-12.,-48.6530920031157));
#8293=CARTESIAN_POINT('Ctrl Pts',(-21.5452988100786,-12.,-48.6047461425647));
#8294=CARTESIAN_POINT('Ctrl Pts',(-20.9862620783586,-12.5,-48.9362099563465));
#8295=CARTESIAN_POINT('Ctrl Pts',(-20.9862620783586,-12.,-48.9362099563465));
#8296=CARTESIAN_POINT('Ctrl Pts',(-21.0429465414431,-12.5,-48.9325012764755));
#8297=CARTESIAN_POINT('Ctrl Pts',(-21.0429465414431,-12.,-48.9325012764755));
#8298=CARTESIAN_POINT('Ctrl Pts',(-21.1563031735947,-12.5,-48.9250847210911));
#8299=CARTESIAN_POINT('Ctrl Pts',(-21.1563031735947,-12.,-48.9250847210911));
#8300=CARTESIAN_POINT('Ctrl Pts',(-21.2573261214263,-12.5,-48.8731326455273));
#8301=CARTESIAN_POINT('Ctrl Pts',(-21.2573261214263,-12.,-48.8731326455273));
#8302=CARTESIAN_POINT('Ctrl Pts',(-21.3078321171541,-12.5,-48.8471594249591));
#8303=CARTESIAN_POINT('Ctrl Pts',(-21.3078321171541,-12.,-48.8471594249591));
#8304=CARTESIAN_POINT('',(-20.9862620783586,-12.5,-48.9362099563465));
#8305=CARTESIAN_POINT('Ctrl Pts',(-20.9862620783586,-12.5,-48.9362099563465));
#8306=CARTESIAN_POINT('Ctrl Pts',(-21.0429465414431,-12.5,-48.9325012764755));
#8307=CARTESIAN_POINT('Ctrl Pts',(-21.1563031735947,-12.5,-48.9250847210911));
#8308=CARTESIAN_POINT('Ctrl Pts',(-21.2573261214263,-12.5,-48.8731326455273));
#8309=CARTESIAN_POINT('Ctrl Pts',(-21.3078321171541,-12.5,-48.8471594249591));
#8310=CARTESIAN_POINT('',(-20.9862620783586,-12.,-48.9362099563465));
#8311=CARTESIAN_POINT('',(-20.9862620783586,-12.5,-48.9362099563465));
#8312=CARTESIAN_POINT('Ctrl Pts',(-20.9862620783586,-12.,-48.9362099563465));
#8313=CARTESIAN_POINT('Ctrl Pts',(-21.0429465414431,-12.,-48.9325012764755));
#8314=CARTESIAN_POINT('Ctrl Pts',(-21.1563031735947,-12.,-48.9250847210911));
#8315=CARTESIAN_POINT('Ctrl Pts',(-21.2573261214263,-12.,-48.8731326455273));
#8316=CARTESIAN_POINT('Ctrl Pts',(-21.3078321171541,-12.,-48.8471594249591));
#8317=CARTESIAN_POINT('Ctrl Pts',(-20.4618556452531,-12.5,-48.7828460132465));
#8318=CARTESIAN_POINT('Ctrl Pts',(-20.4618556452531,-12.,-48.7828460132465));
#8319=CARTESIAN_POINT('Ctrl Pts',(-20.5642047970279,-12.5,-48.8268507891042));
#8320=CARTESIAN_POINT('Ctrl Pts',(-20.5642047970279,-12.,-48.8268507891042));
#8321=CARTESIAN_POINT('Ctrl Pts',(-20.7331466972054,-12.5,-48.899486959716));
#8322=CARTESIAN_POINT('Ctrl Pts',(-20.7331466972054,-12.,-48.899486959716));
#8323=CARTESIAN_POINT('Ctrl Pts',(-20.9146987266582,-12.5,-48.9258272577076));
#8324=CARTESIAN_POINT('Ctrl Pts',(-20.9146987266582,-12.,-48.9258272577076));
#8325=CARTESIAN_POINT('Ctrl Pts',(-20.9862620783586,-12.5,-48.9362099563465));
#8326=CARTESIAN_POINT('Ctrl Pts',(-20.9862620783586,-12.,-48.9362099563465));
#8327=CARTESIAN_POINT('',(-20.4618556452531,-12.5,-48.7828460132465));
#8328=CARTESIAN_POINT('Ctrl Pts',(-20.4618556452531,-12.5,-48.7828460132465));
#8329=CARTESIAN_POINT('Ctrl Pts',(-20.5642047970279,-12.5,-48.8268507891042));
#8330=CARTESIAN_POINT('Ctrl Pts',(-20.7331466972054,-12.5,-48.899486959716));
#8331=CARTESIAN_POINT('Ctrl Pts',(-20.9146987266582,-12.5,-48.9258272577076));
#8332=CARTESIAN_POINT('Ctrl Pts',(-20.9862620783586,-12.5,-48.9362099563465));
#8333=CARTESIAN_POINT('',(-20.4618556452531,-12.,-48.7828460132465));
#8334=CARTESIAN_POINT('',(-20.4618556452531,-12.5,-48.7828460132465));
#8335=CARTESIAN_POINT('Ctrl Pts',(-20.4618556452531,-12.,-48.7828460132465));
#8336=CARTESIAN_POINT('Ctrl Pts',(-20.5642047970279,-12.,-48.8268507891042));
#8337=CARTESIAN_POINT('Ctrl Pts',(-20.7331466972054,-12.,-48.899486959716));
#8338=CARTESIAN_POINT('Ctrl Pts',(-20.9146987266582,-12.,-48.9258272577076));
#8339=CARTESIAN_POINT('Ctrl Pts',(-20.9862620783586,-12.,-48.9362099563465));
#8340=CARTESIAN_POINT('Origin',(-16.2764991474886,-12.5,-47.1205761825427));
#8341=CARTESIAN_POINT('',(-16.2764991474886,-12.5,-47.1205761825427));
#8342=CARTESIAN_POINT('',(-1.67530918543101,-12.5,-41.3215199780675));
#8343=CARTESIAN_POINT('',(-16.2764991474886,-12.,-47.1205761825427));
#8344=CARTESIAN_POINT('',(-16.2764991474886,-12.5,-47.1205761825427));
#8345=CARTESIAN_POINT('',(-16.2764991474886,-12.,-47.1205761825427));
#8346=CARTESIAN_POINT('Origin',(-15.974718446805,-12.5,-47.2442570125446));
#8347=CARTESIAN_POINT('',(-15.974718446805,-12.5,-47.2442570125446));
#8348=CARTESIAN_POINT('',(-4.94854428706372,-12.5,-51.7631887027833));
#8349=CARTESIAN_POINT('',(-15.974718446805,-12.,-47.2442570125446));
#8350=CARTESIAN_POINT('',(-15.974718446805,-12.5,-47.2442570125446));
#8351=CARTESIAN_POINT('',(-15.974718446805,-12.,-47.2442570125446));
#8352=CARTESIAN_POINT('Ctrl Pts',(-15.4750479412813,-12.5,-47.4916186725483));
#8353=CARTESIAN_POINT('Ctrl Pts',(-15.4750479412813,-12.,-47.4916186725483));
#8354=CARTESIAN_POINT('Ctrl Pts',(-15.5440786201332,-12.5,-47.4515854425471));
#8355=CARTESIAN_POINT('Ctrl Pts',(-15.5440786201332,-12.,-47.4515854425471));
#8356=CARTESIAN_POINT('Ctrl Pts',(-15.7051339765364,-12.5,-47.3581839834708));
#8357=CARTESIAN_POINT('Ctrl Pts',(-15.7051339765364,-12.,-47.3581839834708));
#8358=CARTESIAN_POINT('Ctrl Pts',(-15.8766924446678,-12.5,-47.2856830096889));
#8359=CARTESIAN_POINT('Ctrl Pts',(-15.8766924446678,-12.,-47.2856830096889));
#8360=CARTESIAN_POINT('Ctrl Pts',(-15.974718446805,-12.5,-47.2442570125446));
#8361=CARTESIAN_POINT('Ctrl Pts',(-15.974718446805,-12.,-47.2442570125446));
#8362=CARTESIAN_POINT('Ctrl Pts',(-15.4750479412813,-12.5,-47.4916186725483));
#8363=CARTESIAN_POINT('Ctrl Pts',(-15.5440786201332,-12.5,-47.4515854425471));
#8364=CARTESIAN_POINT('Ctrl Pts',(-15.7051339765364,-12.5,-47.3581839834708));
#8365=CARTESIAN_POINT('Ctrl Pts',(-15.8766924446678,-12.5,-47.2856830096889));
#8366=CARTESIAN_POINT('Ctrl Pts',(-15.974718446805,-12.5,-47.2442570125446));
#8367=CARTESIAN_POINT('Ctrl Pts',(-15.4750479412813,-12.,-47.4916186725483));
#8368=CARTESIAN_POINT('Ctrl Pts',(-15.5440786201332,-12.,-47.4515854425471));
#8369=CARTESIAN_POINT('Ctrl Pts',(-15.7051339765364,-12.,-47.3581839834708));
#8370=CARTESIAN_POINT('Ctrl Pts',(-15.8766924446678,-12.,-47.2856830096889));
#8371=CARTESIAN_POINT('Ctrl Pts',(-15.974718446805,-12.,-47.2442570125446));
#8372=CARTESIAN_POINT('Origin',(-18.8911102367182,-12.,-38.5099211131916));
#8373=CARTESIAN_POINT('Ctrl Pts',(-20.4123831940431,-12.5,-18.4315934573993));
#8374=CARTESIAN_POINT('Ctrl Pts',(-20.4123831940431,-12.,-18.4315934573993));
#8375=CARTESIAN_POINT('Ctrl Pts',(-20.3324282768947,-12.5,-18.5246704797745));
#8376=CARTESIAN_POINT('Ctrl Pts',(-20.3324282768947,-12.,-18.5246704797745));
#8377=CARTESIAN_POINT('Ctrl Pts',(-20.1646144610316,-12.5,-18.7200256980779));
#8378=CARTESIAN_POINT('Ctrl Pts',(-20.1646144610316,-12.,-18.7200256980779));
#8379=CARTESIAN_POINT('Ctrl Pts',(-19.9310853358908,-12.5,-18.8294470120182));
#8380=CARTESIAN_POINT('Ctrl Pts',(-19.9310853358908,-12.,-18.8294470120182));
#8381=CARTESIAN_POINT('Ctrl Pts',(-19.8088211966294,-12.5,-18.8867345249042));
#8382=CARTESIAN_POINT('Ctrl Pts',(-19.8088211966294,-12.,-18.8867345249042));
#8383=CARTESIAN_POINT('',(-20.4123831940431,-12.5,-18.4315934573993));
#8384=CARTESIAN_POINT('',(-19.8088211966294,-12.5,-18.8867345249042));
#8385=CARTESIAN_POINT('Ctrl Pts',(-20.4123831940431,-12.5,-18.4315934573993));
#8386=CARTESIAN_POINT('Ctrl Pts',(-20.3324282768947,-12.5,-18.5246704797745));
#8387=CARTESIAN_POINT('Ctrl Pts',(-20.1646144610316,-12.5,-18.7200256980779));
#8388=CARTESIAN_POINT('Ctrl Pts',(-19.9310853358908,-12.5,-18.8294470120182));
#8389=CARTESIAN_POINT('Ctrl Pts',(-19.8088211966294,-12.5,-18.8867345249042));
#8390=CARTESIAN_POINT('',(-20.4123831940431,-12.,-18.4315934573993));
#8391=CARTESIAN_POINT('',(-20.4123831940431,-12.5,-18.4315934573993));
#8392=CARTESIAN_POINT('',(-19.8088211966294,-12.,-18.8867345249042));
#8393=CARTESIAN_POINT('Ctrl Pts',(-20.4123831940431,-12.,-18.4315934573993));
#8394=CARTESIAN_POINT('Ctrl Pts',(-20.3324282768947,-12.,-18.5246704797745));
#8395=CARTESIAN_POINT('Ctrl Pts',(-20.1646144610316,-12.,-18.7200256980779));
#8396=CARTESIAN_POINT('Ctrl Pts',(-19.9310853358908,-12.,-18.8294470120182));
#8397=CARTESIAN_POINT('Ctrl Pts',(-19.8088211966294,-12.,-18.8867345249042));
#8398=CARTESIAN_POINT('',(-19.8088211966294,-12.5,-18.8867345249042));
#8399=CARTESIAN_POINT('Ctrl Pts',(-20.6251145554322,-12.5,-17.7686658298358));
#8400=CARTESIAN_POINT('Ctrl Pts',(-20.6251145554322,-12.,-17.7686658298358));
#8401=CARTESIAN_POINT('Ctrl Pts',(-20.6165103169722,-12.5,-17.8886879589112));
#8402=CARTESIAN_POINT('Ctrl Pts',(-20.6165103169722,-12.,-17.8886879589112));
#8403=CARTESIAN_POINT('Ctrl Pts',(-20.599425564017,-12.5,-18.1270063683706));
#8404=CARTESIAN_POINT('Ctrl Pts',(-20.599425564017,-12.,-18.1270063683706));
#8405=CARTESIAN_POINT('Ctrl Pts',(-20.4744289181041,-12.5,-18.3305557808501));
#8406=CARTESIAN_POINT('Ctrl Pts',(-20.4744289181041,-12.,-18.3305557808501));
#8407=CARTESIAN_POINT('Ctrl Pts',(-20.4123831940431,-12.5,-18.4315934573993));
#8408=CARTESIAN_POINT('Ctrl Pts',(-20.4123831940431,-12.,-18.4315934573993));
#8409=CARTESIAN_POINT('',(-20.6251145554322,-12.5,-17.7686658298358));
#8410=CARTESIAN_POINT('Ctrl Pts',(-20.6251145554322,-12.5,-17.7686658298358));
#8411=CARTESIAN_POINT('Ctrl Pts',(-20.6165103169722,-12.5,-17.8886879589112));
#8412=CARTESIAN_POINT('Ctrl Pts',(-20.599425564017,-12.5,-18.1270063683706));
#8413=CARTESIAN_POINT('Ctrl Pts',(-20.4744289181041,-12.5,-18.3305557808501));
#8414=CARTESIAN_POINT('Ctrl Pts',(-20.4123831940431,-12.5,-18.4315934573993));
#8415=CARTESIAN_POINT('',(-20.6251145554322,-12.,-17.7686658298358));
#8416=CARTESIAN_POINT('',(-20.6251145554322,-12.5,-17.7686658298358));
#8417=CARTESIAN_POINT('Ctrl Pts',(-20.6251145554322,-12.,-17.7686658298358));
#8418=CARTESIAN_POINT('Ctrl Pts',(-20.6165103169722,-12.,-17.8886879589112));
#8419=CARTESIAN_POINT('Ctrl Pts',(-20.599425564017,-12.,-18.1270063683706));
#8420=CARTESIAN_POINT('Ctrl Pts',(-20.4744289181041,-12.,-18.3305557808501));
#8421=CARTESIAN_POINT('Ctrl Pts',(-20.4123831940431,-12.,-18.4315934573993));
#8422=CARTESIAN_POINT('Ctrl Pts',(-20.4173303795594,-12.5,-17.1156278049335));
#8423=CARTESIAN_POINT('Ctrl Pts',(-20.4173303795594,-12.,-17.1156278049335));
#8424=CARTESIAN_POINT('Ctrl Pts',(-20.4779334352845,-12.5,-17.2167718022367));
#8425=CARTESIAN_POINT('Ctrl Pts',(-20.4779334352845,-12.,-17.2167718022367));
#8426=CARTESIAN_POINT('Ctrl Pts',(-20.5985881449757,-12.5,-17.4181395300783));
#8427=CARTESIAN_POINT('Ctrl Pts',(-20.5985881449757,-12.,-17.4181395300783));
#8428=CARTESIAN_POINT('Ctrl Pts',(-20.6162993992338,-12.5,-17.6521802582543));
#8429=CARTESIAN_POINT('Ctrl Pts',(-20.6162993992338,-12.,-17.6521802582543));
#8430=CARTESIAN_POINT('Ctrl Pts',(-20.6251145554322,-12.5,-17.7686658298358));
#8431=CARTESIAN_POINT('Ctrl Pts',(-20.6251145554322,-12.,-17.7686658298358));
#8432=CARTESIAN_POINT('',(-20.4173303795594,-12.5,-17.1156278049335));
#8433=CARTESIAN_POINT('Ctrl Pts',(-20.4173303795594,-12.5,-17.1156278049335));
#8434=CARTESIAN_POINT('Ctrl Pts',(-20.4779334352845,-12.5,-17.2167718022367));
#8435=CARTESIAN_POINT('Ctrl Pts',(-20.5985881449757,-12.5,-17.4181395300783));
#8436=CARTESIAN_POINT('Ctrl Pts',(-20.6162993992338,-12.5,-17.6521802582543));
#8437=CARTESIAN_POINT('Ctrl Pts',(-20.6251145554322,-12.5,-17.7686658298358));
#8438=CARTESIAN_POINT('',(-20.4173303795594,-12.,-17.1156278049335));
#8439=CARTESIAN_POINT('',(-20.4173303795594,-12.5,-17.1156278049335));
#8440=CARTESIAN_POINT('Ctrl Pts',(-20.4173303795594,-12.,-17.1156278049335));
#8441=CARTESIAN_POINT('Ctrl Pts',(-20.4779334352845,-12.,-17.2167718022367));
#8442=CARTESIAN_POINT('Ctrl Pts',(-20.5985881449757,-12.,-17.4181395300783));
#8443=CARTESIAN_POINT('Ctrl Pts',(-20.6162993992338,-12.,-17.6521802582543));
#8444=CARTESIAN_POINT('Ctrl Pts',(-20.6251145554322,-12.,-17.7686658298358));
#8445=CARTESIAN_POINT('Ctrl Pts',(-19.823663349225,-12.5,-16.6406979953632));
#8446=CARTESIAN_POINT('Ctrl Pts',(-19.823663349225,-12.,-16.6406979953632));
#8447=CARTESIAN_POINT('Ctrl Pts',(-19.9445000134363,-12.5,-16.7014483348407));
#8448=CARTESIAN_POINT('Ctrl Pts',(-19.9445000134363,-12.,-16.7014483348407));
#8449=CARTESIAN_POINT('Ctrl Pts',(-20.1762505353018,-12.5,-16.817960346897));
#8450=CARTESIAN_POINT('Ctrl Pts',(-20.1762505353018,-12.,-16.817960346897));
#8451=CARTESIAN_POINT('Ctrl Pts',(-20.3392974787754,-12.5,-17.0192785838233));
#8452=CARTESIAN_POINT('Ctrl Pts',(-20.3392974787754,-12.,-17.0192785838233));
#8453=CARTESIAN_POINT('Ctrl Pts',(-20.4173303795594,-12.5,-17.1156278049335));
#8454=CARTESIAN_POINT('Ctrl Pts',(-20.4173303795594,-12.,-17.1156278049335));
#8455=CARTESIAN_POINT('',(-19.823663349225,-12.5,-16.6406979953632));
#8456=CARTESIAN_POINT('Ctrl Pts',(-19.823663349225,-12.5,-16.6406979953632));
#8457=CARTESIAN_POINT('Ctrl Pts',(-19.9445000134363,-12.5,-16.7014483348407));
#8458=CARTESIAN_POINT('Ctrl Pts',(-20.1762505353018,-12.5,-16.817960346897));
#8459=CARTESIAN_POINT('Ctrl Pts',(-20.3392974787754,-12.5,-17.0192785838233));
#8460=CARTESIAN_POINT('Ctrl Pts',(-20.4173303795594,-12.5,-17.1156278049335));
#8461=CARTESIAN_POINT('',(-19.823663349225,-12.,-16.6406979953632));
#8462=CARTESIAN_POINT('',(-19.823663349225,-12.5,-16.6406979953632));
#8463=CARTESIAN_POINT('Ctrl Pts',(-19.823663349225,-12.,-16.6406979953632));
#8464=CARTESIAN_POINT('Ctrl Pts',(-19.9445000134363,-12.,-16.7014483348407));
#8465=CARTESIAN_POINT('Ctrl Pts',(-20.1762505353018,-12.,-16.817960346897));
#8466=CARTESIAN_POINT('Ctrl Pts',(-20.3392974787754,-12.,-17.0192785838233));
#8467=CARTESIAN_POINT('Ctrl Pts',(-20.4173303795594,-12.,-17.1156278049335));
#8468=CARTESIAN_POINT('Ctrl Pts',(-18.8985313130159,-12.5,-16.4625897800312));
#8469=CARTESIAN_POINT('Ctrl Pts',(-18.8985313130159,-12.,-16.4625897800312));
#8470=CARTESIAN_POINT('Ctrl Pts',(-19.0673789975393,-12.5,-16.4680118362016));
#8471=CARTESIAN_POINT('Ctrl Pts',(-19.0673789975393,-12.,-16.4680118362016));
#8472=CARTESIAN_POINT('Ctrl Pts',(-19.3855592053532,-12.5,-16.4782292754514));
#8473=CARTESIAN_POINT('Ctrl Pts',(-19.3855592053532,-12.,-16.4782292754514));
#8474=CARTESIAN_POINT('Ctrl Pts',(-19.6837244921294,-12.5,-16.5888023735202));
#8475=CARTESIAN_POINT('Ctrl Pts',(-19.6837244921294,-12.,-16.5888023735202));
#8476=CARTESIAN_POINT('Ctrl Pts',(-19.823663349225,-12.5,-16.6406979953632));
#8477=CARTESIAN_POINT('Ctrl Pts',(-19.823663349225,-12.,-16.6406979953632));
#8478=CARTESIAN_POINT('',(-18.8985313130159,-12.5,-16.4625897800312));
#8479=CARTESIAN_POINT('Ctrl Pts',(-18.8985313130159,-12.5,-16.4625897800312));
#8480=CARTESIAN_POINT('Ctrl Pts',(-19.0673789975393,-12.5,-16.4680118362016));
#8481=CARTESIAN_POINT('Ctrl Pts',(-19.3855592053532,-12.5,-16.4782292754514));
#8482=CARTESIAN_POINT('Ctrl Pts',(-19.6837244921294,-12.5,-16.5888023735202));
#8483=CARTESIAN_POINT('Ctrl Pts',(-19.823663349225,-12.5,-16.6406979953632));
#8484=CARTESIAN_POINT('',(-18.8985313130159,-12.,-16.4625897800312));
#8485=CARTESIAN_POINT('',(-18.8985313130159,-12.5,-16.4625897800312));
#8486=CARTESIAN_POINT('Ctrl Pts',(-18.8985313130159,-12.,-16.4625897800312));
#8487=CARTESIAN_POINT('Ctrl Pts',(-19.0673789975393,-12.,-16.4680118362016));
#8488=CARTESIAN_POINT('Ctrl Pts',(-19.3855592053532,-12.,-16.4782292754514));
#8489=CARTESIAN_POINT('Ctrl Pts',(-19.6837244921294,-12.,-16.5888023735202));
#8490=CARTESIAN_POINT('Ctrl Pts',(-19.823663349225,-12.,-16.6406979953632));
#8491=CARTESIAN_POINT('Ctrl Pts',(-17.9387677860994,-12.5,-16.6406979953632));
#8492=CARTESIAN_POINT('Ctrl Pts',(-17.9387677860994,-12.,-16.6406979953632));
#8493=CARTESIAN_POINT('Ctrl Pts',(-18.0816366207047,-12.5,-16.5888317619337));
#8494=CARTESIAN_POINT('Ctrl Pts',(-18.0816366207047,-12.,-16.5888317619337));
#8495=CARTESIAN_POINT('Ctrl Pts',(-18.3912586183687,-12.5,-16.4764284736301));
#8496=CARTESIAN_POINT('Ctrl Pts',(-18.3912586183687,-12.,-16.4764284736301));
#8497=CARTESIAN_POINT('Ctrl Pts',(-18.7209625954585,-12.5,-16.4674339577308));
#8498=CARTESIAN_POINT('Ctrl Pts',(-18.7209625954585,-12.,-16.4674339577308));
#8499=CARTESIAN_POINT('Ctrl Pts',(-18.8985313130159,-12.5,-16.4625897800312));
#8500=CARTESIAN_POINT('Ctrl Pts',(-18.8985313130159,-12.,-16.4625897800312));
#8501=CARTESIAN_POINT('',(-17.9387677860994,-12.5,-16.6406979953632));
#8502=CARTESIAN_POINT('Ctrl Pts',(-17.9387677860994,-12.5,-16.6406979953632));
#8503=CARTESIAN_POINT('Ctrl Pts',(-18.0816366207047,-12.5,-16.5888317619337));
#8504=CARTESIAN_POINT('Ctrl Pts',(-18.3912586183687,-12.5,-16.4764284736301));
#8505=CARTESIAN_POINT('Ctrl Pts',(-18.7209625954585,-12.5,-16.4674339577308));
#8506=CARTESIAN_POINT('Ctrl Pts',(-18.8985313130159,-12.5,-16.4625897800312));
#8507=CARTESIAN_POINT('',(-17.9387677860994,-12.,-16.6406979953632));
#8508=CARTESIAN_POINT('',(-17.9387677860994,-12.5,-16.6406979953632));
#8509=CARTESIAN_POINT('Ctrl Pts',(-17.9387677860994,-12.,-16.6406979953632));
#8510=CARTESIAN_POINT('Ctrl Pts',(-18.0816366207047,-12.,-16.5888317619337));
#8511=CARTESIAN_POINT('Ctrl Pts',(-18.3912586183687,-12.,-16.4764284736301));
#8512=CARTESIAN_POINT('Ctrl Pts',(-18.7209625954585,-12.,-16.4674339577308));
#8513=CARTESIAN_POINT('Ctrl Pts',(-18.8985313130159,-12.,-16.4625897800312));
#8514=CARTESIAN_POINT('Ctrl Pts',(-17.3698366833467,-12.5,-17.1106782352313));
#8515=CARTESIAN_POINT('Ctrl Pts',(-17.3698366833467,-12.,-17.1106782352313));
#8516=CARTESIAN_POINT('Ctrl Pts',(-17.4432582225621,-12.5,-17.0156878163429));
#8517=CARTESIAN_POINT('Ctrl Pts',(-17.4432582225621,-12.,-17.0156878163429));
#8518=CARTESIAN_POINT('Ctrl Pts',(-17.5972456942005,-12.5,-16.8164637931094));
#8519=CARTESIAN_POINT('Ctrl Pts',(-17.5972456942005,-12.,-16.8164637931094));
#8520=CARTESIAN_POINT('Ctrl Pts',(-17.8214595513842,-12.5,-16.7010711774969));
#8521=CARTESIAN_POINT('Ctrl Pts',(-17.8214595513842,-12.,-16.7010711774969));
#8522=CARTESIAN_POINT('Ctrl Pts',(-17.9387677860994,-12.5,-16.6406979953632));
#8523=CARTESIAN_POINT('Ctrl Pts',(-17.9387677860994,-12.,-16.6406979953632));
#8524=CARTESIAN_POINT('',(-17.3698366833467,-12.5,-17.1106782352313));
#8525=CARTESIAN_POINT('Ctrl Pts',(-17.3698366833467,-12.5,-17.1106782352313));
#8526=CARTESIAN_POINT('Ctrl Pts',(-17.4432582225621,-12.5,-17.0156878163429));
#8527=CARTESIAN_POINT('Ctrl Pts',(-17.5972456942005,-12.5,-16.8164637931094));
#8528=CARTESIAN_POINT('Ctrl Pts',(-17.8214595513842,-12.5,-16.7010711774969));
#8529=CARTESIAN_POINT('Ctrl Pts',(-17.9387677860994,-12.5,-16.6406979953632));
#8530=CARTESIAN_POINT('',(-17.3698366833467,-12.,-17.1106782352313));
#8531=CARTESIAN_POINT('',(-17.3698366833467,-12.5,-17.1106782352313));
#8532=CARTESIAN_POINT('Ctrl Pts',(-17.3698366833467,-12.,-17.1106782352313));
#8533=CARTESIAN_POINT('Ctrl Pts',(-17.4432582225621,-12.,-17.0156878163429));
#8534=CARTESIAN_POINT('Ctrl Pts',(-17.5972456942005,-12.,-16.8164637931094));
#8535=CARTESIAN_POINT('Ctrl Pts',(-17.8214595513842,-12.,-16.7010711774969));
#8536=CARTESIAN_POINT('Ctrl Pts',(-17.9387677860994,-12.,-16.6406979953632));
#8537=CARTESIAN_POINT('Ctrl Pts',(-17.1867896271485,-12.5,-17.7587666904315));
#8538=CARTESIAN_POINT('Ctrl Pts',(-17.1867896271485,-12.,-17.7587666904315));
#8539=CARTESIAN_POINT('Ctrl Pts',(-17.1941441203649,-12.5,-17.6431519154113));
#8540=CARTESIAN_POINT('Ctrl Pts',(-17.1941441203649,-12.,-17.6431519154113));
#8541=CARTESIAN_POINT('Ctrl Pts',(-17.2087245324243,-12.5,-17.4139435919588));
#8542=CARTESIAN_POINT('Ctrl Pts',(-17.2087245324243,-12.,-17.4139435919588));
#8543=CARTESIAN_POINT('Ctrl Pts',(-17.3164492825772,-12.5,-17.2111706502752));
#8544=CARTESIAN_POINT('Ctrl Pts',(-17.3164492825772,-12.,-17.2111706502752));
#8545=CARTESIAN_POINT('Ctrl Pts',(-17.3698366833467,-12.5,-17.1106782352313));
#8546=CARTESIAN_POINT('Ctrl Pts',(-17.3698366833467,-12.,-17.1106782352313));
#8547=CARTESIAN_POINT('',(-17.1867896271485,-12.5,-17.7587666904315));
#8548=CARTESIAN_POINT('Ctrl Pts',(-17.1867896271485,-12.5,-17.7587666904315));
#8549=CARTESIAN_POINT('Ctrl Pts',(-17.1941441203649,-12.5,-17.6431519154113));
#8550=CARTESIAN_POINT('Ctrl Pts',(-17.2087245324243,-12.5,-17.4139435919588));
#8551=CARTESIAN_POINT('Ctrl Pts',(-17.3164492825772,-12.5,-17.2111706502752));
#8552=CARTESIAN_POINT('Ctrl Pts',(-17.3698366833467,-12.5,-17.1106782352313));
#8553=CARTESIAN_POINT('',(-17.1867896271485,-12.,-17.7587666904315));
#8554=CARTESIAN_POINT('',(-17.1867896271485,-12.5,-17.7587666904315));
#8555=CARTESIAN_POINT('Ctrl Pts',(-17.1867896271485,-12.,-17.7587666904315));
#8556=CARTESIAN_POINT('Ctrl Pts',(-17.1941441203649,-12.,-17.6431519154113));
#8557=CARTESIAN_POINT('Ctrl Pts',(-17.2087245324243,-12.,-17.4139435919588));
#8558=CARTESIAN_POINT('Ctrl Pts',(-17.3164492825772,-12.,-17.2111706502752));
#8559=CARTESIAN_POINT('Ctrl Pts',(-17.3698366833467,-12.,-17.1106782352313));
#8560=CARTESIAN_POINT('Ctrl Pts',(-17.3797310543794,-12.5,-18.4068551456317));
#8561=CARTESIAN_POINT('Ctrl Pts',(-17.3797310543794,-12.,-18.4068551456317));
#8562=CARTESIAN_POINT('Ctrl Pts',(-17.3234566914765,-12.5,-18.305765715114));
#8563=CARTESIAN_POINT('Ctrl Pts',(-17.3234566914765,-12.,-18.305765715114));
#8564=CARTESIAN_POINT('Ctrl Pts',(-17.2111434318037,-12.5,-18.1040098377617));
#8565=CARTESIAN_POINT('Ctrl Pts',(-17.2111434318037,-12.,-18.1040098377617));
#8566=CARTESIAN_POINT('Ctrl Pts',(-17.1948962078652,-12.5,-17.8736867811661));
#8567=CARTESIAN_POINT('Ctrl Pts',(-17.1948962078652,-12.,-17.8736867811661));
#8568=CARTESIAN_POINT('Ctrl Pts',(-17.1867896271485,-12.5,-17.7587666904315));
#8569=CARTESIAN_POINT('Ctrl Pts',(-17.1867896271485,-12.,-17.7587666904315));
#8570=CARTESIAN_POINT('',(-17.3797310543794,-12.5,-18.4068551456317));
#8571=CARTESIAN_POINT('Ctrl Pts',(-17.3797310543794,-12.5,-18.4068551456317));
#8572=CARTESIAN_POINT('Ctrl Pts',(-17.3234566914765,-12.5,-18.305765715114));
#8573=CARTESIAN_POINT('Ctrl Pts',(-17.2111434318037,-12.5,-18.1040098377617));
#8574=CARTESIAN_POINT('Ctrl Pts',(-17.1948962078652,-12.5,-17.8736867811661));
#8575=CARTESIAN_POINT('Ctrl Pts',(-17.1867896271485,-12.5,-17.7587666904315));
#8576=CARTESIAN_POINT('',(-17.3797310543794,-12.,-18.4068551456317));
#8577=CARTESIAN_POINT('',(-17.3797310543794,-12.5,-18.4068551456317));
#8578=CARTESIAN_POINT('Ctrl Pts',(-17.3797310543794,-12.,-18.4068551456317));
#8579=CARTESIAN_POINT('Ctrl Pts',(-17.3234566914765,-12.,-18.305765715114));
#8580=CARTESIAN_POINT('Ctrl Pts',(-17.2111434318037,-12.,-18.1040098377617));
#8581=CARTESIAN_POINT('Ctrl Pts',(-17.1948962078652,-12.,-17.8736867811661));
#8582=CARTESIAN_POINT('Ctrl Pts',(-17.1867896271485,-12.,-17.7587666904315));
#8583=CARTESIAN_POINT('Ctrl Pts',(-17.963504905774,-12.5,-18.8768449222431));
#8584=CARTESIAN_POINT('Ctrl Pts',(-17.963504905774,-12.,-18.8768449222431));
#8585=CARTESIAN_POINT('Ctrl Pts',(-17.8443683709299,-12.5,-18.8163883520159));
#8586=CARTESIAN_POINT('Ctrl Pts',(-17.8443683709299,-12.,-18.8163883520159));
#8587=CARTESIAN_POINT('Ctrl Pts',(-17.6163626928767,-12.5,-18.7006854628438));
#8588=CARTESIAN_POINT('Ctrl Pts',(-17.6163626928767,-12.,-18.7006854628438));
#8589=CARTESIAN_POINT('Ctrl Pts',(-17.4562042192269,-12.5,-18.5018134294354));
#8590=CARTESIAN_POINT('Ctrl Pts',(-17.4562042192269,-12.,-18.5018134294354));
#8591=CARTESIAN_POINT('Ctrl Pts',(-17.3797310543794,-12.5,-18.4068551456317));
#8592=CARTESIAN_POINT('Ctrl Pts',(-17.3797310543794,-12.,-18.4068551456317));
#8593=CARTESIAN_POINT('',(-17.963504905774,-12.5,-18.8768449222431));
#8594=CARTESIAN_POINT('Ctrl Pts',(-17.963504905774,-12.5,-18.8768449222431));
#8595=CARTESIAN_POINT('Ctrl Pts',(-17.8443683709299,-12.5,-18.8163883520159));
#8596=CARTESIAN_POINT('Ctrl Pts',(-17.6163626928767,-12.5,-18.7006854628438));
#8597=CARTESIAN_POINT('Ctrl Pts',(-17.4562042192269,-12.5,-18.5018134294354));
#8598=CARTESIAN_POINT('Ctrl Pts',(-17.3797310543794,-12.5,-18.4068551456317));
#8599=CARTESIAN_POINT('',(-17.963504905774,-12.,-18.8768449222431));
#8600=CARTESIAN_POINT('',(-17.963504905774,-12.5,-18.8768449222431));
#8601=CARTESIAN_POINT('Ctrl Pts',(-17.963504905774,-12.,-18.8768449222431));
#8602=CARTESIAN_POINT('Ctrl Pts',(-17.8443683709299,-12.,-18.8163883520159));
#8603=CARTESIAN_POINT('Ctrl Pts',(-17.6163626928767,-12.,-18.7006854628438));
#8604=CARTESIAN_POINT('Ctrl Pts',(-17.4562042192269,-12.,-18.5018134294354));
#8605=CARTESIAN_POINT('Ctrl Pts',(-17.3797310543794,-12.,-18.4068551456317));
#8606=CARTESIAN_POINT('Ctrl Pts',(-18.8985313130159,-12.5,-19.0450444614276));
#8607=CARTESIAN_POINT('Ctrl Pts',(-18.8985313130159,-12.,-19.0450444614276));
#8608=CARTESIAN_POINT('Ctrl Pts',(-18.7273803613142,-12.5,-19.040158251632));
#8609=CARTESIAN_POINT('Ctrl Pts',(-18.7273803613142,-12.,-19.040158251632));
#8610=CARTESIAN_POINT('Ctrl Pts',(-18.4069250088154,-12.5,-19.0310095319381));
#8611=CARTESIAN_POINT('Ctrl Pts',(-18.4069250088154,-12.,-19.0310095319381));
#8612=CARTESIAN_POINT('Ctrl Pts',(-18.1044377386136,-12.5,-18.9258432762169));
#8613=CARTESIAN_POINT('Ctrl Pts',(-18.1044377386136,-12.,-18.9258432762169));
#8614=CARTESIAN_POINT('Ctrl Pts',(-17.963504905774,-12.5,-18.8768449222431));
#8615=CARTESIAN_POINT('Ctrl Pts',(-17.963504905774,-12.,-18.8768449222431));
#8616=CARTESIAN_POINT('',(-18.8985313130159,-12.5,-19.0450444614276));
#8617=CARTESIAN_POINT('Ctrl Pts',(-18.8985313130159,-12.5,-19.0450444614276));
#8618=CARTESIAN_POINT('Ctrl Pts',(-18.7273803613142,-12.5,-19.040158251632));
#8619=CARTESIAN_POINT('Ctrl Pts',(-18.4069250088154,-12.5,-19.0310095319381));
#8620=CARTESIAN_POINT('Ctrl Pts',(-18.1044377386136,-12.5,-18.9258432762169));
#8621=CARTESIAN_POINT('Ctrl Pts',(-17.963504905774,-12.5,-18.8768449222431));
#8622=CARTESIAN_POINT('',(-18.8985313130159,-12.,-19.0450444614276));
#8623=CARTESIAN_POINT('',(-18.8985313130159,-12.5,-19.0450444614276));
#8624=CARTESIAN_POINT('Ctrl Pts',(-18.8985313130159,-12.,-19.0450444614276));
#8625=CARTESIAN_POINT('Ctrl Pts',(-18.7273803613142,-12.,-19.040158251632));
#8626=CARTESIAN_POINT('Ctrl Pts',(-18.4069250088154,-12.,-19.0310095319381));
#8627=CARTESIAN_POINT('Ctrl Pts',(-18.1044377386136,-12.,-18.9258432762169));
#8628=CARTESIAN_POINT('Ctrl Pts',(-17.963504905774,-12.,-18.8768449222431));
#8629=CARTESIAN_POINT('Ctrl Pts',(-19.8088211966294,-12.5,-18.8867345249042));
#8630=CARTESIAN_POINT('Ctrl Pts',(-19.8088211966294,-12.,-18.8867345249042));
#8631=CARTESIAN_POINT('Ctrl Pts',(-19.6690008717196,-12.5,-18.9328725426879));
#8632=CARTESIAN_POINT('Ctrl Pts',(-19.6690008717196,-12.,-18.9328725426879));
#8633=CARTESIAN_POINT('Ctrl Pts',(-19.3735846461504,-12.5,-19.0303542148104));
#8634=CARTESIAN_POINT('Ctrl Pts',(-19.3735846461504,-12.,-19.0303542148104));
#8635=CARTESIAN_POINT('Ctrl Pts',(-19.0624212550633,-12.5,-19.0399764332741));
#8636=CARTESIAN_POINT('Ctrl Pts',(-19.0624212550633,-12.,-19.0399764332741));
#8637=CARTESIAN_POINT('Ctrl Pts',(-18.8985313130159,-12.5,-19.0450444614276));
#8638=CARTESIAN_POINT('Ctrl Pts',(-18.8985313130159,-12.,-19.0450444614276));
#8639=CARTESIAN_POINT('Ctrl Pts',(-19.8088211966294,-12.5,-18.8867345249042));
#8640=CARTESIAN_POINT('Ctrl Pts',(-19.6690008717196,-12.5,-18.9328725426879));
#8641=CARTESIAN_POINT('Ctrl Pts',(-19.3735846461504,-12.5,-19.0303542148104));
#8642=CARTESIAN_POINT('Ctrl Pts',(-19.0624212550633,-12.5,-19.0399764332741));
#8643=CARTESIAN_POINT('Ctrl Pts',(-18.8985313130159,-12.5,-19.0450444614276));
#8644=CARTESIAN_POINT('Ctrl Pts',(-19.8088211966294,-12.,-18.8867345249042));
#8645=CARTESIAN_POINT('Ctrl Pts',(-19.6690008717196,-12.,-18.9328725426879));
#8646=CARTESIAN_POINT('Ctrl Pts',(-19.3735846461504,-12.,-19.0303542148104));
#8647=CARTESIAN_POINT('Ctrl Pts',(-19.0624212550633,-12.,-19.0399764332741));
#8648=CARTESIAN_POINT('Ctrl Pts',(-18.8985313130159,-12.,-19.0450444614276));
#8649=CARTESIAN_POINT('Ctrl Pts',(-16.142923946454,-12.5,-15.7501950656757));
#8650=CARTESIAN_POINT('Ctrl Pts',(-16.142923946454,-12.,-15.7501950656757));
#8651=CARTESIAN_POINT('Ctrl Pts',(-16.1509097364026,-12.5,-15.8383848306234));
#8652=CARTESIAN_POINT('Ctrl Pts',(-16.1509097364026,-12.,-15.8383848306234));
#8653=CARTESIAN_POINT('Ctrl Pts',(-16.1667581545963,-12.5,-16.0134042443943));
#8654=CARTESIAN_POINT('Ctrl Pts',(-16.1667581545963,-12.,-16.0134042443943));
#8655=CARTESIAN_POINT('Ctrl Pts',(-16.2830965832918,-12.5,-16.1449994355538));
#8656=CARTESIAN_POINT('Ctrl Pts',(-16.2830965832918,-12.,-16.1449994355538));
#8657=CARTESIAN_POINT('Ctrl Pts',(-16.340813751294,-12.5,-16.2102857028827));
#8658=CARTESIAN_POINT('Ctrl Pts',(-16.340813751294,-12.,-16.2102857028827));
#8659=CARTESIAN_POINT('',(-16.142923946454,-12.5,-15.7501950656757));
#8660=CARTESIAN_POINT('',(-16.340813751294,-12.5,-16.2102857028827));
#8661=CARTESIAN_POINT('Ctrl Pts',(-16.142923946454,-12.5,-15.7501950656757));
#8662=CARTESIAN_POINT('Ctrl Pts',(-16.1509097364026,-12.5,-15.8383848306234));
#8663=CARTESIAN_POINT('Ctrl Pts',(-16.1667581545963,-12.5,-16.0134042443943));
#8664=CARTESIAN_POINT('Ctrl Pts',(-16.2830965832918,-12.5,-16.1449994355538));
#8665=CARTESIAN_POINT('Ctrl Pts',(-16.340813751294,-12.5,-16.2102857028827));
#8666=CARTESIAN_POINT('',(-16.142923946454,-12.,-15.7501950656757));
#8667=CARTESIAN_POINT('',(-16.142923946454,-12.5,-15.7501950656757));
#8668=CARTESIAN_POINT('',(-16.340813751294,-12.,-16.2102857028827));
#8669=CARTESIAN_POINT('Ctrl Pts',(-16.142923946454,-12.,-15.7501950656757));
#8670=CARTESIAN_POINT('Ctrl Pts',(-16.1509097364026,-12.,-15.8383848306234));
#8671=CARTESIAN_POINT('Ctrl Pts',(-16.1667581545963,-12.,-16.0134042443943));
#8672=CARTESIAN_POINT('Ctrl Pts',(-16.2830965832918,-12.,-16.1449994355538));
#8673=CARTESIAN_POINT('Ctrl Pts',(-16.340813751294,-12.,-16.2102857028827));
#8674=CARTESIAN_POINT('',(-16.340813751294,-12.5,-16.2102857028827));
#8675=CARTESIAN_POINT('Ctrl Pts',(-16.3358665657777,-12.5,-15.2901044284687));
#8676=CARTESIAN_POINT('Ctrl Pts',(-16.3358665657777,-12.,-15.2901044284687));
#8677=CARTESIAN_POINT('Ctrl Pts',(-16.279598110504,-12.5,-15.3547178625633));
#8678=CARTESIAN_POINT('Ctrl Pts',(-16.279598110504,-12.,-15.3547178625633));
#8679=CARTESIAN_POINT('Ctrl Pts',(-16.1647328133107,-12.5,-15.4866184323203));
#8680=CARTESIAN_POINT('Ctrl Pts',(-16.1647328133107,-12.,-15.4866184323203));
#8681=CARTESIAN_POINT('Ctrl Pts',(-16.1502911490619,-12.5,-15.6611568559695));
#8682=CARTESIAN_POINT('Ctrl Pts',(-16.1502911490619,-12.,-15.6611568559695));
#8683=CARTESIAN_POINT('Ctrl Pts',(-16.142923946454,-12.5,-15.7501950656757));
#8684=CARTESIAN_POINT('Ctrl Pts',(-16.142923946454,-12.,-15.7501950656757));
#8685=CARTESIAN_POINT('',(-16.3358665657777,-12.5,-15.2901044284687));
#8686=CARTESIAN_POINT('Ctrl Pts',(-16.3358665657777,-12.5,-15.2901044284687));
#8687=CARTESIAN_POINT('Ctrl Pts',(-16.279598110504,-12.5,-15.3547178625633));
#8688=CARTESIAN_POINT('Ctrl Pts',(-16.1647328133107,-12.5,-15.4866184323203));
#8689=CARTESIAN_POINT('Ctrl Pts',(-16.1502911490619,-12.5,-15.6611568559695));
#8690=CARTESIAN_POINT('Ctrl Pts',(-16.142923946454,-12.5,-15.7501950656757));
#8691=CARTESIAN_POINT('',(-16.3358665657777,-12.,-15.2901044284687));
#8692=CARTESIAN_POINT('',(-16.3358665657777,-12.5,-15.2901044284687));
#8693=CARTESIAN_POINT('Ctrl Pts',(-16.3358665657777,-12.,-15.2901044284687));
#8694=CARTESIAN_POINT('Ctrl Pts',(-16.279598110504,-12.,-15.3547178625633));
#8695=CARTESIAN_POINT('Ctrl Pts',(-16.1647328133107,-12.,-15.4866184323203));
#8696=CARTESIAN_POINT('Ctrl Pts',(-16.1502911490619,-12.,-15.6611568559695));
#8697=CARTESIAN_POINT('Ctrl Pts',(-16.142923946454,-12.,-15.7501950656757));
#8698=CARTESIAN_POINT('Ctrl Pts',(-16.9146920395631,-12.5,-15.1119962131366));
#8699=CARTESIAN_POINT('Ctrl Pts',(-16.9146920395631,-12.,-15.1119962131366));
#8700=CARTESIAN_POINT('Ctrl Pts',(-16.7984839240598,-12.5,-15.1157411740868));
#8701=CARTESIAN_POINT('Ctrl Pts',(-16.7984839240598,-12.,-15.1157411740868));
#8702=CARTESIAN_POINT('Ctrl Pts',(-16.588202994588,-12.5,-15.1225177564799));
#8703=CARTESIAN_POINT('Ctrl Pts',(-16.588202994588,-12.,-15.1225177564799));
#8704=CARTESIAN_POINT('Ctrl Pts',(-16.4138613282426,-12.5,-15.2383050004761));
#8705=CARTESIAN_POINT('Ctrl Pts',(-16.4138613282426,-12.,-15.2383050004761));
#8706=CARTESIAN_POINT('Ctrl Pts',(-16.3358665657777,-12.5,-15.2901044284687));
#8707=CARTESIAN_POINT('Ctrl Pts',(-16.3358665657777,-12.,-15.2901044284687));
#8708=CARTESIAN_POINT('',(-16.9146920395631,-12.5,-15.1119962131366));
#8709=CARTESIAN_POINT('Ctrl Pts',(-16.9146920395631,-12.5,-15.1119962131366));
#8710=CARTESIAN_POINT('Ctrl Pts',(-16.7984839240598,-12.5,-15.1157411740868));
#8711=CARTESIAN_POINT('Ctrl Pts',(-16.588202994588,-12.5,-15.1225177564799));
#8712=CARTESIAN_POINT('Ctrl Pts',(-16.4138613282426,-12.5,-15.2383050004761));
#8713=CARTESIAN_POINT('Ctrl Pts',(-16.3358665657777,-12.5,-15.2901044284687));
#8714=CARTESIAN_POINT('',(-16.9146920395631,-12.,-15.1119962131366));
#8715=CARTESIAN_POINT('',(-16.9146920395631,-12.5,-15.1119962131366));
#8716=CARTESIAN_POINT('Ctrl Pts',(-16.9146920395631,-12.,-15.1119962131366));
#8717=CARTESIAN_POINT('Ctrl Pts',(-16.7984839240598,-12.,-15.1157411740868));
#8718=CARTESIAN_POINT('Ctrl Pts',(-16.588202994588,-12.,-15.1225177564799));
#8719=CARTESIAN_POINT('Ctrl Pts',(-16.4138613282426,-12.,-15.2383050004761));
#8720=CARTESIAN_POINT('Ctrl Pts',(-16.3358665657777,-12.,-15.2901044284687));
#8721=CARTESIAN_POINT('Origin',(-22.8711564493913,-12.5,-15.1119962131366));
#8722=CARTESIAN_POINT('',(-22.8711564493913,-12.5,-15.1119962131366));
#8723=CARTESIAN_POINT('',(-4.56419952058097,-12.5,-15.1119962131366));
#8724=CARTESIAN_POINT('',(-22.8711564493913,-12.,-15.1119962131366));
#8725=CARTESIAN_POINT('',(-22.8711564493913,-12.5,-15.1119962131366));
#8726=CARTESIAN_POINT('',(-22.8711564493913,-12.,-15.1119962131366));
#8727=CARTESIAN_POINT('Ctrl Pts',(-23.4450353337068,-12.5,-15.2802052890643));
#8728=CARTESIAN_POINT('Ctrl Pts',(-23.4450353337068,-12.,-15.2802052890643));
#8729=CARTESIAN_POINT('Ctrl Pts',(-23.3672127452628,-12.5,-15.2312912849746));
#8730=CARTESIAN_POINT('Ctrl Pts',(-23.3672127452628,-12.,-15.2312912849746));
#8731=CARTESIAN_POINT('Ctrl Pts',(-23.1927667695741,-12.5,-15.1216463690331));
#8732=CARTESIAN_POINT('Ctrl Pts',(-23.1927667695741,-12.,-15.1216463690331));
#8733=CARTESIAN_POINT('Ctrl Pts',(-22.9857952937544,-12.5,-15.1154360365828));
#8734=CARTESIAN_POINT('Ctrl Pts',(-22.9857952937544,-12.,-15.1154360365828));
#8735=CARTESIAN_POINT('Ctrl Pts',(-22.8711564493913,-12.5,-15.1119962131366));
#8736=CARTESIAN_POINT('Ctrl Pts',(-22.8711564493913,-12.,-15.1119962131366));
#8737=CARTESIAN_POINT('',(-23.4450353337068,-12.5,-15.2802052890643));
#8738=CARTESIAN_POINT('Ctrl Pts',(-23.4450353337068,-12.5,-15.2802052890643));
#8739=CARTESIAN_POINT('Ctrl Pts',(-23.3672127452628,-12.5,-15.2312912849746));
#8740=CARTESIAN_POINT('Ctrl Pts',(-23.1927667695741,-12.5,-15.1216463690331));
#8741=CARTESIAN_POINT('Ctrl Pts',(-22.9857952937544,-12.5,-15.1154360365828));
#8742=CARTESIAN_POINT('Ctrl Pts',(-22.8711564493913,-12.5,-15.1119962131366));
#8743=CARTESIAN_POINT('',(-23.4450353337068,-12.,-15.2802052890643));
#8744=CARTESIAN_POINT('',(-23.4450353337068,-12.5,-15.2802052890643));
#8745=CARTESIAN_POINT('Ctrl Pts',(-23.4450353337068,-12.,-15.2802052890643));
#8746=CARTESIAN_POINT('Ctrl Pts',(-23.3672127452628,-12.,-15.2312912849746));
#8747=CARTESIAN_POINT('Ctrl Pts',(-23.1927667695741,-12.,-15.1216463690331));
#8748=CARTESIAN_POINT('Ctrl Pts',(-22.9857952937544,-12.,-15.1154360365828));
#8749=CARTESIAN_POINT('Ctrl Pts',(-22.8711564493913,-12.,-15.1119962131366));
#8750=CARTESIAN_POINT('Ctrl Pts',(-23.6429245425004,-12.5,-15.7501950656757));
#8751=CARTESIAN_POINT('Ctrl Pts',(-23.6429245425004,-12.,-15.7501950656757));
#8752=CARTESIAN_POINT('Ctrl Pts',(-23.6365174559953,-12.5,-15.6555178430095));
#8753=CARTESIAN_POINT('Ctrl Pts',(-23.6365174559953,-12.,-15.6555178430095));
#8754=CARTESIAN_POINT('Ctrl Pts',(-23.6243313389957,-12.5,-15.4754441524647));
#8755=CARTESIAN_POINT('Ctrl Pts',(-23.6243313389957,-12.,-15.4754441524647));
#8756=CARTESIAN_POINT('Ctrl Pts',(-23.5027112911377,-12.5,-15.3430097467332));
#8757=CARTESIAN_POINT('Ctrl Pts',(-23.5027112911377,-12.,-15.3430097467332));
#8758=CARTESIAN_POINT('Ctrl Pts',(-23.4450353337068,-12.5,-15.2802052890643));
#8759=CARTESIAN_POINT('Ctrl Pts',(-23.4450353337068,-12.,-15.2802052890643));
#8760=CARTESIAN_POINT('',(-23.6429245425004,-12.5,-15.7501950656757));
#8761=CARTESIAN_POINT('Ctrl Pts',(-23.6429245425004,-12.5,-15.7501950656757));
#8762=CARTESIAN_POINT('Ctrl Pts',(-23.6365174559953,-12.5,-15.6555178430095));
#8763=CARTESIAN_POINT('Ctrl Pts',(-23.6243313389957,-12.5,-15.4754441524647));
#8764=CARTESIAN_POINT('Ctrl Pts',(-23.5027112911377,-12.5,-15.3430097467332));
#8765=CARTESIAN_POINT('Ctrl Pts',(-23.4450353337068,-12.5,-15.2802052890643));
#8766=CARTESIAN_POINT('',(-23.6429245425004,-12.,-15.7501950656757));
#8767=CARTESIAN_POINT('',(-23.6429245425004,-12.5,-15.7501950656757));
#8768=CARTESIAN_POINT('Ctrl Pts',(-23.6429245425004,-12.,-15.7501950656757));
#8769=CARTESIAN_POINT('Ctrl Pts',(-23.6365174559953,-12.,-15.6555178430095));
#8770=CARTESIAN_POINT('Ctrl Pts',(-23.6243313389957,-12.,-15.4754441524647));
#8771=CARTESIAN_POINT('Ctrl Pts',(-23.5027112911377,-12.,-15.3430097467332));
#8772=CARTESIAN_POINT('Ctrl Pts',(-23.4450353337068,-12.,-15.2802052890643));
#8773=CARTESIAN_POINT('Ctrl Pts',(-23.4301931811112,-12.5,-16.225124875246));
#8774=CARTESIAN_POINT('Ctrl Pts',(-23.4301931811112,-12.,-16.225124875246));
#8775=CARTESIAN_POINT('Ctrl Pts',(-23.4922178503474,-12.5,-16.1615667239626));
#8776=CARTESIAN_POINT('Ctrl Pts',(-23.4922178503474,-12.,-16.1615667239626));
#8777=CARTESIAN_POINT('Ctrl Pts',(-23.6208777734057,-12.5,-16.0297258458966));
#8778=CARTESIAN_POINT('Ctrl Pts',(-23.6208777734057,-12.,-16.0297258458966));
#8779=CARTESIAN_POINT('Ctrl Pts',(-23.6354021239848,-12.5,-15.8455717400445));
#8780=CARTESIAN_POINT('Ctrl Pts',(-23.6354021239848,-12.,-15.8455717400445));
#8781=CARTESIAN_POINT('Ctrl Pts',(-23.6429245425004,-12.5,-15.7501950656757));
#8782=CARTESIAN_POINT('Ctrl Pts',(-23.6429245425004,-12.,-15.7501950656757));
#8783=CARTESIAN_POINT('',(-23.4301931811112,-12.5,-16.225124875246));
#8784=CARTESIAN_POINT('Ctrl Pts',(-23.4301931811112,-12.5,-16.225124875246));
#8785=CARTESIAN_POINT('Ctrl Pts',(-23.4922178503474,-12.5,-16.1615667239626));
#8786=CARTESIAN_POINT('Ctrl Pts',(-23.6208777734057,-12.5,-16.0297258458966));
#8787=CARTESIAN_POINT('Ctrl Pts',(-23.6354021239848,-12.5,-15.8455717400445));
#8788=CARTESIAN_POINT('Ctrl Pts',(-23.6429245425004,-12.5,-15.7501950656757));
#8789=CARTESIAN_POINT('',(-23.4301931811112,-12.,-16.225124875246));
#8790=CARTESIAN_POINT('',(-23.4301931811112,-12.5,-16.225124875246));
#8791=CARTESIAN_POINT('Ctrl Pts',(-23.4301931811112,-12.,-16.225124875246));
#8792=CARTESIAN_POINT('Ctrl Pts',(-23.4922178503474,-12.,-16.1615667239626));
#8793=CARTESIAN_POINT('Ctrl Pts',(-23.6208777734057,-12.,-16.0297258458966));
#8794=CARTESIAN_POINT('Ctrl Pts',(-23.6354021239848,-12.,-15.8455717400445));
#8795=CARTESIAN_POINT('Ctrl Pts',(-23.6429245425004,-12.,-15.7501950656757));
#8796=CARTESIAN_POINT('Ctrl Pts',(-22.8018952561158,-12.5,-16.3883843814716));
#8797=CARTESIAN_POINT('Ctrl Pts',(-22.8018952561158,-12.,-16.3883843814716));
#8798=CARTESIAN_POINT('Ctrl Pts',(-22.9264851881857,-12.5,-16.3853784263893));
#8799=CARTESIAN_POINT('Ctrl Pts',(-22.9264851881857,-12.,-16.3853784263893));
#8800=CARTESIAN_POINT('Ctrl Pts',(-23.1496601436325,-12.5,-16.3799939311862));
#8801=CARTESIAN_POINT('Ctrl Pts',(-23.1496601436325,-12.,-16.3799939311862));
#8802=CARTESIAN_POINT('Ctrl Pts',(-23.3442398063038,-12.5,-16.2725756786556));
#8803=CARTESIAN_POINT('Ctrl Pts',(-23.3442398063038,-12.,-16.2725756786556));
#8804=CARTESIAN_POINT('Ctrl Pts',(-23.4301931811112,-12.5,-16.225124875246));
#8805=CARTESIAN_POINT('Ctrl Pts',(-23.4301931811112,-12.,-16.225124875246));
#8806=CARTESIAN_POINT('',(-22.8018952561158,-12.5,-16.3883843814716));
#8807=CARTESIAN_POINT('Ctrl Pts',(-22.8018952561158,-12.5,-16.3883843814716));
#8808=CARTESIAN_POINT('Ctrl Pts',(-22.9264851881857,-12.5,-16.3853784263893));
#8809=CARTESIAN_POINT('Ctrl Pts',(-23.1496601436325,-12.5,-16.3799939311862));
#8810=CARTESIAN_POINT('Ctrl Pts',(-23.3442398063038,-12.5,-16.2725756786556));
#8811=CARTESIAN_POINT('Ctrl Pts',(-23.4301931811112,-12.5,-16.225124875246));
#8812=CARTESIAN_POINT('',(-22.8018952561158,-12.,-16.3883843814716));
#8813=CARTESIAN_POINT('',(-22.8018952561158,-12.5,-16.3883843814716));
#8814=CARTESIAN_POINT('Ctrl Pts',(-22.8018952561158,-12.,-16.3883843814716));
#8815=CARTESIAN_POINT('Ctrl Pts',(-22.9264851881857,-12.,-16.3853784263893));
#8816=CARTESIAN_POINT('Ctrl Pts',(-23.1496601436325,-12.,-16.3799939311862));
#8817=CARTESIAN_POINT('Ctrl Pts',(-23.3442398063038,-12.,-16.2725756786556));
#8818=CARTESIAN_POINT('Ctrl Pts',(-23.4301931811112,-12.,-16.225124875246));
#8819=CARTESIAN_POINT('Origin',(-20.8081616116304,-12.5,-16.3883843814716));
#8820=CARTESIAN_POINT('',(-20.8081616116304,-12.5,-16.3883843814716));
#8821=CARTESIAN_POINT('',(-3.53270210170051,-12.5,-16.3883843814716));
#8822=CARTESIAN_POINT('',(-20.8081616116304,-12.,-16.3883843814716));
#8823=CARTESIAN_POINT('',(-20.8081616116304,-12.5,-16.3883843814716));
#8824=CARTESIAN_POINT('',(-20.8081616116304,-12.,-16.3883843814716));
#8825=CARTESIAN_POINT('Ctrl Pts',(-21.4216179800767,-12.5,-17.1700444614276));
#8826=CARTESIAN_POINT('Ctrl Pts',(-21.4216179800767,-12.,-17.1700444614276));
#8827=CARTESIAN_POINT('Ctrl Pts',(-21.3428780028248,-12.5,-17.0339579839982));
#8828=CARTESIAN_POINT('Ctrl Pts',(-21.3428780028248,-12.,-17.0339579839982));
#8829=CARTESIAN_POINT('Ctrl Pts',(-21.1754728331191,-12.5,-16.7446312576794));
#8830=CARTESIAN_POINT('Ctrl Pts',(-21.1754728331191,-12.,-16.7446312576794));
#8831=CARTESIAN_POINT('Ctrl Pts',(-20.9353443119987,-12.5,-16.5117360164427));
#8832=CARTESIAN_POINT('Ctrl Pts',(-20.9353443119987,-12.,-16.5117360164427));
#8833=CARTESIAN_POINT('Ctrl Pts',(-20.8081616116304,-12.5,-16.3883843814716));
#8834=CARTESIAN_POINT('Ctrl Pts',(-20.8081616116304,-12.,-16.3883843814716));
#8835=CARTESIAN_POINT('',(-21.4216179800767,-12.5,-17.1700444614276));
#8836=CARTESIAN_POINT('Ctrl Pts',(-21.4216179800767,-12.5,-17.1700444614276));
#8837=CARTESIAN_POINT('Ctrl Pts',(-21.3428780028248,-12.5,-17.0339579839982));
#8838=CARTESIAN_POINT('Ctrl Pts',(-21.1754728331191,-12.5,-16.7446312576794));
#8839=CARTESIAN_POINT('Ctrl Pts',(-20.9353443119987,-12.5,-16.5117360164427));
#8840=CARTESIAN_POINT('Ctrl Pts',(-20.8081616116304,-12.5,-16.3883843814716));
#8841=CARTESIAN_POINT('',(-21.4216179800767,-12.,-17.1700444614276));
#8842=CARTESIAN_POINT('',(-21.4216179800767,-12.5,-17.1700444614276));
#8843=CARTESIAN_POINT('Ctrl Pts',(-21.4216179800767,-12.,-17.1700444614276));
#8844=CARTESIAN_POINT('Ctrl Pts',(-21.3428780028248,-12.,-17.0339579839982));
#8845=CARTESIAN_POINT('Ctrl Pts',(-21.1754728331191,-12.,-16.7446312576794));
#8846=CARTESIAN_POINT('Ctrl Pts',(-20.9353443119987,-12.,-16.5117360164427));
#8847=CARTESIAN_POINT('Ctrl Pts',(-20.8081616116304,-12.,-16.3883843814716));
#8848=CARTESIAN_POINT('Ctrl Pts',(-21.6244543743867,-12.5,-18.1545510684833));
#8849=CARTESIAN_POINT('Ctrl Pts',(-21.6244543743867,-12.,-18.1545510684833));
#8850=CARTESIAN_POINT('Ctrl Pts',(-21.6185483165281,-12.5,-17.9728551350267));
#8851=CARTESIAN_POINT('Ctrl Pts',(-21.6185483165281,-12.,-17.9728551350267));
#8852=CARTESIAN_POINT('Ctrl Pts',(-21.6074870686322,-12.5,-17.6325632161549));
#8853=CARTESIAN_POINT('Ctrl Pts',(-21.6074870686322,-12.,-17.6325632161549));
#8854=CARTESIAN_POINT('Ctrl Pts',(-21.4807055847357,-12.5,-17.3170787291432));
#8855=CARTESIAN_POINT('Ctrl Pts',(-21.4807055847357,-12.,-17.3170787291432));
#8856=CARTESIAN_POINT('Ctrl Pts',(-21.4216179800767,-12.5,-17.1700444614276));
#8857=CARTESIAN_POINT('Ctrl Pts',(-21.4216179800767,-12.,-17.1700444614276));
#8858=CARTESIAN_POINT('',(-21.6244543743867,-12.5,-18.1545510684833));
#8859=CARTESIAN_POINT('Ctrl Pts',(-21.6244543743867,-12.5,-18.1545510684833));
#8860=CARTESIAN_POINT('Ctrl Pts',(-21.6185483165281,-12.5,-17.9728551350267));
#8861=CARTESIAN_POINT('Ctrl Pts',(-21.6074870686322,-12.5,-17.6325632161549));
#8862=CARTESIAN_POINT('Ctrl Pts',(-21.4807055847357,-12.5,-17.3170787291432));
#8863=CARTESIAN_POINT('Ctrl Pts',(-21.4216179800767,-12.5,-17.1700444614276));
#8864=CARTESIAN_POINT('',(-21.6244543743867,-12.,-18.1545510684833));
#8865=CARTESIAN_POINT('',(-21.6244543743867,-12.5,-18.1545510684833));
#8866=CARTESIAN_POINT('Ctrl Pts',(-21.6244543743867,-12.,-18.1545510684833));
#8867=CARTESIAN_POINT('Ctrl Pts',(-21.6185483165281,-12.,-17.9728551350267));
#8868=CARTESIAN_POINT('Ctrl Pts',(-21.6074870686322,-12.,-17.6325632161549));
#8869=CARTESIAN_POINT('Ctrl Pts',(-21.4807055847357,-12.,-17.3170787291432));
#8870=CARTESIAN_POINT('Ctrl Pts',(-21.4216179800767,-12.,-17.1700444614276));
#8871=CARTESIAN_POINT('Ctrl Pts',(-20.9170008850831,-12.5,-19.7821870242938));
#8872=CARTESIAN_POINT('Ctrl Pts',(-20.9170008850831,-12.,-19.7821870242938));
#8873=CARTESIAN_POINT('Ctrl Pts',(-21.1233171177217,-12.5,-19.5564470332765));
#8874=CARTESIAN_POINT('Ctrl Pts',(-21.1233171177217,-12.,-19.5564470332765));
#8875=CARTESIAN_POINT('Ctrl Pts',(-21.5445752132888,-12.5,-19.0955293561109));
#8876=CARTESIAN_POINT('Ctrl Pts',(-21.5445752132888,-12.,-19.0955293561109));
#8877=CARTESIAN_POINT('Ctrl Pts',(-21.5974669854907,-12.5,-18.4724631076419));
#8878=CARTESIAN_POINT('Ctrl Pts',(-21.5974669854907,-12.,-18.4724631076419));
#8879=CARTESIAN_POINT('Ctrl Pts',(-21.6244543743867,-12.5,-18.1545510684833));
#8880=CARTESIAN_POINT('Ctrl Pts',(-21.6244543743867,-12.,-18.1545510684833));
#8881=CARTESIAN_POINT('',(-20.9170008850831,-12.5,-19.7821870242938));
#8882=CARTESIAN_POINT('Ctrl Pts',(-20.9170008850831,-12.5,-19.7821870242938));
#8883=CARTESIAN_POINT('Ctrl Pts',(-21.1233171177217,-12.5,-19.5564470332765));
#8884=CARTESIAN_POINT('Ctrl Pts',(-21.5445752132888,-12.5,-19.0955293561109));
#8885=CARTESIAN_POINT('Ctrl Pts',(-21.5974669854907,-12.5,-18.4724631076419));
#8886=CARTESIAN_POINT('Ctrl Pts',(-21.6244543743867,-12.5,-18.1545510684833));
#8887=CARTESIAN_POINT('',(-20.9170008850831,-12.,-19.7821870242938));
#8888=CARTESIAN_POINT('',(-20.9170008850831,-12.5,-19.7821870242938));
#8889=CARTESIAN_POINT('Ctrl Pts',(-20.9170008850831,-12.,-19.7821870242938));
#8890=CARTESIAN_POINT('Ctrl Pts',(-21.1233171177217,-12.,-19.5564470332765));
#8891=CARTESIAN_POINT('Ctrl Pts',(-21.5445752132888,-12.,-19.0955293561109));
#8892=CARTESIAN_POINT('Ctrl Pts',(-21.5974669854907,-12.,-18.4724631076419));
#8893=CARTESIAN_POINT('Ctrl Pts',(-21.6244543743867,-12.,-18.1545510684833));
#8894=CARTESIAN_POINT('Ctrl Pts',(-18.9430559826631,-12.5,-20.4005875980243));
#8895=CARTESIAN_POINT('Ctrl Pts',(-18.9430559826631,-12.,-20.4005875980243));
#8896=CARTESIAN_POINT('Ctrl Pts',(-19.330272583755,-12.5,-20.3843403904887));
#8897=CARTESIAN_POINT('Ctrl Pts',(-19.330272583755,-12.,-20.3843403904887));
#8898=CARTESIAN_POINT('Ctrl Pts',(-20.0463381206005,-12.5,-20.3542950222027));
#8899=CARTESIAN_POINT('Ctrl Pts',(-20.0463381206005,-12.,-20.3542950222027));
#8900=CARTESIAN_POINT('Ctrl Pts',(-20.6429913551087,-12.5,-19.9622372687703));
#8901=CARTESIAN_POINT('Ctrl Pts',(-20.6429913551087,-12.,-19.9622372687703));
#8902=CARTESIAN_POINT('Ctrl Pts',(-20.9170008850831,-12.5,-19.7821870242938));
#8903=CARTESIAN_POINT('Ctrl Pts',(-20.9170008850831,-12.,-19.7821870242938));
#8904=CARTESIAN_POINT('',(-18.9430559826631,-12.5,-20.4005875980243));
#8905=CARTESIAN_POINT('Ctrl Pts',(-18.9430559826631,-12.5,-20.4005875980243));
#8906=CARTESIAN_POINT('Ctrl Pts',(-19.330272583755,-12.5,-20.3843403904887));
#8907=CARTESIAN_POINT('Ctrl Pts',(-20.0463381206005,-12.5,-20.3542950222027));
#8908=CARTESIAN_POINT('Ctrl Pts',(-20.6429913551087,-12.5,-19.9622372687703));
#8909=CARTESIAN_POINT('Ctrl Pts',(-20.9170008850831,-12.5,-19.7821870242938));
#8910=CARTESIAN_POINT('',(-18.9430559826631,-12.,-20.4005875980243));
#8911=CARTESIAN_POINT('',(-18.9430559826631,-12.5,-20.4005875980243));
#8912=CARTESIAN_POINT('Ctrl Pts',(-18.9430559826631,-12.,-20.4005875980243));
#8913=CARTESIAN_POINT('Ctrl Pts',(-19.330272583755,-12.,-20.3843403904887));
#8914=CARTESIAN_POINT('Ctrl Pts',(-20.0463381206005,-12.,-20.3542950222027));
#8915=CARTESIAN_POINT('Ctrl Pts',(-20.6429913551087,-12.,-19.9622372687703));
#8916=CARTESIAN_POINT('Ctrl Pts',(-20.9170008850831,-12.,-19.7821870242938));
#8917=CARTESIAN_POINT('Ctrl Pts',(-17.8299297047395,-12.5,-20.247227231203));
#8918=CARTESIAN_POINT('Ctrl Pts',(-17.8299297047395,-12.,-20.247227231203));
#8919=CARTESIAN_POINT('Ctrl Pts',(-18.007550242059,-12.5,-20.2919490270428));
#8920=CARTESIAN_POINT('Ctrl Pts',(-18.007550242059,-12.,-20.2919490270428));
#8921=CARTESIAN_POINT('Ctrl Pts',(-18.3728787241813,-12.5,-20.3839324544013));
#8922=CARTESIAN_POINT('Ctrl Pts',(-18.3728787241813,-12.,-20.3839324544013));
#8923=CARTESIAN_POINT('Ctrl Pts',(-18.7495302108473,-12.5,-20.3949346199786));
#8924=CARTESIAN_POINT('Ctrl Pts',(-18.7495302108473,-12.,-20.3949346199786));
#8925=CARTESIAN_POINT('Ctrl Pts',(-18.9430559826631,-12.5,-20.4005875980243));
#8926=CARTESIAN_POINT('Ctrl Pts',(-18.9430559826631,-12.,-20.4005875980243));
#8927=CARTESIAN_POINT('',(-17.8299297047395,-12.5,-20.247227231203));
#8928=CARTESIAN_POINT('Ctrl Pts',(-17.8299297047395,-12.5,-20.247227231203));
#8929=CARTESIAN_POINT('Ctrl Pts',(-18.007550242059,-12.5,-20.2919490270428));
#8930=CARTESIAN_POINT('Ctrl Pts',(-18.3728787241813,-12.5,-20.3839324544013));
#8931=CARTESIAN_POINT('Ctrl Pts',(-18.7495302108473,-12.5,-20.3949346199786));
#8932=CARTESIAN_POINT('Ctrl Pts',(-18.9430559826631,-12.5,-20.4005875980243));
#8933=CARTESIAN_POINT('',(-17.8299297047395,-12.,-20.247227231203));
#8934=CARTESIAN_POINT('',(-17.8299297047395,-12.5,-20.247227231203));
#8935=CARTESIAN_POINT('Ctrl Pts',(-17.8299297047395,-12.,-20.247227231203));
#8936=CARTESIAN_POINT('Ctrl Pts',(-18.007550242059,-12.,-20.2919490270428));
#8937=CARTESIAN_POINT('Ctrl Pts',(-18.3728787241813,-12.,-20.3839324544013));
#8938=CARTESIAN_POINT('Ctrl Pts',(-18.7495302108473,-12.,-20.3949346199786));
#8939=CARTESIAN_POINT('Ctrl Pts',(-18.9430559826631,-12.,-20.4005875980243));
#8940=CARTESIAN_POINT('Ctrl Pts',(-16.9344807816285,-12.5,-19.787136593996));
#8941=CARTESIAN_POINT('Ctrl Pts',(-16.9344807816285,-12.,-19.787136593996));
#8942=CARTESIAN_POINT('Ctrl Pts',(-17.0691654501073,-12.5,-19.8824005286692));
#8943=CARTESIAN_POINT('Ctrl Pts',(-17.0691654501073,-12.,-19.8824005286692));
#8944=CARTESIAN_POINT('Ctrl Pts',(-17.3457861451456,-12.5,-20.078057362658));
#8945=CARTESIAN_POINT('Ctrl Pts',(-17.3457861451456,-12.,-20.078057362658));
#8946=CARTESIAN_POINT('Ctrl Pts',(-17.6657526420207,-12.5,-20.1898603375041));
#8947=CARTESIAN_POINT('Ctrl Pts',(-17.6657526420207,-12.,-20.1898603375041));
#8948=CARTESIAN_POINT('Ctrl Pts',(-17.8299297047395,-12.5,-20.247227231203));
#8949=CARTESIAN_POINT('Ctrl Pts',(-17.8299297047395,-12.,-20.247227231203));
#8950=CARTESIAN_POINT('',(-16.9344807816285,-12.5,-19.787136593996));
#8951=CARTESIAN_POINT('Ctrl Pts',(-16.9344807816285,-12.5,-19.787136593996));
#8952=CARTESIAN_POINT('Ctrl Pts',(-17.0691654501073,-12.5,-19.8824005286692));
#8953=CARTESIAN_POINT('Ctrl Pts',(-17.3457861451456,-12.5,-20.078057362658));
#8954=CARTESIAN_POINT('Ctrl Pts',(-17.6657526420207,-12.5,-20.1898603375041));
#8955=CARTESIAN_POINT('Ctrl Pts',(-17.8299297047395,-12.5,-20.247227231203));
#8956=CARTESIAN_POINT('',(-16.9344807816285,-12.,-19.787136593996));
#8957=CARTESIAN_POINT('',(-16.9344807816285,-12.5,-19.787136593996));
#8958=CARTESIAN_POINT('Ctrl Pts',(-16.9344807816285,-12.,-19.787136593996));
#8959=CARTESIAN_POINT('Ctrl Pts',(-17.0691654501073,-12.,-19.8824005286692));
#8960=CARTESIAN_POINT('Ctrl Pts',(-17.3457861451456,-12.,-20.078057362658));
#8961=CARTESIAN_POINT('Ctrl Pts',(-17.6657526420207,-12.,-20.1898603375041));
#8962=CARTESIAN_POINT('Ctrl Pts',(-17.8299297047395,-12.,-20.247227231203));
#8963=CARTESIAN_POINT('Ctrl Pts',(-16.3457609368104,-12.5,-19.0747323428974));
#8964=CARTESIAN_POINT('Ctrl Pts',(-16.3457609368104,-12.,-19.0747323428974));
#8965=CARTESIAN_POINT('Ctrl Pts',(-16.4231103801891,-12.5,-19.2077610514803));
#8966=CARTESIAN_POINT('Ctrl Pts',(-16.4231103801891,-12.,-19.2077610514803));
#8967=CARTESIAN_POINT('Ctrl Pts',(-16.5800232116674,-12.5,-19.4776261005338));
#8968=CARTESIAN_POINT('Ctrl Pts',(-16.5800232116674,-12.,-19.4776261005338));
#8969=CARTESIAN_POINT('Ctrl Pts',(-16.8152220872279,-12.5,-19.6830005267154));
#8970=CARTESIAN_POINT('Ctrl Pts',(-16.8152220872279,-12.,-19.6830005267154));
#8971=CARTESIAN_POINT('Ctrl Pts',(-16.9344807816285,-12.5,-19.787136593996));
#8972=CARTESIAN_POINT('Ctrl Pts',(-16.9344807816285,-12.,-19.787136593996));
#8973=CARTESIAN_POINT('',(-16.3457609368104,-12.5,-19.0747323428974));
#8974=CARTESIAN_POINT('Ctrl Pts',(-16.3457609368104,-12.5,-19.0747323428974));
#8975=CARTESIAN_POINT('Ctrl Pts',(-16.4231103801891,-12.5,-19.2077610514803));
#8976=CARTESIAN_POINT('Ctrl Pts',(-16.5800232116674,-12.5,-19.4776261005338));
#8977=CARTESIAN_POINT('Ctrl Pts',(-16.8152220872279,-12.5,-19.6830005267154));
#8978=CARTESIAN_POINT('Ctrl Pts',(-16.9344807816285,-12.5,-19.787136593996));
#8979=CARTESIAN_POINT('',(-16.3457609368104,-12.,-19.0747323428974));
#8980=CARTESIAN_POINT('',(-16.3457609368104,-12.5,-19.0747323428974));
#8981=CARTESIAN_POINT('Ctrl Pts',(-16.3457609368104,-12.,-19.0747323428974));
#8982=CARTESIAN_POINT('Ctrl Pts',(-16.4231103801891,-12.,-19.2077610514803));
#8983=CARTESIAN_POINT('Ctrl Pts',(-16.5800232116674,-12.,-19.4776261005338));
#8984=CARTESIAN_POINT('Ctrl Pts',(-16.8152220872279,-12.,-19.6830005267154));
#8985=CARTESIAN_POINT('Ctrl Pts',(-16.9344807816285,-12.,-19.787136593996));
#8986=CARTESIAN_POINT('Ctrl Pts',(-16.142923946454,-12.5,-18.1743398105487));
#8987=CARTESIAN_POINT('Ctrl Pts',(-16.142923946454,-12.,-18.1743398105487));
#8988=CARTESIAN_POINT('Ctrl Pts',(-16.1509523156193,-12.5,-18.3321890480366));
#8989=CARTESIAN_POINT('Ctrl Pts',(-16.1509523156193,-12.,-18.3321890480366));
#8990=CARTESIAN_POINT('Ctrl Pts',(-16.1668141394069,-12.5,-18.6440552239047));
#8991=CARTESIAN_POINT('Ctrl Pts',(-16.1668141394069,-12.,-18.6440552239047));
#8992=CARTESIAN_POINT('Ctrl Pts',(-16.2866026693692,-12.5,-18.9323542028253));
#8993=CARTESIAN_POINT('Ctrl Pts',(-16.2866026693692,-12.,-18.9323542028253));
#8994=CARTESIAN_POINT('Ctrl Pts',(-16.3457609368104,-12.5,-19.0747323428974));
#8995=CARTESIAN_POINT('Ctrl Pts',(-16.3457609368104,-12.,-19.0747323428974));
#8996=CARTESIAN_POINT('',(-16.142923946454,-12.5,-18.1743398105487));
#8997=CARTESIAN_POINT('Ctrl Pts',(-16.142923946454,-12.5,-18.1743398105487));
#8998=CARTESIAN_POINT('Ctrl Pts',(-16.1509523156193,-12.5,-18.3321890480366));
#8999=CARTESIAN_POINT('Ctrl Pts',(-16.1668141394069,-12.5,-18.6440552239047));
#9000=CARTESIAN_POINT('Ctrl Pts',(-16.2866026693692,-12.5,-18.9323542028253));
#9001=CARTESIAN_POINT('Ctrl Pts',(-16.3457609368104,-12.5,-19.0747323428974));
#9002=CARTESIAN_POINT('',(-16.142923946454,-12.,-18.1743398105487));
#9003=CARTESIAN_POINT('',(-16.142923946454,-12.5,-18.1743398105487));
#9004=CARTESIAN_POINT('Ctrl Pts',(-16.142923946454,-12.,-18.1743398105487));
#9005=CARTESIAN_POINT('Ctrl Pts',(-16.1509523156193,-12.,-18.3321890480366));
#9006=CARTESIAN_POINT('Ctrl Pts',(-16.1668141394069,-12.,-18.6440552239047));
#9007=CARTESIAN_POINT('Ctrl Pts',(-16.2866026693692,-12.,-18.9323542028253));
#9008=CARTESIAN_POINT('Ctrl Pts',(-16.3457609368104,-12.,-19.0747323428974));
#9009=CARTESIAN_POINT('Ctrl Pts',(-16.2468160343904,-12.5,-17.501513043581));
#9010=CARTESIAN_POINT('Ctrl Pts',(-16.2468160343904,-12.,-17.501513043581));
#9011=CARTESIAN_POINT('Ctrl Pts',(-16.2165225159828,-12.5,-17.6080243519566));
#9012=CARTESIAN_POINT('Ctrl Pts',(-16.2165225159828,-12.,-17.6080243519566));
#9013=CARTESIAN_POINT('Ctrl Pts',(-16.1539815562847,-12.5,-17.8279169162631));
#9014=CARTESIAN_POINT('Ctrl Pts',(-16.1539815562847,-12.,-17.8279169162631));
#9015=CARTESIAN_POINT('Ctrl Pts',(-16.1466857951624,-12.5,-18.056485180355));
#9016=CARTESIAN_POINT('Ctrl Pts',(-16.1466857951624,-12.,-18.056485180355));
#9017=CARTESIAN_POINT('Ctrl Pts',(-16.142923946454,-12.5,-18.1743398105487));
#9018=CARTESIAN_POINT('Ctrl Pts',(-16.142923946454,-12.,-18.1743398105487));
#9019=CARTESIAN_POINT('',(-16.2468160343904,-12.5,-17.501513043581));
#9020=CARTESIAN_POINT('Ctrl Pts',(-16.2468160343904,-12.5,-17.501513043581));
#9021=CARTESIAN_POINT('Ctrl Pts',(-16.2165225159828,-12.5,-17.6080243519566));
#9022=CARTESIAN_POINT('Ctrl Pts',(-16.1539815562847,-12.5,-17.8279169162631));
#9023=CARTESIAN_POINT('Ctrl Pts',(-16.1466857951624,-12.5,-18.056485180355));
#9024=CARTESIAN_POINT('Ctrl Pts',(-16.142923946454,-12.5,-18.1743398105487));
#9025=CARTESIAN_POINT('',(-16.2468160343904,-12.,-17.501513043581));
#9026=CARTESIAN_POINT('',(-16.2468160343904,-12.5,-17.501513043581));
#9027=CARTESIAN_POINT('Ctrl Pts',(-16.2468160343904,-12.,-17.501513043581));
#9028=CARTESIAN_POINT('Ctrl Pts',(-16.2165225159828,-12.,-17.6080243519566));
#9029=CARTESIAN_POINT('Ctrl Pts',(-16.1539815562847,-12.,-17.8279169162631));
#9030=CARTESIAN_POINT('Ctrl Pts',(-16.1466857951624,-12.,-18.056485180355));
#9031=CARTESIAN_POINT('Ctrl Pts',(-16.142923946454,-12.,-18.1743398105487));
#9032=CARTESIAN_POINT('Ctrl Pts',(-16.5387023640412,-12.5,-16.9276299869403));
#9033=CARTESIAN_POINT('Ctrl Pts',(-16.5387023640412,-12.,-16.9276299869403));
#9034=CARTESIAN_POINT('Ctrl Pts',(-16.4782864981993,-12.5,-17.0171520844034));
#9035=CARTESIAN_POINT('Ctrl Pts',(-16.4782864981993,-12.,-17.0171520844034));
#9036=CARTESIAN_POINT('Ctrl Pts',(-16.3573159018791,-12.5,-17.1964020440463));
#9037=CARTESIAN_POINT('Ctrl Pts',(-16.3573159018791,-12.,-17.1964020440463));
#9038=CARTESIAN_POINT('Ctrl Pts',(-16.2836775005653,-12.5,-17.3997315750187));
#9039=CARTESIAN_POINT('Ctrl Pts',(-16.2836775005653,-12.,-17.3997315750187));
#9040=CARTESIAN_POINT('Ctrl Pts',(-16.2468160343904,-12.5,-17.501513043581));
#9041=CARTESIAN_POINT('Ctrl Pts',(-16.2468160343904,-12.,-17.501513043581));
#9042=CARTESIAN_POINT('',(-16.5387023640412,-12.5,-16.9276299869403));
#9043=CARTESIAN_POINT('Ctrl Pts',(-16.5387023640412,-12.5,-16.9276299869403));
#9044=CARTESIAN_POINT('Ctrl Pts',(-16.4782864981993,-12.5,-17.0171520844034));
#9045=CARTESIAN_POINT('Ctrl Pts',(-16.3573159018791,-12.5,-17.1964020440463));
#9046=CARTESIAN_POINT('Ctrl Pts',(-16.2836775005653,-12.5,-17.3997315750187));
#9047=CARTESIAN_POINT('Ctrl Pts',(-16.2468160343904,-12.5,-17.501513043581));
#9048=CARTESIAN_POINT('',(-16.5387023640412,-12.,-16.9276299869403));
#9049=CARTESIAN_POINT('',(-16.5387023640412,-12.5,-16.9276299869403));
#9050=CARTESIAN_POINT('Ctrl Pts',(-16.5387023640412,-12.,-16.9276299869403));
#9051=CARTESIAN_POINT('Ctrl Pts',(-16.4782864981993,-12.,-17.0171520844034));
#9052=CARTESIAN_POINT('Ctrl Pts',(-16.3573159018791,-12.,-17.1964020440463));
#9053=CARTESIAN_POINT('Ctrl Pts',(-16.2836775005653,-12.,-17.3997315750187));
#9054=CARTESIAN_POINT('Ctrl Pts',(-16.2468160343904,-12.,-17.501513043581));
#9055=CARTESIAN_POINT('Ctrl Pts',(-17.0482672405976,-12.5,-16.3883843814716));
#9056=CARTESIAN_POINT('Ctrl Pts',(-17.0482672405976,-12.,-16.3883843814716));
#9057=CARTESIAN_POINT('Ctrl Pts',(-16.9511692870782,-12.5,-16.4761466424024));
#9058=CARTESIAN_POINT('Ctrl Pts',(-16.9511692870782,-12.,-16.4761466424024));
#9059=CARTESIAN_POINT('Ctrl Pts',(-16.7670869502118,-12.5,-16.6425299851532));
#9060=CARTESIAN_POINT('Ctrl Pts',(-16.7670869502118,-12.,-16.6425299851532));
#9061=CARTESIAN_POINT('Ctrl Pts',(-16.6119901965658,-12.5,-16.8361423715365));
#9062=CARTESIAN_POINT('Ctrl Pts',(-16.6119901965658,-12.,-16.8361423715365));
#9063=CARTESIAN_POINT('Ctrl Pts',(-16.5387023640412,-12.5,-16.9276299869403));
#9064=CARTESIAN_POINT('Ctrl Pts',(-16.5387023640412,-12.,-16.9276299869403));
#9065=CARTESIAN_POINT('',(-17.0482672405976,-12.5,-16.3883843814716));
#9066=CARTESIAN_POINT('Ctrl Pts',(-17.0482672405976,-12.5,-16.3883843814716));
#9067=CARTESIAN_POINT('Ctrl Pts',(-16.9511692870782,-12.5,-16.4761466424024));
#9068=CARTESIAN_POINT('Ctrl Pts',(-16.7670869502118,-12.5,-16.6425299851532));
#9069=CARTESIAN_POINT('Ctrl Pts',(-16.6119901965658,-12.5,-16.8361423715365));
#9070=CARTESIAN_POINT('Ctrl Pts',(-16.5387023640412,-12.5,-16.9276299869403));
#9071=CARTESIAN_POINT('',(-17.0482672405976,-12.,-16.3883843814716));
#9072=CARTESIAN_POINT('',(-17.0482672405976,-12.5,-16.3883843814716));
#9073=CARTESIAN_POINT('Ctrl Pts',(-17.0482672405976,-12.,-16.3883843814716));
#9074=CARTESIAN_POINT('Ctrl Pts',(-16.9511692870782,-12.,-16.4761466424024));
#9075=CARTESIAN_POINT('Ctrl Pts',(-16.7670869502118,-12.,-16.6425299851532));
#9076=CARTESIAN_POINT('Ctrl Pts',(-16.6119901965658,-12.,-16.8361423715365));
#9077=CARTESIAN_POINT('Ctrl Pts',(-16.5387023640412,-12.,-16.9276299869403));
#9078=CARTESIAN_POINT('Origin',(-16.9146920395631,-12.5,-16.3883843814716));
#9079=CARTESIAN_POINT('',(-16.9146920395631,-12.5,-16.3883843814716));
#9080=CARTESIAN_POINT('',(-1.58596731566689,-12.5,-16.3883843814716));
#9081=CARTESIAN_POINT('',(-16.9146920395631,-12.,-16.3883843814716));
#9082=CARTESIAN_POINT('',(-16.9146920395631,-12.5,-16.3883843814716));
#9083=CARTESIAN_POINT('',(-16.9146920395631,-12.,-16.3883843814716));
#9084=CARTESIAN_POINT('Ctrl Pts',(-16.340813751294,-12.5,-16.2102857028827));
#9085=CARTESIAN_POINT('Ctrl Pts',(-16.340813751294,-12.,-16.2102857028827));
#9086=CARTESIAN_POINT('Ctrl Pts',(-16.4200426593972,-12.5,-16.2621270754753));
#9087=CARTESIAN_POINT('Ctrl Pts',(-16.4200426593972,-12.,-16.2621270754753));
#9088=CARTESIAN_POINT('Ctrl Pts',(-16.5935667623059,-12.5,-16.3756680529803));
#9089=CARTESIAN_POINT('Ctrl Pts',(-16.5935667623059,-12.,-16.3756680529803));
#9090=CARTESIAN_POINT('Ctrl Pts',(-16.8016286015122,-12.5,-16.3839071511804));
#9091=CARTESIAN_POINT('Ctrl Pts',(-16.8016286015122,-12.,-16.3839071511804));
#9092=CARTESIAN_POINT('Ctrl Pts',(-16.9146920395631,-12.5,-16.3883843814716));
#9093=CARTESIAN_POINT('Ctrl Pts',(-16.9146920395631,-12.,-16.3883843814716));
#9094=CARTESIAN_POINT('Ctrl Pts',(-16.340813751294,-12.5,-16.2102857028827));
#9095=CARTESIAN_POINT('Ctrl Pts',(-16.4200426593972,-12.5,-16.2621270754753));
#9096=CARTESIAN_POINT('Ctrl Pts',(-16.5935667623059,-12.5,-16.3756680529803));
#9097=CARTESIAN_POINT('Ctrl Pts',(-16.8016286015122,-12.5,-16.3839071511804));
#9098=CARTESIAN_POINT('Ctrl Pts',(-16.9146920395631,-12.5,-16.3883843814716));
#9099=CARTESIAN_POINT('Ctrl Pts',(-16.340813751294,-12.,-16.2102857028827));
#9100=CARTESIAN_POINT('Ctrl Pts',(-16.4200426593972,-12.,-16.2621270754753));
#9101=CARTESIAN_POINT('Ctrl Pts',(-16.5935667623059,-12.,-16.3756680529803));
#9102=CARTESIAN_POINT('Ctrl Pts',(-16.8016286015122,-12.,-16.3839071511804));
#9103=CARTESIAN_POINT('Ctrl Pts',(-16.9146920395631,-12.,-16.3883843814716));
#9104=CARTESIAN_POINT('Origin',(-18.8911102367182,-12.,-38.5099211131916));
#9105=CARTESIAN_POINT('Ctrl Pts',(-17.6567758274812,-12.5,-27.405864278017));
#9106=CARTESIAN_POINT('Ctrl Pts',(-17.6567758274812,-12.,-27.405864278017));
#9107=CARTESIAN_POINT('Ctrl Pts',(-17.7905243950152,-12.5,-27.352858192935));
#9108=CARTESIAN_POINT('Ctrl Pts',(-17.7905243950152,-12.,-27.352858192935));
#9109=CARTESIAN_POINT('Ctrl Pts',(-18.113304425407,-12.5,-27.2249367798748));
#9110=CARTESIAN_POINT('Ctrl Pts',(-18.113304425407,-12.,-27.2249367798748));
#9111=CARTESIAN_POINT('Ctrl Pts',(-18.461875559389,-12.5,-27.2236008070822));
#9112=CARTESIAN_POINT('Ctrl Pts',(-18.461875559389,-12.,-27.2236008070822));
#9113=CARTESIAN_POINT('Ctrl Pts',(-18.6660112095613,-12.5,-27.2228184139118));
#9114=CARTESIAN_POINT('Ctrl Pts',(-18.6660112095613,-12.,-27.2228184139118));
#9115=CARTESIAN_POINT('',(-17.6567758274812,-12.5,-27.405864278017));
#9116=CARTESIAN_POINT('',(-18.6660112095613,-12.5,-27.2228184139118));
#9117=CARTESIAN_POINT('Ctrl Pts',(-17.6567758274812,-12.5,-27.405864278017));
#9118=CARTESIAN_POINT('Ctrl Pts',(-17.7905243950152,-12.5,-27.352858192935));
#9119=CARTESIAN_POINT('Ctrl Pts',(-18.113304425407,-12.5,-27.2249367798748));
#9120=CARTESIAN_POINT('Ctrl Pts',(-18.461875559389,-12.5,-27.2236008070822));
#9121=CARTESIAN_POINT('Ctrl Pts',(-18.6660112095613,-12.5,-27.2228184139118));
#9122=CARTESIAN_POINT('',(-17.6567758274812,-12.,-27.405864278017));
#9123=CARTESIAN_POINT('',(-17.6567758274812,-12.5,-27.405864278017));
#9124=CARTESIAN_POINT('',(-18.6660112095613,-12.,-27.2228184139118));
#9125=CARTESIAN_POINT('Ctrl Pts',(-17.6567758274812,-12.,-27.405864278017));
#9126=CARTESIAN_POINT('Ctrl Pts',(-17.7905243950152,-12.,-27.352858192935));
#9127=CARTESIAN_POINT('Ctrl Pts',(-18.113304425407,-12.,-27.2249367798748));
#9128=CARTESIAN_POINT('Ctrl Pts',(-18.461875559389,-12.,-27.2236008070822));
#9129=CARTESIAN_POINT('Ctrl Pts',(-18.6660112095613,-12.,-27.2228184139118));
#9130=CARTESIAN_POINT('',(-18.6660112095613,-12.5,-27.2228184139118));
#9131=CARTESIAN_POINT('Ctrl Pts',(-17.2016311836976,-12.5,-27.9055347835407));
#9132=CARTESIAN_POINT('Ctrl Pts',(-17.2016311836976,-12.,-27.9055347835407));
#9133=CARTESIAN_POINT('Ctrl Pts',(-17.2626032489294,-12.5,-27.8008651021236));
#9134=CARTESIAN_POINT('Ctrl Pts',(-17.2626032489294,-12.,-27.8008651021236));
#9135=CARTESIAN_POINT('Ctrl Pts',(-17.3787663955494,-12.5,-27.6014498534697));
#9136=CARTESIAN_POINT('Ctrl Pts',(-17.3787663955494,-12.,-27.6014498534697));
#9137=CARTESIAN_POINT('Ctrl Pts',(-17.5672324216207,-12.5,-27.4688599772691));
#9138=CARTESIAN_POINT('Ctrl Pts',(-17.5672324216207,-12.,-27.4688599772691));
#9139=CARTESIAN_POINT('Ctrl Pts',(-17.6567758274812,-12.5,-27.405864278017));
#9140=CARTESIAN_POINT('Ctrl Pts',(-17.6567758274812,-12.,-27.405864278017));
#9141=CARTESIAN_POINT('',(-17.2016311836976,-12.5,-27.9055347835407));
#9142=CARTESIAN_POINT('Ctrl Pts',(-17.2016311836976,-12.5,-27.9055347835407));
#9143=CARTESIAN_POINT('Ctrl Pts',(-17.2626032489294,-12.5,-27.8008651021236));
#9144=CARTESIAN_POINT('Ctrl Pts',(-17.3787663955494,-12.5,-27.6014498534697));
#9145=CARTESIAN_POINT('Ctrl Pts',(-17.5672324216207,-12.5,-27.4688599772691));
#9146=CARTESIAN_POINT('Ctrl Pts',(-17.6567758274812,-12.5,-27.405864278017));
#9147=CARTESIAN_POINT('',(-17.2016311836976,-12.,-27.9055347835407));
#9148=CARTESIAN_POINT('',(-17.2016311836976,-12.5,-27.9055347835407));
#9149=CARTESIAN_POINT('Ctrl Pts',(-17.2016311836976,-12.,-27.9055347835407));
#9150=CARTESIAN_POINT('Ctrl Pts',(-17.2626032489294,-12.,-27.8008651021236));
#9151=CARTESIAN_POINT('Ctrl Pts',(-17.3787663955494,-12.,-27.6014498534697));
#9152=CARTESIAN_POINT('Ctrl Pts',(-17.5672324216207,-12.,-27.4688599772691));
#9153=CARTESIAN_POINT('Ctrl Pts',(-17.6567758274812,-12.,-27.405864278017));
#9154=CARTESIAN_POINT('Ctrl Pts',(-17.0284784985322,-12.5,-28.6426725780353));
#9155=CARTESIAN_POINT('Ctrl Pts',(-17.0284784985322,-12.,-28.6426725780353));
#9156=CARTESIAN_POINT('Ctrl Pts',(-17.0352512134128,-12.5,-28.5126434081023));
#9157=CARTESIAN_POINT('Ctrl Pts',(-17.0352512134128,-12.,-28.5126434081023));
#9158=CARTESIAN_POINT('Ctrl Pts',(-17.0485967427469,-12.5,-28.2564229511301));
#9159=CARTESIAN_POINT('Ctrl Pts',(-17.0485967427469,-12.,-28.2564229511301));
#9160=CARTESIAN_POINT('Ctrl Pts',(-17.1511316544146,-12.5,-28.0213236686059));
#9161=CARTESIAN_POINT('Ctrl Pts',(-17.1511316544146,-12.,-28.0213236686059));
#9162=CARTESIAN_POINT('Ctrl Pts',(-17.2016311836976,-12.5,-27.9055347835407));
#9163=CARTESIAN_POINT('Ctrl Pts',(-17.2016311836976,-12.,-27.9055347835407));
#9164=CARTESIAN_POINT('',(-17.0284784985322,-12.5,-28.6426725780353));
#9165=CARTESIAN_POINT('Ctrl Pts',(-17.0284784985322,-12.5,-28.6426725780353));
#9166=CARTESIAN_POINT('Ctrl Pts',(-17.0352512134128,-12.5,-28.5126434081023));
#9167=CARTESIAN_POINT('Ctrl Pts',(-17.0485967427469,-12.5,-28.2564229511301));
#9168=CARTESIAN_POINT('Ctrl Pts',(-17.1511316544146,-12.5,-28.0213236686059));
#9169=CARTESIAN_POINT('Ctrl Pts',(-17.2016311836976,-12.5,-27.9055347835407));
#9170=CARTESIAN_POINT('',(-17.0284784985322,-12.,-28.6426725780353));
#9171=CARTESIAN_POINT('',(-17.0284784985322,-12.5,-28.6426725780353));
#9172=CARTESIAN_POINT('Ctrl Pts',(-17.0284784985322,-12.,-28.6426725780353));
#9173=CARTESIAN_POINT('Ctrl Pts',(-17.0352512134128,-12.,-28.5126434081023));
#9174=CARTESIAN_POINT('Ctrl Pts',(-17.0485967427469,-12.,-28.2564229511301));
#9175=CARTESIAN_POINT('Ctrl Pts',(-17.1511316544146,-12.,-28.0213236686059));
#9176=CARTESIAN_POINT('Ctrl Pts',(-17.2016311836976,-12.,-27.9055347835407));
#9177=CARTESIAN_POINT('Ctrl Pts',(-17.2412086678285,-12.5,-29.2511811649188));
#9178=CARTESIAN_POINT('Ctrl Pts',(-17.2412086678285,-12.,-29.2511811649188));
#9179=CARTESIAN_POINT('Ctrl Pts',(-17.179202735086,-12.5,-29.1648967056742));
#9180=CARTESIAN_POINT('Ctrl Pts',(-17.179202735086,-12.,-29.1648967056742));
#9181=CARTESIAN_POINT('Ctrl Pts',(-17.0488312017771,-12.5,-28.9834779808051));
#9182=CARTESIAN_POINT('Ctrl Pts',(-17.0488312017771,-12.,-28.9834779808051));
#9183=CARTESIAN_POINT('Ctrl Pts',(-17.0354798311637,-12.5,-28.7599096820546));
#9184=CARTESIAN_POINT('Ctrl Pts',(-17.0354798311637,-12.,-28.7599096820546));
#9185=CARTESIAN_POINT('Ctrl Pts',(-17.0284784985322,-12.5,-28.6426725780353));
#9186=CARTESIAN_POINT('Ctrl Pts',(-17.0284784985322,-12.,-28.6426725780353));
#9187=CARTESIAN_POINT('',(-17.2412086678285,-12.5,-29.2511811649188));
#9188=CARTESIAN_POINT('Ctrl Pts',(-17.2412086678285,-12.5,-29.2511811649188));
#9189=CARTESIAN_POINT('Ctrl Pts',(-17.179202735086,-12.5,-29.1648967056742));
#9190=CARTESIAN_POINT('Ctrl Pts',(-17.0488312017771,-12.5,-28.9834779808051));
#9191=CARTESIAN_POINT('Ctrl Pts',(-17.0354798311637,-12.5,-28.7599096820546));
#9192=CARTESIAN_POINT('Ctrl Pts',(-17.0284784985322,-12.5,-28.6426725780353));
#9193=CARTESIAN_POINT('',(-17.2412086678285,-12.,-29.2511811649188));
#9194=CARTESIAN_POINT('',(-17.2412086678285,-12.5,-29.2511811649188));
#9195=CARTESIAN_POINT('Ctrl Pts',(-17.2412086678285,-12.,-29.2511811649188));
#9196=CARTESIAN_POINT('Ctrl Pts',(-17.179202735086,-12.,-29.1648967056742));
#9197=CARTESIAN_POINT('Ctrl Pts',(-17.0488312017771,-12.,-28.9834779808051));
#9198=CARTESIAN_POINT('Ctrl Pts',(-17.0354798311637,-12.,-28.7599096820546));
#9199=CARTESIAN_POINT('Ctrl Pts',(-17.0284784985322,-12.,-28.6426725780353));
#9200=CARTESIAN_POINT('Ctrl Pts',(-17.765615100934,-12.5,-29.4837012683734));
#9201=CARTESIAN_POINT('Ctrl Pts',(-17.765615100934,-12.,-29.4837012683734));
#9202=CARTESIAN_POINT('Ctrl Pts',(-17.6667039404116,-12.5,-29.4736056770676));
#9203=CARTESIAN_POINT('Ctrl Pts',(-17.6667039404116,-12.,-29.4736056770676));
#9204=CARTESIAN_POINT('Ctrl Pts',(-17.4667432682956,-12.5,-29.4531962388176));
#9205=CARTESIAN_POINT('Ctrl Pts',(-17.4667432682956,-12.,-29.4531962388176));
#9206=CARTESIAN_POINT('Ctrl Pts',(-17.3169209276059,-12.5,-29.3189978889261));
#9207=CARTESIAN_POINT('Ctrl Pts',(-17.3169209276059,-12.,-29.3189978889261));
#9208=CARTESIAN_POINT('Ctrl Pts',(-17.2412086678285,-12.5,-29.2511811649188));
#9209=CARTESIAN_POINT('Ctrl Pts',(-17.2412086678285,-12.,-29.2511811649188));
#9210=CARTESIAN_POINT('',(-17.765615100934,-12.5,-29.4837012683734));
#9211=CARTESIAN_POINT('Ctrl Pts',(-17.765615100934,-12.5,-29.4837012683734));
#9212=CARTESIAN_POINT('Ctrl Pts',(-17.6667039404116,-12.5,-29.4736056770676));
#9213=CARTESIAN_POINT('Ctrl Pts',(-17.4667432682956,-12.5,-29.4531962388176));
#9214=CARTESIAN_POINT('Ctrl Pts',(-17.3169209276059,-12.5,-29.3189978889261));
#9215=CARTESIAN_POINT('Ctrl Pts',(-17.2412086678285,-12.5,-29.2511811649188));
#9216=CARTESIAN_POINT('',(-17.765615100934,-12.,-29.4837012683734));
#9217=CARTESIAN_POINT('',(-17.765615100934,-12.5,-29.4837012683734));
#9218=CARTESIAN_POINT('Ctrl Pts',(-17.765615100934,-12.,-29.4837012683734));
#9219=CARTESIAN_POINT('Ctrl Pts',(-17.6667039404116,-12.,-29.4736056770676));
#9220=CARTESIAN_POINT('Ctrl Pts',(-17.4667432682956,-12.,-29.4531962388176));
#9221=CARTESIAN_POINT('Ctrl Pts',(-17.3169209276059,-12.,-29.3189978889261));
#9222=CARTESIAN_POINT('Ctrl Pts',(-17.2412086678285,-12.,-29.2511811649188));
#9223=CARTESIAN_POINT('Ctrl Pts',(-18.2257081223268,-12.5,-29.2858114635333));
#9224=CARTESIAN_POINT('Ctrl Pts',(-18.2257081223268,-12.,-29.2858114635333));
#9225=CARTESIAN_POINT('Ctrl Pts',(-18.1637883516236,-12.5,-29.3435015283249));
#9226=CARTESIAN_POINT('Ctrl Pts',(-18.1637883516236,-12.,-29.3435015283249));
#9227=CARTESIAN_POINT('Ctrl Pts',(-18.0345021730726,-12.5,-29.4639562382271));
#9228=CARTESIAN_POINT('Ctrl Pts',(-18.0345021730726,-12.,-29.4639562382271));
#9229=CARTESIAN_POINT('Ctrl Pts',(-17.8577265574798,-12.5,-29.4769373006161));
#9230=CARTESIAN_POINT('Ctrl Pts',(-17.8577265574798,-12.,-29.4769373006161));
#9231=CARTESIAN_POINT('Ctrl Pts',(-17.765615100934,-12.5,-29.4837012683734));
#9232=CARTESIAN_POINT('Ctrl Pts',(-17.765615100934,-12.,-29.4837012683734));
#9233=CARTESIAN_POINT('',(-18.2257081223268,-12.5,-29.2858114635333));
#9234=CARTESIAN_POINT('Ctrl Pts',(-18.2257081223268,-12.5,-29.2858114635333));
#9235=CARTESIAN_POINT('Ctrl Pts',(-18.1637883516236,-12.5,-29.3435015283249));
#9236=CARTESIAN_POINT('Ctrl Pts',(-18.0345021730726,-12.5,-29.4639562382271));
#9237=CARTESIAN_POINT('Ctrl Pts',(-17.8577265574798,-12.5,-29.4769373006161));
#9238=CARTESIAN_POINT('Ctrl Pts',(-17.765615100934,-12.5,-29.4837012683734));
#9239=CARTESIAN_POINT('',(-18.2257081223268,-12.,-29.2858114635333));
#9240=CARTESIAN_POINT('',(-18.2257081223268,-12.5,-29.2858114635333));
#9241=CARTESIAN_POINT('Ctrl Pts',(-18.2257081223268,-12.,-29.2858114635333));
#9242=CARTESIAN_POINT('Ctrl Pts',(-18.1637883516236,-12.,-29.3435015283249));
#9243=CARTESIAN_POINT('Ctrl Pts',(-18.0345021730726,-12.,-29.4639562382271));
#9244=CARTESIAN_POINT('Ctrl Pts',(-17.8577265574798,-12.,-29.4769373006161));
#9245=CARTESIAN_POINT('Ctrl Pts',(-17.765615100934,-12.,-29.4837012683734));
#9246=CARTESIAN_POINT('Ctrl Pts',(-18.4483326626558,-12.5,-28.8702454959735));
#9247=CARTESIAN_POINT('Ctrl Pts',(-18.4483326626558,-12.,-28.8702454959735));
#9248=CARTESIAN_POINT('Ctrl Pts',(-18.4244520294369,-12.5,-28.9431390037527));
#9249=CARTESIAN_POINT('Ctrl Pts',(-18.4244520294369,-12.,-28.9431390037527));
#9250=CARTESIAN_POINT('Ctrl Pts',(-18.3748057915097,-12.5,-29.0946797270403));
#9251=CARTESIAN_POINT('Ctrl Pts',(-18.3748057915097,-12.,-29.0946797270403));
#9252=CARTESIAN_POINT('Ctrl Pts',(-18.2766496120563,-12.5,-29.2205083944452));
#9253=CARTESIAN_POINT('Ctrl Pts',(-18.2766496120563,-12.,-29.2205083944452));
#9254=CARTESIAN_POINT('Ctrl Pts',(-18.2257081223268,-12.5,-29.2858114635333));
#9255=CARTESIAN_POINT('Ctrl Pts',(-18.2257081223268,-12.,-29.2858114635333));
#9256=CARTESIAN_POINT('',(-18.4483326626558,-12.5,-28.8702454959735));
#9257=CARTESIAN_POINT('Ctrl Pts',(-18.4483326626558,-12.5,-28.8702454959735));
#9258=CARTESIAN_POINT('Ctrl Pts',(-18.4244520294369,-12.5,-28.9431390037527));
#9259=CARTESIAN_POINT('Ctrl Pts',(-18.3748057915097,-12.5,-29.0946797270403));
#9260=CARTESIAN_POINT('Ctrl Pts',(-18.2766496120563,-12.5,-29.2205083944452));
#9261=CARTESIAN_POINT('Ctrl Pts',(-18.2257081223268,-12.5,-29.2858114635333));
#9262=CARTESIAN_POINT('',(-18.4483326626558,-12.,-28.8702454959735));
#9263=CARTESIAN_POINT('',(-18.4483326626558,-12.5,-28.8702454959735));
#9264=CARTESIAN_POINT('Ctrl Pts',(-18.4483326626558,-12.,-28.8702454959735));
#9265=CARTESIAN_POINT('Ctrl Pts',(-18.4244520294369,-12.,-28.9431390037527));
#9266=CARTESIAN_POINT('Ctrl Pts',(-18.3748057915097,-12.,-29.0946797270403));
#9267=CARTESIAN_POINT('Ctrl Pts',(-18.2766496120563,-12.,-29.2205083944452));
#9268=CARTESIAN_POINT('Ctrl Pts',(-18.2257081223268,-12.,-29.2858114635333));
#9269=CARTESIAN_POINT('Ctrl Pts',(-18.6264337254304,-12.5,-28.0885830318317));
#9270=CARTESIAN_POINT('Ctrl Pts',(-18.6264337254304,-12.,-28.0885830318317));
#9271=CARTESIAN_POINT('Ctrl Pts',(-18.5930096772013,-12.5,-28.247997092308));
#9272=CARTESIAN_POINT('Ctrl Pts',(-18.5930096772013,-12.,-28.247997092308));
#9273=CARTESIAN_POINT('Ctrl Pts',(-18.5381611895026,-12.5,-28.5095937748851));
#9274=CARTESIAN_POINT('Ctrl Pts',(-18.5381611895026,-12.,-28.5095937748851));
#9275=CARTESIAN_POINT('Ctrl Pts',(-18.4735647588598,-12.5,-28.7689413864431));
#9276=CARTESIAN_POINT('Ctrl Pts',(-18.4735647588598,-12.,-28.7689413864431));
#9277=CARTESIAN_POINT('Ctrl Pts',(-18.4483326626558,-12.5,-28.8702454959735));
#9278=CARTESIAN_POINT('Ctrl Pts',(-18.4483326626558,-12.,-28.8702454959735));
#9279=CARTESIAN_POINT('',(-18.6264337254304,-12.5,-28.0885830318317));
#9280=CARTESIAN_POINT('Ctrl Pts',(-18.6264337254304,-12.5,-28.0885830318317));
#9281=CARTESIAN_POINT('Ctrl Pts',(-18.5930096772013,-12.5,-28.247997092308));
#9282=CARTESIAN_POINT('Ctrl Pts',(-18.5381611895026,-12.5,-28.5095937748851));
#9283=CARTESIAN_POINT('Ctrl Pts',(-18.4735647588598,-12.5,-28.7689413864431));
#9284=CARTESIAN_POINT('Ctrl Pts',(-18.4483326626558,-12.5,-28.8702454959735));
#9285=CARTESIAN_POINT('',(-18.6264337254304,-12.,-28.0885830318317));
#9286=CARTESIAN_POINT('',(-18.6264337254304,-12.5,-28.0885830318317));
#9287=CARTESIAN_POINT('Ctrl Pts',(-18.6264337254304,-12.,-28.0885830318317));
#9288=CARTESIAN_POINT('Ctrl Pts',(-18.5930096772013,-12.,-28.247997092308));
#9289=CARTESIAN_POINT('Ctrl Pts',(-18.5381611895026,-12.,-28.5095937748851));
#9290=CARTESIAN_POINT('Ctrl Pts',(-18.4735647588598,-12.,-28.7689413864431));
#9291=CARTESIAN_POINT('Ctrl Pts',(-18.4483326626558,-12.,-28.8702454959735));
#9292=CARTESIAN_POINT('Ctrl Pts',(-18.858953828885,-12.5,-27.2228184139118));
#9293=CARTESIAN_POINT('Ctrl Pts',(-18.858953828885,-12.,-27.2228184139118));
#9294=CARTESIAN_POINT('Ctrl Pts',(-18.8197614320985,-12.5,-27.3439795113766));
#9295=CARTESIAN_POINT('Ctrl Pts',(-18.8197614320985,-12.,-27.3439795113766));
#9296=CARTESIAN_POINT('Ctrl Pts',(-18.727699408032,-12.5,-27.628584097605));
#9297=CARTESIAN_POINT('Ctrl Pts',(-18.727699408032,-12.,-27.628584097605));
#9298=CARTESIAN_POINT('Ctrl Pts',(-18.6633744409032,-12.5,-27.920779988288));
#9299=CARTESIAN_POINT('Ctrl Pts',(-18.6633744409032,-12.,-27.920779988288));
#9300=CARTESIAN_POINT('Ctrl Pts',(-18.6264337254304,-12.5,-28.0885830318317));
#9301=CARTESIAN_POINT('Ctrl Pts',(-18.6264337254304,-12.,-28.0885830318317));
#9302=CARTESIAN_POINT('',(-18.858953828885,-12.5,-27.2228184139118));
#9303=CARTESIAN_POINT('Ctrl Pts',(-18.858953828885,-12.5,-27.2228184139118));
#9304=CARTESIAN_POINT('Ctrl Pts',(-18.8197614320985,-12.5,-27.3439795113766));
#9305=CARTESIAN_POINT('Ctrl Pts',(-18.727699408032,-12.5,-27.628584097605));
#9306=CARTESIAN_POINT('Ctrl Pts',(-18.6633744409032,-12.5,-27.920779988288));
#9307=CARTESIAN_POINT('Ctrl Pts',(-18.6264337254304,-12.5,-28.0885830318317));
#9308=CARTESIAN_POINT('',(-18.858953828885,-12.,-27.2228184139118));
#9309=CARTESIAN_POINT('',(-18.858953828885,-12.5,-27.2228184139118));
#9310=CARTESIAN_POINT('Ctrl Pts',(-18.858953828885,-12.,-27.2228184139118));
#9311=CARTESIAN_POINT('Ctrl Pts',(-18.8197614320985,-12.,-27.3439795113766));
#9312=CARTESIAN_POINT('Ctrl Pts',(-18.727699408032,-12.,-27.628584097605));
#9313=CARTESIAN_POINT('Ctrl Pts',(-18.6633744409032,-12.,-27.920779988288));
#9314=CARTESIAN_POINT('Ctrl Pts',(-18.6264337254304,-12.,-28.0885830318317));
#9315=CARTESIAN_POINT('Origin',(-18.6660112095613,-12.5,-27.2228184139118));
#9316=CARTESIAN_POINT('',(-2.46162690066598,-12.5,-27.2228184139118));
#9317=CARTESIAN_POINT('',(-18.6660112095613,-12.,-27.2228184139118));
#9318=CARTESIAN_POINT('Ctrl Pts',(-16.142923946454,-12.5,-26.2927380000934));
#9319=CARTESIAN_POINT('Ctrl Pts',(-16.142923946454,-12.,-26.2927380000934));
#9320=CARTESIAN_POINT('Ctrl Pts',(-16.1533089026743,-12.5,-26.3641516116522));
#9321=CARTESIAN_POINT('Ctrl Pts',(-16.1533089026743,-12.,-26.3641516116522));
#9322=CARTESIAN_POINT('Ctrl Pts',(-16.1759424791691,-12.5,-26.5197945826674));
#9323=CARTESIAN_POINT('Ctrl Pts',(-16.1759424791691,-12.,-26.5197945826674));
#9324=CARTESIAN_POINT('Ctrl Pts',(-16.2797104290936,-12.5,-26.638901847424));
#9325=CARTESIAN_POINT('Ctrl Pts',(-16.2797104290936,-12.,-26.638901847424));
#9326=CARTESIAN_POINT('Ctrl Pts',(-16.3358665657777,-12.5,-26.7033591663227));
#9327=CARTESIAN_POINT('Ctrl Pts',(-16.3358665657777,-12.,-26.7033591663227));
#9328=CARTESIAN_POINT('',(-16.142923946454,-12.5,-26.2927380000934));
#9329=CARTESIAN_POINT('',(-16.3358665657777,-12.5,-26.7033591663227));
#9330=CARTESIAN_POINT('Ctrl Pts',(-16.142923946454,-12.5,-26.2927380000934));
#9331=CARTESIAN_POINT('Ctrl Pts',(-16.1533089026743,-12.5,-26.3641516116522));
#9332=CARTESIAN_POINT('Ctrl Pts',(-16.1759424791691,-12.5,-26.5197945826674));
#9333=CARTESIAN_POINT('Ctrl Pts',(-16.2797104290936,-12.5,-26.638901847424));
#9334=CARTESIAN_POINT('Ctrl Pts',(-16.3358665657777,-12.5,-26.7033591663227));
#9335=CARTESIAN_POINT('',(-16.142923946454,-12.,-26.2927380000934));
#9336=CARTESIAN_POINT('',(-16.142923946454,-12.5,-26.2927380000934));
#9337=CARTESIAN_POINT('',(-16.3358665657777,-12.,-26.7033591663227));
#9338=CARTESIAN_POINT('Ctrl Pts',(-16.142923946454,-12.,-26.2927380000934));
#9339=CARTESIAN_POINT('Ctrl Pts',(-16.1533089026743,-12.,-26.3641516116522));
#9340=CARTESIAN_POINT('Ctrl Pts',(-16.1759424791691,-12.,-26.5197945826674));
#9341=CARTESIAN_POINT('Ctrl Pts',(-16.2797104290936,-12.,-26.638901847424));
#9342=CARTESIAN_POINT('Ctrl Pts',(-16.3358665657777,-12.,-26.7033591663227));
#9343=CARTESIAN_POINT('',(-16.3358665657777,-12.5,-26.7033591663227));
#9344=CARTESIAN_POINT('Ctrl Pts',(-16.311129446103,-12.5,-25.852433720766));
#9345=CARTESIAN_POINT('Ctrl Pts',(-16.311129446103,-12.,-25.852433720766));
#9346=CARTESIAN_POINT('Ctrl Pts',(-16.2620706138038,-12.5,-25.9186198456981));
#9347=CARTESIAN_POINT('Ctrl Pts',(-16.2620706138038,-12.,-25.9186198456981));
#9348=CARTESIAN_POINT('Ctrl Pts',(-16.1648683754251,-12.5,-26.0497570781083));
#9349=CARTESIAN_POINT('Ctrl Pts',(-16.1648683754251,-12.,-26.0497570781083));
#9350=CARTESIAN_POINT('Ctrl Pts',(-16.1501926854594,-12.5,-26.2122544793089));
#9351=CARTESIAN_POINT('Ctrl Pts',(-16.1501926854594,-12.,-26.2122544793089));
#9352=CARTESIAN_POINT('Ctrl Pts',(-16.142923946454,-12.5,-26.2927380000934));
#9353=CARTESIAN_POINT('Ctrl Pts',(-16.142923946454,-12.,-26.2927380000934));
#9354=CARTESIAN_POINT('',(-16.311129446103,-12.5,-25.852433720766));
#9355=CARTESIAN_POINT('Ctrl Pts',(-16.311129446103,-12.5,-25.852433720766));
#9356=CARTESIAN_POINT('Ctrl Pts',(-16.2620706138038,-12.5,-25.9186198456981));
#9357=CARTESIAN_POINT('Ctrl Pts',(-16.1648683754251,-12.5,-26.0497570781083));
#9358=CARTESIAN_POINT('Ctrl Pts',(-16.1501926854594,-12.5,-26.2122544793089));
#9359=CARTESIAN_POINT('Ctrl Pts',(-16.142923946454,-12.5,-26.2927380000934));
#9360=CARTESIAN_POINT('',(-16.311129446103,-12.,-25.852433720766));
#9361=CARTESIAN_POINT('',(-16.311129446103,-12.5,-25.852433720766));
#9362=CARTESIAN_POINT('Ctrl Pts',(-16.311129446103,-12.,-25.852433720766));
#9363=CARTESIAN_POINT('Ctrl Pts',(-16.2620706138038,-12.,-25.9186198456981));
#9364=CARTESIAN_POINT('Ctrl Pts',(-16.1648683754251,-12.,-26.0497570781083));
#9365=CARTESIAN_POINT('Ctrl Pts',(-16.1501926854594,-12.,-26.2122544793089));
#9366=CARTESIAN_POINT('Ctrl Pts',(-16.142923946454,-12.,-26.2927380000934));
#9367=CARTESIAN_POINT('Ctrl Pts',(-16.6920663071412,-12.5,-25.6545463001117));
#9368=CARTESIAN_POINT('Ctrl Pts',(-16.6920663071412,-12.,-25.6545463001117));
#9369=CARTESIAN_POINT('Ctrl Pts',(-16.6225672603458,-12.5,-25.6647959846263));
#9370=CARTESIAN_POINT('Ctrl Pts',(-16.6225672603458,-12.,-25.6647959846263));
#9371=CARTESIAN_POINT('Ctrl Pts',(-16.473571136023,-12.5,-25.6867698582063));
#9372=CARTESIAN_POINT('Ctrl Pts',(-16.473571136023,-12.,-25.6867698582063));
#9373=CARTESIAN_POINT('Ctrl Pts',(-16.3676459617485,-12.5,-25.7947961507256));
#9374=CARTESIAN_POINT('Ctrl Pts',(-16.3676459617485,-12.,-25.7947961507256));
#9375=CARTESIAN_POINT('Ctrl Pts',(-16.311129446103,-12.5,-25.852433720766));
#9376=CARTESIAN_POINT('Ctrl Pts',(-16.311129446103,-12.,-25.852433720766));
#9377=CARTESIAN_POINT('',(-16.6920663071412,-12.5,-25.6545463001117));
#9378=CARTESIAN_POINT('Ctrl Pts',(-16.6920663071412,-12.5,-25.6545463001117));
#9379=CARTESIAN_POINT('Ctrl Pts',(-16.6225672603458,-12.5,-25.6647959846263));
#9380=CARTESIAN_POINT('Ctrl Pts',(-16.473571136023,-12.5,-25.6867698582063));
#9381=CARTESIAN_POINT('Ctrl Pts',(-16.3676459617485,-12.5,-25.7947961507256));
#9382=CARTESIAN_POINT('Ctrl Pts',(-16.311129446103,-12.5,-25.852433720766));
#9383=CARTESIAN_POINT('',(-16.6920663071412,-12.,-25.6545463001117));
#9384=CARTESIAN_POINT('',(-16.6920663071412,-12.5,-25.6545463001117));
#9385=CARTESIAN_POINT('Ctrl Pts',(-16.6920663071412,-12.,-25.6545463001117));
#9386=CARTESIAN_POINT('Ctrl Pts',(-16.6225672603458,-12.,-25.6647959846263));
#9387=CARTESIAN_POINT('Ctrl Pts',(-16.473571136023,-12.,-25.6867698582063));
#9388=CARTESIAN_POINT('Ctrl Pts',(-16.3676459617485,-12.,-25.7947961507256));
#9389=CARTESIAN_POINT('Ctrl Pts',(-16.311129446103,-12.,-25.852433720766));
#9390=CARTESIAN_POINT('Ctrl Pts',(-17.2214199257631,-12.5,-25.783173123537));
#9391=CARTESIAN_POINT('Ctrl Pts',(-17.2214199257631,-12.,-25.783173123537));
#9392=CARTESIAN_POINT('Ctrl Pts',(-17.1098007982327,-12.5,-25.746899910826));
#9393=CARTESIAN_POINT('Ctrl Pts',(-17.1098007982327,-12.,-25.746899910826));
#9394=CARTESIAN_POINT('Ctrl Pts',(-16.9363950289061,-12.5,-25.6905477022461));
#9395=CARTESIAN_POINT('Ctrl Pts',(-16.9363950289061,-12.,-25.6905477022461));
#9396=CARTESIAN_POINT('Ctrl Pts',(-16.756253119718,-12.5,-25.6640041126628));
#9397=CARTESIAN_POINT('Ctrl Pts',(-16.756253119718,-12.,-25.6640041126628));
#9398=CARTESIAN_POINT('Ctrl Pts',(-16.6920663071412,-12.5,-25.6545463001117));
#9399=CARTESIAN_POINT('Ctrl Pts',(-16.6920663071412,-12.,-25.6545463001117));
#9400=CARTESIAN_POINT('',(-17.2214199257631,-12.5,-25.783173123537));
#9401=CARTESIAN_POINT('Ctrl Pts',(-17.2214199257631,-12.5,-25.783173123537));
#9402=CARTESIAN_POINT('Ctrl Pts',(-17.1098007982327,-12.5,-25.746899910826));
#9403=CARTESIAN_POINT('Ctrl Pts',(-16.9363950289061,-12.5,-25.6905477022461));
#9404=CARTESIAN_POINT('Ctrl Pts',(-16.756253119718,-12.5,-25.6640041126628));
#9405=CARTESIAN_POINT('Ctrl Pts',(-16.6920663071412,-12.5,-25.6545463001117));
#9406=CARTESIAN_POINT('',(-17.2214199257631,-12.,-25.783173123537));
#9407=CARTESIAN_POINT('',(-17.2214199257631,-12.5,-25.783173123537));
#9408=CARTESIAN_POINT('Ctrl Pts',(-17.2214199257631,-12.,-25.783173123537));
#9409=CARTESIAN_POINT('Ctrl Pts',(-17.1098007982327,-12.,-25.746899910826));
#9410=CARTESIAN_POINT('Ctrl Pts',(-16.9363950289061,-12.,-25.6905477022461));
#9411=CARTESIAN_POINT('Ctrl Pts',(-16.756253119718,-12.,-25.6640041126628));
#9412=CARTESIAN_POINT('Ctrl Pts',(-16.6920663071412,-12.,-25.6545463001117));
#9413=CARTESIAN_POINT('Ctrl Pts',(-18.017923946454,-12.5,-25.9068551456317));
#9414=CARTESIAN_POINT('Ctrl Pts',(-18.017923946454,-12.,-25.9068551456317));
#9415=CARTESIAN_POINT('Ctrl Pts',(-17.8873701751628,-12.5,-25.9010572856198));
#9416=CARTESIAN_POINT('Ctrl Pts',(-17.8873701751628,-12.,-25.9010572856198));
#9417=CARTESIAN_POINT('Ctrl Pts',(-17.6174000526195,-12.5,-25.889067980658));
#9418=CARTESIAN_POINT('Ctrl Pts',(-17.6174000526195,-12.,-25.889067980658));
#9419=CARTESIAN_POINT('Ctrl Pts',(-17.3562707525206,-12.5,-25.8192355621889));
#9420=CARTESIAN_POINT('Ctrl Pts',(-17.3562707525206,-12.,-25.8192355621889));
#9421=CARTESIAN_POINT('Ctrl Pts',(-17.2214199257631,-12.5,-25.783173123537));
#9422=CARTESIAN_POINT('Ctrl Pts',(-17.2214199257631,-12.,-25.783173123537));
#9423=CARTESIAN_POINT('',(-18.017923946454,-12.5,-25.9068551456317));
#9424=CARTESIAN_POINT('Ctrl Pts',(-18.017923946454,-12.5,-25.9068551456317));
#9425=CARTESIAN_POINT('Ctrl Pts',(-17.8873701751628,-12.5,-25.9010572856198));
#9426=CARTESIAN_POINT('Ctrl Pts',(-17.6174000526195,-12.5,-25.889067980658));
#9427=CARTESIAN_POINT('Ctrl Pts',(-17.3562707525206,-12.5,-25.8192355621889));
#9428=CARTESIAN_POINT('Ctrl Pts',(-17.2214199257631,-12.5,-25.783173123537));
#9429=CARTESIAN_POINT('',(-18.017923946454,-12.,-25.9068551456317));
#9430=CARTESIAN_POINT('',(-18.017923946454,-12.5,-25.9068551456317));
#9431=CARTESIAN_POINT('Ctrl Pts',(-18.017923946454,-12.,-25.9068551456317));
#9432=CARTESIAN_POINT('Ctrl Pts',(-17.8873701751628,-12.,-25.9010572856198));
#9433=CARTESIAN_POINT('Ctrl Pts',(-17.6174000526195,-12.,-25.889067980658));
#9434=CARTESIAN_POINT('Ctrl Pts',(-17.3562707525206,-12.,-25.8192355621889));
#9435=CARTESIAN_POINT('Ctrl Pts',(-17.2214199257631,-12.,-25.783173123537));
#9436=CARTESIAN_POINT('Ctrl Pts',(-18.7550617409486,-12.5,-25.9019079601154));
#9437=CARTESIAN_POINT('Ctrl Pts',(-18.7550617409486,-12.,-25.9019079601154));
#9438=CARTESIAN_POINT('Ctrl Pts',(-18.6383885237447,-12.5,-25.9021529159403));
#9439=CARTESIAN_POINT('Ctrl Pts',(-18.6383885237447,-12.,-25.9021529159403));
#9440=CARTESIAN_POINT('Ctrl Pts',(-18.3926684930249,-12.5,-25.9026688059986));
#9441=CARTESIAN_POINT('Ctrl Pts',(-18.3926684930249,-12.,-25.9026688059986));
#9442=CARTESIAN_POINT('Ctrl Pts',(-18.1469630820159,-12.5,-25.9054136259289));
#9443=CARTESIAN_POINT('Ctrl Pts',(-18.1469630820159,-12.,-25.9054136259289));
#9444=CARTESIAN_POINT('Ctrl Pts',(-18.017923946454,-12.5,-25.9068551456317));
#9445=CARTESIAN_POINT('Ctrl Pts',(-18.017923946454,-12.,-25.9068551456317));
#9446=CARTESIAN_POINT('',(-18.7550617409486,-12.5,-25.9019079601154));
#9447=CARTESIAN_POINT('Ctrl Pts',(-18.7550617409486,-12.5,-25.9019079601154));
#9448=CARTESIAN_POINT('Ctrl Pts',(-18.6383885237447,-12.5,-25.9021529159403));
#9449=CARTESIAN_POINT('Ctrl Pts',(-18.3926684930249,-12.5,-25.9026688059986));
#9450=CARTESIAN_POINT('Ctrl Pts',(-18.1469630820159,-12.5,-25.9054136259289));
#9451=CARTESIAN_POINT('Ctrl Pts',(-18.017923946454,-12.5,-25.9068551456317));
#9452=CARTESIAN_POINT('',(-18.7550617409486,-12.,-25.9019079601154));
#9453=CARTESIAN_POINT('',(-18.7550617409486,-12.5,-25.9019079601154));
#9454=CARTESIAN_POINT('Ctrl Pts',(-18.7550617409486,-12.,-25.9019079601154));
#9455=CARTESIAN_POINT('Ctrl Pts',(-18.6383885237447,-12.,-25.9021529159403));
#9456=CARTESIAN_POINT('Ctrl Pts',(-18.3926684930249,-12.,-25.9026688059986));
#9457=CARTESIAN_POINT('Ctrl Pts',(-18.1469630820159,-12.,-25.9054136259289));
#9458=CARTESIAN_POINT('Ctrl Pts',(-18.017923946454,-12.,-25.9068551456317));
#9459=CARTESIAN_POINT('Ctrl Pts',(-19.5614601326722,-12.5,-25.896960774599));
#9460=CARTESIAN_POINT('Ctrl Pts',(-19.5614601326722,-12.,-25.896960774599));
#9461=CARTESIAN_POINT('Ctrl Pts',(-19.415102626947,-12.5,-25.8970818888088));
#9462=CARTESIAN_POINT('Ctrl Pts',(-19.415102626947,-12.,-25.8970818888088));
#9463=CARTESIAN_POINT('Ctrl Pts',(-19.1462939482192,-12.5,-25.8973043341871));
#9464=CARTESIAN_POINT('Ctrl Pts',(-19.1462939482192,-12.,-25.8973043341871));
#9465=CARTESIAN_POINT('Ctrl Pts',(-18.8775042621651,-12.5,-25.9004671800494));
#9466=CARTESIAN_POINT('Ctrl Pts',(-18.8775042621651,-12.,-25.9004671800494));
#9467=CARTESIAN_POINT('Ctrl Pts',(-18.7550617409486,-12.5,-25.9019079601154));
#9468=CARTESIAN_POINT('Ctrl Pts',(-18.7550617409486,-12.,-25.9019079601154));
#9469=CARTESIAN_POINT('',(-19.5614601326722,-12.5,-25.896960774599));
#9470=CARTESIAN_POINT('Ctrl Pts',(-19.5614601326722,-12.5,-25.896960774599));
#9471=CARTESIAN_POINT('Ctrl Pts',(-19.415102626947,-12.5,-25.8970818888088));
#9472=CARTESIAN_POINT('Ctrl Pts',(-19.1462939482192,-12.5,-25.8973043341871));
#9473=CARTESIAN_POINT('Ctrl Pts',(-18.8775042621651,-12.5,-25.9004671800494));
#9474=CARTESIAN_POINT('Ctrl Pts',(-18.7550617409486,-12.5,-25.9019079601154));
#9475=CARTESIAN_POINT('',(-19.5614601326722,-12.,-25.896960774599));
#9476=CARTESIAN_POINT('',(-19.5614601326722,-12.5,-25.896960774599));
#9477=CARTESIAN_POINT('Ctrl Pts',(-19.5614601326722,-12.,-25.896960774599));
#9478=CARTESIAN_POINT('Ctrl Pts',(-19.415102626947,-12.,-25.8970818888088));
#9479=CARTESIAN_POINT('Ctrl Pts',(-19.1462939482192,-12.,-25.8973043341871));
#9480=CARTESIAN_POINT('Ctrl Pts',(-18.8775042621651,-12.,-25.9004671800494));
#9481=CARTESIAN_POINT('Ctrl Pts',(-18.7550617409486,-12.,-25.9019079601154));
#9482=CARTESIAN_POINT('Ctrl Pts',(-20.7685841274995,-12.5,-26.1096897518024));
#9483=CARTESIAN_POINT('Ctrl Pts',(-20.7685841274995,-12.,-26.1096897518024));
#9484=CARTESIAN_POINT('Ctrl Pts',(-20.5937644833994,-12.5,-26.0478140483307));
#9485=CARTESIAN_POINT('Ctrl Pts',(-20.5937644833994,-12.,-26.0478140483307));
#9486=CARTESIAN_POINT('Ctrl Pts',(-20.2039743618855,-12.5,-25.90985164657));
#9487=CARTESIAN_POINT('Ctrl Pts',(-20.2039743618855,-12.,-25.90985164657));
#9488=CARTESIAN_POINT('Ctrl Pts',(-19.7898506575246,-12.5,-25.9015430124412));
#9489=CARTESIAN_POINT('Ctrl Pts',(-19.7898506575246,-12.,-25.9015430124412));
#9490=CARTESIAN_POINT('Ctrl Pts',(-19.5614601326722,-12.5,-25.896960774599));
#9491=CARTESIAN_POINT('Ctrl Pts',(-19.5614601326722,-12.,-25.896960774599));
#9492=CARTESIAN_POINT('',(-20.7685841274995,-12.5,-26.1096897518024));
#9493=CARTESIAN_POINT('Ctrl Pts',(-20.7685841274995,-12.5,-26.1096897518024));
#9494=CARTESIAN_POINT('Ctrl Pts',(-20.5937644833994,-12.5,-26.0478140483307));
#9495=CARTESIAN_POINT('Ctrl Pts',(-20.2039743618855,-12.5,-25.90985164657));
#9496=CARTESIAN_POINT('Ctrl Pts',(-19.7898506575246,-12.5,-25.9015430124412));
#9497=CARTESIAN_POINT('Ctrl Pts',(-19.5614601326722,-12.5,-25.896960774599));
#9498=CARTESIAN_POINT('',(-20.7685841274995,-12.,-26.1096897518024));
#9499=CARTESIAN_POINT('',(-20.7685841274995,-12.5,-26.1096897518024));
#9500=CARTESIAN_POINT('Ctrl Pts',(-20.7685841274995,-12.,-26.1096897518024));
#9501=CARTESIAN_POINT('Ctrl Pts',(-20.5937644833994,-12.,-26.0478140483307));
#9502=CARTESIAN_POINT('Ctrl Pts',(-20.2039743618855,-12.,-25.90985164657));
#9503=CARTESIAN_POINT('Ctrl Pts',(-19.7898506575246,-12.,-25.9015430124412));
#9504=CARTESIAN_POINT('Ctrl Pts',(-19.5614601326722,-12.,-25.896960774599));
#9505=CARTESIAN_POINT('Ctrl Pts',(-21.4315123511094,-12.5,-26.8270388042316));
#9506=CARTESIAN_POINT('Ctrl Pts',(-21.4315123511094,-12.,-26.8270388042316));
#9507=CARTESIAN_POINT('Ctrl Pts',(-21.3540472338096,-12.5,-26.6707429326208));
#9508=CARTESIAN_POINT('Ctrl Pts',(-21.3540472338096,-12.,-26.6707429326208));
#9509=CARTESIAN_POINT('Ctrl Pts',(-21.2031132413513,-12.5,-26.3662141236648));
#9510=CARTESIAN_POINT('Ctrl Pts',(-21.2031132413513,-12.,-26.3662141236648));
#9511=CARTESIAN_POINT('Ctrl Pts',(-20.910847751656,-12.5,-26.1936751181732));
#9512=CARTESIAN_POINT('Ctrl Pts',(-20.910847751656,-12.,-26.1936751181732));
#9513=CARTESIAN_POINT('Ctrl Pts',(-20.7685841274995,-12.5,-26.1096897518024));
#9514=CARTESIAN_POINT('Ctrl Pts',(-20.7685841274995,-12.,-26.1096897518024));
#9515=CARTESIAN_POINT('',(-21.4315123511094,-12.5,-26.8270388042316));
#9516=CARTESIAN_POINT('Ctrl Pts',(-21.4315123511094,-12.5,-26.8270388042316));
#9517=CARTESIAN_POINT('Ctrl Pts',(-21.3540472338096,-12.5,-26.6707429326208));
#9518=CARTESIAN_POINT('Ctrl Pts',(-21.2031132413513,-12.5,-26.3662141236648));
#9519=CARTESIAN_POINT('Ctrl Pts',(-20.910847751656,-12.5,-26.1936751181732));
#9520=CARTESIAN_POINT('Ctrl Pts',(-20.7685841274995,-12.5,-26.1096897518024));
#9521=CARTESIAN_POINT('',(-21.4315123511094,-12.,-26.8270388042316));
#9522=CARTESIAN_POINT('',(-21.4315123511094,-12.5,-26.8270388042316));
#9523=CARTESIAN_POINT('Ctrl Pts',(-21.4315123511094,-12.,-26.8270388042316));
#9524=CARTESIAN_POINT('Ctrl Pts',(-21.3540472338096,-12.,-26.6707429326208));
#9525=CARTESIAN_POINT('Ctrl Pts',(-21.2031132413513,-12.,-26.3662141236648));
#9526=CARTESIAN_POINT('Ctrl Pts',(-20.910847751656,-12.,-26.1936751181732));
#9527=CARTESIAN_POINT('Ctrl Pts',(-20.7685841274995,-12.,-26.1096897518024));
#9528=CARTESIAN_POINT('Ctrl Pts',(-21.6442437124986,-12.5,-28.2271042262897));
#9529=CARTESIAN_POINT('Ctrl Pts',(-21.6442437124986,-12.,-28.2271042262897));
#9530=CARTESIAN_POINT('Ctrl Pts',(-21.6405352455936,-12.5,-27.9597191107214));
#9531=CARTESIAN_POINT('Ctrl Pts',(-21.6405352455936,-12.,-27.9597191107214));
#9532=CARTESIAN_POINT('Ctrl Pts',(-21.6339165117247,-12.5,-27.4825000965541));
#9533=CARTESIAN_POINT('Ctrl Pts',(-21.6339165117247,-12.,-27.4825000965541));
#9534=CARTESIAN_POINT('Ctrl Pts',(-21.4933289205838,-12.5,-27.0272242568993));
#9535=CARTESIAN_POINT('Ctrl Pts',(-21.4933289205838,-12.,-27.0272242568993));
#9536=CARTESIAN_POINT('Ctrl Pts',(-21.4315123511094,-12.5,-26.8270388042316));
#9537=CARTESIAN_POINT('Ctrl Pts',(-21.4315123511094,-12.,-26.8270388042316));
#9538=CARTESIAN_POINT('',(-21.6442437124986,-12.5,-28.2271042262897));
#9539=CARTESIAN_POINT('Ctrl Pts',(-21.6442437124986,-12.5,-28.2271042262897));
#9540=CARTESIAN_POINT('Ctrl Pts',(-21.6405352455936,-12.5,-27.9597191107214));
#9541=CARTESIAN_POINT('Ctrl Pts',(-21.6339165117247,-12.5,-27.4825000965541));
#9542=CARTESIAN_POINT('Ctrl Pts',(-21.4933289205838,-12.5,-27.0272242568993));
#9543=CARTESIAN_POINT('Ctrl Pts',(-21.4315123511094,-12.5,-26.8270388042316));
#9544=CARTESIAN_POINT('',(-21.6442437124986,-12.,-28.2271042262897));
#9545=CARTESIAN_POINT('',(-21.6442437124986,-12.5,-28.2271042262897));
#9546=CARTESIAN_POINT('Ctrl Pts',(-21.6442437124986,-12.,-28.2271042262897));
#9547=CARTESIAN_POINT('Ctrl Pts',(-21.6405352455936,-12.,-27.9597191107214));
#9548=CARTESIAN_POINT('Ctrl Pts',(-21.6339165117247,-12.,-27.4825000965541));
#9549=CARTESIAN_POINT('Ctrl Pts',(-21.4933289205838,-12.,-27.0272242568993));
#9550=CARTESIAN_POINT('Ctrl Pts',(-21.4315123511094,-12.,-26.8270388042316));
#9551=CARTESIAN_POINT('Ctrl Pts',(-21.4265651655931,-12.5,-29.5579090511188));
#9552=CARTESIAN_POINT('Ctrl Pts',(-21.4265651655931,-12.,-29.5579090511188));
#9553=CARTESIAN_POINT('Ctrl Pts',(-21.4899415759428,-12.5,-29.3594962009843));
#9554=CARTESIAN_POINT('Ctrl Pts',(-21.4899415759428,-12.,-29.3594962009843));
#9555=CARTESIAN_POINT('Ctrl Pts',(-21.6280413762057,-12.5,-28.9271464540998));
#9556=CARTESIAN_POINT('Ctrl Pts',(-21.6280413762057,-12.,-28.9271464540998));
#9557=CARTESIAN_POINT('Ctrl Pts',(-21.6385549833177,-12.5,-28.4728928938735));
#9558=CARTESIAN_POINT('Ctrl Pts',(-21.6385549833177,-12.,-28.4728928938735));
#9559=CARTESIAN_POINT('Ctrl Pts',(-21.6442437124986,-12.5,-28.2271042262897));
#9560=CARTESIAN_POINT('Ctrl Pts',(-21.6442437124986,-12.,-28.2271042262897));
#9561=CARTESIAN_POINT('',(-21.4265651655931,-12.5,-29.5579090511188));
#9562=CARTESIAN_POINT('Ctrl Pts',(-21.4265651655931,-12.5,-29.5579090511188));
#9563=CARTESIAN_POINT('Ctrl Pts',(-21.4899415759428,-12.5,-29.3594962009843));
#9564=CARTESIAN_POINT('Ctrl Pts',(-21.6280413762057,-12.5,-28.9271464540998));
#9565=CARTESIAN_POINT('Ctrl Pts',(-21.6385549833177,-12.5,-28.4728928938735));
#9566=CARTESIAN_POINT('Ctrl Pts',(-21.6442437124986,-12.5,-28.2271042262897));
#9567=CARTESIAN_POINT('',(-21.4265651655931,-12.,-29.5579090511188));
#9568=CARTESIAN_POINT('',(-21.4265651655931,-12.5,-29.5579090511188));
#9569=CARTESIAN_POINT('Ctrl Pts',(-21.4265651655931,-12.,-29.5579090511188));
#9570=CARTESIAN_POINT('Ctrl Pts',(-21.4899415759428,-12.,-29.3594962009843));
#9571=CARTESIAN_POINT('Ctrl Pts',(-21.6280413762057,-12.,-28.9271464540998));
#9572=CARTESIAN_POINT('Ctrl Pts',(-21.6385549833177,-12.,-28.4728928938735));
#9573=CARTESIAN_POINT('Ctrl Pts',(-21.6442437124986,-12.,-28.2271042262897));
#9574=CARTESIAN_POINT('Ctrl Pts',(-20.8724756193895,-12.5,-30.344518700777));
#9575=CARTESIAN_POINT('Ctrl Pts',(-20.8724756193895,-12.,-30.344518700777));
#9576=CARTESIAN_POINT('Ctrl Pts',(-20.9821462457609,-12.5,-30.2422745923801));
#9577=CARTESIAN_POINT('Ctrl Pts',(-20.9821462457609,-12.,-30.2422745923801));
#9578=CARTESIAN_POINT('Ctrl Pts',(-21.2212767309651,-12.5,-30.0193372019487));
#9579=CARTESIAN_POINT('Ctrl Pts',(-21.2212767309651,-12.,-30.0193372019487));
#9580=CARTESIAN_POINT('Ctrl Pts',(-21.3544617798238,-12.5,-29.7199763006665));
#9581=CARTESIAN_POINT('Ctrl Pts',(-21.3544617798238,-12.,-29.7199763006665));
#9582=CARTESIAN_POINT('Ctrl Pts',(-21.4265651655931,-12.5,-29.5579090511188));
#9583=CARTESIAN_POINT('Ctrl Pts',(-21.4265651655931,-12.,-29.5579090511188));
#9584=CARTESIAN_POINT('',(-20.8724756193895,-12.5,-30.344518700777));
#9585=CARTESIAN_POINT('Ctrl Pts',(-20.8724756193895,-12.5,-30.344518700777));
#9586=CARTESIAN_POINT('Ctrl Pts',(-20.9821462457609,-12.5,-30.2422745923801));
#9587=CARTESIAN_POINT('Ctrl Pts',(-21.2212767309651,-12.5,-30.0193372019487));
#9588=CARTESIAN_POINT('Ctrl Pts',(-21.3544617798238,-12.5,-29.7199763006665));
#9589=CARTESIAN_POINT('Ctrl Pts',(-21.4265651655931,-12.5,-29.5579090511188));
#9590=CARTESIAN_POINT('',(-20.8724756193895,-12.,-30.344518700777));
#9591=CARTESIAN_POINT('',(-20.8724756193895,-12.5,-30.344518700777));
#9592=CARTESIAN_POINT('Ctrl Pts',(-20.8724756193895,-12.,-30.344518700777));
#9593=CARTESIAN_POINT('Ctrl Pts',(-20.9821462457609,-12.,-30.2422745923801));
#9594=CARTESIAN_POINT('Ctrl Pts',(-21.2212767309651,-12.,-30.0193372019487));
#9595=CARTESIAN_POINT('Ctrl Pts',(-21.3544617798238,-12.,-29.7199763006665));
#9596=CARTESIAN_POINT('Ctrl Pts',(-21.4265651655931,-12.,-29.5579090511188));
#9597=CARTESIAN_POINT('Ctrl Pts',(-20.1798630905885,-12.5,-30.596827546297));
#9598=CARTESIAN_POINT('Ctrl Pts',(-20.1798630905885,-12.,-30.596827546297));
#9599=CARTESIAN_POINT('Ctrl Pts',(-20.3000625482715,-12.5,-30.5845546588174));
#9600=CARTESIAN_POINT('Ctrl Pts',(-20.3000625482715,-12.,-30.5845546588174));
#9601=CARTESIAN_POINT('Ctrl Pts',(-20.5517211317309,-12.5,-30.5588592227679));
#9602=CARTESIAN_POINT('Ctrl Pts',(-20.5517211317309,-12.,-30.5588592227679));
#9603=CARTESIAN_POINT('Ctrl Pts',(-20.7624151770765,-12.5,-30.4180653339921));
#9604=CARTESIAN_POINT('Ctrl Pts',(-20.7624151770765,-12.,-30.4180653339921));
#9605=CARTESIAN_POINT('Ctrl Pts',(-20.8724756193895,-12.5,-30.344518700777));
#9606=CARTESIAN_POINT('Ctrl Pts',(-20.8724756193895,-12.,-30.344518700777));
#9607=CARTESIAN_POINT('',(-20.1798630905885,-12.5,-30.596827546297));
#9608=CARTESIAN_POINT('Ctrl Pts',(-20.1798630905885,-12.5,-30.596827546297));
#9609=CARTESIAN_POINT('Ctrl Pts',(-20.3000625482715,-12.5,-30.5845546588174));
#9610=CARTESIAN_POINT('Ctrl Pts',(-20.5517211317309,-12.5,-30.5588592227679));
#9611=CARTESIAN_POINT('Ctrl Pts',(-20.7624151770765,-12.5,-30.4180653339921));
#9612=CARTESIAN_POINT('Ctrl Pts',(-20.8724756193895,-12.5,-30.344518700777));
#9613=CARTESIAN_POINT('',(-20.1798630905885,-12.,-30.596827546297));
#9614=CARTESIAN_POINT('',(-20.1798630905885,-12.5,-30.596827546297));
#9615=CARTESIAN_POINT('Ctrl Pts',(-20.1798630905885,-12.,-30.596827546297));
#9616=CARTESIAN_POINT('Ctrl Pts',(-20.3000625482715,-12.,-30.5845546588174));
#9617=CARTESIAN_POINT('Ctrl Pts',(-20.5517211317309,-12.,-30.5588592227679));
#9618=CARTESIAN_POINT('Ctrl Pts',(-20.7624151770765,-12.,-30.4180653339921));
#9619=CARTESIAN_POINT('Ctrl Pts',(-20.8724756193895,-12.,-30.344518700777));
#9620=CARTESIAN_POINT('Ctrl Pts',(-19.8038740111131,-12.5,-30.4335704242572));
#9621=CARTESIAN_POINT('Ctrl Pts',(-19.8038740111131,-12.,-30.4335704242572));
#9622=CARTESIAN_POINT('Ctrl Pts',(-19.8569737881218,-12.5,-30.4811857397084));
#9623=CARTESIAN_POINT('Ctrl Pts',(-19.8569737881218,-12.,-30.4811857397084));
#9624=CARTESIAN_POINT('Ctrl Pts',(-19.9641182492792,-12.5,-30.5772636821077));
#9625=CARTESIAN_POINT('Ctrl Pts',(-19.9641182492792,-12.,-30.5772636821077));
#9626=CARTESIAN_POINT('Ctrl Pts',(-20.1075265707618,-12.5,-30.590268029781));
#9627=CARTESIAN_POINT('Ctrl Pts',(-20.1075265707618,-12.,-30.590268029781));
#9628=CARTESIAN_POINT('Ctrl Pts',(-20.1798630905885,-12.5,-30.596827546297));
#9629=CARTESIAN_POINT('Ctrl Pts',(-20.1798630905885,-12.,-30.596827546297));
#9630=CARTESIAN_POINT('',(-19.8038740111131,-12.5,-30.4335704242572));
#9631=CARTESIAN_POINT('Ctrl Pts',(-19.8038740111131,-12.5,-30.4335704242572));
#9632=CARTESIAN_POINT('Ctrl Pts',(-19.8569737881218,-12.5,-30.4811857397084));
#9633=CARTESIAN_POINT('Ctrl Pts',(-19.9641182492792,-12.5,-30.5772636821077));
#9634=CARTESIAN_POINT('Ctrl Pts',(-20.1075265707618,-12.5,-30.590268029781));
#9635=CARTESIAN_POINT('Ctrl Pts',(-20.1798630905885,-12.5,-30.596827546297));
#9636=CARTESIAN_POINT('',(-19.8038740111131,-12.,-30.4335704242572));
#9637=CARTESIAN_POINT('',(-19.8038740111131,-12.5,-30.4335704242572));
#9638=CARTESIAN_POINT('Ctrl Pts',(-19.8038740111131,-12.,-30.4335704242572));
#9639=CARTESIAN_POINT('Ctrl Pts',(-19.8569737881218,-12.,-30.4811857397084));
#9640=CARTESIAN_POINT('Ctrl Pts',(-19.9641182492792,-12.,-30.5772636821077));
#9641=CARTESIAN_POINT('Ctrl Pts',(-20.1075265707618,-12.,-30.590268029781));
#9642=CARTESIAN_POINT('Ctrl Pts',(-20.1798630905885,-12.,-30.596827546297));
#9643=CARTESIAN_POINT('Ctrl Pts',(-19.6604044390458,-12.5,-30.037790814577));
#9644=CARTESIAN_POINT('Ctrl Pts',(-19.6604044390458,-12.,-30.037790814577));
#9645=CARTESIAN_POINT('Ctrl Pts',(-19.6661898907616,-12.5,-30.1109482006421));
#9646=CARTESIAN_POINT('Ctrl Pts',(-19.6661898907616,-12.,-30.1109482006421));
#9647=CARTESIAN_POINT('Ctrl Pts',(-19.6776695705589,-12.5,-30.2561094444136));
#9648=CARTESIAN_POINT('Ctrl Pts',(-19.6776695705589,-12.,-30.2561094444136));
#9649=CARTESIAN_POINT('Ctrl Pts',(-19.7620293200566,-12.5,-30.3747309742068));
#9650=CARTESIAN_POINT('Ctrl Pts',(-19.7620293200566,-12.,-30.3747309742068));
#9651=CARTESIAN_POINT('Ctrl Pts',(-19.8038740111131,-12.5,-30.4335704242572));
#9652=CARTESIAN_POINT('Ctrl Pts',(-19.8038740111131,-12.,-30.4335704242572));
#9653=CARTESIAN_POINT('',(-19.6604044390458,-12.5,-30.037790814577));
#9654=CARTESIAN_POINT('Ctrl Pts',(-19.6604044390458,-12.5,-30.037790814577));
#9655=CARTESIAN_POINT('Ctrl Pts',(-19.6661898907616,-12.5,-30.1109482006421));
#9656=CARTESIAN_POINT('Ctrl Pts',(-19.6776695705589,-12.5,-30.2561094444136));
#9657=CARTESIAN_POINT('Ctrl Pts',(-19.7620293200566,-12.5,-30.3747309742068));
#9658=CARTESIAN_POINT('Ctrl Pts',(-19.8038740111131,-12.5,-30.4335704242572));
#9659=CARTESIAN_POINT('',(-19.6604044390458,-12.,-30.037790814577));
#9660=CARTESIAN_POINT('',(-19.6604044390458,-12.5,-30.037790814577));
#9661=CARTESIAN_POINT('Ctrl Pts',(-19.6604044390458,-12.,-30.037790814577));
#9662=CARTESIAN_POINT('Ctrl Pts',(-19.6661898907616,-12.,-30.1109482006421));
#9663=CARTESIAN_POINT('Ctrl Pts',(-19.6776695705589,-12.,-30.2561094444136));
#9664=CARTESIAN_POINT('Ctrl Pts',(-19.7620293200566,-12.,-30.3747309742068));
#9665=CARTESIAN_POINT('Ctrl Pts',(-19.8038740111131,-12.,-30.4335704242572));
#9666=CARTESIAN_POINT('Ctrl Pts',(-19.7494543743867,-12.5,-29.7112741863117));
#9667=CARTESIAN_POINT('Ctrl Pts',(-19.7494543743867,-12.,-29.7112741863117));
#9668=CARTESIAN_POINT('Ctrl Pts',(-19.7237538681098,-12.5,-29.7497519845492));
#9669=CARTESIAN_POINT('Ctrl Pts',(-19.7237538681098,-12.,-29.7497519845492));
#9670=CARTESIAN_POINT('Ctrl Pts',(-19.658628663353,-12.5,-29.8472549077139));
#9671=CARTESIAN_POINT('Ctrl Pts',(-19.658628663353,-12.,-29.8472549077139));
#9672=CARTESIAN_POINT('Ctrl Pts',(-19.6597348122065,-12.5,-29.9659416741655));
#9673=CARTESIAN_POINT('Ctrl Pts',(-19.6597348122065,-12.,-29.9659416741655));
#9674=CARTESIAN_POINT('Ctrl Pts',(-19.6604044390458,-12.5,-30.037790814577));
#9675=CARTESIAN_POINT('Ctrl Pts',(-19.6604044390458,-12.,-30.037790814577));
#9676=CARTESIAN_POINT('',(-19.7494543743867,-12.5,-29.7112741863117));
#9677=CARTESIAN_POINT('Ctrl Pts',(-19.7494543743867,-12.5,-29.7112741863117));
#9678=CARTESIAN_POINT('Ctrl Pts',(-19.7237538681098,-12.5,-29.7497519845492));
#9679=CARTESIAN_POINT('Ctrl Pts',(-19.658628663353,-12.5,-29.8472549077139));
#9680=CARTESIAN_POINT('Ctrl Pts',(-19.6597348122065,-12.5,-29.9659416741655));
#9681=CARTESIAN_POINT('Ctrl Pts',(-19.6604044390458,-12.5,-30.037790814577));
#9682=CARTESIAN_POINT('',(-19.7494543743867,-12.,-29.7112741863117));
#9683=CARTESIAN_POINT('',(-19.7494543743867,-12.5,-29.7112741863117));
#9684=CARTESIAN_POINT('Ctrl Pts',(-19.7494543743867,-12.,-29.7112741863117));
#9685=CARTESIAN_POINT('Ctrl Pts',(-19.7237538681098,-12.,-29.7497519845492));
#9686=CARTESIAN_POINT('Ctrl Pts',(-19.658628663353,-12.,-29.8472549077139));
#9687=CARTESIAN_POINT('Ctrl Pts',(-19.6597348122065,-12.,-29.9659416741655));
#9688=CARTESIAN_POINT('Ctrl Pts',(-19.6604044390458,-12.,-30.037790814577));
#9689=CARTESIAN_POINT('Ctrl Pts',(-20.1303912354249,-12.5,-29.4490709697589));
#9690=CARTESIAN_POINT('Ctrl Pts',(-20.1303912354249,-12.,-29.4490709697589));
#9691=CARTESIAN_POINT('Ctrl Pts',(-20.0499060245394,-12.5,-29.5001146184737));
#9692=CARTESIAN_POINT('Ctrl Pts',(-20.0499060245394,-12.,-29.5001146184737));
#9693=CARTESIAN_POINT('Ctrl Pts',(-19.9196032791243,-12.5,-29.5827525030039));
#9694=CARTESIAN_POINT('Ctrl Pts',(-19.9196032791243,-12.,-29.5827525030039));
#9695=CARTESIAN_POINT('Ctrl Pts',(-19.7965140332966,-12.5,-29.6757277536837));
#9696=CARTESIAN_POINT('Ctrl Pts',(-19.7965140332966,-12.,-29.6757277536837));
#9697=CARTESIAN_POINT('Ctrl Pts',(-19.7494543743867,-12.5,-29.7112741863117));
#9698=CARTESIAN_POINT('Ctrl Pts',(-19.7494543743867,-12.,-29.7112741863117));
#9699=CARTESIAN_POINT('',(-20.1303912354249,-12.5,-29.4490709697589));
#9700=CARTESIAN_POINT('Ctrl Pts',(-20.1303912354249,-12.5,-29.4490709697589));
#9701=CARTESIAN_POINT('Ctrl Pts',(-20.0499060245394,-12.5,-29.5001146184737));
#9702=CARTESIAN_POINT('Ctrl Pts',(-19.9196032791243,-12.5,-29.5827525030039));
#9703=CARTESIAN_POINT('Ctrl Pts',(-19.7965140332966,-12.5,-29.6757277536837));
#9704=CARTESIAN_POINT('Ctrl Pts',(-19.7494543743867,-12.5,-29.7112741863117));
#9705=CARTESIAN_POINT('',(-20.1303912354249,-12.,-29.4490709697589));
#9706=CARTESIAN_POINT('',(-20.1303912354249,-12.5,-29.4490709697589));
#9707=CARTESIAN_POINT('Ctrl Pts',(-20.1303912354249,-12.,-29.4490709697589));
#9708=CARTESIAN_POINT('Ctrl Pts',(-20.0499060245394,-12.,-29.5001146184737));
#9709=CARTESIAN_POINT('Ctrl Pts',(-19.9196032791243,-12.,-29.5827525030039));
#9710=CARTESIAN_POINT('Ctrl Pts',(-19.7965140332966,-12.,-29.6757277536837));
#9711=CARTESIAN_POINT('Ctrl Pts',(-19.7494543743867,-12.,-29.7112741863117));
#9712=CARTESIAN_POINT('Ctrl Pts',(-20.5607999516267,-12.5,-29.0038195049152));
#9713=CARTESIAN_POINT('Ctrl Pts',(-20.5607999516267,-12.,-29.0038195049152));
#9714=CARTESIAN_POINT('Ctrl Pts',(-20.5052265341361,-12.5,-29.0878255312658));
#9715=CARTESIAN_POINT('Ctrl Pts',(-20.5052265341361,-12.,-29.0878255312658));
#9716=CARTESIAN_POINT('Ctrl Pts',(-20.3894833889803,-12.5,-29.2627854696844));
#9717=CARTESIAN_POINT('Ctrl Pts',(-20.3894833889803,-12.,-29.2627854696844));
#9718=CARTESIAN_POINT('Ctrl Pts',(-20.2190118353254,-12.5,-29.3853533598552));
#9719=CARTESIAN_POINT('Ctrl Pts',(-20.2190118353254,-12.,-29.3853533598552));
#9720=CARTESIAN_POINT('Ctrl Pts',(-20.1303912354249,-12.5,-29.4490709697589));
#9721=CARTESIAN_POINT('Ctrl Pts',(-20.1303912354249,-12.,-29.4490709697589));
#9722=CARTESIAN_POINT('',(-20.5607999516267,-12.5,-29.0038195049152));
#9723=CARTESIAN_POINT('Ctrl Pts',(-20.5607999516267,-12.5,-29.0038195049152));
#9724=CARTESIAN_POINT('Ctrl Pts',(-20.5052265341361,-12.5,-29.0878255312658));
#9725=CARTESIAN_POINT('Ctrl Pts',(-20.3894833889803,-12.5,-29.2627854696844));
#9726=CARTESIAN_POINT('Ctrl Pts',(-20.2190118353254,-12.5,-29.3853533598552));
#9727=CARTESIAN_POINT('Ctrl Pts',(-20.1303912354249,-12.5,-29.4490709697589));
#9728=CARTESIAN_POINT('',(-20.5607999516267,-12.,-29.0038195049152));
#9729=CARTESIAN_POINT('',(-20.5607999516267,-12.5,-29.0038195049152));
#9730=CARTESIAN_POINT('Ctrl Pts',(-20.5607999516267,-12.,-29.0038195049152));
#9731=CARTESIAN_POINT('Ctrl Pts',(-20.5052265341361,-12.,-29.0878255312658));
#9732=CARTESIAN_POINT('Ctrl Pts',(-20.3894833889803,-12.,-29.2627854696844));
#9733=CARTESIAN_POINT('Ctrl Pts',(-20.2190118353254,-12.,-29.3853533598552));
#9734=CARTESIAN_POINT('Ctrl Pts',(-20.1303912354249,-12.,-29.4490709697589));
#9735=CARTESIAN_POINT('Ctrl Pts',(-20.704269523694,-12.5,-28.2271042262897));
#9736=CARTESIAN_POINT('Ctrl Pts',(-20.704269523694,-12.,-28.2271042262897));
#9737=CARTESIAN_POINT('Ctrl Pts',(-20.7024051997338,-12.5,-28.3796211799436));
#9738=CARTESIAN_POINT('Ctrl Pts',(-20.7024051997338,-12.,-28.3796211799436));
#9739=CARTESIAN_POINT('Ctrl Pts',(-20.6991303860061,-12.5,-28.6475277370643));
#9740=CARTESIAN_POINT('Ctrl Pts',(-20.6991303860061,-12.,-28.6475277370643));
#9741=CARTESIAN_POINT('Ctrl Pts',(-20.6024437133225,-12.5,-28.8965594537115));
#9742=CARTESIAN_POINT('Ctrl Pts',(-20.6024437133225,-12.,-28.8965594537115));
#9743=CARTESIAN_POINT('Ctrl Pts',(-20.5607999516267,-12.5,-29.0038195049152));
#9744=CARTESIAN_POINT('Ctrl Pts',(-20.5607999516267,-12.,-29.0038195049152));
#9745=CARTESIAN_POINT('',(-20.704269523694,-12.5,-28.2271042262897));
#9746=CARTESIAN_POINT('Ctrl Pts',(-20.704269523694,-12.5,-28.2271042262897));
#9747=CARTESIAN_POINT('Ctrl Pts',(-20.7024051997338,-12.5,-28.3796211799436));
#9748=CARTESIAN_POINT('Ctrl Pts',(-20.6991303860061,-12.5,-28.6475277370643));
#9749=CARTESIAN_POINT('Ctrl Pts',(-20.6024437133225,-12.5,-28.8965594537115));
#9750=CARTESIAN_POINT('Ctrl Pts',(-20.5607999516267,-12.5,-29.0038195049152));
#9751=CARTESIAN_POINT('',(-20.704269523694,-12.,-28.2271042262897));
#9752=CARTESIAN_POINT('',(-20.704269523694,-12.5,-28.2271042262897));
#9753=CARTESIAN_POINT('Ctrl Pts',(-20.704269523694,-12.,-28.2271042262897));
#9754=CARTESIAN_POINT('Ctrl Pts',(-20.7024051997338,-12.,-28.3796211799436));
#9755=CARTESIAN_POINT('Ctrl Pts',(-20.6991303860061,-12.,-28.6475277370643));
#9756=CARTESIAN_POINT('Ctrl Pts',(-20.6024437133225,-12.,-28.8965594537115));
#9757=CARTESIAN_POINT('Ctrl Pts',(-20.5607999516267,-12.,-29.0038195049152));
#9758=CARTESIAN_POINT('Ctrl Pts',(-20.4519612742204,-12.5,-27.4404945766315));
#9759=CARTESIAN_POINT('Ctrl Pts',(-20.4519612742204,-12.,-27.4404945766315));
#9760=CARTESIAN_POINT('Ctrl Pts',(-20.5249688207294,-12.5,-27.5337330266169));
#9761=CARTESIAN_POINT('Ctrl Pts',(-20.5249688207294,-12.,-27.5337330266169));
#9762=CARTESIAN_POINT('Ctrl Pts',(-20.7032182706642,-12.5,-27.7613766500144));
#9763=CARTESIAN_POINT('Ctrl Pts',(-20.7032182706642,-12.,-27.7613766500144));
#9764=CARTESIAN_POINT('Ctrl Pts',(-20.7038792618093,-12.5,-28.054209864525));
#9765=CARTESIAN_POINT('Ctrl Pts',(-20.7038792618093,-12.,-28.054209864525));
#9766=CARTESIAN_POINT('Ctrl Pts',(-20.704269523694,-12.5,-28.2271042262897));
#9767=CARTESIAN_POINT('Ctrl Pts',(-20.704269523694,-12.,-28.2271042262897));
#9768=CARTESIAN_POINT('',(-20.4519612742204,-12.5,-27.4404945766315));
#9769=CARTESIAN_POINT('Ctrl Pts',(-20.4519612742204,-12.5,-27.4404945766315));
#9770=CARTESIAN_POINT('Ctrl Pts',(-20.5249688207294,-12.5,-27.5337330266169));
#9771=CARTESIAN_POINT('Ctrl Pts',(-20.7032182706642,-12.5,-27.7613766500144));
#9772=CARTESIAN_POINT('Ctrl Pts',(-20.7038792618093,-12.5,-28.054209864525));
#9773=CARTESIAN_POINT('Ctrl Pts',(-20.704269523694,-12.5,-28.2271042262897));
#9774=CARTESIAN_POINT('',(-20.4519612742204,-12.,-27.4404945766315));
#9775=CARTESIAN_POINT('',(-20.4519612742204,-12.5,-27.4404945766315));
#9776=CARTESIAN_POINT('Ctrl Pts',(-20.4519612742204,-12.,-27.4404945766315));
#9777=CARTESIAN_POINT('Ctrl Pts',(-20.5249688207294,-12.,-27.5337330266169));
#9778=CARTESIAN_POINT('Ctrl Pts',(-20.7032182706642,-12.,-27.7613766500144));
#9779=CARTESIAN_POINT('Ctrl Pts',(-20.7038792618093,-12.,-28.054209864525));
#9780=CARTESIAN_POINT('Ctrl Pts',(-20.704269523694,-12.,-28.2271042262897));
#9781=CARTESIAN_POINT('Ctrl Pts',(-19.6702988100786,-12.5,-27.2228184139118));
#9782=CARTESIAN_POINT('Ctrl Pts',(-19.6702988100786,-12.,-27.2228184139118));
#9783=CARTESIAN_POINT('Ctrl Pts',(-19.8282911294525,-12.5,-27.232452414217));
#9784=CARTESIAN_POINT('Ctrl Pts',(-19.8282911294525,-12.,-27.232452414217));
#9785=CARTESIAN_POINT('Ctrl Pts',(-20.1056061128502,-12.5,-27.2493624301298));
#9786=CARTESIAN_POINT('Ctrl Pts',(-20.1056061128502,-12.,-27.2493624301298));
#9787=CARTESIAN_POINT('Ctrl Pts',(-20.3477653643724,-12.5,-27.3829952518714));
#9788=CARTESIAN_POINT('Ctrl Pts',(-20.3477653643724,-12.,-27.3829952518714));
#9789=CARTESIAN_POINT('Ctrl Pts',(-20.4519612742204,-12.5,-27.4404945766315));
#9790=CARTESIAN_POINT('Ctrl Pts',(-20.4519612742204,-12.,-27.4404945766315));
#9791=CARTESIAN_POINT('',(-19.6702988100786,-12.5,-27.2228184139118));
#9792=CARTESIAN_POINT('Ctrl Pts',(-19.6702988100786,-12.5,-27.2228184139118));
#9793=CARTESIAN_POINT('Ctrl Pts',(-19.8282911294525,-12.5,-27.232452414217));
#9794=CARTESIAN_POINT('Ctrl Pts',(-20.1056061128502,-12.5,-27.2493624301298));
#9795=CARTESIAN_POINT('Ctrl Pts',(-20.3477653643724,-12.5,-27.3829952518714));
#9796=CARTESIAN_POINT('Ctrl Pts',(-20.4519612742204,-12.5,-27.4404945766315));
#9797=CARTESIAN_POINT('',(-19.6702988100786,-12.,-27.2228184139118));
#9798=CARTESIAN_POINT('',(-19.6702988100786,-12.5,-27.2228184139118));
#9799=CARTESIAN_POINT('Ctrl Pts',(-19.6702988100786,-12.,-27.2228184139118));
#9800=CARTESIAN_POINT('Ctrl Pts',(-19.8282911294525,-12.,-27.232452414217));
#9801=CARTESIAN_POINT('Ctrl Pts',(-20.1056061128502,-12.,-27.2493624301298));
#9802=CARTESIAN_POINT('Ctrl Pts',(-20.3477653643724,-12.,-27.3829952518714));
#9803=CARTESIAN_POINT('Ctrl Pts',(-20.4519612742204,-12.,-27.4404945766315));
#9804=CARTESIAN_POINT('Ctrl Pts',(-19.4575680447358,-12.5,-28.0143752490863));
#9805=CARTESIAN_POINT('Ctrl Pts',(-19.4575680447358,-12.,-28.0143752490863));
#9806=CARTESIAN_POINT('Ctrl Pts',(-19.489467838966,-12.5,-27.8872171180794));
#9807=CARTESIAN_POINT('Ctrl Pts',(-19.489467838966,-12.,-27.8872171180794));
#9808=CARTESIAN_POINT('Ctrl Pts',(-19.5559572273513,-12.5,-27.6221788454848));
#9809=CARTESIAN_POINT('Ctrl Pts',(-19.5559572273513,-12.,-27.6221788454848));
#9810=CARTESIAN_POINT('Ctrl Pts',(-19.6311707060732,-12.5,-27.3594810009557));
#9811=CARTESIAN_POINT('Ctrl Pts',(-19.6311707060732,-12.,-27.3594810009557));
#9812=CARTESIAN_POINT('Ctrl Pts',(-19.6702988100786,-12.5,-27.2228184139118));
#9813=CARTESIAN_POINT('Ctrl Pts',(-19.6702988100786,-12.,-27.2228184139118));
#9814=CARTESIAN_POINT('',(-19.4575680447358,-12.5,-28.0143752490863));
#9815=CARTESIAN_POINT('Ctrl Pts',(-19.4575680447358,-12.5,-28.0143752490863));
#9816=CARTESIAN_POINT('Ctrl Pts',(-19.489467838966,-12.5,-27.8872171180794));
#9817=CARTESIAN_POINT('Ctrl Pts',(-19.5559572273513,-12.5,-27.6221788454848));
#9818=CARTESIAN_POINT('Ctrl Pts',(-19.6311707060732,-12.5,-27.3594810009557));
#9819=CARTESIAN_POINT('Ctrl Pts',(-19.6702988100786,-12.5,-27.2228184139118));
#9820=CARTESIAN_POINT('',(-19.4575680447358,-12.,-28.0143752490863));
#9821=CARTESIAN_POINT('',(-19.4575680447358,-12.5,-28.0143752490863));
#9822=CARTESIAN_POINT('Ctrl Pts',(-19.4575680447358,-12.,-28.0143752490863));
#9823=CARTESIAN_POINT('Ctrl Pts',(-19.489467838966,-12.,-27.8872171180794));
#9824=CARTESIAN_POINT('Ctrl Pts',(-19.5559572273513,-12.,-27.6221788454848));
#9825=CARTESIAN_POINT('Ctrl Pts',(-19.6311707060732,-12.,-27.3594810009557));
#9826=CARTESIAN_POINT('Ctrl Pts',(-19.6702988100786,-12.,-27.2228184139118));
#9827=CARTESIAN_POINT('Ctrl Pts',(-19.2695726109285,-12.5,-28.8850870525226));
#9828=CARTESIAN_POINT('Ctrl Pts',(-19.2695726109285,-12.,-28.8850870525226));
#9829=CARTESIAN_POINT('Ctrl Pts',(-19.3019770856966,-12.5,-28.7274747027905));
#9830=CARTESIAN_POINT('Ctrl Pts',(-19.3019770856966,-12.,-28.7274747027905));
#9831=CARTESIAN_POINT('Ctrl Pts',(-19.3617762881232,-12.5,-28.4366169470636));
#9832=CARTESIAN_POINT('Ctrl Pts',(-19.3617762881232,-12.,-28.4366169470636));
#9833=CARTESIAN_POINT('Ctrl Pts',(-19.4274720382619,-12.5,-28.1470358174407));
#9834=CARTESIAN_POINT('Ctrl Pts',(-19.4274720382619,-12.,-28.1470358174407));
#9835=CARTESIAN_POINT('Ctrl Pts',(-19.4575680447358,-12.5,-28.0143752490863));
#9836=CARTESIAN_POINT('Ctrl Pts',(-19.4575680447358,-12.,-28.0143752490863));
#9837=CARTESIAN_POINT('',(-19.2695726109285,-12.5,-28.8850870525226));
#9838=CARTESIAN_POINT('Ctrl Pts',(-19.2695726109285,-12.5,-28.8850870525226));
#9839=CARTESIAN_POINT('Ctrl Pts',(-19.3019770856966,-12.5,-28.7274747027905));
#9840=CARTESIAN_POINT('Ctrl Pts',(-19.3617762881232,-12.5,-28.4366169470636));
#9841=CARTESIAN_POINT('Ctrl Pts',(-19.4274720382619,-12.5,-28.1470358174407));
#9842=CARTESIAN_POINT('Ctrl Pts',(-19.4575680447358,-12.5,-28.0143752490863));
#9843=CARTESIAN_POINT('',(-19.2695726109285,-12.,-28.8850870525226));
#9844=CARTESIAN_POINT('',(-19.2695726109285,-12.5,-28.8850870525226));
#9845=CARTESIAN_POINT('Ctrl Pts',(-19.2695726109285,-12.,-28.8850870525226));
#9846=CARTESIAN_POINT('Ctrl Pts',(-19.3019770856966,-12.,-28.7274747027905));
#9847=CARTESIAN_POINT('Ctrl Pts',(-19.3617762881232,-12.,-28.4366169470636));
#9848=CARTESIAN_POINT('Ctrl Pts',(-19.4274720382619,-12.,-28.1470358174407));
#9849=CARTESIAN_POINT('Ctrl Pts',(-19.4575680447358,-12.,-28.0143752490863));
#9850=CARTESIAN_POINT('Ctrl Pts',(-19.1359986019868,-12.5,-29.5232787525043));
#9851=CARTESIAN_POINT('Ctrl Pts',(-19.1359986019868,-12.,-29.5232787525043));
#9852=CARTESIAN_POINT('Ctrl Pts',(-19.1521959826464,-12.5,-29.4486828334253));
#9853=CARTESIAN_POINT('Ctrl Pts',(-19.1521959826464,-12.,-29.4486828334253));
#9854=CARTESIAN_POINT('Ctrl Pts',(-19.1983143074768,-12.5,-29.236288070382));
#9855=CARTESIAN_POINT('Ctrl Pts',(-19.1983143074768,-12.,-29.236288070382));
#9856=CARTESIAN_POINT('Ctrl Pts',(-19.2415329447495,-12.5,-29.0232823059244));
#9857=CARTESIAN_POINT('Ctrl Pts',(-19.2415329447495,-12.,-29.0232823059244));
#9858=CARTESIAN_POINT('Ctrl Pts',(-19.2695726109285,-12.5,-28.8850870525226));
#9859=CARTESIAN_POINT('Ctrl Pts',(-19.2695726109285,-12.,-28.8850870525226));
#9860=CARTESIAN_POINT('',(-19.1359986019868,-12.5,-29.5232787525043));
#9861=CARTESIAN_POINT('Ctrl Pts',(-19.1359986019868,-12.5,-29.5232787525043));
#9862=CARTESIAN_POINT('Ctrl Pts',(-19.1521959826464,-12.5,-29.4486828334253));
#9863=CARTESIAN_POINT('Ctrl Pts',(-19.1983143074768,-12.5,-29.236288070382));
#9864=CARTESIAN_POINT('Ctrl Pts',(-19.2415329447495,-12.5,-29.0232823059244));
#9865=CARTESIAN_POINT('Ctrl Pts',(-19.2695726109285,-12.5,-28.8850870525226));
#9866=CARTESIAN_POINT('',(-19.1359986019868,-12.,-29.5232787525043));
#9867=CARTESIAN_POINT('',(-19.1359986019868,-12.5,-29.5232787525043));
#9868=CARTESIAN_POINT('Ctrl Pts',(-19.1359986019868,-12.,-29.5232787525043));
#9869=CARTESIAN_POINT('Ctrl Pts',(-19.1521959826464,-12.,-29.4486828334253));
#9870=CARTESIAN_POINT('Ctrl Pts',(-19.1983143074768,-12.,-29.236288070382));
#9871=CARTESIAN_POINT('Ctrl Pts',(-19.2415329447495,-12.,-29.0232823059244));
#9872=CARTESIAN_POINT('Ctrl Pts',(-19.2695726109285,-12.,-28.8850870525226));
#9873=CARTESIAN_POINT('Ctrl Pts',(-18.6115921688814,-12.5,-30.4879894649372));
#9874=CARTESIAN_POINT('Ctrl Pts',(-18.6115921688814,-12.,-30.4879894649372));
#9875=CARTESIAN_POINT('Ctrl Pts',(-18.7320690913582,-12.5,-30.3554963798371));
#9876=CARTESIAN_POINT('Ctrl Pts',(-18.7320690913582,-12.,-30.3554963798371));
#9877=CARTESIAN_POINT('Ctrl Pts',(-18.9850996656118,-12.5,-30.0772289679687));
#9878=CARTESIAN_POINT('Ctrl Pts',(-18.9850996656118,-12.,-30.0772289679687));
#9879=CARTESIAN_POINT('Ctrl Pts',(-19.0841235414542,-12.5,-29.7137121753605));
#9880=CARTESIAN_POINT('Ctrl Pts',(-19.0841235414542,-12.,-29.7137121753605));
#9881=CARTESIAN_POINT('Ctrl Pts',(-19.1359986019868,-12.5,-29.5232787525043));
#9882=CARTESIAN_POINT('Ctrl Pts',(-19.1359986019868,-12.,-29.5232787525043));
#9883=CARTESIAN_POINT('',(-18.6115921688814,-12.5,-30.4879894649372));
#9884=CARTESIAN_POINT('Ctrl Pts',(-18.6115921688814,-12.5,-30.4879894649372));
#9885=CARTESIAN_POINT('Ctrl Pts',(-18.7320690913582,-12.5,-30.3554963798371));
#9886=CARTESIAN_POINT('Ctrl Pts',(-18.9850996656118,-12.5,-30.0772289679687));
#9887=CARTESIAN_POINT('Ctrl Pts',(-19.0841235414542,-12.5,-29.7137121753605));
#9888=CARTESIAN_POINT('Ctrl Pts',(-19.1359986019868,-12.5,-29.5232787525043));
#9889=CARTESIAN_POINT('',(-18.6115921688814,-12.,-30.4879894649372));
#9890=CARTESIAN_POINT('',(-18.6115921688814,-12.5,-30.4879894649372));
#9891=CARTESIAN_POINT('Ctrl Pts',(-18.6115921688814,-12.,-30.4879894649372));
#9892=CARTESIAN_POINT('Ctrl Pts',(-18.7320690913582,-12.,-30.3554963798371));
#9893=CARTESIAN_POINT('Ctrl Pts',(-18.9850996656118,-12.,-30.0772289679687));
#9894=CARTESIAN_POINT('Ctrl Pts',(-19.0841235414542,-12.,-29.7137121753605));
#9895=CARTESIAN_POINT('Ctrl Pts',(-19.1359986019868,-12.,-29.5232787525043));
#9896=CARTESIAN_POINT('Ctrl Pts',(-17.6666701985139,-12.5,-30.8392420207843));
#9897=CARTESIAN_POINT('Ctrl Pts',(-17.6666701985139,-12.,-30.8392420207843));
#9898=CARTESIAN_POINT('Ctrl Pts',(-17.8435783935579,-12.5,-30.825484413583));
#9899=CARTESIAN_POINT('Ctrl Pts',(-17.8435783935579,-12.,-30.825484413583));
#9900=CARTESIAN_POINT('Ctrl Pts',(-18.1922831497083,-12.5,-30.7983667152584));
#9901=CARTESIAN_POINT('Ctrl Pts',(-18.1922831497083,-12.,-30.7983667152584));
#9902=CARTESIAN_POINT('Ctrl Pts',(-18.4731951175261,-12.5,-30.5904325183609));
#9903=CARTESIAN_POINT('Ctrl Pts',(-18.4731951175261,-12.,-30.5904325183609));
#9904=CARTESIAN_POINT('Ctrl Pts',(-18.6115921688814,-12.5,-30.4879894649372));
#9905=CARTESIAN_POINT('Ctrl Pts',(-18.6115921688814,-12.,-30.4879894649372));
#9906=CARTESIAN_POINT('',(-17.6666701985139,-12.5,-30.8392420207843));
#9907=CARTESIAN_POINT('Ctrl Pts',(-17.6666701985139,-12.5,-30.8392420207843));
#9908=CARTESIAN_POINT('Ctrl Pts',(-17.8435783935579,-12.5,-30.825484413583));
#9909=CARTESIAN_POINT('Ctrl Pts',(-18.1922831497083,-12.5,-30.7983667152584));
#9910=CARTESIAN_POINT('Ctrl Pts',(-18.4731951175261,-12.5,-30.5904325183609));
#9911=CARTESIAN_POINT('Ctrl Pts',(-18.6115921688814,-12.5,-30.4879894649372));
#9912=CARTESIAN_POINT('',(-17.6666701985139,-12.,-30.8392420207843));
#9913=CARTESIAN_POINT('',(-17.6666701985139,-12.5,-30.8392420207843));
#9914=CARTESIAN_POINT('Ctrl Pts',(-17.6666701985139,-12.,-30.8392420207843));
#9915=CARTESIAN_POINT('Ctrl Pts',(-17.8435783935579,-12.,-30.825484413583));
#9916=CARTESIAN_POINT('Ctrl Pts',(-18.1922831497083,-12.,-30.7983667152584));
#9917=CARTESIAN_POINT('Ctrl Pts',(-18.4731951175261,-12.,-30.5904325183609));
#9918=CARTESIAN_POINT('Ctrl Pts',(-18.6115921688814,-12.,-30.4879894649372));
#9919=CARTESIAN_POINT('Ctrl Pts',(-16.9047976685304,-12.5,-30.6265106593952));
#9920=CARTESIAN_POINT('Ctrl Pts',(-16.9047976685304,-12.,-30.6265106593952));
#9921=CARTESIAN_POINT('Ctrl Pts',(-17.0243545518956,-12.5,-30.6885567104051));
#9922=CARTESIAN_POINT('Ctrl Pts',(-17.0243545518956,-12.,-30.6885567104051));
#9923=CARTESIAN_POINT('Ctrl Pts',(-17.2634634574895,-12.5,-30.8126462896568));
#9924=CARTESIAN_POINT('Ctrl Pts',(-17.2634634574895,-12.,-30.8126462896568));
#9925=CARTESIAN_POINT('Ctrl Pts',(-17.5322697731362,-12.5,-30.8303768972309));
#9926=CARTESIAN_POINT('Ctrl Pts',(-17.5322697731362,-12.,-30.8303768972309));
#9927=CARTESIAN_POINT('Ctrl Pts',(-17.6666701985139,-12.5,-30.8392420207843));
#9928=CARTESIAN_POINT('Ctrl Pts',(-17.6666701985139,-12.,-30.8392420207843));
#9929=CARTESIAN_POINT('',(-16.9047976685304,-12.5,-30.6265106593952));
#9930=CARTESIAN_POINT('Ctrl Pts',(-16.9047976685304,-12.5,-30.6265106593952));
#9931=CARTESIAN_POINT('Ctrl Pts',(-17.0243545518956,-12.5,-30.6885567104051));
#9932=CARTESIAN_POINT('Ctrl Pts',(-17.2634634574895,-12.5,-30.8126462896568));
#9933=CARTESIAN_POINT('Ctrl Pts',(-17.5322697731362,-12.5,-30.8303768972309));
#9934=CARTESIAN_POINT('Ctrl Pts',(-17.6666701985139,-12.5,-30.8392420207843));
#9935=CARTESIAN_POINT('',(-16.9047976685304,-12.,-30.6265106593952));
#9936=CARTESIAN_POINT('',(-16.9047976685304,-12.5,-30.6265106593952));
#9937=CARTESIAN_POINT('Ctrl Pts',(-16.9047976685304,-12.,-30.6265106593952));
#9938=CARTESIAN_POINT('Ctrl Pts',(-17.0243545518956,-12.,-30.6885567104051));
#9939=CARTESIAN_POINT('Ctrl Pts',(-17.2634634574895,-12.,-30.8126462896568));
#9940=CARTESIAN_POINT('Ctrl Pts',(-17.5322697731362,-12.,-30.8303768972309));
#9941=CARTESIAN_POINT('Ctrl Pts',(-17.6666701985139,-12.,-30.8392420207843));
#9942=CARTESIAN_POINT('Ctrl Pts',(-16.3457609368104,-12.5,-30.022949258028));
#9943=CARTESIAN_POINT('Ctrl Pts',(-16.3457609368104,-12.,-30.022949258028));
#9944=CARTESIAN_POINT('Ctrl Pts',(-16.4197993757665,-12.5,-30.1450704789208));
#9945=CARTESIAN_POINT('Ctrl Pts',(-16.4197993757665,-12.,-30.1450704789208));
#9946=CARTESIAN_POINT('Ctrl Pts',(-16.5650027983421,-12.5,-30.3845733573278));
#9947=CARTESIAN_POINT('Ctrl Pts',(-16.5650027983421,-12.,-30.3845733573278));
#9948=CARTESIAN_POINT('Ctrl Pts',(-16.7930369138242,-12.5,-30.5469358987296));
#9949=CARTESIAN_POINT('Ctrl Pts',(-16.7930369138242,-12.,-30.5469358987296));
#9950=CARTESIAN_POINT('Ctrl Pts',(-16.9047976685304,-12.5,-30.6265106593952));
#9951=CARTESIAN_POINT('Ctrl Pts',(-16.9047976685304,-12.,-30.6265106593952));
#9952=CARTESIAN_POINT('',(-16.3457609368104,-12.5,-30.022949258028));
#9953=CARTESIAN_POINT('Ctrl Pts',(-16.3457609368104,-12.5,-30.022949258028));
#9954=CARTESIAN_POINT('Ctrl Pts',(-16.4197993757665,-12.5,-30.1450704789208));
#9955=CARTESIAN_POINT('Ctrl Pts',(-16.5650027983421,-12.5,-30.3845733573278));
#9956=CARTESIAN_POINT('Ctrl Pts',(-16.7930369138242,-12.5,-30.5469358987296));
#9957=CARTESIAN_POINT('Ctrl Pts',(-16.9047976685304,-12.5,-30.6265106593952));
#9958=CARTESIAN_POINT('',(-16.3457609368104,-12.,-30.022949258028));
#9959=CARTESIAN_POINT('',(-16.3457609368104,-12.5,-30.022949258028));
#9960=CARTESIAN_POINT('Ctrl Pts',(-16.3457609368104,-12.,-30.022949258028));
#9961=CARTESIAN_POINT('Ctrl Pts',(-16.4197993757665,-12.,-30.1450704789208));
#9962=CARTESIAN_POINT('Ctrl Pts',(-16.5650027983421,-12.,-30.3845733573278));
#9963=CARTESIAN_POINT('Ctrl Pts',(-16.7930369138242,-12.,-30.5469358987296));
#9964=CARTESIAN_POINT('Ctrl Pts',(-16.9047976685304,-12.,-30.6265106593952));
#9965=CARTESIAN_POINT('Ctrl Pts',(-16.142923946454,-12.5,-29.1077127849445));
#9966=CARTESIAN_POINT('Ctrl Pts',(-16.142923946454,-12.,-29.1077127849445));
#9967=CARTESIAN_POINT('Ctrl Pts',(-16.1499229136847,-12.5,-29.2728044932616));
#9968=CARTESIAN_POINT('Ctrl Pts',(-16.1499229136847,-12.,-29.2728044932616));
#9969=CARTESIAN_POINT('Ctrl Pts',(-16.1633771032932,-12.5,-29.590162050919));
#9970=CARTESIAN_POINT('Ctrl Pts',(-16.1633771032932,-12.,-29.590162050919));
#9971=CARTESIAN_POINT('Ctrl Pts',(-16.286626683912,-12.5,-29.8826267981759));
#9972=CARTESIAN_POINT('Ctrl Pts',(-16.286626683912,-12.,-29.8826267981759));
#9973=CARTESIAN_POINT('Ctrl Pts',(-16.3457609368104,-12.5,-30.022949258028));
#9974=CARTESIAN_POINT('Ctrl Pts',(-16.3457609368104,-12.,-30.022949258028));
#9975=CARTESIAN_POINT('',(-16.142923946454,-12.5,-29.1077127849445));
#9976=CARTESIAN_POINT('Ctrl Pts',(-16.142923946454,-12.5,-29.1077127849445));
#9977=CARTESIAN_POINT('Ctrl Pts',(-16.1499229136847,-12.5,-29.2728044932616));
#9978=CARTESIAN_POINT('Ctrl Pts',(-16.1633771032932,-12.5,-29.590162050919));
#9979=CARTESIAN_POINT('Ctrl Pts',(-16.286626683912,-12.5,-29.8826267981759));
#9980=CARTESIAN_POINT('Ctrl Pts',(-16.3457609368104,-12.5,-30.022949258028));
#9981=CARTESIAN_POINT('',(-16.142923946454,-12.,-29.1077127849445));
#9982=CARTESIAN_POINT('',(-16.142923946454,-12.5,-29.1077127849445));
#9983=CARTESIAN_POINT('Ctrl Pts',(-16.142923946454,-12.,-29.1077127849445));
#9984=CARTESIAN_POINT('Ctrl Pts',(-16.1499229136847,-12.,-29.2728044932616));
#9985=CARTESIAN_POINT('Ctrl Pts',(-16.1633771032932,-12.,-29.590162050919));
#9986=CARTESIAN_POINT('Ctrl Pts',(-16.286626683912,-12.,-29.8826267981759));
#9987=CARTESIAN_POINT('Ctrl Pts',(-16.3457609368104,-12.,-30.022949258028));
#9988=CARTESIAN_POINT('Ctrl Pts',(-16.3309181881685,-12.5,-28.0836358463153));
#9989=CARTESIAN_POINT('Ctrl Pts',(-16.3309181881685,-12.,-28.0836358463153));
#9990=CARTESIAN_POINT('Ctrl Pts',(-16.2761071618832,-12.5,-28.243369274779));
#9991=CARTESIAN_POINT('Ctrl Pts',(-16.2761071618832,-12.,-28.243369274779));
#9992=CARTESIAN_POINT('Ctrl Pts',(-16.1622634433341,-12.5,-28.5751391522166));
#9993=CARTESIAN_POINT('Ctrl Pts',(-16.1622634433341,-12.,-28.5751391522166));
#9994=CARTESIAN_POINT('Ctrl Pts',(-16.1495278698146,-12.5,-28.925853066659));
#9995=CARTESIAN_POINT('Ctrl Pts',(-16.1495278698146,-12.,-28.925853066659));
#9996=CARTESIAN_POINT('Ctrl Pts',(-16.142923946454,-12.5,-29.1077127849445));
#9997=CARTESIAN_POINT('Ctrl Pts',(-16.142923946454,-12.,-29.1077127849445));
#9998=CARTESIAN_POINT('',(-16.3309181881685,-12.5,-28.0836358463153));
#9999=CARTESIAN_POINT('Ctrl Pts',(-16.3309181881685,-12.5,-28.0836358463153));
#10000=CARTESIAN_POINT('Ctrl Pts',(-16.2761071618832,-12.5,-28.243369274779));
#10001=CARTESIAN_POINT('Ctrl Pts',(-16.1622634433341,-12.5,-28.5751391522166));
#10002=CARTESIAN_POINT('Ctrl Pts',(-16.1495278698146,-12.5,-28.925853066659));
#10003=CARTESIAN_POINT('Ctrl Pts',(-16.142923946454,-12.5,-29.1077127849445));
#10004=CARTESIAN_POINT('',(-16.3309181881685,-12.,-28.0836358463153));
#10005=CARTESIAN_POINT('',(-16.3309181881685,-12.5,-28.0836358463153));
#10006=CARTESIAN_POINT('Ctrl Pts',(-16.3309181881685,-12.,-28.0836358463153));
#10007=CARTESIAN_POINT('Ctrl Pts',(-16.2761071618832,-12.,-28.243369274779));
#10008=CARTESIAN_POINT('Ctrl Pts',(-16.1622634433341,-12.,-28.5751391522166));
#10009=CARTESIAN_POINT('Ctrl Pts',(-16.1495278698146,-12.,-28.925853066659));
#10010=CARTESIAN_POINT('Ctrl Pts',(-16.142923946454,-12.,-29.1077127849445));
#10011=CARTESIAN_POINT('Ctrl Pts',(-16.9047976685304,-12.5,-27.1337666904315));
#10012=CARTESIAN_POINT('Ctrl Pts',(-16.9047976685304,-12.,-27.1337666904315));
#10013=CARTESIAN_POINT('Ctrl Pts',(-16.7876767736051,-12.5,-27.291071813753));
#10014=CARTESIAN_POINT('Ctrl Pts',(-16.7876767736051,-12.,-27.291071813753));
#10015=CARTESIAN_POINT('Ctrl Pts',(-16.5656489481844,-12.5,-27.5892774796237));
#10016=CARTESIAN_POINT('Ctrl Pts',(-16.5656489481844,-12.,-27.5892774796237));
#10017=CARTESIAN_POINT('Ctrl Pts',(-16.4062386705599,-12.5,-27.9250059733029));
#10018=CARTESIAN_POINT('Ctrl Pts',(-16.4062386705599,-12.,-27.9250059733029));
#10019=CARTESIAN_POINT('Ctrl Pts',(-16.3309181881685,-12.5,-28.0836358463153));
#10020=CARTESIAN_POINT('Ctrl Pts',(-16.3309181881685,-12.,-28.0836358463153));
#10021=CARTESIAN_POINT('',(-16.9047976685304,-12.5,-27.1337666904315));
#10022=CARTESIAN_POINT('Ctrl Pts',(-16.9047976685304,-12.5,-27.1337666904315));
#10023=CARTESIAN_POINT('Ctrl Pts',(-16.7876767736051,-12.5,-27.291071813753));
#10024=CARTESIAN_POINT('Ctrl Pts',(-16.5656489481844,-12.5,-27.5892774796237));
#10025=CARTESIAN_POINT('Ctrl Pts',(-16.4062386705599,-12.5,-27.9250059733029));
#10026=CARTESIAN_POINT('Ctrl Pts',(-16.3309181881685,-12.5,-28.0836358463153));
#10027=CARTESIAN_POINT('',(-16.9047976685304,-12.,-27.1337666904315));
#10028=CARTESIAN_POINT('',(-16.9047976685304,-12.5,-27.1337666904315));
#10029=CARTESIAN_POINT('Ctrl Pts',(-16.9047976685304,-12.,-27.1337666904315));
#10030=CARTESIAN_POINT('Ctrl Pts',(-16.7876767736051,-12.,-27.291071813753));
#10031=CARTESIAN_POINT('Ctrl Pts',(-16.5656489481844,-12.,-27.5892774796237));
#10032=CARTESIAN_POINT('Ctrl Pts',(-16.4062386705599,-12.,-27.9250059733029));
#10033=CARTESIAN_POINT('Ctrl Pts',(-16.3309181881685,-12.,-28.0836358463153));
#10034=CARTESIAN_POINT('Ctrl Pts',(-16.3358665657777,-12.5,-26.7033591663227));
#10035=CARTESIAN_POINT('Ctrl Pts',(-16.3358665657777,-12.,-26.7033591663227));
#10036=CARTESIAN_POINT('Ctrl Pts',(-16.4145254601054,-12.5,-26.7752932797428));
#10037=CARTESIAN_POINT('Ctrl Pts',(-16.4145254601054,-12.,-26.7752932797428));
#10038=CARTESIAN_POINT('Ctrl Pts',(-16.5906661341962,-12.5,-26.9363751680179));
#10039=CARTESIAN_POINT('Ctrl Pts',(-16.5906661341962,-12.,-26.9363751680179));
#10040=CARTESIAN_POINT('Ctrl Pts',(-16.7928839691417,-12.5,-27.063443233259));
#10041=CARTESIAN_POINT('Ctrl Pts',(-16.7928839691417,-12.,-27.063443233259));
#10042=CARTESIAN_POINT('Ctrl Pts',(-16.9047976685304,-12.5,-27.1337666904315));
#10043=CARTESIAN_POINT('Ctrl Pts',(-16.9047976685304,-12.,-27.1337666904315));
#10044=CARTESIAN_POINT('Ctrl Pts',(-16.3358665657777,-12.5,-26.7033591663227));
#10045=CARTESIAN_POINT('Ctrl Pts',(-16.4145254601054,-12.5,-26.7752932797428));
#10046=CARTESIAN_POINT('Ctrl Pts',(-16.5906661341962,-12.5,-26.9363751680179));
#10047=CARTESIAN_POINT('Ctrl Pts',(-16.7928839691417,-12.5,-27.063443233259));
#10048=CARTESIAN_POINT('Ctrl Pts',(-16.9047976685304,-12.5,-27.1337666904315));
#10049=CARTESIAN_POINT('Ctrl Pts',(-16.3358665657777,-12.,-26.7033591663227));
#10050=CARTESIAN_POINT('Ctrl Pts',(-16.4145254601054,-12.,-26.7752932797428));
#10051=CARTESIAN_POINT('Ctrl Pts',(-16.5906661341962,-12.,-26.9363751680179));
#10052=CARTESIAN_POINT('Ctrl Pts',(-16.7928839691417,-12.,-27.063443233259));
#10053=CARTESIAN_POINT('Ctrl Pts',(-16.9047976685304,-12.,-27.1337666904315));
#10054=CARTESIAN_POINT('Origin',(-18.8911102367182,-12.,-38.5099211131916));
#10055=CARTESIAN_POINT('Origin',(-25.0613915920258,-12.5,-77.8566950078643));
#10056=CARTESIAN_POINT('',(-25.0613915920258,-12.5,-77.8566950078643));
#10057=CARTESIAN_POINT('',(-25.0613915920258,-12.5,-84.1595595594085));
#10058=CARTESIAN_POINT('',(-25.0613915920258,-12.5,-57.7179683606778));
#10059=CARTESIAN_POINT('',(-25.0613915920258,-12.,-77.8566950078643));
#10060=CARTESIAN_POINT('',(-25.0613915920258,-12.5,-77.8566950078643));
#10061=CARTESIAN_POINT('',(-25.0613915920258,-12.,-84.1595595594085));
#10062=CARTESIAN_POINT('',(-25.0613915920258,-12.,-77.8566950078643));
#10063=CARTESIAN_POINT('',(-25.0613915920258,-12.5,-84.1595595594085));
#10064=CARTESIAN_POINT('Origin',(-10.,-12.5,-77.8566950078643));
#10065=CARTESIAN_POINT('',(-10.,-12.5,-77.8566950078643));
#10066=CARTESIAN_POINT('',(1.87137870411466,-12.5,-77.8566950078643));
#10067=CARTESIAN_POINT('',(-10.,-12.,-77.8566950078643));
#10068=CARTESIAN_POINT('',(-10.,-12.5,-77.8566950078643));
#10069=CARTESIAN_POINT('',(-10.,-12.,-77.8566950078643));
#10070=CARTESIAN_POINT('Origin',(-10.,-12.5,-71.6766124482788));
#10071=CARTESIAN_POINT('',(-10.,-12.5,-71.6766124482788));
#10072=CARTESIAN_POINT('',(-10.,-12.5,-54.627927080885));
#10073=CARTESIAN_POINT('',(-10.,-12.,-71.6766124482788));
#10074=CARTESIAN_POINT('',(-10.,-12.5,-71.6766124482788));
#10075=CARTESIAN_POINT('',(-10.,-12.,-71.6766124482788));
#10076=CARTESIAN_POINT('Origin',(-25.0613915920258,-12.5,-71.6766124482788));
#10077=CARTESIAN_POINT('',(-25.0613915920258,-12.5,-71.6766124482788));
#10078=CARTESIAN_POINT('',(-5.65931709189822,-12.5,-71.6766124482788));
#10079=CARTESIAN_POINT('',(-25.0613915920258,-12.,-71.6766124482788));
#10080=CARTESIAN_POINT('',(-25.0613915920258,-12.5,-71.6766124482788));
#10081=CARTESIAN_POINT('',(-25.0613915920258,-12.,-71.6766124482788));
#10082=CARTESIAN_POINT('Origin',(-25.0613915920258,-12.5,-65.3737467046417));
#10083=CARTESIAN_POINT('',(-25.0613915920258,-12.5,-65.3737467046417));
#10084=CARTESIAN_POINT('',(-25.0613915920258,-12.5,-51.4764942090664));
#10085=CARTESIAN_POINT('',(-25.0613915920258,-12.,-65.3737467046417));
#10086=CARTESIAN_POINT('',(-25.0613915920258,-12.5,-65.3737467046417));
#10087=CARTESIAN_POINT('',(-25.0613915920258,-12.,-65.3737467046417));
#10088=CARTESIAN_POINT('Origin',(-30.,-12.5,-65.3737467046417));
#10089=CARTESIAN_POINT('',(-30.,-12.5,-65.3737467046417));
#10090=CARTESIAN_POINT('',(-8.12862129588534,-12.5,-65.3737467046417));
#10091=CARTESIAN_POINT('',(-30.,-12.,-65.3737467046417));
#10092=CARTESIAN_POINT('',(-30.,-12.5,-65.3737467046417));
#10093=CARTESIAN_POINT('',(-30.,-12.,-65.3737467046417));
#10094=CARTESIAN_POINT('Origin',(-30.,-12.5,-84.1595595594085));
#10095=CARTESIAN_POINT('',(-30.,-12.5,-84.1595595594085));
#10096=CARTESIAN_POINT('',(-30.,-12.5,-60.8694006364499));
#10097=CARTESIAN_POINT('',(-30.,-12.,-84.1595595594085));
#10098=CARTESIAN_POINT('',(-30.,-12.5,-84.1595595594085));
#10099=CARTESIAN_POINT('',(-30.,-12.,-84.1595595594085));
#10100=CARTESIAN_POINT('Origin',(-25.0613915920258,-12.5,-84.1595595594085));
#10101=CARTESIAN_POINT('',(-5.65931709189822,-12.5,-84.1595595594085));
#10102=CARTESIAN_POINT('',(-25.0613915920258,-12.,-84.1595595594085));
#10103=CARTESIAN_POINT('Origin',(-20.,-12.,-74.7666531320251));
#10104=CARTESIAN_POINT('Ctrl Pts',(-19.8533464623231,-12.5,-23.0028286373004));
#10105=CARTESIAN_POINT('Ctrl Pts',(-19.8533464623231,-12.,-23.0028286373004));
#10106=CARTESIAN_POINT('Ctrl Pts',(-19.7418206144448,-12.5,-23.0351548239705));
#10107=CARTESIAN_POINT('Ctrl Pts',(-19.7418206144448,-12.,-23.0351548239705));
#10108=CARTESIAN_POINT('Ctrl Pts',(-19.5020928096814,-12.5,-23.104640830257));
#10109=CARTESIAN_POINT('Ctrl Pts',(-19.5020928096814,-12.,-23.104640830257));
#10110=CARTESIAN_POINT('Ctrl Pts',(-19.2538908319212,-12.5,-23.1317838310827));
#10111=CARTESIAN_POINT('Ctrl Pts',(-19.2538908319212,-12.,-23.1317838310827));
#10112=CARTESIAN_POINT('Ctrl Pts',(-19.1211570454377,-12.5,-23.1462994014606));
#10113=CARTESIAN_POINT('Ctrl Pts',(-19.1211570454377,-12.,-23.1462994014606));
#10114=CARTESIAN_POINT('',(-19.8533464623231,-12.5,-23.0028286373004));
#10115=CARTESIAN_POINT('',(-19.1211570454377,-12.5,-23.1462994014606));
#10116=CARTESIAN_POINT('Ctrl Pts',(-19.8533464623231,-12.5,-23.0028286373004));
#10117=CARTESIAN_POINT('Ctrl Pts',(-19.7418206144448,-12.5,-23.0351548239705));
#10118=CARTESIAN_POINT('Ctrl Pts',(-19.5020928096814,-12.5,-23.104640830257));
#10119=CARTESIAN_POINT('Ctrl Pts',(-19.2538908319212,-12.5,-23.1317838310827));
#10120=CARTESIAN_POINT('Ctrl Pts',(-19.1211570454377,-12.5,-23.1462994014606));
#10121=CARTESIAN_POINT('',(-19.8533464623231,-12.,-23.0028286373004));
#10122=CARTESIAN_POINT('',(-19.8533464623231,-12.5,-23.0028286373004));
#10123=CARTESIAN_POINT('',(-19.1211570454377,-12.,-23.1462994014606));
#10124=CARTESIAN_POINT('Ctrl Pts',(-19.8533464623231,-12.,-23.0028286373004));
#10125=CARTESIAN_POINT('Ctrl Pts',(-19.7418206144448,-12.,-23.0351548239705));
#10126=CARTESIAN_POINT('Ctrl Pts',(-19.5020928096814,-12.,-23.104640830257));
#10127=CARTESIAN_POINT('Ctrl Pts',(-19.2538908319212,-12.,-23.1317838310827));
#10128=CARTESIAN_POINT('Ctrl Pts',(-19.1211570454377,-12.,-23.1462994014606));
#10129=CARTESIAN_POINT('',(-19.1211570454377,-12.5,-23.1462994014606));
#10130=CARTESIAN_POINT('Ctrl Pts',(-20.313438291623,-12.5,-22.7109399234638));
#10131=CARTESIAN_POINT('Ctrl Pts',(-20.313438291623,-12.,-22.7109399234638));
#10132=CARTESIAN_POINT('Ctrl Pts',(-20.2525223260337,-12.5,-22.7711927955844));
#10133=CARTESIAN_POINT('Ctrl Pts',(-20.2525223260337,-12.,-22.7711927955844));
#10134=CARTESIAN_POINT('Ctrl Pts',(-20.1206719276166,-12.5,-22.9016079522357));
#10135=CARTESIAN_POINT('Ctrl Pts',(-20.1206719276166,-12.,-22.9016079522357));
#10136=CARTESIAN_POINT('Ctrl Pts',(-19.9468573040592,-12.5,-22.9674214924887));
#10137=CARTESIAN_POINT('Ctrl Pts',(-19.9468573040592,-12.,-22.9674214924887));
#10138=CARTESIAN_POINT('Ctrl Pts',(-19.8533464623231,-12.5,-23.0028286373004));
#10139=CARTESIAN_POINT('Ctrl Pts',(-19.8533464623231,-12.,-23.0028286373004));
#10140=CARTESIAN_POINT('',(-20.313438291623,-12.5,-22.7109399234638));
#10141=CARTESIAN_POINT('Ctrl Pts',(-20.313438291623,-12.5,-22.7109399234638));
#10142=CARTESIAN_POINT('Ctrl Pts',(-20.2525223260337,-12.5,-22.7711927955844));
#10143=CARTESIAN_POINT('Ctrl Pts',(-20.1206719276166,-12.5,-22.9016079522357));
#10144=CARTESIAN_POINT('Ctrl Pts',(-19.9468573040592,-12.5,-22.9674214924887));
#10145=CARTESIAN_POINT('Ctrl Pts',(-19.8533464623231,-12.5,-23.0028286373004));
#10146=CARTESIAN_POINT('',(-20.313438291623,-12.,-22.7109399234638));
#10147=CARTESIAN_POINT('',(-20.313438291623,-12.5,-22.7109399234638));
#10148=CARTESIAN_POINT('Ctrl Pts',(-20.313438291623,-12.,-22.7109399234638));
#10149=CARTESIAN_POINT('Ctrl Pts',(-20.2525223260337,-12.,-22.7711927955844));
#10150=CARTESIAN_POINT('Ctrl Pts',(-20.1206719276166,-12.,-22.9016079522357));
#10151=CARTESIAN_POINT('Ctrl Pts',(-19.9468573040592,-12.,-22.9674214924887));
#10152=CARTESIAN_POINT('Ctrl Pts',(-19.8533464623231,-12.,-23.0028286373004));
#10153=CARTESIAN_POINT('Ctrl Pts',(-20.4717500162858,-12.5,-22.2261109744892));
#10154=CARTESIAN_POINT('Ctrl Pts',(-20.4717500162858,-12.,-22.2261109744892));
#10155=CARTESIAN_POINT('Ctrl Pts',(-20.4666255888028,-12.5,-22.3187050547488));
#10156=CARTESIAN_POINT('Ctrl Pts',(-20.4666255888028,-12.,-22.3187050547488));
#10157=CARTESIAN_POINT('Ctrl Pts',(-20.4568794386546,-12.5,-22.4948097634264));
#10158=CARTESIAN_POINT('Ctrl Pts',(-20.4568794386546,-12.,-22.4948097634264));
#10159=CARTESIAN_POINT('Ctrl Pts',(-20.3595790954123,-12.5,-22.6414171992414));
#10160=CARTESIAN_POINT('Ctrl Pts',(-20.3595790954123,-12.,-22.6414171992414));
#10161=CARTESIAN_POINT('Ctrl Pts',(-20.313438291623,-12.5,-22.7109399234638));
#10162=CARTESIAN_POINT('Ctrl Pts',(-20.313438291623,-12.,-22.7109399234638));
#10163=CARTESIAN_POINT('',(-20.4717500162858,-12.5,-22.2261109744892));
#10164=CARTESIAN_POINT('Ctrl Pts',(-20.4717500162858,-12.5,-22.2261109744892));
#10165=CARTESIAN_POINT('Ctrl Pts',(-20.4666255888028,-12.5,-22.3187050547488));
#10166=CARTESIAN_POINT('Ctrl Pts',(-20.4568794386546,-12.5,-22.4948097634264));
#10167=CARTESIAN_POINT('Ctrl Pts',(-20.3595790954123,-12.5,-22.6414171992414));
#10168=CARTESIAN_POINT('Ctrl Pts',(-20.313438291623,-12.5,-22.7109399234638));
#10169=CARTESIAN_POINT('',(-20.4717500162858,-12.,-22.2261109744892));
#10170=CARTESIAN_POINT('',(-20.4717500162858,-12.5,-22.2261109744892));
#10171=CARTESIAN_POINT('Ctrl Pts',(-20.4717500162858,-12.,-22.2261109744892));
#10172=CARTESIAN_POINT('Ctrl Pts',(-20.4666255888028,-12.,-22.3187050547488));
#10173=CARTESIAN_POINT('Ctrl Pts',(-20.4568794386546,-12.,-22.4948097634264));
#10174=CARTESIAN_POINT('Ctrl Pts',(-20.3595790954123,-12.,-22.6414171992414));
#10175=CARTESIAN_POINT('Ctrl Pts',(-20.313438291623,-12.,-22.7109399234638));
#10176=CARTESIAN_POINT('Ctrl Pts',(-20.3777528954286,-12.5,-21.7264428531513));
#10177=CARTESIAN_POINT('Ctrl Pts',(-20.3777528954286,-12.,-21.7264428531513));
#10178=CARTESIAN_POINT('Ctrl Pts',(-20.4051160683604,-12.5,-21.8143787244973));
#10179=CARTESIAN_POINT('Ctrl Pts',(-20.4051160683604,-12.,-21.8143787244973));
#10180=CARTESIAN_POINT('Ctrl Pts',(-20.4558472319531,-12.5,-21.9774113189281));
#10181=CARTESIAN_POINT('Ctrl Pts',(-20.4558472319531,-12.,-21.9774113189281));
#10182=CARTESIAN_POINT('Ctrl Pts',(-20.4667348967543,-12.5,-22.14768077799));
#10183=CARTESIAN_POINT('Ctrl Pts',(-20.4667348967543,-12.,-22.14768077799));
#10184=CARTESIAN_POINT('Ctrl Pts',(-20.4717500162858,-12.5,-22.2261109744892));
#10185=CARTESIAN_POINT('Ctrl Pts',(-20.4717500162858,-12.,-22.2261109744892));
#10186=CARTESIAN_POINT('',(-20.3777528954286,-12.5,-21.7264428531513));
#10187=CARTESIAN_POINT('Ctrl Pts',(-20.3777528954286,-12.5,-21.7264428531513));
#10188=CARTESIAN_POINT('Ctrl Pts',(-20.4051160683604,-12.5,-21.8143787244973));
#10189=CARTESIAN_POINT('Ctrl Pts',(-20.4558472319531,-12.5,-21.9774113189281));
#10190=CARTESIAN_POINT('Ctrl Pts',(-20.4667348967543,-12.5,-22.14768077799));
#10191=CARTESIAN_POINT('Ctrl Pts',(-20.4717500162858,-12.5,-22.2261109744892));
#10192=CARTESIAN_POINT('',(-20.3777528954286,-12.,-21.7264428531513));
#10193=CARTESIAN_POINT('',(-20.3777528954286,-12.5,-21.7264428531513));
#10194=CARTESIAN_POINT('Ctrl Pts',(-20.3777528954286,-12.,-21.7264428531513));
#10195=CARTESIAN_POINT('Ctrl Pts',(-20.4051160683604,-12.,-21.8143787244973));
#10196=CARTESIAN_POINT('Ctrl Pts',(-20.4558472319531,-12.,-21.9774113189281));
#10197=CARTESIAN_POINT('Ctrl Pts',(-20.4667348967543,-12.,-22.14768077799));
#10198=CARTESIAN_POINT('Ctrl Pts',(-20.4717500162858,-12.,-22.2261109744892));
#10199=CARTESIAN_POINT('Ctrl Pts',(-20.2887023640412,-12.5,-21.3652959262714));
#10200=CARTESIAN_POINT('Ctrl Pts',(-20.2887023640412,-12.,-21.3652959262714));
#10201=CARTESIAN_POINT('Ctrl Pts',(-20.2953554127289,-12.5,-21.4079361089385));
#10202=CARTESIAN_POINT('Ctrl Pts',(-20.2953554127289,-12.,-21.4079361089385));
#10203=CARTESIAN_POINT('Ctrl Pts',(-20.314515325207,-12.5,-21.5307342735549));
#10204=CARTESIAN_POINT('Ctrl Pts',(-20.314515325207,-12.,-21.5307342735549));
#10205=CARTESIAN_POINT('Ctrl Pts',(-20.3527770762769,-12.5,-21.6491473139126));
#10206=CARTESIAN_POINT('Ctrl Pts',(-20.3527770762769,-12.,-21.6491473139126));
#10207=CARTESIAN_POINT('Ctrl Pts',(-20.3777528954286,-12.5,-21.7264428531513));
#10208=CARTESIAN_POINT('Ctrl Pts',(-20.3777528954286,-12.,-21.7264428531513));
#10209=CARTESIAN_POINT('',(-20.2887023640412,-12.5,-21.3652959262714));
#10210=CARTESIAN_POINT('Ctrl Pts',(-20.2887023640412,-12.5,-21.3652959262714));
#10211=CARTESIAN_POINT('Ctrl Pts',(-20.2953554127289,-12.5,-21.4079361089385));
#10212=CARTESIAN_POINT('Ctrl Pts',(-20.314515325207,-12.5,-21.5307342735549));
#10213=CARTESIAN_POINT('Ctrl Pts',(-20.3527770762769,-12.5,-21.6491473139126));
#10214=CARTESIAN_POINT('Ctrl Pts',(-20.3777528954286,-12.5,-21.7264428531513));
#10215=CARTESIAN_POINT('',(-20.2887023640412,-12.,-21.3652959262714));
#10216=CARTESIAN_POINT('',(-20.2887023640412,-12.5,-21.3652959262714));
#10217=CARTESIAN_POINT('Ctrl Pts',(-20.2887023640412,-12.,-21.3652959262714));
#10218=CARTESIAN_POINT('Ctrl Pts',(-20.2953554127289,-12.,-21.4079361089385));
#10219=CARTESIAN_POINT('Ctrl Pts',(-20.314515325207,-12.,-21.5307342735549));
#10220=CARTESIAN_POINT('Ctrl Pts',(-20.3527770762769,-12.,-21.6491473139126));
#10221=CARTESIAN_POINT('Ctrl Pts',(-20.3777528954286,-12.,-21.7264428531513));
#10222=CARTESIAN_POINT('Ctrl Pts',(-20.4470134926576,-12.5,-20.9991994296894));
#10223=CARTESIAN_POINT('Ctrl Pts',(-20.4470134926576,-12.,-20.9991994296894));
#10224=CARTESIAN_POINT('Ctrl Pts',(-20.4008649969966,-12.5,-21.0549667529525));
#10225=CARTESIAN_POINT('Ctrl Pts',(-20.4008649969966,-12.,-21.0549667529525));
#10226=CARTESIAN_POINT('Ctrl Pts',(-20.3123690162757,-12.5,-21.1619081362776));
#10227=CARTESIAN_POINT('Ctrl Pts',(-20.3123690162757,-12.,-21.1619081362776));
#10228=CARTESIAN_POINT('Ctrl Pts',(-20.2963620755594,-12.5,-21.2994694721436));
#10229=CARTESIAN_POINT('Ctrl Pts',(-20.2963620755594,-12.,-21.2994694721436));
#10230=CARTESIAN_POINT('Ctrl Pts',(-20.2887023640412,-12.5,-21.3652959262714));
#10231=CARTESIAN_POINT('Ctrl Pts',(-20.2887023640412,-12.,-21.3652959262714));
#10232=CARTESIAN_POINT('',(-20.4470134926576,-12.5,-20.9991994296894));
#10233=CARTESIAN_POINT('Ctrl Pts',(-20.4470134926576,-12.5,-20.9991994296894));
#10234=CARTESIAN_POINT('Ctrl Pts',(-20.4008649969966,-12.5,-21.0549667529525));
#10235=CARTESIAN_POINT('Ctrl Pts',(-20.3123690162757,-12.5,-21.1619081362776));
#10236=CARTESIAN_POINT('Ctrl Pts',(-20.2963620755594,-12.5,-21.2994694721436));
#10237=CARTESIAN_POINT('Ctrl Pts',(-20.2887023640412,-12.5,-21.3652959262714));
#10238=CARTESIAN_POINT('',(-20.4470134926576,-12.,-20.9991994296894));
#10239=CARTESIAN_POINT('',(-20.4470134926576,-12.5,-20.9991994296894));
#10240=CARTESIAN_POINT('Ctrl Pts',(-20.4470134926576,-12.,-20.9991994296894));
#10241=CARTESIAN_POINT('Ctrl Pts',(-20.4008649969966,-12.,-21.0549667529525));
#10242=CARTESIAN_POINT('Ctrl Pts',(-20.3123690162757,-12.,-21.1619081362776));
#10243=CARTESIAN_POINT('Ctrl Pts',(-20.2963620755594,-12.,-21.2994694721436));
#10244=CARTESIAN_POINT('Ctrl Pts',(-20.2887023640412,-12.,-21.3652959262714));
#10245=CARTESIAN_POINT('Ctrl Pts',(-20.8576340628404,-12.5,-20.8260503208026));
#10246=CARTESIAN_POINT('Ctrl Pts',(-20.8576340628404,-12.,-20.8260503208026));
#10247=CARTESIAN_POINT('Ctrl Pts',(-20.7789899492156,-12.5,-20.8329434422536));
#10248=CARTESIAN_POINT('Ctrl Pts',(-20.7789899492156,-12.,-20.8329434422536));
#10249=CARTESIAN_POINT('Ctrl Pts',(-20.6234063015242,-12.5,-20.8465802795181));
#10250=CARTESIAN_POINT('Ctrl Pts',(-20.6234063015242,-12.,-20.8465802795181));
#10251=CARTESIAN_POINT('Ctrl Pts',(-20.505380062495,-12.5,-20.9486993194851));
#10252=CARTESIAN_POINT('Ctrl Pts',(-20.505380062495,-12.,-20.9486993194851));
#10253=CARTESIAN_POINT('Ctrl Pts',(-20.4470134926576,-12.5,-20.9991994296894));
#10254=CARTESIAN_POINT('Ctrl Pts',(-20.4470134926576,-12.,-20.9991994296894));
#10255=CARTESIAN_POINT('',(-20.8576340628404,-12.5,-20.8260503208026));
#10256=CARTESIAN_POINT('Ctrl Pts',(-20.8576340628404,-12.5,-20.8260503208026));
#10257=CARTESIAN_POINT('Ctrl Pts',(-20.7789899492156,-12.5,-20.8329434422536));
#10258=CARTESIAN_POINT('Ctrl Pts',(-20.6234063015242,-12.5,-20.8465802795181));
#10259=CARTESIAN_POINT('Ctrl Pts',(-20.505380062495,-12.5,-20.9486993194851));
#10260=CARTESIAN_POINT('Ctrl Pts',(-20.4470134926576,-12.5,-20.9991994296894));
#10261=CARTESIAN_POINT('',(-20.8576340628404,-12.,-20.8260503208026));
#10262=CARTESIAN_POINT('',(-20.8576340628404,-12.5,-20.8260503208026));
#10263=CARTESIAN_POINT('Ctrl Pts',(-20.8576340628404,-12.,-20.8260503208026));
#10264=CARTESIAN_POINT('Ctrl Pts',(-20.7789899492156,-12.,-20.8329434422536));
#10265=CARTESIAN_POINT('Ctrl Pts',(-20.6234063015242,-12.,-20.8465802795181));
#10266=CARTESIAN_POINT('Ctrl Pts',(-20.505380062495,-12.,-20.9486993194851));
#10267=CARTESIAN_POINT('Ctrl Pts',(-20.4470134926576,-12.,-20.9991994296894));
#10268=CARTESIAN_POINT('Ctrl Pts',(-21.4216179800767,-12.5,-21.2267747318134));
#10269=CARTESIAN_POINT('Ctrl Pts',(-21.4216179800767,-12.,-21.2267747318134));
#10270=CARTESIAN_POINT('Ctrl Pts',(-21.3502936848439,-12.5,-21.1101257065384));
#10271=CARTESIAN_POINT('Ctrl Pts',(-21.3502936848439,-12.,-21.1101257065384));
#10272=CARTESIAN_POINT('Ctrl Pts',(-21.218117508274,-12.5,-20.8939550158764));
#10273=CARTESIAN_POINT('Ctrl Pts',(-21.218117508274,-12.,-20.8939550158764));
#10274=CARTESIAN_POINT('Ctrl Pts',(-20.9712760695174,-12.5,-20.8474572006711));
#10275=CARTESIAN_POINT('Ctrl Pts',(-20.9712760695174,-12.,-20.8474572006711));
#10276=CARTESIAN_POINT('Ctrl Pts',(-20.8576340628404,-12.5,-20.8260503208026));
#10277=CARTESIAN_POINT('Ctrl Pts',(-20.8576340628404,-12.,-20.8260503208026));
#10278=CARTESIAN_POINT('',(-21.4216179800767,-12.5,-21.2267747318134));
#10279=CARTESIAN_POINT('Ctrl Pts',(-21.4216179800767,-12.5,-21.2267747318134));
#10280=CARTESIAN_POINT('Ctrl Pts',(-21.3502936848439,-12.5,-21.1101257065384));
#10281=CARTESIAN_POINT('Ctrl Pts',(-21.218117508274,-12.5,-20.8939550158764));
#10282=CARTESIAN_POINT('Ctrl Pts',(-20.9712760695174,-12.5,-20.8474572006711));
#10283=CARTESIAN_POINT('Ctrl Pts',(-20.8576340628404,-12.5,-20.8260503208026));
#10284=CARTESIAN_POINT('',(-21.4216179800767,-12.,-21.2267747318134));
#10285=CARTESIAN_POINT('',(-21.4216179800767,-12.5,-21.2267747318134));
#10286=CARTESIAN_POINT('Ctrl Pts',(-21.4216179800767,-12.,-21.2267747318134));
#10287=CARTESIAN_POINT('Ctrl Pts',(-21.3502936848439,-12.,-21.1101257065384));
#10288=CARTESIAN_POINT('Ctrl Pts',(-21.218117508274,-12.,-20.8939550158764));
#10289=CARTESIAN_POINT('Ctrl Pts',(-20.9712760695174,-12.,-20.8474572006711));
#10290=CARTESIAN_POINT('Ctrl Pts',(-20.8576340628404,-12.,-20.8260503208026));
#10291=CARTESIAN_POINT('Ctrl Pts',(-21.6343493414659,-12.5,-22.0529618656024));
#10292=CARTESIAN_POINT('Ctrl Pts',(-21.6343493414659,-12.,-22.0529618656024));
#10293=CARTESIAN_POINT('Ctrl Pts',(-21.6249050492986,-12.5,-21.9110880819331));
#10294=CARTESIAN_POINT('Ctrl Pts',(-21.6249050492986,-12.,-21.9110880819331));
#10295=CARTESIAN_POINT('Ctrl Pts',(-21.605693946402,-12.5,-21.6224955852047));
#10296=CARTESIAN_POINT('Ctrl Pts',(-21.605693946402,-12.,-21.6224955852047));
#10297=CARTESIAN_POINT('Ctrl Pts',(-21.4836595454606,-12.5,-21.3601497817427));
#10298=CARTESIAN_POINT('Ctrl Pts',(-21.4836595454606,-12.,-21.3601497817427));
#10299=CARTESIAN_POINT('Ctrl Pts',(-21.4216179800767,-12.5,-21.2267747318134));
#10300=CARTESIAN_POINT('Ctrl Pts',(-21.4216179800767,-12.,-21.2267747318134));
#10301=CARTESIAN_POINT('',(-21.6343493414659,-12.5,-22.0529618656024));
#10302=CARTESIAN_POINT('Ctrl Pts',(-21.6343493414659,-12.5,-22.0529618656024));
#10303=CARTESIAN_POINT('Ctrl Pts',(-21.6249050492986,-12.5,-21.9110880819331));
#10304=CARTESIAN_POINT('Ctrl Pts',(-21.605693946402,-12.5,-21.6224955852047));
#10305=CARTESIAN_POINT('Ctrl Pts',(-21.4836595454606,-12.5,-21.3601497817427));
#10306=CARTESIAN_POINT('Ctrl Pts',(-21.4216179800767,-12.5,-21.2267747318134));
#10307=CARTESIAN_POINT('',(-21.6343493414659,-12.,-22.0529618656024));
#10308=CARTESIAN_POINT('',(-21.6343493414659,-12.5,-22.0529618656024));
#10309=CARTESIAN_POINT('Ctrl Pts',(-21.6343493414659,-12.,-22.0529618656024));
#10310=CARTESIAN_POINT('Ctrl Pts',(-21.6249050492986,-12.,-21.9110880819331));
#10311=CARTESIAN_POINT('Ctrl Pts',(-21.605693946402,-12.,-21.6224955852047));
#10312=CARTESIAN_POINT('Ctrl Pts',(-21.4836595454606,-12.,-21.3601497817427));
#10313=CARTESIAN_POINT('Ctrl Pts',(-21.4216179800767,-12.,-21.2267747318134));
#10314=CARTESIAN_POINT('Ctrl Pts',(-21.4216179800767,-12.5,-22.7356782352313));
#10315=CARTESIAN_POINT('Ctrl Pts',(-21.4216179800767,-12.,-22.7356782352313));
#10316=CARTESIAN_POINT('Ctrl Pts',(-21.4835922648395,-12.5,-22.6387625033228));
#10317=CARTESIAN_POINT('Ctrl Pts',(-21.4835922648395,-12.,-22.6387625033228));
#10318=CARTESIAN_POINT('Ctrl Pts',(-21.6162942944898,-12.5,-22.4312423297775));
#10319=CARTESIAN_POINT('Ctrl Pts',(-21.6162942944898,-12.,-22.4312423297775));
#10320=CARTESIAN_POINT('Ctrl Pts',(-21.6280720265578,-12.5,-22.1844810801662));
#10321=CARTESIAN_POINT('Ctrl Pts',(-21.6280720265578,-12.,-22.1844810801662));
#10322=CARTESIAN_POINT('Ctrl Pts',(-21.6343493414659,-12.5,-22.0529618656024));
#10323=CARTESIAN_POINT('Ctrl Pts',(-21.6343493414659,-12.,-22.0529618656024));
#10324=CARTESIAN_POINT('',(-21.4216179800767,-12.5,-22.7356782352313));
#10325=CARTESIAN_POINT('Ctrl Pts',(-21.4216179800767,-12.5,-22.7356782352313));
#10326=CARTESIAN_POINT('Ctrl Pts',(-21.4835922648395,-12.5,-22.6387625033228));
#10327=CARTESIAN_POINT('Ctrl Pts',(-21.6162942944898,-12.5,-22.4312423297775));
#10328=CARTESIAN_POINT('Ctrl Pts',(-21.6280720265578,-12.5,-22.1844810801662));
#10329=CARTESIAN_POINT('Ctrl Pts',(-21.6343493414659,-12.5,-22.0529618656024));
#10330=CARTESIAN_POINT('',(-21.4216179800767,-12.,-22.7356782352313));
#10331=CARTESIAN_POINT('',(-21.4216179800767,-12.5,-22.7356782352313));
#10332=CARTESIAN_POINT('Ctrl Pts',(-21.4216179800767,-12.,-22.7356782352313));
#10333=CARTESIAN_POINT('Ctrl Pts',(-21.4835922648395,-12.,-22.6387625033228));
#10334=CARTESIAN_POINT('Ctrl Pts',(-21.6162942944898,-12.,-22.4312423297775));
#10335=CARTESIAN_POINT('Ctrl Pts',(-21.6280720265578,-12.,-22.1844810801662));
#10336=CARTESIAN_POINT('Ctrl Pts',(-21.6343493414659,-12.,-22.0529618656024));
#10337=CARTESIAN_POINT('Ctrl Pts',(-20.7933200550813,-12.5,-23.2304015552387));
#10338=CARTESIAN_POINT('Ctrl Pts',(-20.7933200550813,-12.,-23.2304015552387));
#10339=CARTESIAN_POINT('Ctrl Pts',(-20.9191389806022,-12.5,-23.1540192044978));
#10340=CARTESIAN_POINT('Ctrl Pts',(-20.9191389806022,-12.,-23.1540192044978));
#10341=CARTESIAN_POINT('Ctrl Pts',(-21.1489149492511,-12.5,-23.0145264488848));
#10342=CARTESIAN_POINT('Ctrl Pts',(-21.1489149492511,-12.,-23.0145264488848));
#10343=CARTESIAN_POINT('Ctrl Pts',(-21.3366716315398,-12.5,-22.8225387936718));
#10344=CARTESIAN_POINT('Ctrl Pts',(-21.3366716315398,-12.,-22.8225387936718));
#10345=CARTESIAN_POINT('Ctrl Pts',(-21.4216179800767,-12.5,-22.7356782352313));
#10346=CARTESIAN_POINT('Ctrl Pts',(-21.4216179800767,-12.,-22.7356782352313));
#10347=CARTESIAN_POINT('',(-20.7933200550813,-12.5,-23.2304015552387));
#10348=CARTESIAN_POINT('Ctrl Pts',(-20.7933200550813,-12.5,-23.2304015552387));
#10349=CARTESIAN_POINT('Ctrl Pts',(-20.9191389806022,-12.5,-23.1540192044978));
#10350=CARTESIAN_POINT('Ctrl Pts',(-21.1489149492511,-12.5,-23.0145264488848));
#10351=CARTESIAN_POINT('Ctrl Pts',(-21.3366716315398,-12.5,-22.8225387936718));
#10352=CARTESIAN_POINT('Ctrl Pts',(-21.4216179800767,-12.5,-22.7356782352313));
#10353=CARTESIAN_POINT('',(-20.7933200550813,-12.,-23.2304015552387));
#10354=CARTESIAN_POINT('',(-20.7933200550813,-12.5,-23.2304015552387));
#10355=CARTESIAN_POINT('Ctrl Pts',(-20.7933200550813,-12.,-23.2304015552387));
#10356=CARTESIAN_POINT('Ctrl Pts',(-20.9191389806022,-12.,-23.1540192044978));
#10357=CARTESIAN_POINT('Ctrl Pts',(-21.1489149492511,-12.,-23.0145264488848));
#10358=CARTESIAN_POINT('Ctrl Pts',(-21.3366716315398,-12.,-22.8225387936718));
#10359=CARTESIAN_POINT('Ctrl Pts',(-21.4216179800767,-12.,-22.7356782352313));
#10360=CARTESIAN_POINT('Ctrl Pts',(-21.4216179800767,-12.5,-23.3936610614643));
#10361=CARTESIAN_POINT('Ctrl Pts',(-21.4216179800767,-12.,-23.3936610614643));
#10362=CARTESIAN_POINT('Ctrl Pts',(-21.3353787036453,-12.5,-23.3496669418589));
#10363=CARTESIAN_POINT('Ctrl Pts',(-21.3353787036453,-12.,-23.3496669418589));
#10364=CARTESIAN_POINT('Ctrl Pts',(-21.1387263716137,-12.5,-23.2493466867031));
#10365=CARTESIAN_POINT('Ctrl Pts',(-21.1387263716137,-12.,-23.2493466867031));
#10366=CARTESIAN_POINT('Ctrl Pts',(-20.9175195525436,-12.5,-23.2372137520475));
#10367=CARTESIAN_POINT('Ctrl Pts',(-20.9175195525436,-12.,-23.2372137520475));
#10368=CARTESIAN_POINT('Ctrl Pts',(-20.7933200550813,-12.5,-23.2304015552387));
#10369=CARTESIAN_POINT('Ctrl Pts',(-20.7933200550813,-12.,-23.2304015552387));
#10370=CARTESIAN_POINT('',(-21.4216179800767,-12.5,-23.3936610614643));
#10371=CARTESIAN_POINT('Ctrl Pts',(-21.4216179800767,-12.5,-23.3936610614643));
#10372=CARTESIAN_POINT('Ctrl Pts',(-21.3353787036453,-12.5,-23.3496669418589));
#10373=CARTESIAN_POINT('Ctrl Pts',(-21.1387263716137,-12.5,-23.2493466867031));
#10374=CARTESIAN_POINT('Ctrl Pts',(-20.9175195525436,-12.5,-23.2372137520475));
#10375=CARTESIAN_POINT('Ctrl Pts',(-20.7933200550813,-12.5,-23.2304015552387));
#10376=CARTESIAN_POINT('',(-21.4216179800767,-12.,-23.3936610614643));
#10377=CARTESIAN_POINT('',(-21.4216179800767,-12.5,-23.3936610614643));
#10378=CARTESIAN_POINT('Ctrl Pts',(-21.4216179800767,-12.,-23.3936610614643));
#10379=CARTESIAN_POINT('Ctrl Pts',(-21.3353787036453,-12.,-23.3496669418589));
#10380=CARTESIAN_POINT('Ctrl Pts',(-21.1387263716137,-12.,-23.2493466867031));
#10381=CARTESIAN_POINT('Ctrl Pts',(-20.9175195525436,-12.,-23.2372137520475));
#10382=CARTESIAN_POINT('Ctrl Pts',(-20.7933200550813,-12.,-23.2304015552387));
#10383=CARTESIAN_POINT('Ctrl Pts',(-21.6343493414659,-12.5,-23.8784900104389));
#10384=CARTESIAN_POINT('Ctrl Pts',(-21.6343493414659,-12.,-23.8784900104389));
#10385=CARTESIAN_POINT('Ctrl Pts',(-21.6285488161915,-12.5,-23.7765030339514));
#10386=CARTESIAN_POINT('Ctrl Pts',(-21.6285488161915,-12.,-23.7765030339514));
#10387=CARTESIAN_POINT('Ctrl Pts',(-21.6177753017218,-12.5,-23.5870791257813));
#10388=CARTESIAN_POINT('Ctrl Pts',(-21.6177753017218,-12.,-23.5870791257813));
#10389=CARTESIAN_POINT('Ctrl Pts',(-21.483567493561,-12.5,-23.4547454751533));
#10390=CARTESIAN_POINT('Ctrl Pts',(-21.483567493561,-12.,-23.4547454751533));
#10391=CARTESIAN_POINT('Ctrl Pts',(-21.4216179800767,-12.5,-23.3936610614643));
#10392=CARTESIAN_POINT('Ctrl Pts',(-21.4216179800767,-12.,-23.3936610614643));
#10393=CARTESIAN_POINT('',(-21.6343493414659,-12.5,-23.8784900104389));
#10394=CARTESIAN_POINT('Ctrl Pts',(-21.6343493414659,-12.5,-23.8784900104389));
#10395=CARTESIAN_POINT('Ctrl Pts',(-21.6285488161915,-12.5,-23.7765030339514));
#10396=CARTESIAN_POINT('Ctrl Pts',(-21.6177753017218,-12.5,-23.5870791257813));
#10397=CARTESIAN_POINT('Ctrl Pts',(-21.483567493561,-12.5,-23.4547454751533));
#10398=CARTESIAN_POINT('Ctrl Pts',(-21.4216179800767,-12.5,-23.3936610614643));
#10399=CARTESIAN_POINT('',(-21.6343493414659,-12.,-23.8784900104389));
#10400=CARTESIAN_POINT('',(-21.6343493414659,-12.5,-23.8784900104389));
#10401=CARTESIAN_POINT('Ctrl Pts',(-21.6343493414659,-12.,-23.8784900104389));
#10402=CARTESIAN_POINT('Ctrl Pts',(-21.6285488161915,-12.,-23.7765030339514));
#10403=CARTESIAN_POINT('Ctrl Pts',(-21.6177753017218,-12.,-23.5870791257813));
#10404=CARTESIAN_POINT('Ctrl Pts',(-21.483567493561,-12.,-23.4547454751533));
#10405=CARTESIAN_POINT('Ctrl Pts',(-21.4216179800767,-12.,-23.3936610614643));
#10406=CARTESIAN_POINT('Ctrl Pts',(-20.7240588618058,-12.5,-24.536470452486));
#10407=CARTESIAN_POINT('Ctrl Pts',(-20.7240588618058,-12.,-24.536470452486));
#10408=CARTESIAN_POINT('Ctrl Pts',(-20.9881467029112,-12.5,-24.5261006963775));
#10409=CARTESIAN_POINT('Ctrl Pts',(-20.9881467029112,-12.,-24.5261006963775));
#10410=CARTESIAN_POINT('Ctrl Pts',(-21.4565948110094,-12.5,-24.5077064658436));
#10411=CARTESIAN_POINT('Ctrl Pts',(-21.4565948110094,-12.,-24.5077064658436));
#10412=CARTESIAN_POINT('Ctrl Pts',(-21.5803577969962,-12.5,-24.0696095737253));
#10413=CARTESIAN_POINT('Ctrl Pts',(-21.5803577969962,-12.,-24.0696095737253));
#10414=CARTESIAN_POINT('Ctrl Pts',(-21.6343493414659,-12.5,-23.8784900104389));
#10415=CARTESIAN_POINT('Ctrl Pts',(-21.6343493414659,-12.,-23.8784900104389));
#10416=CARTESIAN_POINT('',(-20.7240588618058,-12.5,-24.536470452486));
#10417=CARTESIAN_POINT('Ctrl Pts',(-20.7240588618058,-12.5,-24.536470452486));
#10418=CARTESIAN_POINT('Ctrl Pts',(-20.9881467029112,-12.5,-24.5261006963775));
#10419=CARTESIAN_POINT('Ctrl Pts',(-21.4565948110094,-12.5,-24.5077064658436));
#10420=CARTESIAN_POINT('Ctrl Pts',(-21.5803577969962,-12.5,-24.0696095737253));
#10421=CARTESIAN_POINT('Ctrl Pts',(-21.6343493414659,-12.5,-23.8784900104389));
#10422=CARTESIAN_POINT('',(-20.7240588618058,-12.,-24.536470452486));
#10423=CARTESIAN_POINT('',(-20.7240588618058,-12.5,-24.536470452486));
#10424=CARTESIAN_POINT('Ctrl Pts',(-20.7240588618058,-12.,-24.536470452486));
#10425=CARTESIAN_POINT('Ctrl Pts',(-20.9881467029112,-12.,-24.5261006963775));
#10426=CARTESIAN_POINT('Ctrl Pts',(-21.4565948110094,-12.,-24.5077064658436));
#10427=CARTESIAN_POINT('Ctrl Pts',(-21.5803577969962,-12.,-24.0696095737253));
#10428=CARTESIAN_POINT('Ctrl Pts',(-21.6343493414659,-12.,-23.8784900104389));
#10429=CARTESIAN_POINT('Origin',(-16.9641638947267,-12.5,-24.536470452486));
#10430=CARTESIAN_POINT('',(-16.9641638947267,-12.5,-24.536470452486));
#10431=CARTESIAN_POINT('',(-1.61070324324867,-12.5,-24.536470452486));
#10432=CARTESIAN_POINT('',(-16.9641638947267,-12.,-24.536470452486));
#10433=CARTESIAN_POINT('',(-16.9641638947267,-12.5,-24.536470452486));
#10434=CARTESIAN_POINT('',(-16.9641638947267,-12.,-24.536470452486));
#10435=CARTESIAN_POINT('Ctrl Pts',(-16.3507081223268,-12.5,-24.3484750186786));
#10436=CARTESIAN_POINT('Ctrl Pts',(-16.3507081223268,-12.,-24.3484750186786));
#10437=CARTESIAN_POINT('Ctrl Pts',(-16.4339437771196,-12.5,-24.4031615422508));
#10438=CARTESIAN_POINT('Ctrl Pts',(-16.4339437771196,-12.,-24.4031615422508));
#10439=CARTESIAN_POINT('Ctrl Pts',(-16.6191211531083,-12.5,-24.5248246319716));
#10440=CARTESIAN_POINT('Ctrl Pts',(-16.6191211531083,-12.,-24.5248246319716));
#10441=CARTESIAN_POINT('Ctrl Pts',(-16.8416563662772,-12.5,-24.5323356004346));
#10442=CARTESIAN_POINT('Ctrl Pts',(-16.8416563662772,-12.,-24.5323356004346));
#10443=CARTESIAN_POINT('Ctrl Pts',(-16.9641638947267,-12.5,-24.536470452486));
#10444=CARTESIAN_POINT('Ctrl Pts',(-16.9641638947267,-12.,-24.536470452486));
#10445=CARTESIAN_POINT('',(-16.3507081223268,-12.5,-24.3484750186786));
#10446=CARTESIAN_POINT('Ctrl Pts',(-16.3507081223268,-12.5,-24.3484750186786));
#10447=CARTESIAN_POINT('Ctrl Pts',(-16.4339437771196,-12.5,-24.4031615422508));
#10448=CARTESIAN_POINT('Ctrl Pts',(-16.6191211531083,-12.5,-24.5248246319716));
#10449=CARTESIAN_POINT('Ctrl Pts',(-16.8416563662772,-12.5,-24.5323356004346));
#10450=CARTESIAN_POINT('Ctrl Pts',(-16.9641638947267,-12.5,-24.536470452486));
#10451=CARTESIAN_POINT('',(-16.3507081223268,-12.,-24.3484750186786));
#10452=CARTESIAN_POINT('',(-16.3507081223268,-12.5,-24.3484750186786));
#10453=CARTESIAN_POINT('Ctrl Pts',(-16.3507081223268,-12.,-24.3484750186786));
#10454=CARTESIAN_POINT('Ctrl Pts',(-16.4339437771196,-12.,-24.4031615422508));
#10455=CARTESIAN_POINT('Ctrl Pts',(-16.6191211531083,-12.,-24.5248246319716));
#10456=CARTESIAN_POINT('Ctrl Pts',(-16.8416563662772,-12.,-24.5323356004346));
#10457=CARTESIAN_POINT('Ctrl Pts',(-16.9641638947267,-12.,-24.536470452486));
#10458=CARTESIAN_POINT('Ctrl Pts',(-16.142923946454,-12.5,-23.8685956394062));
#10459=CARTESIAN_POINT('Ctrl Pts',(-16.142923946454,-12.,-23.8685956394062));
#10460=CARTESIAN_POINT('Ctrl Pts',(-16.1511709617729,-12.5,-23.9611875870189));
#10461=CARTESIAN_POINT('Ctrl Pts',(-16.1511709617729,-12.,-23.9611875870189));
#10462=CARTESIAN_POINT('Ctrl Pts',(-16.1674751498425,-12.5,-24.1442400574267));
#10463=CARTESIAN_POINT('Ctrl Pts',(-16.1674751498425,-12.,-24.1442400574267));
#10464=CARTESIAN_POINT('Ctrl Pts',(-16.2901064291856,-12.5,-24.2809272171957));
#10465=CARTESIAN_POINT('Ctrl Pts',(-16.2901064291856,-12.,-24.2809272171957));
#10466=CARTESIAN_POINT('Ctrl Pts',(-16.3507081223268,-12.5,-24.3484750186786));
#10467=CARTESIAN_POINT('Ctrl Pts',(-16.3507081223268,-12.,-24.3484750186786));
#10468=CARTESIAN_POINT('',(-16.142923946454,-12.5,-23.8685956394062));
#10469=CARTESIAN_POINT('Ctrl Pts',(-16.142923946454,-12.5,-23.8685956394062));
#10470=CARTESIAN_POINT('Ctrl Pts',(-16.1511709617729,-12.5,-23.9611875870189));
#10471=CARTESIAN_POINT('Ctrl Pts',(-16.1674751498425,-12.5,-24.1442400574267));
#10472=CARTESIAN_POINT('Ctrl Pts',(-16.2901064291856,-12.5,-24.2809272171957));
#10473=CARTESIAN_POINT('Ctrl Pts',(-16.3507081223268,-12.5,-24.3484750186786));
#10474=CARTESIAN_POINT('',(-16.142923946454,-12.,-23.8685956394062));
#10475=CARTESIAN_POINT('',(-16.142923946454,-12.5,-23.8685956394062));
#10476=CARTESIAN_POINT('Ctrl Pts',(-16.142923946454,-12.,-23.8685956394062));
#10477=CARTESIAN_POINT('Ctrl Pts',(-16.1511709617729,-12.,-23.9611875870189));
#10478=CARTESIAN_POINT('Ctrl Pts',(-16.1674751498425,-12.,-24.1442400574267));
#10479=CARTESIAN_POINT('Ctrl Pts',(-16.2901064291856,-12.,-24.2809272171957));
#10480=CARTESIAN_POINT('Ctrl Pts',(-16.3507081223268,-12.,-24.3484750186786));
#10481=CARTESIAN_POINT('Ctrl Pts',(-16.3457609368104,-12.5,-23.3788195049152));
#10482=CARTESIAN_POINT('Ctrl Pts',(-16.3457609368104,-12.,-23.3788195049152));
#10483=CARTESIAN_POINT('Ctrl Pts',(-16.2866047162716,-12.5,-23.4482572369105));
#10484=CARTESIAN_POINT('Ctrl Pts',(-16.2866047162716,-12.,-23.4482572369105));
#10485=CARTESIAN_POINT('Ctrl Pts',(-16.1662981416581,-12.5,-23.5894734202501));
#10486=CARTESIAN_POINT('Ctrl Pts',(-16.1662981416581,-12.,-23.5894734202501));
#10487=CARTESIAN_POINT('Ctrl Pts',(-16.1508009689699,-12.5,-23.7745324220085));
#10488=CARTESIAN_POINT('Ctrl Pts',(-16.1508009689699,-12.,-23.7745324220085));
#10489=CARTESIAN_POINT('Ctrl Pts',(-16.142923946454,-12.5,-23.8685956394062));
#10490=CARTESIAN_POINT('Ctrl Pts',(-16.142923946454,-12.,-23.8685956394062));
#10491=CARTESIAN_POINT('',(-16.3457609368104,-12.5,-23.3788195049152));
#10492=CARTESIAN_POINT('Ctrl Pts',(-16.3457609368104,-12.5,-23.3788195049152));
#10493=CARTESIAN_POINT('Ctrl Pts',(-16.2866047162716,-12.5,-23.4482572369105));
#10494=CARTESIAN_POINT('Ctrl Pts',(-16.1662981416581,-12.5,-23.5894734202501));
#10495=CARTESIAN_POINT('Ctrl Pts',(-16.1508009689699,-12.5,-23.7745324220085));
#10496=CARTESIAN_POINT('Ctrl Pts',(-16.142923946454,-12.5,-23.8685956394062));
#10497=CARTESIAN_POINT('',(-16.3457609368104,-12.,-23.3788195049152));
#10498=CARTESIAN_POINT('',(-16.3457609368104,-12.5,-23.3788195049152));
#10499=CARTESIAN_POINT('Ctrl Pts',(-16.3457609368104,-12.,-23.3788195049152));
#10500=CARTESIAN_POINT('Ctrl Pts',(-16.2866047162716,-12.,-23.4482572369105));
#10501=CARTESIAN_POINT('Ctrl Pts',(-16.1662981416581,-12.,-23.5894734202501));
#10502=CARTESIAN_POINT('Ctrl Pts',(-16.1508009689699,-12.,-23.7745324220085));
#10503=CARTESIAN_POINT('Ctrl Pts',(-16.142923946454,-12.,-23.8685956394062));
#10504=CARTESIAN_POINT('Ctrl Pts',(-16.9641638947267,-12.5,-23.1858768855915));
#10505=CARTESIAN_POINT('Ctrl Pts',(-16.9641638947267,-12.,-23.1858768855915));
#10506=CARTESIAN_POINT('Ctrl Pts',(-16.8402418516698,-12.5,-23.1901010472361));
#10507=CARTESIAN_POINT('Ctrl Pts',(-16.8402418516698,-12.,-23.1901010472361));
#10508=CARTESIAN_POINT('Ctrl Pts',(-16.6152239646136,-12.5,-23.1977712881747));
#10509=CARTESIAN_POINT('Ctrl Pts',(-16.6152239646136,-12.,-23.1977712881747));
#10510=CARTESIAN_POINT('Ctrl Pts',(-16.4292949607664,-12.5,-23.3226942316349));
#10511=CARTESIAN_POINT('Ctrl Pts',(-16.4292949607664,-12.,-23.3226942316349));
#10512=CARTESIAN_POINT('Ctrl Pts',(-16.3457609368104,-12.5,-23.3788195049152));
#10513=CARTESIAN_POINT('Ctrl Pts',(-16.3457609368104,-12.,-23.3788195049152));
#10514=CARTESIAN_POINT('',(-16.9641638947267,-12.5,-23.1858768855915));
#10515=CARTESIAN_POINT('Ctrl Pts',(-16.9641638947267,-12.5,-23.1858768855915));
#10516=CARTESIAN_POINT('Ctrl Pts',(-16.8402418516698,-12.5,-23.1901010472361));
#10517=CARTESIAN_POINT('Ctrl Pts',(-16.6152239646136,-12.5,-23.1977712881747));
#10518=CARTESIAN_POINT('Ctrl Pts',(-16.4292949607664,-12.5,-23.3226942316349));
#10519=CARTESIAN_POINT('Ctrl Pts',(-16.3457609368104,-12.5,-23.3788195049152));
#10520=CARTESIAN_POINT('',(-16.9641638947267,-12.,-23.1858768855915));
#10521=CARTESIAN_POINT('',(-16.9641638947267,-12.5,-23.1858768855915));
#10522=CARTESIAN_POINT('Ctrl Pts',(-16.9641638947267,-12.,-23.1858768855915));
#10523=CARTESIAN_POINT('Ctrl Pts',(-16.8402418516698,-12.,-23.1901010472361));
#10524=CARTESIAN_POINT('Ctrl Pts',(-16.6152239646136,-12.,-23.1977712881747));
#10525=CARTESIAN_POINT('Ctrl Pts',(-16.4292949607664,-12.,-23.3226942316349));
#10526=CARTESIAN_POINT('Ctrl Pts',(-16.3457609368104,-12.,-23.3788195049152));
#10527=CARTESIAN_POINT('Origin',(-18.0921329212922,-12.5,-23.1858768855915));
#10528=CARTESIAN_POINT('',(-18.0921329212922,-12.5,-23.1858768855915));
#10529=CARTESIAN_POINT('',(-2.17468775653146,-12.5,-23.1858768855915));
#10530=CARTESIAN_POINT('',(-18.0921329212922,-12.,-23.1858768855915));
#10531=CARTESIAN_POINT('',(-18.0921329212922,-12.5,-23.1858768855915));
#10532=CARTESIAN_POINT('',(-18.0921329212922,-12.,-23.1858768855915));
#10533=CARTESIAN_POINT('Ctrl Pts',(-19.1211570454377,-12.5,-23.1462994014606));
#10534=CARTESIAN_POINT('Ctrl Pts',(-19.1211570454377,-12.,-23.1462994014606));
#10535=CARTESIAN_POINT('Ctrl Pts',(-18.9653849543222,-12.5,-23.1578181030552));
#10536=CARTESIAN_POINT('Ctrl Pts',(-18.9653849543222,-12.,-23.1578181030552));
#10537=CARTESIAN_POINT('Ctrl Pts',(-18.6228688105354,-12.5,-23.1831457546478));
#10538=CARTESIAN_POINT('Ctrl Pts',(-18.6228688105354,-12.,-23.1831457546478));
#10539=CARTESIAN_POINT('Ctrl Pts',(-18.279397657085,-12.5,-23.184913233943));
#10540=CARTESIAN_POINT('Ctrl Pts',(-18.279397657085,-12.,-23.184913233943));
#10541=CARTESIAN_POINT('Ctrl Pts',(-18.0921329212922,-12.5,-23.1858768855915));
#10542=CARTESIAN_POINT('Ctrl Pts',(-18.0921329212922,-12.,-23.1858768855915));
#10543=CARTESIAN_POINT('Ctrl Pts',(-19.1211570454377,-12.5,-23.1462994014606));
#10544=CARTESIAN_POINT('Ctrl Pts',(-18.9653849543222,-12.5,-23.1578181030552));
#10545=CARTESIAN_POINT('Ctrl Pts',(-18.6228688105354,-12.5,-23.1831457546478));
#10546=CARTESIAN_POINT('Ctrl Pts',(-18.279397657085,-12.5,-23.184913233943));
#10547=CARTESIAN_POINT('Ctrl Pts',(-18.0921329212922,-12.5,-23.1858768855915));
#10548=CARTESIAN_POINT('Ctrl Pts',(-19.1211570454377,-12.,-23.1462994014606));
#10549=CARTESIAN_POINT('Ctrl Pts',(-18.9653849543222,-12.,-23.1578181030552));
#10550=CARTESIAN_POINT('Ctrl Pts',(-18.6228688105354,-12.,-23.1831457546478));
#10551=CARTESIAN_POINT('Ctrl Pts',(-18.279397657085,-12.,-23.184913233943));
#10552=CARTESIAN_POINT('Ctrl Pts',(-18.0921329212922,-12.,-23.1858768855915));
#10553=CARTESIAN_POINT('Origin',(-18.8911102367182,-12.,-38.5099211131916));
#10554=CARTESIAN_POINT('Ctrl Pts',(-17.1472121430177,-12.5,-34.307252446352));
#10555=CARTESIAN_POINT('Ctrl Pts',(-17.1472121430177,-12.,-34.307252446352));
#10556=CARTESIAN_POINT('Ctrl Pts',(-17.1652939938906,-12.5,-34.1141445702453));
#10557=CARTESIAN_POINT('Ctrl Pts',(-17.1652939938906,-12.,-34.1141445702453));
#10558=CARTESIAN_POINT('Ctrl Pts',(-17.2009616136893,-12.5,-33.7332268006237));
#10559=CARTESIAN_POINT('Ctrl Pts',(-17.2009616136893,-12.,-33.7332268006237));
#10560=CARTESIAN_POINT('Ctrl Pts',(-17.4731182801997,-12.5,-33.464929976204));
#10561=CARTESIAN_POINT('Ctrl Pts',(-17.4731182801997,-12.,-33.464929976204));
#10562=CARTESIAN_POINT('Ctrl Pts',(-17.6073039723176,-12.5,-33.3326473628864));
#10563=CARTESIAN_POINT('Ctrl Pts',(-17.6073039723176,-12.,-33.3326473628864));
#10564=CARTESIAN_POINT('',(-17.1472121430177,-12.5,-34.307252446352));
#10565=CARTESIAN_POINT('',(-17.6073039723176,-12.5,-33.3326473628864));
#10566=CARTESIAN_POINT('Ctrl Pts',(-17.1472121430177,-12.5,-34.307252446352));
#10567=CARTESIAN_POINT('Ctrl Pts',(-17.1652939938906,-12.5,-34.1141445702453));
#10568=CARTESIAN_POINT('Ctrl Pts',(-17.2009616136893,-12.5,-33.7332268006237));
#10569=CARTESIAN_POINT('Ctrl Pts',(-17.4731182801997,-12.5,-33.464929976204));
#10570=CARTESIAN_POINT('Ctrl Pts',(-17.6073039723176,-12.5,-33.3326473628864));
#10571=CARTESIAN_POINT('',(-17.1472121430177,-12.,-34.307252446352));
#10572=CARTESIAN_POINT('',(-17.1472121430177,-12.5,-34.307252446352));
#10573=CARTESIAN_POINT('',(-17.6073039723176,-12.,-33.3326473628864));
#10574=CARTESIAN_POINT('Ctrl Pts',(-17.1472121430177,-12.,-34.307252446352));
#10575=CARTESIAN_POINT('Ctrl Pts',(-17.1652939938906,-12.,-34.1141445702453));
#10576=CARTESIAN_POINT('Ctrl Pts',(-17.2009616136893,-12.,-33.7332268006237));
#10577=CARTESIAN_POINT('Ctrl Pts',(-17.4731182801997,-12.,-33.464929976204));
#10578=CARTESIAN_POINT('Ctrl Pts',(-17.6073039723176,-12.,-33.3326473628864));
#10579=CARTESIAN_POINT('',(-17.6073039723176,-12.5,-33.3326473628864));
#10580=CARTESIAN_POINT('Ctrl Pts',(-17.3549951267976,-12.5,-35.0147047435626));
#10581=CARTESIAN_POINT('Ctrl Pts',(-17.3549951267976,-12.,-35.0147047435626));
#10582=CARTESIAN_POINT('Ctrl Pts',(-17.2944041157181,-12.5,-34.9080330736596));
#10583=CARTESIAN_POINT('Ctrl Pts',(-17.2944041157181,-12.,-34.9080330736596));
#10584=CARTESIAN_POINT('Ctrl Pts',(-17.1698289333269,-12.5,-34.6887160083493));
#10585=CARTESIAN_POINT('Ctrl Pts',(-17.1698289333269,-12.,-34.6887160083493));
#10586=CARTESIAN_POINT('Ctrl Pts',(-17.1548867375538,-12.5,-34.4366951359916));
#10587=CARTESIAN_POINT('Ctrl Pts',(-17.1548867375538,-12.,-34.4366951359916));
#10588=CARTESIAN_POINT('Ctrl Pts',(-17.1472121430177,-12.5,-34.307252446352));
#10589=CARTESIAN_POINT('Ctrl Pts',(-17.1472121430177,-12.,-34.307252446352));
#10590=CARTESIAN_POINT('',(-17.3549951267976,-12.5,-35.0147047435626));
#10591=CARTESIAN_POINT('Ctrl Pts',(-17.3549951267976,-12.5,-35.0147047435626));
#10592=CARTESIAN_POINT('Ctrl Pts',(-17.2944041157181,-12.5,-34.9080330736596));
#10593=CARTESIAN_POINT('Ctrl Pts',(-17.1698289333269,-12.5,-34.6887160083493));
#10594=CARTESIAN_POINT('Ctrl Pts',(-17.1548867375538,-12.5,-34.4366951359916));
#10595=CARTESIAN_POINT('Ctrl Pts',(-17.1472121430177,-12.5,-34.307252446352));
#10596=CARTESIAN_POINT('',(-17.3549951267976,-12.,-35.0147047435626));
#10597=CARTESIAN_POINT('',(-17.3549951267976,-12.5,-35.0147047435626));
#10598=CARTESIAN_POINT('Ctrl Pts',(-17.3549951267976,-12.,-35.0147047435626));
#10599=CARTESIAN_POINT('Ctrl Pts',(-17.2944041157181,-12.,-34.9080330736596));
#10600=CARTESIAN_POINT('Ctrl Pts',(-17.1698289333269,-12.,-34.6887160083493));
#10601=CARTESIAN_POINT('Ctrl Pts',(-17.1548867375538,-12.,-34.4366951359916));
#10602=CARTESIAN_POINT('Ctrl Pts',(-17.1472121430177,-12.,-34.307252446352));
#10603=CARTESIAN_POINT('Ctrl Pts',(-17.9635049057741,-12.5,-35.4747977649555));
#10604=CARTESIAN_POINT('Ctrl Pts',(-17.9635049057741,-12.,-35.4747977649555));
#10605=CARTESIAN_POINT('Ctrl Pts',(-17.8408555493056,-12.5,-35.4170546931484));
#10606=CARTESIAN_POINT('Ctrl Pts',(-17.8408555493056,-12.,-35.4170546931484));
#10607=CARTESIAN_POINT('Ctrl Pts',(-17.6054540130062,-12.5,-35.3062281205075));
#10608=CARTESIAN_POINT('Ctrl Pts',(-17.6054540130062,-12.,-35.3062281205075));
#10609=CARTESIAN_POINT('Ctrl Pts',(-17.436108106696,-12.5,-35.10911676532));
#10610=CARTESIAN_POINT('Ctrl Pts',(-17.436108106696,-12.,-35.10911676532));
#10611=CARTESIAN_POINT('Ctrl Pts',(-17.3549951267976,-12.5,-35.0147047435626));
#10612=CARTESIAN_POINT('Ctrl Pts',(-17.3549951267976,-12.,-35.0147047435626));
#10613=CARTESIAN_POINT('',(-17.9635049057741,-12.5,-35.4747977649555));
#10614=CARTESIAN_POINT('Ctrl Pts',(-17.9635049057741,-12.5,-35.4747977649555));
#10615=CARTESIAN_POINT('Ctrl Pts',(-17.8408555493056,-12.5,-35.4170546931484));
#10616=CARTESIAN_POINT('Ctrl Pts',(-17.6054540130062,-12.5,-35.3062281205075));
#10617=CARTESIAN_POINT('Ctrl Pts',(-17.436108106696,-12.5,-35.10911676532));
#10618=CARTESIAN_POINT('Ctrl Pts',(-17.3549951267976,-12.5,-35.0147047435626));
#10619=CARTESIAN_POINT('',(-17.9635049057741,-12.,-35.4747977649555));
#10620=CARTESIAN_POINT('',(-17.9635049057741,-12.5,-35.4747977649555));
#10621=CARTESIAN_POINT('Ctrl Pts',(-17.9635049057741,-12.,-35.4747977649555));
#10622=CARTESIAN_POINT('Ctrl Pts',(-17.8408555493056,-12.,-35.4170546931484));
#10623=CARTESIAN_POINT('Ctrl Pts',(-17.6054540130062,-12.,-35.3062281205075));
#10624=CARTESIAN_POINT('Ctrl Pts',(-17.436108106696,-12.,-35.10911676532));
#10625=CARTESIAN_POINT('Ctrl Pts',(-17.3549951267976,-12.,-35.0147047435626));
#10626=CARTESIAN_POINT('Ctrl Pts',(-18.8886369419832,-12.5,-35.6331100856647));
#10627=CARTESIAN_POINT('Ctrl Pts',(-18.8886369419832,-12.,-35.6331100856647));
#10628=CARTESIAN_POINT('Ctrl Pts',(-18.7218715689961,-12.5,-35.6281034832608));
#10629=CARTESIAN_POINT('Ctrl Pts',(-18.7218715689961,-12.,-35.6281034832608));
#10630=CARTESIAN_POINT('Ctrl Pts',(-18.4058516451322,-12.5,-35.6186159854537));
#10631=CARTESIAN_POINT('Ctrl Pts',(-18.4058516451322,-12.,-35.6186159854537));
#10632=CARTESIAN_POINT('Ctrl Pts',(-18.105404510199,-12.5,-35.5209329498274));
#10633=CARTESIAN_POINT('Ctrl Pts',(-18.105404510199,-12.,-35.5209329498274));
#10634=CARTESIAN_POINT('Ctrl Pts',(-17.9635049057741,-12.5,-35.4747977649555));
#10635=CARTESIAN_POINT('Ctrl Pts',(-17.9635049057741,-12.,-35.4747977649555));
#10636=CARTESIAN_POINT('',(-18.8886369419832,-12.5,-35.6331100856647));
#10637=CARTESIAN_POINT('Ctrl Pts',(-18.8886369419832,-12.5,-35.6331100856647));
#10638=CARTESIAN_POINT('Ctrl Pts',(-18.7218715689961,-12.5,-35.6281034832608));
#10639=CARTESIAN_POINT('Ctrl Pts',(-18.4058516451322,-12.5,-35.6186159854537));
#10640=CARTESIAN_POINT('Ctrl Pts',(-18.105404510199,-12.5,-35.5209329498274));
#10641=CARTESIAN_POINT('Ctrl Pts',(-17.9635049057741,-12.5,-35.4747977649555));
#10642=CARTESIAN_POINT('',(-18.8886369419832,-12.,-35.6331100856647));
#10643=CARTESIAN_POINT('',(-18.8886369419832,-12.5,-35.6331100856647));
#10644=CARTESIAN_POINT('Ctrl Pts',(-18.8886369419832,-12.,-35.6331100856647));
#10645=CARTESIAN_POINT('Ctrl Pts',(-18.7218715689961,-12.,-35.6281034832608));
#10646=CARTESIAN_POINT('Ctrl Pts',(-18.4058516451322,-12.,-35.6186159854537));
#10647=CARTESIAN_POINT('Ctrl Pts',(-18.105404510199,-12.,-35.5209329498274));
#10648=CARTESIAN_POINT('Ctrl Pts',(-17.9635049057741,-12.,-35.4747977649555));
#10649=CARTESIAN_POINT('Ctrl Pts',(-19.823663349225,-12.5,-35.4698505794391));
#10650=CARTESIAN_POINT('Ctrl Pts',(-19.823663349225,-12.,-35.4698505794391));
#10651=CARTESIAN_POINT('Ctrl Pts',(-19.680174944865,-12.5,-35.5174302727806));
#10652=CARTESIAN_POINT('Ctrl Pts',(-19.680174944865,-12.,-35.5174302727806));
#10653=CARTESIAN_POINT('Ctrl Pts',(-19.3768113398047,-12.5,-35.6180233998986));
#10654=CARTESIAN_POINT('Ctrl Pts',(-19.3768113398047,-12.,-35.6180233998986));
#10655=CARTESIAN_POINT('Ctrl Pts',(-19.0571180339338,-12.5,-35.6279032962404));
#10656=CARTESIAN_POINT('Ctrl Pts',(-19.0571180339338,-12.,-35.6279032962404));
#10657=CARTESIAN_POINT('Ctrl Pts',(-18.8886369419832,-12.5,-35.6331100856647));
#10658=CARTESIAN_POINT('Ctrl Pts',(-18.8886369419832,-12.,-35.6331100856647));
#10659=CARTESIAN_POINT('',(-19.823663349225,-12.5,-35.4698505794391));
#10660=CARTESIAN_POINT('Ctrl Pts',(-19.823663349225,-12.5,-35.4698505794391));
#10661=CARTESIAN_POINT('Ctrl Pts',(-19.680174944865,-12.5,-35.5174302727806));
#10662=CARTESIAN_POINT('Ctrl Pts',(-19.3768113398047,-12.5,-35.6180233998986));
#10663=CARTESIAN_POINT('Ctrl Pts',(-19.0571180339338,-12.5,-35.6279032962404));
#10664=CARTESIAN_POINT('Ctrl Pts',(-18.8886369419832,-12.5,-35.6331100856647));
#10665=CARTESIAN_POINT('',(-19.823663349225,-12.,-35.4698505794391));
#10666=CARTESIAN_POINT('',(-19.823663349225,-12.5,-35.4698505794391));
#10667=CARTESIAN_POINT('Ctrl Pts',(-19.823663349225,-12.,-35.4698505794391));
#10668=CARTESIAN_POINT('Ctrl Pts',(-19.680174944865,-12.,-35.5174302727806));
#10669=CARTESIAN_POINT('Ctrl Pts',(-19.3768113398047,-12.,-35.6180233998986));
#10670=CARTESIAN_POINT('Ctrl Pts',(-19.0571180339338,-12.,-35.6279032962404));
#10671=CARTESIAN_POINT('Ctrl Pts',(-18.8886369419832,-12.,-35.6331100856647));
#10672=CARTESIAN_POINT('Ctrl Pts',(-20.4272247505922,-12.5,-35.0048103725299));
#10673=CARTESIAN_POINT('Ctrl Pts',(-20.4272247505922,-12.,-35.0048103725299));
#10674=CARTESIAN_POINT('Ctrl Pts',(-20.348513860242,-12.5,-35.1007574481352));
#10675=CARTESIAN_POINT('Ctrl Pts',(-20.348513860242,-12.,-35.1007574481352));
#10676=CARTESIAN_POINT('Ctrl Pts',(-20.1834451491561,-12.5,-35.3019730617838));
#10677=CARTESIAN_POINT('Ctrl Pts',(-20.1834451491561,-12.,-35.3019730617838));
#10678=CARTESIAN_POINT('Ctrl Pts',(-19.9472381046708,-12.5,-35.4121894548545));
#10679=CARTESIAN_POINT('Ctrl Pts',(-19.9472381046708,-12.,-35.4121894548545));
#10680=CARTESIAN_POINT('Ctrl Pts',(-19.823663349225,-12.5,-35.4698505794391));
#10681=CARTESIAN_POINT('Ctrl Pts',(-19.823663349225,-12.,-35.4698505794391));
#10682=CARTESIAN_POINT('',(-20.4272247505922,-12.5,-35.0048103725299));
#10683=CARTESIAN_POINT('Ctrl Pts',(-20.4272247505922,-12.5,-35.0048103725299));
#10684=CARTESIAN_POINT('Ctrl Pts',(-20.348513860242,-12.5,-35.1007574481352));
#10685=CARTESIAN_POINT('Ctrl Pts',(-20.1834451491561,-12.5,-35.3019730617838));
#10686=CARTESIAN_POINT('Ctrl Pts',(-19.9472381046708,-12.5,-35.4121894548545));
#10687=CARTESIAN_POINT('Ctrl Pts',(-19.823663349225,-12.5,-35.4698505794391));
#10688=CARTESIAN_POINT('',(-20.4272247505922,-12.,-35.0048103725299));
#10689=CARTESIAN_POINT('',(-20.4272247505922,-12.5,-35.0048103725299));
#10690=CARTESIAN_POINT('Ctrl Pts',(-20.4272247505922,-12.,-35.0048103725299));
#10691=CARTESIAN_POINT('Ctrl Pts',(-20.348513860242,-12.,-35.1007574481352));
#10692=CARTESIAN_POINT('Ctrl Pts',(-20.1834451491561,-12.,-35.3019730617838));
#10693=CARTESIAN_POINT('Ctrl Pts',(-19.9472381046708,-12.,-35.4121894548545));
#10694=CARTESIAN_POINT('Ctrl Pts',(-19.823663349225,-12.,-35.4698505794391));
#10695=CARTESIAN_POINT('Ctrl Pts',(-20.635008926465,-12.5,-34.307252446352));
#10696=CARTESIAN_POINT('Ctrl Pts',(-20.635008926465,-12.,-34.307252446352));
#10697=CARTESIAN_POINT('Ctrl Pts',(-20.6270888997346,-12.5,-34.4341767210048));
#10698=CARTESIAN_POINT('Ctrl Pts',(-20.6270888997346,-12.,-34.4341767210048));
#10699=CARTESIAN_POINT('Ctrl Pts',(-20.6115691617023,-12.5,-34.6828919791248));
#10700=CARTESIAN_POINT('Ctrl Pts',(-20.6115691617023,-12.,-34.6828919791248));
#10701=CARTESIAN_POINT('Ctrl Pts',(-20.4878215357627,-12.5,-34.8989909467599));
#10702=CARTESIAN_POINT('Ctrl Pts',(-20.4878215357627,-12.,-34.8989909467599));
#10703=CARTESIAN_POINT('Ctrl Pts',(-20.4272247505922,-12.5,-35.0048103725299));
#10704=CARTESIAN_POINT('Ctrl Pts',(-20.4272247505922,-12.,-35.0048103725299));
#10705=CARTESIAN_POINT('',(-20.635008926465,-12.5,-34.307252446352));
#10706=CARTESIAN_POINT('Ctrl Pts',(-20.635008926465,-12.5,-34.307252446352));
#10707=CARTESIAN_POINT('Ctrl Pts',(-20.6270888997346,-12.5,-34.4341767210048));
#10708=CARTESIAN_POINT('Ctrl Pts',(-20.6115691617023,-12.5,-34.6828919791248));
#10709=CARTESIAN_POINT('Ctrl Pts',(-20.4878215357627,-12.5,-34.8989909467599));
#10710=CARTESIAN_POINT('Ctrl Pts',(-20.4272247505922,-12.5,-35.0048103725299));
#10711=CARTESIAN_POINT('',(-20.635008926465,-12.,-34.307252446352));
#10712=CARTESIAN_POINT('',(-20.635008926465,-12.5,-34.307252446352));
#10713=CARTESIAN_POINT('Ctrl Pts',(-20.635008926465,-12.,-34.307252446352));
#10714=CARTESIAN_POINT('Ctrl Pts',(-20.6270888997346,-12.,-34.4341767210048));
#10715=CARTESIAN_POINT('Ctrl Pts',(-20.6115691617023,-12.,-34.6828919791248));
#10716=CARTESIAN_POINT('Ctrl Pts',(-20.4878215357627,-12.,-34.8989909467599));
#10717=CARTESIAN_POINT('Ctrl Pts',(-20.4272247505922,-12.,-35.0048103725299));
#10718=CARTESIAN_POINT('Ctrl Pts',(-20.1749159050722,-12.5,-33.3326473628864));
#10719=CARTESIAN_POINT('Ctrl Pts',(-20.1749159050722,-12.,-33.3326473628864));
#10720=CARTESIAN_POINT('Ctrl Pts',(-20.309102093232,-12.5,-33.4649299093331));
#10721=CARTESIAN_POINT('Ctrl Pts',(-20.309102093232,-12.,-33.4649299093331));
#10722=CARTESIAN_POINT('Ctrl Pts',(-20.581259576028,-12.5,-33.7332264110261));
#10723=CARTESIAN_POINT('Ctrl Pts',(-20.581259576028,-12.,-33.7332264110261));
#10724=CARTESIAN_POINT('Ctrl Pts',(-20.6169271241782,-12.5,-34.1141445260918));
#10725=CARTESIAN_POINT('Ctrl Pts',(-20.6169271241782,-12.,-34.1141445260918));
#10726=CARTESIAN_POINT('Ctrl Pts',(-20.635008926465,-12.5,-34.307252446352));
#10727=CARTESIAN_POINT('Ctrl Pts',(-20.635008926465,-12.,-34.307252446352));
#10728=CARTESIAN_POINT('',(-20.1749159050722,-12.5,-33.3326473628864));
#10729=CARTESIAN_POINT('Ctrl Pts',(-20.1749159050722,-12.5,-33.3326473628864));
#10730=CARTESIAN_POINT('Ctrl Pts',(-20.309102093232,-12.5,-33.4649299093331));
#10731=CARTESIAN_POINT('Ctrl Pts',(-20.581259576028,-12.5,-33.7332264110261));
#10732=CARTESIAN_POINT('Ctrl Pts',(-20.6169271241782,-12.5,-34.1141445260918));
#10733=CARTESIAN_POINT('Ctrl Pts',(-20.635008926465,-12.5,-34.307252446352));
#10734=CARTESIAN_POINT('',(-20.1749159050722,-12.,-33.3326473628864));
#10735=CARTESIAN_POINT('',(-20.1749159050722,-12.5,-33.3326473628864));
#10736=CARTESIAN_POINT('Ctrl Pts',(-20.1749159050722,-12.,-33.3326473628864));
#10737=CARTESIAN_POINT('Ctrl Pts',(-20.309102093232,-12.,-33.4649299093331));
#10738=CARTESIAN_POINT('Ctrl Pts',(-20.581259576028,-12.,-33.7332264110261));
#10739=CARTESIAN_POINT('Ctrl Pts',(-20.6169271241782,-12.,-34.1141445260918));
#10740=CARTESIAN_POINT('Ctrl Pts',(-20.635008926465,-12.,-34.307252446352));
#10741=CARTESIAN_POINT('Ctrl Pts',(-18.8886369419832,-12.5,-32.9665532504901));
#10742=CARTESIAN_POINT('Ctrl Pts',(-18.8886369419832,-12.,-32.9665532504901));
#10743=CARTESIAN_POINT('Ctrl Pts',(-19.1400635467686,-12.5,-32.9753782639116));
#10744=CARTESIAN_POINT('Ctrl Pts',(-19.1400635467686,-12.,-32.9753782639116));
#10745=CARTESIAN_POINT('Ctrl Pts',(-19.6007477659253,-12.5,-32.9915481693224));
#10746=CARTESIAN_POINT('Ctrl Pts',(-19.6007477659253,-12.,-32.9915481693224));
#10747=CARTESIAN_POINT('Ctrl Pts',(-19.9955733875089,-12.5,-33.2261043767091));
#10748=CARTESIAN_POINT('Ctrl Pts',(-19.9955733875089,-12.,-33.2261043767091));
#10749=CARTESIAN_POINT('Ctrl Pts',(-20.1749159050722,-12.5,-33.3326473628864));
#10750=CARTESIAN_POINT('Ctrl Pts',(-20.1749159050722,-12.,-33.3326473628864));
#10751=CARTESIAN_POINT('',(-18.8886369419832,-12.5,-32.9665532504901));
#10752=CARTESIAN_POINT('Ctrl Pts',(-18.8886369419832,-12.5,-32.9665532504901));
#10753=CARTESIAN_POINT('Ctrl Pts',(-19.1400635467686,-12.5,-32.9753782639116));
#10754=CARTESIAN_POINT('Ctrl Pts',(-19.6007477659253,-12.5,-32.9915481693224));
#10755=CARTESIAN_POINT('Ctrl Pts',(-19.9955733875089,-12.5,-33.2261043767091));
#10756=CARTESIAN_POINT('Ctrl Pts',(-20.1749159050722,-12.5,-33.3326473628864));
#10757=CARTESIAN_POINT('',(-18.8886369419832,-12.,-32.9665532504901));
#10758=CARTESIAN_POINT('',(-18.8886369419832,-12.5,-32.9665532504901));
#10759=CARTESIAN_POINT('Ctrl Pts',(-18.8886369419832,-12.,-32.9665532504901));
#10760=CARTESIAN_POINT('Ctrl Pts',(-19.1400635467686,-12.,-32.9753782639116));
#10761=CARTESIAN_POINT('Ctrl Pts',(-19.6007477659253,-12.,-32.9915481693224));
#10762=CARTESIAN_POINT('Ctrl Pts',(-19.9955733875089,-12.,-33.2261043767091));
#10763=CARTESIAN_POINT('Ctrl Pts',(-20.1749159050722,-12.,-33.3326473628864));
#10764=CARTESIAN_POINT('Ctrl Pts',(-17.6073039723176,-12.5,-33.3326473628864));
#10765=CARTESIAN_POINT('Ctrl Pts',(-17.6073039723176,-12.,-33.3326473628864));
#10766=CARTESIAN_POINT('Ctrl Pts',(-17.7870504996065,-12.5,-33.2260803662545));
#10767=CARTESIAN_POINT('Ctrl Pts',(-17.7870504996065,-12.,-33.2260803662545));
#10768=CARTESIAN_POINT('Ctrl Pts',(-18.1805912818943,-12.5,-32.9927603691833));
#10769=CARTESIAN_POINT('Ctrl Pts',(-18.1805912818943,-12.,-32.9927603691833));
#10770=CARTESIAN_POINT('Ctrl Pts',(-18.6393905044975,-12.5,-32.9757786879714));
#10771=CARTESIAN_POINT('Ctrl Pts',(-18.6393905044975,-12.,-32.9757786879714));
#10772=CARTESIAN_POINT('Ctrl Pts',(-18.8886369419832,-12.5,-32.9665532504901));
#10773=CARTESIAN_POINT('Ctrl Pts',(-18.8886369419832,-12.,-32.9665532504901));
#10774=CARTESIAN_POINT('Ctrl Pts',(-17.6073039723176,-12.5,-33.3326473628864));
#10775=CARTESIAN_POINT('Ctrl Pts',(-17.7870504996065,-12.5,-33.2260803662545));
#10776=CARTESIAN_POINT('Ctrl Pts',(-18.1805912818943,-12.5,-32.9927603691833));
#10777=CARTESIAN_POINT('Ctrl Pts',(-18.6393905044975,-12.5,-32.9757786879714));
#10778=CARTESIAN_POINT('Ctrl Pts',(-18.8886369419832,-12.5,-32.9665532504901));
#10779=CARTESIAN_POINT('Ctrl Pts',(-17.6073039723176,-12.,-33.3326473628864));
#10780=CARTESIAN_POINT('Ctrl Pts',(-17.7870504996065,-12.,-33.2260803662545));
#10781=CARTESIAN_POINT('Ctrl Pts',(-18.1805912818943,-12.,-32.9927603691833));
#10782=CARTESIAN_POINT('Ctrl Pts',(-18.6393905044975,-12.,-32.9757786879714));
#10783=CARTESIAN_POINT('Ctrl Pts',(-18.8886369419832,-12.,-32.9665532504901));
#10784=CARTESIAN_POINT('Ctrl Pts',(-20.8724756193895,-12.5,-32.3382535373554));
#10785=CARTESIAN_POINT('Ctrl Pts',(-20.8724756193895,-12.,-32.3382535373554));
#10786=CARTESIAN_POINT('Ctrl Pts',(-20.7436178880561,-12.5,-32.2263564096938));
#10787=CARTESIAN_POINT('Ctrl Pts',(-20.7436178880561,-12.,-32.2263564096938));
#10788=CARTESIAN_POINT('Ctrl Pts',(-20.4825505950239,-12.5,-31.9996515009979));
#10789=CARTESIAN_POINT('Ctrl Pts',(-20.4825505950239,-12.,-31.9996515009979));
#10790=CARTESIAN_POINT('Ctrl Pts',(-20.1633915673926,-12.5,-31.8664575556767));
#10791=CARTESIAN_POINT('Ctrl Pts',(-20.1633915673926,-12.,-31.8664575556767));
#10792=CARTESIAN_POINT('Ctrl Pts',(-20.0017632199067,-12.5,-31.7990055477008));
#10793=CARTESIAN_POINT('Ctrl Pts',(-20.0017632199067,-12.,-31.7990055477008));
#10794=CARTESIAN_POINT('',(-20.8724756193895,-12.5,-32.3382535373554));
#10795=CARTESIAN_POINT('',(-20.0017632199067,-12.5,-31.7990055477008));
#10796=CARTESIAN_POINT('Ctrl Pts',(-20.8724756193895,-12.5,-32.3382535373554));
#10797=CARTESIAN_POINT('Ctrl Pts',(-20.7436178880561,-12.5,-32.2263564096938));
#10798=CARTESIAN_POINT('Ctrl Pts',(-20.4825505950239,-12.5,-31.9996515009979));
#10799=CARTESIAN_POINT('Ctrl Pts',(-20.1633915673926,-12.5,-31.8664575556767));
#10800=CARTESIAN_POINT('Ctrl Pts',(-20.0017632199067,-12.5,-31.7990055477008));
#10801=CARTESIAN_POINT('',(-20.8724756193895,-12.,-32.3382535373554));
#10802=CARTESIAN_POINT('',(-20.8724756193895,-12.5,-32.3382535373554));
#10803=CARTESIAN_POINT('',(-20.0017632199067,-12.,-31.7990055477008));
#10804=CARTESIAN_POINT('Ctrl Pts',(-20.8724756193895,-12.,-32.3382535373554));
#10805=CARTESIAN_POINT('Ctrl Pts',(-20.7436178880561,-12.,-32.2263564096938));
#10806=CARTESIAN_POINT('Ctrl Pts',(-20.4825505950239,-12.,-31.9996515009979));
#10807=CARTESIAN_POINT('Ctrl Pts',(-20.1633915673926,-12.,-31.8664575556767));
#10808=CARTESIAN_POINT('Ctrl Pts',(-20.0017632199067,-12.,-31.7990055477008));
#10809=CARTESIAN_POINT('',(-20.0017632199067,-12.5,-31.7990055477008));
#10810=CARTESIAN_POINT('Ctrl Pts',(-21.4364601326723,-12.5,-33.1941237842426));
#10811=CARTESIAN_POINT('Ctrl Pts',(-21.4364601326723,-12.,-33.1941237842426));
#10812=CARTESIAN_POINT('Ctrl Pts',(-21.3643085782114,-12.5,-33.0343488771092));
#10813=CARTESIAN_POINT('Ctrl Pts',(-21.3643085782114,-12.,-33.0343488771092));
#10814=CARTESIAN_POINT('Ctrl Pts',(-21.2218766493146,-12.5,-32.718942668853));
#10815=CARTESIAN_POINT('Ctrl Pts',(-21.2218766493146,-12.,-32.718942668853));
#10816=CARTESIAN_POINT('Ctrl Pts',(-20.9879180965132,-12.5,-32.4640336369836));
#10817=CARTESIAN_POINT('Ctrl Pts',(-20.9879180965132,-12.,-32.4640336369836));
#10818=CARTESIAN_POINT('Ctrl Pts',(-20.8724756193895,-12.5,-32.3382535373554));
#10819=CARTESIAN_POINT('Ctrl Pts',(-20.8724756193895,-12.,-32.3382535373554));
#10820=CARTESIAN_POINT('',(-21.4364601326723,-12.5,-33.1941237842426));
#10821=CARTESIAN_POINT('Ctrl Pts',(-21.4364601326723,-12.5,-33.1941237842426));
#10822=CARTESIAN_POINT('Ctrl Pts',(-21.3643085782114,-12.5,-33.0343488771092));
#10823=CARTESIAN_POINT('Ctrl Pts',(-21.2218766493146,-12.5,-32.718942668853));
#10824=CARTESIAN_POINT('Ctrl Pts',(-20.9879180965132,-12.5,-32.4640336369836));
#10825=CARTESIAN_POINT('Ctrl Pts',(-20.8724756193895,-12.5,-32.3382535373554));
#10826=CARTESIAN_POINT('',(-21.4364601326723,-12.,-33.1941237842426));
#10827=CARTESIAN_POINT('',(-21.4364601326723,-12.5,-33.1941237842426));
#10828=CARTESIAN_POINT('Ctrl Pts',(-21.4364601326723,-12.,-33.1941237842426));
#10829=CARTESIAN_POINT('Ctrl Pts',(-21.3643085782114,-12.,-33.0343488771092));
#10830=CARTESIAN_POINT('Ctrl Pts',(-21.2218766493146,-12.,-32.718942668853));
#10831=CARTESIAN_POINT('Ctrl Pts',(-20.9879180965132,-12.,-32.4640336369836));
#10832=CARTESIAN_POINT('Ctrl Pts',(-20.8724756193895,-12.,-32.3382535373554));
#10833=CARTESIAN_POINT('Ctrl Pts',(-21.6343493414659,-12.5,-34.307252446352));
#10834=CARTESIAN_POINT('Ctrl Pts',(-21.6343493414659,-12.,-34.307252446352));
#10835=CARTESIAN_POINT('Ctrl Pts',(-21.6272816533582,-12.5,-34.1105417074197));
#10836=CARTESIAN_POINT('Ctrl Pts',(-21.6272816533582,-12.,-34.1105417074197));
#10837=CARTESIAN_POINT('Ctrl Pts',(-21.6136100618748,-12.5,-33.7300284728117));
#10838=CARTESIAN_POINT('Ctrl Pts',(-21.6136100618748,-12.,-33.7300284728117));
#10839=CARTESIAN_POINT('Ctrl Pts',(-21.4941593909932,-12.5,-33.3686725588334));
#10840=CARTESIAN_POINT('Ctrl Pts',(-21.4941593909932,-12.,-33.3686725588334));
#10841=CARTESIAN_POINT('Ctrl Pts',(-21.4364601326723,-12.5,-33.1941237842426));
#10842=CARTESIAN_POINT('Ctrl Pts',(-21.4364601326723,-12.,-33.1941237842426));
#10843=CARTESIAN_POINT('',(-21.6343493414659,-12.5,-34.307252446352));
#10844=CARTESIAN_POINT('Ctrl Pts',(-21.6343493414659,-12.5,-34.307252446352));
#10845=CARTESIAN_POINT('Ctrl Pts',(-21.6272816533582,-12.5,-34.1105417074197));
#10846=CARTESIAN_POINT('Ctrl Pts',(-21.6136100618748,-12.5,-33.7300284728117));
#10847=CARTESIAN_POINT('Ctrl Pts',(-21.4941593909932,-12.5,-33.3686725588334));
#10848=CARTESIAN_POINT('Ctrl Pts',(-21.4364601326723,-12.5,-33.1941237842426));
#10849=CARTESIAN_POINT('',(-21.6343493414659,-12.,-34.307252446352));
#10850=CARTESIAN_POINT('',(-21.6343493414659,-12.5,-34.307252446352));
#10851=CARTESIAN_POINT('Ctrl Pts',(-21.6343493414659,-12.,-34.307252446352));
#10852=CARTESIAN_POINT('Ctrl Pts',(-21.6272816533582,-12.,-34.1105417074197));
#10853=CARTESIAN_POINT('Ctrl Pts',(-21.6136100618748,-12.,-33.7300284728117));
#10854=CARTESIAN_POINT('Ctrl Pts',(-21.4941593909932,-12.,-33.3686725588334));
#10855=CARTESIAN_POINT('Ctrl Pts',(-21.4364601326723,-12.,-33.1941237842426));
#10856=CARTESIAN_POINT('Ctrl Pts',(-21.4364601326723,-12.5,-35.4104843532428));
#10857=CARTESIAN_POINT('Ctrl Pts',(-21.4364601326723,-12.,-35.4104843532428));
#10858=CARTESIAN_POINT('Ctrl Pts',(-21.494163561378,-12.5,-35.2367702623352));
#10859=CARTESIAN_POINT('Ctrl Pts',(-21.494163561378,-12.,-35.2367702623352));
#10860=CARTESIAN_POINT('Ctrl Pts',(-21.6131104082894,-12.5,-34.8786850698085));
#10861=CARTESIAN_POINT('Ctrl Pts',(-21.6131104082894,-12.,-34.8786850698085));
#10862=CARTESIAN_POINT('Ctrl Pts',(-21.6271306114977,-12.5,-34.5014720792049));
#10863=CARTESIAN_POINT('Ctrl Pts',(-21.6271306114977,-12.,-34.5014720792049));
#10864=CARTESIAN_POINT('Ctrl Pts',(-21.6343493414659,-12.5,-34.307252446352));
#10865=CARTESIAN_POINT('Ctrl Pts',(-21.6343493414659,-12.,-34.307252446352));
#10866=CARTESIAN_POINT('',(-21.4364601326723,-12.5,-35.4104843532428));
#10867=CARTESIAN_POINT('Ctrl Pts',(-21.4364601326723,-12.5,-35.4104843532428));
#10868=CARTESIAN_POINT('Ctrl Pts',(-21.494163561378,-12.5,-35.2367702623352));
#10869=CARTESIAN_POINT('Ctrl Pts',(-21.6131104082894,-12.5,-34.8786850698085));
#10870=CARTESIAN_POINT('Ctrl Pts',(-21.6271306114977,-12.5,-34.5014720792049));
#10871=CARTESIAN_POINT('Ctrl Pts',(-21.6343493414659,-12.5,-34.307252446352));
#10872=CARTESIAN_POINT('',(-21.4364601326723,-12.,-35.4104843532428));
#10873=CARTESIAN_POINT('',(-21.4364601326723,-12.5,-35.4104843532428));
#10874=CARTESIAN_POINT('Ctrl Pts',(-21.4364601326723,-12.,-35.4104843532428));
#10875=CARTESIAN_POINT('Ctrl Pts',(-21.494163561378,-12.,-35.2367702623352));
#10876=CARTESIAN_POINT('Ctrl Pts',(-21.6131104082894,-12.,-34.8786850698085));
#10877=CARTESIAN_POINT('Ctrl Pts',(-21.6271306114977,-12.,-34.5014720792049));
#10878=CARTESIAN_POINT('Ctrl Pts',(-21.6343493414659,-12.,-34.307252446352));
#10879=CARTESIAN_POINT('Ctrl Pts',(-20.8823699904222,-12.5,-36.2614074146137));
#10880=CARTESIAN_POINT('Ctrl Pts',(-20.8823699904222,-12.,-36.2614074146137));
#10881=CARTESIAN_POINT('Ctrl Pts',(-20.9962345424875,-12.5,-36.1368565203882));
#10882=CARTESIAN_POINT('Ctrl Pts',(-20.9962345424875,-12.,-36.1368565203882));
#10883=CARTESIAN_POINT('Ctrl Pts',(-21.227632785972,-12.5,-35.883741238894));
#10884=CARTESIAN_POINT('Ctrl Pts',(-21.227632785972,-12.,-35.883741238894));
#10885=CARTESIAN_POINT('Ctrl Pts',(-21.3661190533046,-12.5,-35.5698954681226));
#10886=CARTESIAN_POINT('Ctrl Pts',(-21.3661190533046,-12.,-35.5698954681226));
#10887=CARTESIAN_POINT('Ctrl Pts',(-21.4364601326723,-12.5,-35.4104843532428));
#10888=CARTESIAN_POINT('Ctrl Pts',(-21.4364601326723,-12.,-35.4104843532428));
#10889=CARTESIAN_POINT('',(-20.8823699904222,-12.5,-36.2614074146137));
#10890=CARTESIAN_POINT('Ctrl Pts',(-20.8823699904222,-12.5,-36.2614074146137));
#10891=CARTESIAN_POINT('Ctrl Pts',(-20.9962345424875,-12.5,-36.1368565203882));
#10892=CARTESIAN_POINT('Ctrl Pts',(-21.227632785972,-12.5,-35.883741238894));
#10893=CARTESIAN_POINT('Ctrl Pts',(-21.3661190533046,-12.5,-35.5698954681226));
#10894=CARTESIAN_POINT('Ctrl Pts',(-21.4364601326723,-12.5,-35.4104843532428));
#10895=CARTESIAN_POINT('',(-20.8823699904222,-12.,-36.2614074146137));
#10896=CARTESIAN_POINT('',(-20.8823699904222,-12.5,-36.2614074146137));
#10897=CARTESIAN_POINT('Ctrl Pts',(-20.8823699904222,-12.,-36.2614074146137));
#10898=CARTESIAN_POINT('Ctrl Pts',(-20.9962345424875,-12.,-36.1368565203882));
#10899=CARTESIAN_POINT('Ctrl Pts',(-21.227632785972,-12.,-35.883741238894));
#10900=CARTESIAN_POINT('Ctrl Pts',(-21.3661190533046,-12.,-35.5698954681226));
#10901=CARTESIAN_POINT('Ctrl Pts',(-21.4364601326723,-12.,-35.4104843532428));
#10902=CARTESIAN_POINT('Ctrl Pts',(-20.0116575909395,-12.5,-36.8006554042682));
#10903=CARTESIAN_POINT('Ctrl Pts',(-20.0116575909395,-12.,-36.8006554042682));
#10904=CARTESIAN_POINT('Ctrl Pts',(-20.1741087306529,-12.5,-36.732365200335));
#10905=CARTESIAN_POINT('Ctrl Pts',(-20.1741087306529,-12.,-36.732365200335));
#10906=CARTESIAN_POINT('Ctrl Pts',(-20.4928229592708,-12.5,-36.5983860869405));
#10907=CARTESIAN_POINT('Ctrl Pts',(-20.4928229592708,-12.,-36.5983860869405));
#10908=CARTESIAN_POINT('Ctrl Pts',(-20.7542126656076,-12.5,-36.3722702417217));
#10909=CARTESIAN_POINT('Ctrl Pts',(-20.7542126656076,-12.,-36.3722702417217));
#10910=CARTESIAN_POINT('Ctrl Pts',(-20.8823699904222,-12.5,-36.2614074146137));
#10911=CARTESIAN_POINT('Ctrl Pts',(-20.8823699904222,-12.,-36.2614074146137));
#10912=CARTESIAN_POINT('',(-20.0116575909395,-12.5,-36.8006554042682));
#10913=CARTESIAN_POINT('Ctrl Pts',(-20.0116575909395,-12.5,-36.8006554042682));
#10914=CARTESIAN_POINT('Ctrl Pts',(-20.1741087306529,-12.5,-36.732365200335));
#10915=CARTESIAN_POINT('Ctrl Pts',(-20.4928229592708,-12.5,-36.5983860869405));
#10916=CARTESIAN_POINT('Ctrl Pts',(-20.7542126656076,-12.5,-36.3722702417217));
#10917=CARTESIAN_POINT('Ctrl Pts',(-20.8823699904222,-12.5,-36.2614074146137));
#10918=CARTESIAN_POINT('',(-20.0116575909395,-12.,-36.8006554042682));
#10919=CARTESIAN_POINT('',(-20.0116575909395,-12.5,-36.8006554042682));
#10920=CARTESIAN_POINT('Ctrl Pts',(-20.0116575909395,-12.,-36.8006554042682));
#10921=CARTESIAN_POINT('Ctrl Pts',(-20.1741087306529,-12.,-36.732365200335));
#10922=CARTESIAN_POINT('Ctrl Pts',(-20.4928229592708,-12.,-36.5983860869405));
#10923=CARTESIAN_POINT('Ctrl Pts',(-20.7542126656076,-12.,-36.3722702417217));
#10924=CARTESIAN_POINT('Ctrl Pts',(-20.8823699904222,-12.,-36.2614074146137));
#10925=CARTESIAN_POINT('Ctrl Pts',(-18.8886369419832,-12.5,-36.9886508380756));
#10926=CARTESIAN_POINT('Ctrl Pts',(-18.8886369419832,-12.,-36.9886508380756));
#10927=CARTESIAN_POINT('Ctrl Pts',(-19.0859722036866,-12.5,-36.9818393783199));
#10928=CARTESIAN_POINT('Ctrl Pts',(-19.0859722036866,-12.,-36.9818393783199));
#10929=CARTESIAN_POINT('Ctrl Pts',(-19.4687319140578,-12.5,-36.9686275866674));
#10930=CARTESIAN_POINT('Ctrl Pts',(-19.4687319140578,-12.,-36.9686275866674));
#10931=CARTESIAN_POINT('Ctrl Pts',(-19.834476138937,-12.5,-36.8554724012179));
#10932=CARTESIAN_POINT('Ctrl Pts',(-19.834476138937,-12.,-36.8554724012179));
#10933=CARTESIAN_POINT('Ctrl Pts',(-20.0116575909395,-12.5,-36.8006554042682));
#10934=CARTESIAN_POINT('Ctrl Pts',(-20.0116575909395,-12.,-36.8006554042682));
#10935=CARTESIAN_POINT('',(-18.8886369419832,-12.5,-36.9886508380756));
#10936=CARTESIAN_POINT('Ctrl Pts',(-18.8886369419832,-12.5,-36.9886508380756));
#10937=CARTESIAN_POINT('Ctrl Pts',(-19.0859722036866,-12.5,-36.9818393783199));
#10938=CARTESIAN_POINT('Ctrl Pts',(-19.4687319140578,-12.5,-36.9686275866674));
#10939=CARTESIAN_POINT('Ctrl Pts',(-19.834476138937,-12.5,-36.8554724012179));
#10940=CARTESIAN_POINT('Ctrl Pts',(-20.0116575909395,-12.5,-36.8006554042682));
#10941=CARTESIAN_POINT('',(-18.8886369419832,-12.,-36.9886508380756));
#10942=CARTESIAN_POINT('',(-18.8886369419832,-12.5,-36.9886508380756));
#10943=CARTESIAN_POINT('Ctrl Pts',(-18.8886369419832,-12.,-36.9886508380756));
#10944=CARTESIAN_POINT('Ctrl Pts',(-19.0859722036866,-12.,-36.9818393783199));
#10945=CARTESIAN_POINT('Ctrl Pts',(-19.4687319140578,-12.,-36.9686275866674));
#10946=CARTESIAN_POINT('Ctrl Pts',(-19.834476138937,-12.,-36.8554724012179));
#10947=CARTESIAN_POINT('Ctrl Pts',(-20.0116575909395,-12.,-36.8006554042682));
#10948=CARTESIAN_POINT('Ctrl Pts',(-17.7755094719667,-12.5,-36.8056025897846));
#10949=CARTESIAN_POINT('Ctrl Pts',(-17.7755094719667,-12.,-36.8056025897846));
#10950=CARTESIAN_POINT('Ctrl Pts',(-17.9510990650862,-12.5,-36.8589764995365));
#10951=CARTESIAN_POINT('Ctrl Pts',(-17.9510990650862,-12.,-36.8589764995365));
#10952=CARTESIAN_POINT('Ctrl Pts',(-18.3138982989146,-12.5,-36.9692564610102));
#10953=CARTESIAN_POINT('Ctrl Pts',(-18.3138982989146,-12.,-36.9692564610102));
#10954=CARTESIAN_POINT('Ctrl Pts',(-18.6930098896726,-12.5,-36.9820494639337));
#10955=CARTESIAN_POINT('Ctrl Pts',(-18.6930098896726,-12.,-36.9820494639337));
#10956=CARTESIAN_POINT('Ctrl Pts',(-18.8886369419832,-12.5,-36.9886508380756));
#10957=CARTESIAN_POINT('Ctrl Pts',(-18.8886369419832,-12.,-36.9886508380756));
#10958=CARTESIAN_POINT('',(-17.7755094719667,-12.5,-36.8056025897846));
#10959=CARTESIAN_POINT('Ctrl Pts',(-17.7755094719667,-12.5,-36.8056025897846));
#10960=CARTESIAN_POINT('Ctrl Pts',(-17.9510990650862,-12.5,-36.8589764995365));
#10961=CARTESIAN_POINT('Ctrl Pts',(-18.3138982989146,-12.5,-36.9692564610102));
#10962=CARTESIAN_POINT('Ctrl Pts',(-18.6930098896726,-12.5,-36.9820494639337));
#10963=CARTESIAN_POINT('Ctrl Pts',(-18.8886369419832,-12.5,-36.9886508380756));
#10964=CARTESIAN_POINT('',(-17.7755094719667,-12.,-36.8056025897846));
#10965=CARTESIAN_POINT('',(-17.7755094719667,-12.5,-36.8056025897846));
#10966=CARTESIAN_POINT('Ctrl Pts',(-17.7755094719667,-12.,-36.8056025897846));
#10967=CARTESIAN_POINT('Ctrl Pts',(-17.9510990650862,-12.,-36.8589764995365));
#10968=CARTESIAN_POINT('Ctrl Pts',(-18.3138982989146,-12.,-36.9692564610102));
#10969=CARTESIAN_POINT('Ctrl Pts',(-18.6930098896726,-12.,-36.9820494639337));
#10970=CARTESIAN_POINT('Ctrl Pts',(-18.8886369419832,-12.,-36.9886508380756));
#10971=CARTESIAN_POINT('Ctrl Pts',(-16.9047976685304,-12.5,-36.2614074146137));
#10972=CARTESIAN_POINT('Ctrl Pts',(-16.9047976685304,-12.,-36.2614074146137));
#10973=CARTESIAN_POINT('Ctrl Pts',(-17.0346232954495,-12.5,-36.3734265714221));
#10974=CARTESIAN_POINT('Ctrl Pts',(-17.0346232954495,-12.,-36.3734265714221));
#10975=CARTESIAN_POINT('Ctrl Pts',(-17.2967916937931,-12.5,-36.5996367860091));
#10976=CARTESIAN_POINT('Ctrl Pts',(-17.2967916937931,-12.,-36.5996367860091));
#10977=CARTESIAN_POINT('Ctrl Pts',(-17.614918740072,-12.5,-36.7365092728416));
#10978=CARTESIAN_POINT('Ctrl Pts',(-17.614918740072,-12.,-36.7365092728416));
#10979=CARTESIAN_POINT('Ctrl Pts',(-17.7755094719667,-12.5,-36.8056025897846));
#10980=CARTESIAN_POINT('Ctrl Pts',(-17.7755094719667,-12.,-36.8056025897846));
#10981=CARTESIAN_POINT('',(-16.9047976685304,-12.5,-36.2614074146137));
#10982=CARTESIAN_POINT('Ctrl Pts',(-16.9047976685304,-12.5,-36.2614074146137));
#10983=CARTESIAN_POINT('Ctrl Pts',(-17.0346232954495,-12.5,-36.3734265714221));
#10984=CARTESIAN_POINT('Ctrl Pts',(-17.2967916937931,-12.5,-36.5996367860091));
#10985=CARTESIAN_POINT('Ctrl Pts',(-17.614918740072,-12.5,-36.7365092728416));
#10986=CARTESIAN_POINT('Ctrl Pts',(-17.7755094719667,-12.5,-36.8056025897846));
#10987=CARTESIAN_POINT('',(-16.9047976685304,-12.,-36.2614074146137));
#10988=CARTESIAN_POINT('',(-16.9047976685304,-12.5,-36.2614074146137));
#10989=CARTESIAN_POINT('Ctrl Pts',(-16.9047976685304,-12.,-36.2614074146137));
#10990=CARTESIAN_POINT('Ctrl Pts',(-17.0346232954495,-12.,-36.3734265714221));
#10991=CARTESIAN_POINT('Ctrl Pts',(-17.2967916937931,-12.,-36.5996367860091));
#10992=CARTESIAN_POINT('Ctrl Pts',(-17.614918740072,-12.,-36.7365092728416));
#10993=CARTESIAN_POINT('Ctrl Pts',(-17.7755094719667,-12.,-36.8056025897846));
#10994=CARTESIAN_POINT('Ctrl Pts',(-16.3408137512941,-12.5,-35.4104843532428));
#10995=CARTESIAN_POINT('Ctrl Pts',(-16.3408137512941,-12.,-35.4104843532428));
#10996=CARTESIAN_POINT('Ctrl Pts',(-16.4133573023091,-12.5,-35.5679601778033));
#10997=CARTESIAN_POINT('Ctrl Pts',(-16.4133573023091,-12.,-35.5679601778033));
#10998=CARTESIAN_POINT('Ctrl Pts',(-16.5574468569591,-12.5,-35.8807463746681));
#10999=CARTESIAN_POINT('Ctrl Pts',(-16.5574468569591,-12.,-35.8807463746681));
#11000=CARTESIAN_POINT('Ctrl Pts',(-16.7895496889071,-12.5,-36.1351073907946));
#11001=CARTESIAN_POINT('Ctrl Pts',(-16.7895496889071,-12.,-36.1351073907946));
#11002=CARTESIAN_POINT('Ctrl Pts',(-16.9047976685304,-12.5,-36.2614074146137));
#11003=CARTESIAN_POINT('Ctrl Pts',(-16.9047976685304,-12.,-36.2614074146137));
#11004=CARTESIAN_POINT('',(-16.3408137512941,-12.5,-35.4104843532428));
#11005=CARTESIAN_POINT('Ctrl Pts',(-16.3408137512941,-12.5,-35.4104843532428));
#11006=CARTESIAN_POINT('Ctrl Pts',(-16.4133573023091,-12.5,-35.5679601778033));
#11007=CARTESIAN_POINT('Ctrl Pts',(-16.5574468569591,-12.5,-35.8807463746681));
#11008=CARTESIAN_POINT('Ctrl Pts',(-16.7895496889071,-12.5,-36.1351073907946));
#11009=CARTESIAN_POINT('Ctrl Pts',(-16.9047976685304,-12.5,-36.2614074146137));
#11010=CARTESIAN_POINT('',(-16.3408137512941,-12.,-35.4104843532428));
#11011=CARTESIAN_POINT('',(-16.3408137512941,-12.5,-35.4104843532428));
#11012=CARTESIAN_POINT('Ctrl Pts',(-16.3408137512941,-12.,-35.4104843532428));
#11013=CARTESIAN_POINT('Ctrl Pts',(-16.4133573023091,-12.,-35.5679601778033));
#11014=CARTESIAN_POINT('Ctrl Pts',(-16.5574468569591,-12.,-35.8807463746681));
#11015=CARTESIAN_POINT('Ctrl Pts',(-16.7895496889071,-12.,-36.1351073907946));
#11016=CARTESIAN_POINT('Ctrl Pts',(-16.9047976685304,-12.,-36.2614074146137));
#11017=CARTESIAN_POINT('Ctrl Pts',(-16.142923946454,-12.5,-34.307252446352));
#11018=CARTESIAN_POINT('Ctrl Pts',(-16.142923946454,-12.,-34.307252446352));
#11019=CARTESIAN_POINT('Ctrl Pts',(-16.1498281622766,-12.5,-34.503187166328));
#11020=CARTESIAN_POINT('Ctrl Pts',(-16.1498281622766,-12.,-34.503187166328));
#11021=CARTESIAN_POINT('Ctrl Pts',(-16.1631264676412,-12.5,-34.8805797341026));
#11022=CARTESIAN_POINT('Ctrl Pts',(-16.1631264676412,-12.,-34.8805797341026));
#11023=CARTESIAN_POINT('Ctrl Pts',(-16.283118970769,-12.5,-35.2384251598555));
#11024=CARTESIAN_POINT('Ctrl Pts',(-16.283118970769,-12.,-35.2384251598555));
#11025=CARTESIAN_POINT('Ctrl Pts',(-16.3408137512941,-12.5,-35.4104843532428));
#11026=CARTESIAN_POINT('Ctrl Pts',(-16.3408137512941,-12.,-35.4104843532428));
#11027=CARTESIAN_POINT('',(-16.142923946454,-12.5,-34.307252446352));
#11028=CARTESIAN_POINT('Ctrl Pts',(-16.142923946454,-12.5,-34.307252446352));
#11029=CARTESIAN_POINT('Ctrl Pts',(-16.1498281622766,-12.5,-34.503187166328));
#11030=CARTESIAN_POINT('Ctrl Pts',(-16.1631264676412,-12.5,-34.8805797341026));
#11031=CARTESIAN_POINT('Ctrl Pts',(-16.283118970769,-12.5,-35.2384251598555));
#11032=CARTESIAN_POINT('Ctrl Pts',(-16.3408137512941,-12.5,-35.4104843532428));
#11033=CARTESIAN_POINT('',(-16.142923946454,-12.,-34.307252446352));
#11034=CARTESIAN_POINT('',(-16.142923946454,-12.5,-34.307252446352));
#11035=CARTESIAN_POINT('Ctrl Pts',(-16.142923946454,-12.,-34.307252446352));
#11036=CARTESIAN_POINT('Ctrl Pts',(-16.1498281622766,-12.,-34.503187166328));
#11037=CARTESIAN_POINT('Ctrl Pts',(-16.1631264676412,-12.,-34.8805797341026));
#11038=CARTESIAN_POINT('Ctrl Pts',(-16.283118970769,-12.,-35.2384251598555));
#11039=CARTESIAN_POINT('Ctrl Pts',(-16.3408137512941,-12.,-35.4104843532428));
#11040=CARTESIAN_POINT('Ctrl Pts',(-16.3358665657777,-12.5,-33.1941237842426));
#11041=CARTESIAN_POINT('Ctrl Pts',(-16.3358665657777,-12.,-33.1941237842426));
#11042=CARTESIAN_POINT('Ctrl Pts',(-16.279615189371,-12.5,-33.3679180238888));
#11043=CARTESIAN_POINT('Ctrl Pts',(-16.279615189371,-12.,-33.3679180238888));
#11044=CARTESIAN_POINT('Ctrl Pts',(-16.1625450491629,-12.5,-33.729617902228));
#11045=CARTESIAN_POINT('Ctrl Pts',(-16.1625450491629,-12.,-33.729617902228));
#11046=CARTESIAN_POINT('Ctrl Pts',(-16.149632241262,-12.5,-34.1097639121559));
#11047=CARTESIAN_POINT('Ctrl Pts',(-16.149632241262,-12.,-34.1097639121559));
#11048=CARTESIAN_POINT('Ctrl Pts',(-16.142923946454,-12.5,-34.307252446352));
#11049=CARTESIAN_POINT('Ctrl Pts',(-16.142923946454,-12.,-34.307252446352));
#11050=CARTESIAN_POINT('',(-16.3358665657777,-12.5,-33.1941237842426));
#11051=CARTESIAN_POINT('Ctrl Pts',(-16.3358665657777,-12.5,-33.1941237842426));
#11052=CARTESIAN_POINT('Ctrl Pts',(-16.279615189371,-12.5,-33.3679180238888));
#11053=CARTESIAN_POINT('Ctrl Pts',(-16.1625450491629,-12.5,-33.729617902228));
#11054=CARTESIAN_POINT('Ctrl Pts',(-16.149632241262,-12.5,-34.1097639121559));
#11055=CARTESIAN_POINT('Ctrl Pts',(-16.142923946454,-12.5,-34.307252446352));
#11056=CARTESIAN_POINT('',(-16.3358665657777,-12.,-33.1941237842426));
#11057=CARTESIAN_POINT('',(-16.3358665657777,-12.5,-33.1941237842426));
#11058=CARTESIAN_POINT('Ctrl Pts',(-16.3358665657777,-12.,-33.1941237842426));
#11059=CARTESIAN_POINT('Ctrl Pts',(-16.279615189371,-12.,-33.3679180238888));
#11060=CARTESIAN_POINT('Ctrl Pts',(-16.1625450491629,-12.,-33.729617902228));
#11061=CARTESIAN_POINT('Ctrl Pts',(-16.149632241262,-12.,-34.1097639121559));
#11062=CARTESIAN_POINT('Ctrl Pts',(-16.142923946454,-12.,-34.307252446352));
#11063=CARTESIAN_POINT('Ctrl Pts',(-16.899850483014,-12.5,-32.3432007228717));
#11064=CARTESIAN_POINT('Ctrl Pts',(-16.899850483014,-12.,-32.3432007228717));
#11065=CARTESIAN_POINT('Ctrl Pts',(-16.7844771181132,-12.5,-32.4685884268203));
#11066=CARTESIAN_POINT('Ctrl Pts',(-16.7844771181132,-12.,-32.4685884268203));
#11067=CARTESIAN_POINT('Ctrl Pts',(-16.5511844606414,-12.5,-32.7221307473859));
#11068=CARTESIAN_POINT('Ctrl Pts',(-16.5511844606414,-12.,-32.7221307473859));
#11069=CARTESIAN_POINT('Ctrl Pts',(-16.4081594756206,-12.5,-33.0356522829233));
#11070=CARTESIAN_POINT('Ctrl Pts',(-16.4081594756206,-12.,-33.0356522829233));
#11071=CARTESIAN_POINT('Ctrl Pts',(-16.3358665657777,-12.5,-33.1941237842426));
#11072=CARTESIAN_POINT('Ctrl Pts',(-16.3358665657777,-12.,-33.1941237842426));
#11073=CARTESIAN_POINT('',(-16.899850483014,-12.5,-32.3432007228717));
#11074=CARTESIAN_POINT('Ctrl Pts',(-16.899850483014,-12.5,-32.3432007228717));
#11075=CARTESIAN_POINT('Ctrl Pts',(-16.7844771181132,-12.5,-32.4685884268203));
#11076=CARTESIAN_POINT('Ctrl Pts',(-16.5511844606414,-12.5,-32.7221307473859));
#11077=CARTESIAN_POINT('Ctrl Pts',(-16.4081594756206,-12.5,-33.0356522829233));
#11078=CARTESIAN_POINT('Ctrl Pts',(-16.3358665657777,-12.5,-33.1941237842426));
#11079=CARTESIAN_POINT('',(-16.899850483014,-12.,-32.3432007228717));
#11080=CARTESIAN_POINT('',(-16.899850483014,-12.5,-32.3432007228717));
#11081=CARTESIAN_POINT('Ctrl Pts',(-16.899850483014,-12.,-32.3432007228717));
#11082=CARTESIAN_POINT('Ctrl Pts',(-16.7844771181132,-12.,-32.4685884268203));
#11083=CARTESIAN_POINT('Ctrl Pts',(-16.5511844606414,-12.,-32.7221307473859));
#11084=CARTESIAN_POINT('Ctrl Pts',(-16.4081594756206,-12.,-33.0356522829233));
#11085=CARTESIAN_POINT('Ctrl Pts',(-16.3358665657777,-12.,-33.1941237842426));
#11086=CARTESIAN_POINT('Ctrl Pts',(-17.7755094719667,-12.5,-31.7990055477008));
#11087=CARTESIAN_POINT('Ctrl Pts',(-17.7755094719667,-12.,-31.7990055477008));
#11088=CARTESIAN_POINT('Ctrl Pts',(-17.6126349848278,-12.5,-31.867711521053));
#11089=CARTESIAN_POINT('Ctrl Pts',(-17.6126349848278,-12.,-31.867711521053));
#11090=CARTESIAN_POINT('Ctrl Pts',(-17.291971564324,-12.5,-32.0029782089867));
#11091=CARTESIAN_POINT('Ctrl Pts',(-17.291971564324,-12.,-32.0029782089867));
#11092=CARTESIAN_POINT('Ctrl Pts',(-17.0291682022593,-12.5,-32.2309986464506));
#11093=CARTESIAN_POINT('Ctrl Pts',(-17.0291682022593,-12.,-32.2309986464506));
#11094=CARTESIAN_POINT('Ctrl Pts',(-16.899850483014,-12.5,-32.3432007228717));
#11095=CARTESIAN_POINT('Ctrl Pts',(-16.899850483014,-12.,-32.3432007228717));
#11096=CARTESIAN_POINT('',(-17.7755094719667,-12.5,-31.7990055477008));
#11097=CARTESIAN_POINT('Ctrl Pts',(-17.7755094719667,-12.5,-31.7990055477008));
#11098=CARTESIAN_POINT('Ctrl Pts',(-17.6126349848278,-12.5,-31.867711521053));
#11099=CARTESIAN_POINT('Ctrl Pts',(-17.291971564324,-12.5,-32.0029782089867));
#11100=CARTESIAN_POINT('Ctrl Pts',(-17.0291682022593,-12.5,-32.2309986464506));
#11101=CARTESIAN_POINT('Ctrl Pts',(-16.899850483014,-12.5,-32.3432007228717));
#11102=CARTESIAN_POINT('',(-17.7755094719667,-12.,-31.7990055477008));
#11103=CARTESIAN_POINT('',(-17.7755094719667,-12.5,-31.7990055477008));
#11104=CARTESIAN_POINT('Ctrl Pts',(-17.7755094719667,-12.,-31.7990055477008));
#11105=CARTESIAN_POINT('Ctrl Pts',(-17.6126349848278,-12.,-31.867711521053));
#11106=CARTESIAN_POINT('Ctrl Pts',(-17.291971564324,-12.,-32.0029782089867));
#11107=CARTESIAN_POINT('Ctrl Pts',(-17.0291682022593,-12.,-32.2309986464506));
#11108=CARTESIAN_POINT('Ctrl Pts',(-16.899850483014,-12.,-32.3432007228717));
#11109=CARTESIAN_POINT('Ctrl Pts',(-18.8886369419832,-12.5,-31.6110124980792));
#11110=CARTESIAN_POINT('Ctrl Pts',(-18.8886369419832,-12.,-31.6110124980792));
#11111=CARTESIAN_POINT('Ctrl Pts',(-18.6937895871417,-12.5,-31.6179659405649));
#11112=CARTESIAN_POINT('Ctrl Pts',(-18.6937895871417,-12.,-31.6179659405649));
#11113=CARTESIAN_POINT('Ctrl Pts',(-18.3143294356749,-12.5,-31.6315075888001));
#11114=CARTESIAN_POINT('Ctrl Pts',(-18.3143294356749,-12.,-31.6315075888001));
#11115=CARTESIAN_POINT('Ctrl Pts',(-17.9518573374585,-12.5,-31.7441859242349));
#11116=CARTESIAN_POINT('Ctrl Pts',(-17.9518573374585,-12.,-31.7441859242349));
#11117=CARTESIAN_POINT('Ctrl Pts',(-17.7755094719667,-12.5,-31.7990055477008));
#11118=CARTESIAN_POINT('Ctrl Pts',(-17.7755094719667,-12.,-31.7990055477008));
#11119=CARTESIAN_POINT('',(-18.8886369419832,-12.5,-31.6110124980792));
#11120=CARTESIAN_POINT('Ctrl Pts',(-18.8886369419832,-12.5,-31.6110124980792));
#11121=CARTESIAN_POINT('Ctrl Pts',(-18.6937895871417,-12.5,-31.6179659405649));
#11122=CARTESIAN_POINT('Ctrl Pts',(-18.3143294356749,-12.5,-31.6315075888001));
#11123=CARTESIAN_POINT('Ctrl Pts',(-17.9518573374585,-12.5,-31.7441859242349));
#11124=CARTESIAN_POINT('Ctrl Pts',(-17.7755094719667,-12.5,-31.7990055477008));
#11125=CARTESIAN_POINT('',(-18.8886369419832,-12.,-31.6110124980792));
#11126=CARTESIAN_POINT('',(-18.8886369419832,-12.5,-31.6110124980792));
#11127=CARTESIAN_POINT('Ctrl Pts',(-18.8886369419832,-12.,-31.6110124980792));
#11128=CARTESIAN_POINT('Ctrl Pts',(-18.6937895871417,-12.,-31.6179659405649));
#11129=CARTESIAN_POINT('Ctrl Pts',(-18.3143294356749,-12.,-31.6315075888001));
#11130=CARTESIAN_POINT('Ctrl Pts',(-17.9518573374585,-12.,-31.7441859242349));
#11131=CARTESIAN_POINT('Ctrl Pts',(-17.7755094719667,-12.,-31.7990055477008));
#11132=CARTESIAN_POINT('Ctrl Pts',(-20.0017632199067,-12.5,-31.7990055477008));
#11133=CARTESIAN_POINT('Ctrl Pts',(-20.0017632199067,-12.,-31.7990055477008));
#11134=CARTESIAN_POINT('Ctrl Pts',(-19.8262427698364,-12.5,-31.744188496318));
#11135=CARTESIAN_POINT('Ctrl Pts',(-19.8262427698364,-12.,-31.744188496318));
#11136=CARTESIAN_POINT('Ctrl Pts',(-19.4638765895079,-12.5,-31.6310173785451));
#11137=CARTESIAN_POINT('Ctrl Pts',(-19.4638765895079,-12.,-31.6310173785451));
#11138=CARTESIAN_POINT('Ctrl Pts',(-19.0843374902476,-12.5,-31.6178182982218));
#11139=CARTESIAN_POINT('Ctrl Pts',(-19.0843374902476,-12.,-31.6178182982218));
#11140=CARTESIAN_POINT('Ctrl Pts',(-18.8886369419832,-12.5,-31.6110124980792));
#11141=CARTESIAN_POINT('Ctrl Pts',(-18.8886369419832,-12.,-31.6110124980792));
#11142=CARTESIAN_POINT('Ctrl Pts',(-20.0017632199067,-12.5,-31.7990055477008));
#11143=CARTESIAN_POINT('Ctrl Pts',(-19.8262427698364,-12.5,-31.744188496318));
#11144=CARTESIAN_POINT('Ctrl Pts',(-19.4638765895079,-12.5,-31.6310173785451));
#11145=CARTESIAN_POINT('Ctrl Pts',(-19.0843374902476,-12.5,-31.6178182982218));
#11146=CARTESIAN_POINT('Ctrl Pts',(-18.8886369419832,-12.5,-31.6110124980792));
#11147=CARTESIAN_POINT('Ctrl Pts',(-20.0017632199067,-12.,-31.7990055477008));
#11148=CARTESIAN_POINT('Ctrl Pts',(-19.8262427698364,-12.,-31.744188496318));
#11149=CARTESIAN_POINT('Ctrl Pts',(-19.4638765895079,-12.,-31.6310173785451));
#11150=CARTESIAN_POINT('Ctrl Pts',(-19.0843374902476,-12.,-31.6178182982218));
#11151=CARTESIAN_POINT('Ctrl Pts',(-18.8886369419832,-12.,-31.6110124980792));
#11152=CARTESIAN_POINT('Origin',(-18.8911102367182,-12.,-38.5099211131916));
#11153=CARTESIAN_POINT('Ctrl Pts',(-20.4123831940431,-12.5,-41.0404315387592));
#11154=CARTESIAN_POINT('Ctrl Pts',(-20.4123831940431,-12.,-41.0404315387592));
#11155=CARTESIAN_POINT('Ctrl Pts',(-20.3322302847038,-12.5,-41.1368615516266));
#11156=CARTESIAN_POINT('Ctrl Pts',(-20.3322302847038,-12.,-41.1368615516266));
#11157=CARTESIAN_POINT('Ctrl Pts',(-20.1641393078155,-12.5,-41.3390877115731));
#11158=CARTESIAN_POINT('Ctrl Pts',(-20.1641393078155,-12.,-41.3390877115731));
#11159=CARTESIAN_POINT('Ctrl Pts',(-19.9276140112627,-12.5,-41.4548183648171));
#11160=CARTESIAN_POINT('Ctrl Pts',(-19.9276140112627,-12.,-41.4548183648171));
#11161=CARTESIAN_POINT('Ctrl Pts',(-19.8038740111131,-12.5,-41.5153637325153));
#11162=CARTESIAN_POINT('Ctrl Pts',(-19.8038740111131,-12.,-41.5153637325153));
#11163=CARTESIAN_POINT('',(-20.4123831940431,-12.5,-41.0404315387592));
#11164=CARTESIAN_POINT('',(-19.8038740111131,-12.5,-41.5153637325153));
#11165=CARTESIAN_POINT('Ctrl Pts',(-20.4123831940431,-12.5,-41.0404315387592));
#11166=CARTESIAN_POINT('Ctrl Pts',(-20.3322302847038,-12.5,-41.1368615516266));
#11167=CARTESIAN_POINT('Ctrl Pts',(-20.1641393078155,-12.5,-41.3390877115731));
#11168=CARTESIAN_POINT('Ctrl Pts',(-19.9276140112627,-12.5,-41.4548183648171));
#11169=CARTESIAN_POINT('Ctrl Pts',(-19.8038740111131,-12.5,-41.5153637325153));
#11170=CARTESIAN_POINT('',(-20.4123831940431,-12.,-41.0404315387592));
#11171=CARTESIAN_POINT('',(-20.4123831940431,-12.5,-41.0404315387592));
#11172=CARTESIAN_POINT('',(-19.8038740111131,-12.,-41.5153637325153));
#11173=CARTESIAN_POINT('Ctrl Pts',(-20.4123831940431,-12.,-41.0404315387592));
#11174=CARTESIAN_POINT('Ctrl Pts',(-20.3322302847038,-12.,-41.1368615516266));
#11175=CARTESIAN_POINT('Ctrl Pts',(-20.1641393078155,-12.,-41.3390877115731));
#11176=CARTESIAN_POINT('Ctrl Pts',(-19.9276140112627,-12.,-41.4548183648171));
#11177=CARTESIAN_POINT('Ctrl Pts',(-19.8038740111131,-12.,-41.5153637325153));
#11178=CARTESIAN_POINT('',(-19.8038740111131,-12.5,-41.5153637325153));
#11179=CARTESIAN_POINT('Ctrl Pts',(-20.6251145554323,-12.5,-40.3527655994281));
#11180=CARTESIAN_POINT('Ctrl Pts',(-20.6251145554323,-12.,-40.3527655994281));
#11181=CARTESIAN_POINT('Ctrl Pts',(-20.6166779828072,-12.5,-40.4772778208185));
#11182=CARTESIAN_POINT('Ctrl Pts',(-20.6166779828072,-12.,-40.4772778208185));
#11183=CARTESIAN_POINT('Ctrl Pts',(-20.6000022327794,-12.5,-40.7233889813078));
#11184=CARTESIAN_POINT('Ctrl Pts',(-20.6000022327794,-12.,-40.7233889813078));
#11185=CARTESIAN_POINT('Ctrl Pts',(-20.4744273861679,-12.5,-40.93558797129));
#11186=CARTESIAN_POINT('Ctrl Pts',(-20.4744273861679,-12.,-40.93558797129));
#11187=CARTESIAN_POINT('Ctrl Pts',(-20.4123831940431,-12.5,-41.0404315387592));
#11188=CARTESIAN_POINT('Ctrl Pts',(-20.4123831940431,-12.,-41.0404315387592));
#11189=CARTESIAN_POINT('',(-20.6251145554323,-12.5,-40.3527655994281));
#11190=CARTESIAN_POINT('Ctrl Pts',(-20.6251145554323,-12.5,-40.3527655994281));
#11191=CARTESIAN_POINT('Ctrl Pts',(-20.6166779828072,-12.5,-40.4772778208185));
#11192=CARTESIAN_POINT('Ctrl Pts',(-20.6000022327794,-12.5,-40.7233889813078));
#11193=CARTESIAN_POINT('Ctrl Pts',(-20.4744273861679,-12.5,-40.93558797129));
#11194=CARTESIAN_POINT('Ctrl Pts',(-20.4123831940431,-12.5,-41.0404315387592));
#11195=CARTESIAN_POINT('',(-20.6251145554323,-12.,-40.3527655994281));
#11196=CARTESIAN_POINT('',(-20.6251145554323,-12.5,-40.3527655994281));
#11197=CARTESIAN_POINT('Ctrl Pts',(-20.6251145554323,-12.,-40.3527655994281));
#11198=CARTESIAN_POINT('Ctrl Pts',(-20.6166779828072,-12.,-40.4772778208185));
#11199=CARTESIAN_POINT('Ctrl Pts',(-20.6000022327794,-12.,-40.7233889813078));
#11200=CARTESIAN_POINT('Ctrl Pts',(-20.4744273861679,-12.,-40.93558797129));
#11201=CARTESIAN_POINT('Ctrl Pts',(-20.4123831940431,-12.,-41.0404315387592));
#11202=CARTESIAN_POINT('Ctrl Pts',(-20.4123831940431,-12.5,-39.6947827731952));
#11203=CARTESIAN_POINT('Ctrl Pts',(-20.4123831940431,-12.,-39.6947827731952));
#11204=CARTESIAN_POINT('Ctrl Pts',(-20.4744248760062,-12.5,-39.7937219412318));
#11205=CARTESIAN_POINT('Ctrl Pts',(-20.4744248760062,-12.,-39.7937219412318));
#11206=CARTESIAN_POINT('Ctrl Pts',(-20.6006382350215,-12.5,-39.9949970250296));
#11207=CARTESIAN_POINT('Ctrl Pts',(-20.6006382350215,-12.,-39.9949970250296));
#11208=CARTESIAN_POINT('Ctrl Pts',(-20.6168645030055,-12.5,-40.2321751901714));
#11209=CARTESIAN_POINT('Ctrl Pts',(-20.6168645030055,-12.,-40.2321751901714));
#11210=CARTESIAN_POINT('Ctrl Pts',(-20.6251145554323,-12.5,-40.3527655994281));
#11211=CARTESIAN_POINT('Ctrl Pts',(-20.6251145554323,-12.,-40.3527655994281));
#11212=CARTESIAN_POINT('',(-20.4123831940431,-12.5,-39.6947827731952));
#11213=CARTESIAN_POINT('Ctrl Pts',(-20.4123831940431,-12.5,-39.6947827731952));
#11214=CARTESIAN_POINT('Ctrl Pts',(-20.4744248760062,-12.5,-39.7937219412318));
#11215=CARTESIAN_POINT('Ctrl Pts',(-20.6006382350215,-12.5,-39.9949970250296));
#11216=CARTESIAN_POINT('Ctrl Pts',(-20.6168645030055,-12.5,-40.2321751901714));
#11217=CARTESIAN_POINT('Ctrl Pts',(-20.6251145554323,-12.5,-40.3527655994281));
#11218=CARTESIAN_POINT('',(-20.4123831940431,-12.,-39.6947827731952));
#11219=CARTESIAN_POINT('',(-20.4123831940431,-12.5,-39.6947827731952));
#11220=CARTESIAN_POINT('Ctrl Pts',(-20.4123831940431,-12.,-39.6947827731952));
#11221=CARTESIAN_POINT('Ctrl Pts',(-20.4744248760062,-12.,-39.7937219412318));
#11222=CARTESIAN_POINT('Ctrl Pts',(-20.6006382350215,-12.,-39.9949970250296));
#11223=CARTESIAN_POINT('Ctrl Pts',(-20.6168645030055,-12.,-40.2321751901714));
#11224=CARTESIAN_POINT('Ctrl Pts',(-20.6251145554323,-12.,-40.3527655994281));
#11225=CARTESIAN_POINT('Ctrl Pts',(-19.8187161637086,-12.5,-39.25942806357));
#11226=CARTESIAN_POINT('Ctrl Pts',(-19.8187161637086,-12.,-39.25942806357));
#11227=CARTESIAN_POINT('Ctrl Pts',(-19.9381874465463,-12.5,-39.3136188044958));
#11228=CARTESIAN_POINT('Ctrl Pts',(-19.9381874465463,-12.,-39.3136188044958));
#11229=CARTESIAN_POINT('Ctrl Pts',(-20.1668465465999,-12.5,-39.417335829684));
#11230=CARTESIAN_POINT('Ctrl Pts',(-20.1668465465999,-12.,-39.417335829684));
#11231=CARTESIAN_POINT('Ctrl Pts',(-20.3330288793804,-12.5,-39.6051154575954));
#11232=CARTESIAN_POINT('Ctrl Pts',(-20.3330288793804,-12.,-39.6051154575954));
#11233=CARTESIAN_POINT('Ctrl Pts',(-20.4123831940431,-12.5,-39.6947827731952));
#11234=CARTESIAN_POINT('Ctrl Pts',(-20.4123831940431,-12.,-39.6947827731952));
#11235=CARTESIAN_POINT('',(-19.8187161637086,-12.5,-39.25942806357));
#11236=CARTESIAN_POINT('Ctrl Pts',(-19.8187161637086,-12.5,-39.25942806357));
#11237=CARTESIAN_POINT('Ctrl Pts',(-19.9381874465463,-12.5,-39.3136188044958));
#11238=CARTESIAN_POINT('Ctrl Pts',(-20.1668465465999,-12.5,-39.417335829684));
#11239=CARTESIAN_POINT('Ctrl Pts',(-20.3330288793804,-12.5,-39.6051154575954));
#11240=CARTESIAN_POINT('Ctrl Pts',(-20.4123831940431,-12.5,-39.6947827731952));
#11241=CARTESIAN_POINT('',(-19.8187161637086,-12.,-39.25942806357));
#11242=CARTESIAN_POINT('',(-19.8187161637086,-12.5,-39.25942806357));
#11243=CARTESIAN_POINT('Ctrl Pts',(-19.8187161637086,-12.,-39.25942806357));
#11244=CARTESIAN_POINT('Ctrl Pts',(-19.9381874465463,-12.,-39.3136188044958));
#11245=CARTESIAN_POINT('Ctrl Pts',(-20.1668465465999,-12.,-39.417335829684));
#11246=CARTESIAN_POINT('Ctrl Pts',(-20.3330288793804,-12.,-39.6051154575954));
#11247=CARTESIAN_POINT('Ctrl Pts',(-20.4123831940431,-12.,-39.6947827731952));
#11248=CARTESIAN_POINT('Ctrl Pts',(-18.8985313130159,-12.5,-39.1060629283771));
#11249=CARTESIAN_POINT('Ctrl Pts',(-18.8985313130159,-12.,-39.1060629283771));
#11250=CARTESIAN_POINT('Ctrl Pts',(-19.0656825870043,-12.5,-39.1106383168363));
#11251=CARTESIAN_POINT('Ctrl Pts',(-19.0656825870043,-12.,-39.1106383168363));
#11252=CARTESIAN_POINT('Ctrl Pts',(-19.379764637775,-12.5,-39.1192356033306));
#11253=CARTESIAN_POINT('Ctrl Pts',(-19.379764637775,-12.,-39.1192356033306));
#11254=CARTESIAN_POINT('Ctrl Pts',(-19.6788166103327,-12.5,-39.2147469053659));
#11255=CARTESIAN_POINT('Ctrl Pts',(-19.6788166103327,-12.,-39.2147469053659));
#11256=CARTESIAN_POINT('Ctrl Pts',(-19.8187161637086,-12.5,-39.25942806357));
#11257=CARTESIAN_POINT('Ctrl Pts',(-19.8187161637086,-12.,-39.25942806357));
#11258=CARTESIAN_POINT('',(-18.8985313130159,-12.5,-39.1060629283771));
#11259=CARTESIAN_POINT('Ctrl Pts',(-18.8985313130159,-12.5,-39.1060629283771));
#11260=CARTESIAN_POINT('Ctrl Pts',(-19.0656825870043,-12.5,-39.1106383168363));
#11261=CARTESIAN_POINT('Ctrl Pts',(-19.379764637775,-12.5,-39.1192356033306));
#11262=CARTESIAN_POINT('Ctrl Pts',(-19.6788166103327,-12.5,-39.2147469053659));
#11263=CARTESIAN_POINT('Ctrl Pts',(-19.8187161637086,-12.5,-39.25942806357));
#11264=CARTESIAN_POINT('',(-18.8985313130159,-12.,-39.1060629283771));
#11265=CARTESIAN_POINT('',(-18.8985313130159,-12.5,-39.1060629283771));
#11266=CARTESIAN_POINT('Ctrl Pts',(-18.8985313130159,-12.,-39.1060629283771));
#11267=CARTESIAN_POINT('Ctrl Pts',(-19.0656825870043,-12.,-39.1106383168363));
#11268=CARTESIAN_POINT('Ctrl Pts',(-19.379764637775,-12.,-39.1192356033306));
#11269=CARTESIAN_POINT('Ctrl Pts',(-19.6788166103327,-12.,-39.2147469053659));
#11270=CARTESIAN_POINT('Ctrl Pts',(-19.8187161637086,-12.,-39.25942806357));
#11271=CARTESIAN_POINT('Ctrl Pts',(-17.6270927143831,-12.5,-39.4771066104755));
#11272=CARTESIAN_POINT('Ctrl Pts',(-17.6270927143831,-12.,-39.4771066104755));
#11273=CARTESIAN_POINT('Ctrl Pts',(-17.8025381259535,-12.5,-39.369145057288));
#11274=CARTESIAN_POINT('Ctrl Pts',(-17.8025381259535,-12.,-39.369145057288));
#11275=CARTESIAN_POINT('Ctrl Pts',(-18.1906285484879,-12.5,-39.1303309189246));
#11276=CARTESIAN_POINT('Ctrl Pts',(-18.1906285484879,-12.,-39.1303309189246));
#11277=CARTESIAN_POINT('Ctrl Pts',(-18.6479518020857,-12.5,-39.1146531776421));
#11278=CARTESIAN_POINT('Ctrl Pts',(-18.6479518020857,-12.,-39.1146531776421));
#11279=CARTESIAN_POINT('Ctrl Pts',(-18.8985313130159,-12.5,-39.1060629283771));
#11280=CARTESIAN_POINT('Ctrl Pts',(-18.8985313130159,-12.,-39.1060629283771));
#11281=CARTESIAN_POINT('',(-17.6270927143831,-12.5,-39.4771066104755));
#11282=CARTESIAN_POINT('Ctrl Pts',(-17.6270927143831,-12.5,-39.4771066104755));
#11283=CARTESIAN_POINT('Ctrl Pts',(-17.8025381259535,-12.5,-39.369145057288));
#11284=CARTESIAN_POINT('Ctrl Pts',(-18.1906285484879,-12.5,-39.1303309189246));
#11285=CARTESIAN_POINT('Ctrl Pts',(-18.6479518020857,-12.5,-39.1146531776421));
#11286=CARTESIAN_POINT('Ctrl Pts',(-18.8985313130159,-12.5,-39.1060629283771));
#11287=CARTESIAN_POINT('',(-17.6270927143831,-12.,-39.4771066104755));
#11288=CARTESIAN_POINT('',(-17.6270927143831,-12.5,-39.4771066104755));
#11289=CARTESIAN_POINT('Ctrl Pts',(-17.6270927143831,-12.,-39.4771066104755));
#11290=CARTESIAN_POINT('Ctrl Pts',(-17.8025381259535,-12.,-39.369145057288));
#11291=CARTESIAN_POINT('Ctrl Pts',(-18.1906285484879,-12.,-39.1303309189246));
#11292=CARTESIAN_POINT('Ctrl Pts',(-18.6479518020857,-12.,-39.1146531776421));
#11293=CARTESIAN_POINT('Ctrl Pts',(-18.8985313130159,-12.,-39.1060629283771));
#11294=CARTESIAN_POINT('Ctrl Pts',(-17.1867896271486,-12.5,-40.3527655994281));
#11295=CARTESIAN_POINT('Ctrl Pts',(-17.1867896271486,-12.,-40.3527655994281));
#11296=CARTESIAN_POINT('Ctrl Pts',(-17.2074864975341,-12.5,-40.1869808545378));
#11297=CARTESIAN_POINT('Ctrl Pts',(-17.2074864975341,-12.,-40.1869808545378));
#11298=CARTESIAN_POINT('Ctrl Pts',(-17.2503227691039,-12.5,-39.8438564969912));
#11299=CARTESIAN_POINT('Ctrl Pts',(-17.2503227691039,-12.,-39.8438564969912));
#11300=CARTESIAN_POINT('Ctrl Pts',(-17.4987144980576,-12.5,-39.6020706551356));
#11301=CARTESIAN_POINT('Ctrl Pts',(-17.4987144980576,-12.,-39.6020706551356));
#11302=CARTESIAN_POINT('Ctrl Pts',(-17.6270927143831,-12.5,-39.4771066104755));
#11303=CARTESIAN_POINT('Ctrl Pts',(-17.6270927143831,-12.,-39.4771066104755));
#11304=CARTESIAN_POINT('',(-17.1867896271486,-12.5,-40.3527655994281));
#11305=CARTESIAN_POINT('Ctrl Pts',(-17.1867896271486,-12.5,-40.3527655994281));
#11306=CARTESIAN_POINT('Ctrl Pts',(-17.2074864975341,-12.5,-40.1869808545378));
#11307=CARTESIAN_POINT('Ctrl Pts',(-17.2503227691039,-12.5,-39.8438564969912));
#11308=CARTESIAN_POINT('Ctrl Pts',(-17.4987144980576,-12.5,-39.6020706551356));
#11309=CARTESIAN_POINT('Ctrl Pts',(-17.6270927143831,-12.5,-39.4771066104755));
#11310=CARTESIAN_POINT('',(-17.1867896271486,-12.,-40.3527655994281));
#11311=CARTESIAN_POINT('',(-17.1867896271486,-12.5,-40.3527655994281));
#11312=CARTESIAN_POINT('Ctrl Pts',(-17.1867896271486,-12.,-40.3527655994281));
#11313=CARTESIAN_POINT('Ctrl Pts',(-17.2074864975341,-12.,-40.1869808545378));
#11314=CARTESIAN_POINT('Ctrl Pts',(-17.2503227691039,-12.,-39.8438564969912));
#11315=CARTESIAN_POINT('Ctrl Pts',(-17.4987144980576,-12.,-39.6020706551356));
#11316=CARTESIAN_POINT('Ctrl Pts',(-17.6270927143831,-12.,-39.4771066104755));
#11317=CARTESIAN_POINT('Ctrl Pts',(-17.6171983433504,-12.5,-41.3224234973773));
#11318=CARTESIAN_POINT('Ctrl Pts',(-17.6171983433504,-12.,-41.3224234973773));
#11319=CARTESIAN_POINT('Ctrl Pts',(-17.4916702153905,-12.5,-41.1878080818343));
#11320=CARTESIAN_POINT('Ctrl Pts',(-17.4916702153905,-12.,-41.1878080818343));
#11321=CARTESIAN_POINT('Ctrl Pts',(-17.236804500449,-12.5,-40.9144920156893));
#11322=CARTESIAN_POINT('Ctrl Pts',(-17.236804500449,-12.,-40.9144920156893));
#11323=CARTESIAN_POINT('Ctrl Pts',(-17.2036265543522,-12.5,-40.5418642845759));
#11324=CARTESIAN_POINT('Ctrl Pts',(-17.2036265543522,-12.,-40.5418642845759));
#11325=CARTESIAN_POINT('Ctrl Pts',(-17.1867896271486,-12.5,-40.3527655994281));
#11326=CARTESIAN_POINT('Ctrl Pts',(-17.1867896271486,-12.,-40.3527655994281));
#11327=CARTESIAN_POINT('',(-17.6171983433504,-12.5,-41.3224234973773));
#11328=CARTESIAN_POINT('Ctrl Pts',(-17.6171983433504,-12.5,-41.3224234973773));
#11329=CARTESIAN_POINT('Ctrl Pts',(-17.4916702153905,-12.5,-41.1878080818343));
#11330=CARTESIAN_POINT('Ctrl Pts',(-17.236804500449,-12.5,-40.9144920156893));
#11331=CARTESIAN_POINT('Ctrl Pts',(-17.2036265543522,-12.5,-40.5418642845759));
#11332=CARTESIAN_POINT('Ctrl Pts',(-17.1867896271486,-12.5,-40.3527655994281));
#11333=CARTESIAN_POINT('',(-17.6171983433504,-12.,-41.3224234973773));
#11334=CARTESIAN_POINT('',(-17.6171983433504,-12.5,-41.3224234973773));
#11335=CARTESIAN_POINT('Ctrl Pts',(-17.6171983433504,-12.,-41.3224234973773));
#11336=CARTESIAN_POINT('Ctrl Pts',(-17.4916702153905,-12.,-41.1878080818343));
#11337=CARTESIAN_POINT('Ctrl Pts',(-17.236804500449,-12.,-40.9144920156893));
#11338=CARTESIAN_POINT('Ctrl Pts',(-17.2036265543522,-12.,-40.5418642845759));
#11339=CARTESIAN_POINT('Ctrl Pts',(-17.1867896271486,-12.,-40.3527655994281));
#11340=CARTESIAN_POINT('Ctrl Pts',(-18.858953828885,-12.5,-41.6885176097736));
#11341=CARTESIAN_POINT('Ctrl Pts',(-18.858953828885,-12.,-41.6885176097736));
#11342=CARTESIAN_POINT('Ctrl Pts',(-18.6142080953645,-12.5,-41.6799342019618));
#11343=CARTESIAN_POINT('Ctrl Pts',(-18.6142080953645,-12.,-41.6799342019618));
#11344=CARTESIAN_POINT('Ctrl Pts',(-18.166984490181,-12.5,-41.6642497504655));
#11345=CARTESIAN_POINT('Ctrl Pts',(-18.166984490181,-12.,-41.6642497504655));
#11346=CARTESIAN_POINT('Ctrl Pts',(-17.7885378474875,-12.5,-41.4289528107164));
#11347=CARTESIAN_POINT('Ctrl Pts',(-17.7885378474875,-12.,-41.4289528107164));
#11348=CARTESIAN_POINT('Ctrl Pts',(-17.6171983433504,-12.5,-41.3224234973773));
#11349=CARTESIAN_POINT('Ctrl Pts',(-17.6171983433504,-12.,-41.3224234973773));
#11350=CARTESIAN_POINT('',(-18.858953828885,-12.5,-41.6885176097736));
#11351=CARTESIAN_POINT('Ctrl Pts',(-18.858953828885,-12.5,-41.6885176097736));
#11352=CARTESIAN_POINT('Ctrl Pts',(-18.6142080953645,-12.5,-41.6799342019618));
#11353=CARTESIAN_POINT('Ctrl Pts',(-18.166984490181,-12.5,-41.6642497504655));
#11354=CARTESIAN_POINT('Ctrl Pts',(-17.7885378474875,-12.5,-41.4289528107164));
#11355=CARTESIAN_POINT('Ctrl Pts',(-17.6171983433504,-12.5,-41.3224234973773));
#11356=CARTESIAN_POINT('',(-18.858953828885,-12.,-41.6885176097736));
#11357=CARTESIAN_POINT('',(-18.858953828885,-12.5,-41.6885176097736));
#11358=CARTESIAN_POINT('Ctrl Pts',(-18.858953828885,-12.,-41.6885176097736));
#11359=CARTESIAN_POINT('Ctrl Pts',(-18.6142080953645,-12.,-41.6799342019618));
#11360=CARTESIAN_POINT('Ctrl Pts',(-18.166984490181,-12.,-41.6642497504655));
#11361=CARTESIAN_POINT('Ctrl Pts',(-17.7885378474875,-12.,-41.4289528107164));
#11362=CARTESIAN_POINT('Ctrl Pts',(-17.6171983433504,-12.,-41.3224234973773));
#11363=CARTESIAN_POINT('Ctrl Pts',(-19.8038740111131,-12.5,-41.5153637325153));
#11364=CARTESIAN_POINT('Ctrl Pts',(-19.8038740111131,-12.,-41.5153637325153));
#11365=CARTESIAN_POINT('Ctrl Pts',(-19.6605274717254,-12.5,-41.5658147730988));
#11366=CARTESIAN_POINT('Ctrl Pts',(-19.6605274717254,-12.,-41.5658147730988));
#11367=CARTESIAN_POINT('Ctrl Pts',(-19.3550099725253,-12.5,-41.6733421387187));
#11368=CARTESIAN_POINT('Ctrl Pts',(-19.3550099725253,-12.,-41.6733421387187));
#11369=CARTESIAN_POINT('Ctrl Pts',(-19.0309612825323,-12.5,-41.6832555156185));
#11370=CARTESIAN_POINT('Ctrl Pts',(-19.0309612825323,-12.,-41.6832555156185));
#11371=CARTESIAN_POINT('Ctrl Pts',(-18.858953828885,-12.5,-41.6885176097736));
#11372=CARTESIAN_POINT('Ctrl Pts',(-18.858953828885,-12.,-41.6885176097736));
#11373=CARTESIAN_POINT('Ctrl Pts',(-19.8038740111131,-12.5,-41.5153637325153));
#11374=CARTESIAN_POINT('Ctrl Pts',(-19.6605274717254,-12.5,-41.5658147730988));
#11375=CARTESIAN_POINT('Ctrl Pts',(-19.3550099725253,-12.5,-41.6733421387187));
#11376=CARTESIAN_POINT('Ctrl Pts',(-19.0309612825323,-12.5,-41.6832555156185));
#11377=CARTESIAN_POINT('Ctrl Pts',(-18.858953828885,-12.5,-41.6885176097736));
#11378=CARTESIAN_POINT('Ctrl Pts',(-19.8038740111131,-12.,-41.5153637325153));
#11379=CARTESIAN_POINT('Ctrl Pts',(-19.6605274717254,-12.,-41.5658147730988));
#11380=CARTESIAN_POINT('Ctrl Pts',(-19.3550099725253,-12.,-41.6733421387187));
#11381=CARTESIAN_POINT('Ctrl Pts',(-19.0309612825323,-12.,-41.6832555156185));
#11382=CARTESIAN_POINT('Ctrl Pts',(-18.858953828885,-12.,-41.6885176097736));
#11383=CARTESIAN_POINT('Ctrl Pts',(-23.6429245425004,-12.5,-42.4009194766864));
#11384=CARTESIAN_POINT('Ctrl Pts',(-23.6429245425004,-12.,-42.4009194766864));
#11385=CARTESIAN_POINT('Ctrl Pts',(-23.6362343751417,-12.5,-42.3045293776943));
#11386=CARTESIAN_POINT('Ctrl Pts',(-23.6362343751417,-12.,-42.3045293776943));
#11387=CARTESIAN_POINT('Ctrl Pts',(-23.6234718702311,-12.5,-42.1206507023556));
#11388=CARTESIAN_POINT('Ctrl Pts',(-23.6234718702311,-12.,-42.1206507023556));
#11389=CARTESIAN_POINT('Ctrl Pts',(-23.4992109077233,-12.5,-41.9853927749779));
#11390=CARTESIAN_POINT('Ctrl Pts',(-23.4992109077233,-12.,-41.9853927749779));
#11391=CARTESIAN_POINT('Ctrl Pts',(-23.4400881481905,-12.5,-41.9210377132282));
#11392=CARTESIAN_POINT('Ctrl Pts',(-23.4400881481905,-12.,-41.9210377132282));
#11393=CARTESIAN_POINT('',(-23.6429245425004,-12.5,-42.4009194766864));
#11394=CARTESIAN_POINT('',(-23.4400881481905,-12.5,-41.9210377132282));
#11395=CARTESIAN_POINT('Ctrl Pts',(-23.6429245425004,-12.5,-42.4009194766864));
#11396=CARTESIAN_POINT('Ctrl Pts',(-23.6362343751417,-12.5,-42.3045293776943));
#11397=CARTESIAN_POINT('Ctrl Pts',(-23.6234718702311,-12.5,-42.1206507023556));
#11398=CARTESIAN_POINT('Ctrl Pts',(-23.4992109077233,-12.5,-41.9853927749779));
#11399=CARTESIAN_POINT('Ctrl Pts',(-23.4400881481905,-12.5,-41.9210377132282));
#11400=CARTESIAN_POINT('',(-23.6429245425004,-12.,-42.4009194766864));
#11401=CARTESIAN_POINT('',(-23.6429245425004,-12.5,-42.4009194766864));
#11402=CARTESIAN_POINT('',(-23.4400881481905,-12.,-41.9210377132282));
#11403=CARTESIAN_POINT('Ctrl Pts',(-23.6429245425004,-12.,-42.4009194766864));
#11404=CARTESIAN_POINT('Ctrl Pts',(-23.6362343751417,-12.,-42.3045293776943));
#11405=CARTESIAN_POINT('Ctrl Pts',(-23.6234718702311,-12.,-42.1206507023556));
#11406=CARTESIAN_POINT('Ctrl Pts',(-23.4992109077233,-12.,-41.9853927749779));
#11407=CARTESIAN_POINT('Ctrl Pts',(-23.4400881481905,-12.,-41.9210377132282));
#11408=CARTESIAN_POINT('',(-23.4400881481905,-12.5,-41.9210377132282));
#11409=CARTESIAN_POINT('Ctrl Pts',(-23.4301931811113,-12.5,-42.8659596835956));
#11410=CARTESIAN_POINT('Ctrl Pts',(-23.4301931811113,-12.,-42.8659596835956));
#11411=CARTESIAN_POINT('Ctrl Pts',(-23.4922278709439,-12.5,-42.8032897876802));
#11412=CARTESIAN_POINT('Ctrl Pts',(-23.4922278709439,-12.,-42.8032897876802));
#11413=CARTESIAN_POINT('Ctrl Pts',(-23.6196497897462,-12.5,-42.6745631282866));
#11414=CARTESIAN_POINT('Ctrl Pts',(-23.6196497897462,-12.,-42.6745631282866));
#11415=CARTESIAN_POINT('Ctrl Pts',(-23.6350313921746,-12.5,-42.4937200533708));
#11416=CARTESIAN_POINT('Ctrl Pts',(-23.6350313921746,-12.,-42.4937200533708));
#11417=CARTESIAN_POINT('Ctrl Pts',(-23.6429245425004,-12.5,-42.4009194766864));
#11418=CARTESIAN_POINT('Ctrl Pts',(-23.6429245425004,-12.,-42.4009194766864));
#11419=CARTESIAN_POINT('',(-23.4301931811113,-12.5,-42.8659596835956));
#11420=CARTESIAN_POINT('Ctrl Pts',(-23.4301931811113,-12.5,-42.8659596835956));
#11421=CARTESIAN_POINT('Ctrl Pts',(-23.4922278709439,-12.5,-42.8032897876802));
#11422=CARTESIAN_POINT('Ctrl Pts',(-23.6196497897462,-12.5,-42.6745631282866));
#11423=CARTESIAN_POINT('Ctrl Pts',(-23.6350313921746,-12.5,-42.4937200533708));
#11424=CARTESIAN_POINT('Ctrl Pts',(-23.6429245425004,-12.5,-42.4009194766864));
#11425=CARTESIAN_POINT('',(-23.4301931811113,-12.,-42.8659596835956));
#11426=CARTESIAN_POINT('',(-23.4301931811113,-12.5,-42.8659596835956));
#11427=CARTESIAN_POINT('Ctrl Pts',(-23.4301931811113,-12.,-42.8659596835956));
#11428=CARTESIAN_POINT('Ctrl Pts',(-23.4922278709439,-12.,-42.8032897876802));
#11429=CARTESIAN_POINT('Ctrl Pts',(-23.6196497897462,-12.,-42.6745631282866));
#11430=CARTESIAN_POINT('Ctrl Pts',(-23.6350313921746,-12.,-42.4937200533708));
#11431=CARTESIAN_POINT('Ctrl Pts',(-23.6429245425004,-12.,-42.4009194766864));
#11432=CARTESIAN_POINT('Ctrl Pts',(-22.8117896271486,-12.5,-43.0292168056354));
#11433=CARTESIAN_POINT('Ctrl Pts',(-22.8117896271486,-12.,-43.0292168056354));
#11434=CARTESIAN_POINT('Ctrl Pts',(-22.9347921299901,-12.5,-43.026251139386));
#11435=CARTESIAN_POINT('Ctrl Pts',(-22.9347921299901,-12.,-43.026251139386));
#11436=CARTESIAN_POINT('Ctrl Pts',(-23.1549237220698,-12.5,-43.0209436308559));
#11437=CARTESIAN_POINT('Ctrl Pts',(-23.1549237220698,-12.,-43.0209436308559));
#11438=CARTESIAN_POINT('Ctrl Pts',(-23.3459196690558,-12.5,-42.9134078879599));
#11439=CARTESIAN_POINT('Ctrl Pts',(-23.3459196690558,-12.,-42.9134078879599));
#11440=CARTESIAN_POINT('Ctrl Pts',(-23.4301931811113,-12.5,-42.8659596835956));
#11441=CARTESIAN_POINT('Ctrl Pts',(-23.4301931811113,-12.,-42.8659596835956));
#11442=CARTESIAN_POINT('',(-22.8117896271486,-12.5,-43.0292168056354));
#11443=CARTESIAN_POINT('Ctrl Pts',(-22.8117896271486,-12.5,-43.0292168056354));
#11444=CARTESIAN_POINT('Ctrl Pts',(-22.9347921299901,-12.5,-43.026251139386));
#11445=CARTESIAN_POINT('Ctrl Pts',(-23.1549237220698,-12.5,-43.0209436308559));
#11446=CARTESIAN_POINT('Ctrl Pts',(-23.3459196690558,-12.5,-42.9134078879599));
#11447=CARTESIAN_POINT('Ctrl Pts',(-23.4301931811113,-12.5,-42.8659596835956));
#11448=CARTESIAN_POINT('',(-22.8117896271486,-12.,-43.0292168056354));
#11449=CARTESIAN_POINT('',(-22.8117896271486,-12.5,-43.0292168056354));
#11450=CARTESIAN_POINT('Ctrl Pts',(-22.8117896271486,-12.,-43.0292168056354));
#11451=CARTESIAN_POINT('Ctrl Pts',(-22.9347921299901,-12.,-43.026251139386));
#11452=CARTESIAN_POINT('Ctrl Pts',(-23.1549237220698,-12.,-43.0209436308559));
#11453=CARTESIAN_POINT('Ctrl Pts',(-23.3459196690558,-12.,-42.9134078879599));
#11454=CARTESIAN_POINT('Ctrl Pts',(-23.4301931811113,-12.,-42.8659596835956));
#11455=CARTESIAN_POINT('Origin',(-16.9146920395631,-12.5,-43.0292168056354));
#11456=CARTESIAN_POINT('',(-16.9146920395631,-12.5,-43.0292168056354));
#11457=CARTESIAN_POINT('',(-1.58596731566691,-12.5,-43.0292168056354));
#11458=CARTESIAN_POINT('',(-16.9146920395631,-12.,-43.0292168056354));
#11459=CARTESIAN_POINT('',(-16.9146920395631,-12.5,-43.0292168056354));
#11460=CARTESIAN_POINT('',(-16.9146920395631,-12.,-43.0292168056354));
#11461=CARTESIAN_POINT('Ctrl Pts',(-16.3358665657777,-12.5,-42.8610101138935));
#11462=CARTESIAN_POINT('Ctrl Pts',(-16.3358665657777,-12.,-42.8610101138935));
#11463=CARTESIAN_POINT('Ctrl Pts',(-16.414947957431,-12.5,-42.909933763458));
#11464=CARTESIAN_POINT('Ctrl Pts',(-16.414947957431,-12.,-42.909933763458));
#11465=CARTESIAN_POINT('Ctrl Pts',(-16.5913927366218,-12.5,-43.0190912069999));
#11466=CARTESIAN_POINT('Ctrl Pts',(-16.5913927366218,-12.,-43.0190912069999));
#11467=CARTESIAN_POINT('Ctrl Pts',(-16.7997301094681,-12.5,-43.0256162461788));
#11468=CARTESIAN_POINT('Ctrl Pts',(-16.7997301094681,-12.,-43.0256162461788));
#11469=CARTESIAN_POINT('Ctrl Pts',(-16.9146920395631,-12.5,-43.0292168056354));
#11470=CARTESIAN_POINT('Ctrl Pts',(-16.9146920395631,-12.,-43.0292168056354));
#11471=CARTESIAN_POINT('',(-16.3358665657777,-12.5,-42.8610101138935));
#11472=CARTESIAN_POINT('Ctrl Pts',(-16.3358665657777,-12.5,-42.8610101138935));
#11473=CARTESIAN_POINT('Ctrl Pts',(-16.414947957431,-12.5,-42.909933763458));
#11474=CARTESIAN_POINT('Ctrl Pts',(-16.5913927366218,-12.5,-43.0190912069999));
#11475=CARTESIAN_POINT('Ctrl Pts',(-16.7997301094681,-12.5,-43.0256162461788));
#11476=CARTESIAN_POINT('Ctrl Pts',(-16.9146920395631,-12.5,-43.0292168056354));
#11477=CARTESIAN_POINT('',(-16.3358665657777,-12.,-42.8610101138935));
#11478=CARTESIAN_POINT('',(-16.3358665657777,-12.5,-42.8610101138935));
#11479=CARTESIAN_POINT('Ctrl Pts',(-16.3358665657777,-12.,-42.8610101138935));
#11480=CARTESIAN_POINT('Ctrl Pts',(-16.414947957431,-12.,-42.909933763458));
#11481=CARTESIAN_POINT('Ctrl Pts',(-16.5913927366218,-12.,-43.0190912069999));
#11482=CARTESIAN_POINT('Ctrl Pts',(-16.7997301094681,-12.,-43.0256162461788));
#11483=CARTESIAN_POINT('Ctrl Pts',(-16.9146920395631,-12.,-43.0292168056354));
#11484=CARTESIAN_POINT('Ctrl Pts',(-16.142923946454,-12.5,-42.4009194766864));
#11485=CARTESIAN_POINT('Ctrl Pts',(-16.142923946454,-12.,-42.4009194766864));
#11486=CARTESIAN_POINT('Ctrl Pts',(-16.1499904774087,-12.5,-42.490931703829));
#11487=CARTESIAN_POINT('Ctrl Pts',(-16.1499904774087,-12.,-42.490931703829));
#11488=CARTESIAN_POINT('Ctrl Pts',(-16.1637258360533,-12.5,-42.6658902839468));
#11489=CARTESIAN_POINT('Ctrl Pts',(-16.1637258360533,-12.,-42.6658902839468));
#11490=CARTESIAN_POINT('Ctrl Pts',(-16.2796047356748,-12.5,-42.7972378809086));
#11491=CARTESIAN_POINT('Ctrl Pts',(-16.2796047356748,-12.,-42.7972378809086));
#11492=CARTESIAN_POINT('Ctrl Pts',(-16.3358665657777,-12.5,-42.8610101138935));
#11493=CARTESIAN_POINT('Ctrl Pts',(-16.3358665657777,-12.,-42.8610101138935));
#11494=CARTESIAN_POINT('',(-16.142923946454,-12.5,-42.4009194766864));
#11495=CARTESIAN_POINT('Ctrl Pts',(-16.142923946454,-12.5,-42.4009194766864));
#11496=CARTESIAN_POINT('Ctrl Pts',(-16.1499904774087,-12.5,-42.490931703829));
#11497=CARTESIAN_POINT('Ctrl Pts',(-16.1637258360533,-12.5,-42.6658902839468));
#11498=CARTESIAN_POINT('Ctrl Pts',(-16.2796047356748,-12.5,-42.7972378809086));
#11499=CARTESIAN_POINT('Ctrl Pts',(-16.3358665657777,-12.5,-42.8610101138935));
#11500=CARTESIAN_POINT('',(-16.142923946454,-12.,-42.4009194766864));
#11501=CARTESIAN_POINT('',(-16.142923946454,-12.5,-42.4009194766864));
#11502=CARTESIAN_POINT('Ctrl Pts',(-16.142923946454,-12.,-42.4009194766864));
#11503=CARTESIAN_POINT('Ctrl Pts',(-16.1499904774087,-12.,-42.490931703829));
#11504=CARTESIAN_POINT('Ctrl Pts',(-16.1637258360533,-12.,-42.6658902839468));
#11505=CARTESIAN_POINT('Ctrl Pts',(-16.2796047356748,-12.,-42.7972378809086));
#11506=CARTESIAN_POINT('Ctrl Pts',(-16.3358665657777,-12.,-42.8610101138935));
#11507=CARTESIAN_POINT('Ctrl Pts',(-16.3358665657777,-12.5,-41.9358792697772));
#11508=CARTESIAN_POINT('Ctrl Pts',(-16.3358665657777,-12.,-41.9358792697772));
#11509=CARTESIAN_POINT('Ctrl Pts',(-16.2795959760195,-12.5,-42.0017734635917));
#11510=CARTESIAN_POINT('Ctrl Pts',(-16.2795959760195,-12.,-42.0017734635917));
#11511=CARTESIAN_POINT('Ctrl Pts',(-16.1651589649636,-12.5,-42.1357819148707));
#11512=CARTESIAN_POINT('Ctrl Pts',(-16.1651589649636,-12.,-42.1357819148707));
#11513=CARTESIAN_POINT('Ctrl Pts',(-16.1504170271915,-12.5,-42.3115695552387));
#11514=CARTESIAN_POINT('Ctrl Pts',(-16.1504170271915,-12.,-42.3115695552387));
#11515=CARTESIAN_POINT('Ctrl Pts',(-16.142923946454,-12.5,-42.4009194766864));
#11516=CARTESIAN_POINT('Ctrl Pts',(-16.142923946454,-12.,-42.4009194766864));
#11517=CARTESIAN_POINT('',(-16.3358665657777,-12.5,-41.9358792697772));
#11518=CARTESIAN_POINT('Ctrl Pts',(-16.3358665657777,-12.5,-41.9358792697772));
#11519=CARTESIAN_POINT('Ctrl Pts',(-16.2795959760195,-12.5,-42.0017734635917));
#11520=CARTESIAN_POINT('Ctrl Pts',(-16.1651589649636,-12.5,-42.1357819148707));
#11521=CARTESIAN_POINT('Ctrl Pts',(-16.1504170271915,-12.5,-42.3115695552387));
#11522=CARTESIAN_POINT('Ctrl Pts',(-16.142923946454,-12.5,-42.4009194766864));
#11523=CARTESIAN_POINT('',(-16.3358665657777,-12.,-41.9358792697772));
#11524=CARTESIAN_POINT('',(-16.3358665657777,-12.5,-41.9358792697772));
#11525=CARTESIAN_POINT('Ctrl Pts',(-16.3358665657777,-12.,-41.9358792697772));
#11526=CARTESIAN_POINT('Ctrl Pts',(-16.2795959760195,-12.,-42.0017734635917));
#11527=CARTESIAN_POINT('Ctrl Pts',(-16.1651589649636,-12.,-42.1357819148707));
#11528=CARTESIAN_POINT('Ctrl Pts',(-16.1504170271915,-12.,-42.3115695552387));
#11529=CARTESIAN_POINT('Ctrl Pts',(-16.142923946454,-12.,-42.4009194766864));
#11530=CARTESIAN_POINT('Ctrl Pts',(-16.9146920395631,-12.5,-41.7528310214862));
#11531=CARTESIAN_POINT('Ctrl Pts',(-16.9146920395631,-12.,-41.7528310214862));
#11532=CARTESIAN_POINT('Ctrl Pts',(-16.7992760844646,-12.5,-41.7571091335202));
#11533=CARTESIAN_POINT('Ctrl Pts',(-16.7992760844646,-12.,-41.7571091335202));
#11534=CARTESIAN_POINT('Ctrl Pts',(-16.5884435580289,-12.5,-41.7649240423665));
#11535=CARTESIAN_POINT('Ctrl Pts',(-16.5884435580289,-12.,-41.7649240423665));
#11536=CARTESIAN_POINT('Ctrl Pts',(-16.4145607750816,-12.5,-41.8826155646094));
#11537=CARTESIAN_POINT('Ctrl Pts',(-16.4145607750816,-12.,-41.8826155646094));
#11538=CARTESIAN_POINT('Ctrl Pts',(-16.3358665657777,-12.5,-41.9358792697772));
#11539=CARTESIAN_POINT('Ctrl Pts',(-16.3358665657777,-12.,-41.9358792697772));
#11540=CARTESIAN_POINT('',(-16.9146920395631,-12.5,-41.7528310214862));
#11541=CARTESIAN_POINT('Ctrl Pts',(-16.9146920395631,-12.5,-41.7528310214862));
#11542=CARTESIAN_POINT('Ctrl Pts',(-16.7992760844646,-12.5,-41.7571091335202));
#11543=CARTESIAN_POINT('Ctrl Pts',(-16.5884435580289,-12.5,-41.7649240423665));
#11544=CARTESIAN_POINT('Ctrl Pts',(-16.4145607750816,-12.5,-41.8826155646094));
#11545=CARTESIAN_POINT('Ctrl Pts',(-16.3358665657777,-12.5,-41.9358792697772));
#11546=CARTESIAN_POINT('',(-16.9146920395631,-12.,-41.7528310214862));
#11547=CARTESIAN_POINT('',(-16.9146920395631,-12.5,-41.7528310214862));
#11548=CARTESIAN_POINT('Ctrl Pts',(-16.9146920395631,-12.,-41.7528310214862));
#11549=CARTESIAN_POINT('Ctrl Pts',(-16.7992760844646,-12.,-41.7571091335202));
#11550=CARTESIAN_POINT('Ctrl Pts',(-16.5884435580289,-12.,-41.7649240423665));
#11551=CARTESIAN_POINT('Ctrl Pts',(-16.4145607750816,-12.,-41.8826155646094));
#11552=CARTESIAN_POINT('Ctrl Pts',(-16.3358665657777,-12.,-41.9358792697772));
#11553=CARTESIAN_POINT('Origin',(-17.0482672405977,-12.5,-41.7528310214862));
#11554=CARTESIAN_POINT('',(-17.0482672405977,-12.5,-41.7528310214862));
#11555=CARTESIAN_POINT('',(-1.65275491618418,-12.5,-41.7528310214862));
#11556=CARTESIAN_POINT('',(-17.0482672405977,-12.,-41.7528310214862));
#11557=CARTESIAN_POINT('',(-17.0482672405977,-12.5,-41.7528310214862));
#11558=CARTESIAN_POINT('',(-17.0482672405977,-12.,-41.7528310214862));
#11559=CARTESIAN_POINT('Ctrl Pts',(-16.6623831940431,-12.5,-41.3966312801227));
#11560=CARTESIAN_POINT('Ctrl Pts',(-16.6623831940431,-12.,-41.3966312801227));
#11561=CARTESIAN_POINT('Ctrl Pts',(-16.7155185037966,-12.5,-41.449071907632));
#11562=CARTESIAN_POINT('Ctrl Pts',(-16.7155185037966,-12.,-41.449071907632));
#11563=CARTESIAN_POINT('Ctrl Pts',(-16.8401663018538,-12.5,-41.5720900810105));
#11564=CARTESIAN_POINT('Ctrl Pts',(-16.8401663018538,-12.,-41.5720900810105));
#11565=CARTESIAN_POINT('Ctrl Pts',(-16.9724016501461,-12.5,-41.6869398330527));
#11566=CARTESIAN_POINT('Ctrl Pts',(-16.9724016501461,-12.,-41.6869398330527));
#11567=CARTESIAN_POINT('Ctrl Pts',(-17.0482672405977,-12.5,-41.7528310214862));
#11568=CARTESIAN_POINT('Ctrl Pts',(-17.0482672405977,-12.,-41.7528310214862));
#11569=CARTESIAN_POINT('',(-16.6623831940431,-12.5,-41.3966312801227));
#11570=CARTESIAN_POINT('Ctrl Pts',(-16.6623831940431,-12.5,-41.3966312801227));
#11571=CARTESIAN_POINT('Ctrl Pts',(-16.7155185037966,-12.5,-41.449071907632));
#11572=CARTESIAN_POINT('Ctrl Pts',(-16.8401663018538,-12.5,-41.5720900810105));
#11573=CARTESIAN_POINT('Ctrl Pts',(-16.9724016501461,-12.5,-41.6869398330527));
#11574=CARTESIAN_POINT('Ctrl Pts',(-17.0482672405977,-12.5,-41.7528310214862));
#11575=CARTESIAN_POINT('',(-16.6623831940431,-12.,-41.3966312801227));
#11576=CARTESIAN_POINT('',(-16.6623831940431,-12.5,-41.3966312801227));
#11577=CARTESIAN_POINT('Ctrl Pts',(-16.6623831940431,-12.,-41.3966312801227));
#11578=CARTESIAN_POINT('Ctrl Pts',(-16.7155185037966,-12.,-41.449071907632));
#11579=CARTESIAN_POINT('Ctrl Pts',(-16.8401663018538,-12.,-41.5720900810105));
#11580=CARTESIAN_POINT('Ctrl Pts',(-16.9724016501461,-12.,-41.6869398330527));
#11581=CARTESIAN_POINT('Ctrl Pts',(-17.0482672405977,-12.,-41.7528310214862));
#11582=CARTESIAN_POINT('Ctrl Pts',(-16.4100743485231,-12.5,-41.065167466341));
#11583=CARTESIAN_POINT('Ctrl Pts',(-16.4100743485231,-12.,-41.065167466341));
#11584=CARTESIAN_POINT('Ctrl Pts',(-16.4503681225881,-12.5,-41.1259747056481));
#11585=CARTESIAN_POINT('Ctrl Pts',(-16.4503681225881,-12.,-41.1259747056481));
#11586=CARTESIAN_POINT('Ctrl Pts',(-16.527244198768,-12.5,-41.2419882107053));
#11587=CARTESIAN_POINT('Ctrl Pts',(-16.527244198768,-12.,-41.2419882107053));
#11588=CARTESIAN_POINT('Ctrl Pts',(-16.6188104264171,-12.5,-41.3467698281045));
#11589=CARTESIAN_POINT('Ctrl Pts',(-16.6188104264171,-12.,-41.3467698281045));
#11590=CARTESIAN_POINT('Ctrl Pts',(-16.6623831940431,-12.5,-41.3966312801227));
#11591=CARTESIAN_POINT('Ctrl Pts',(-16.6623831940431,-12.,-41.3966312801227));
#11592=CARTESIAN_POINT('',(-16.4100743485231,-12.5,-41.065167466341));
#11593=CARTESIAN_POINT('Ctrl Pts',(-16.4100743485231,-12.5,-41.065167466341));
#11594=CARTESIAN_POINT('Ctrl Pts',(-16.4503681225881,-12.5,-41.1259747056481));
#11595=CARTESIAN_POINT('Ctrl Pts',(-16.527244198768,-12.5,-41.2419882107053));
#11596=CARTESIAN_POINT('Ctrl Pts',(-16.6188104264171,-12.5,-41.3467698281045));
#11597=CARTESIAN_POINT('Ctrl Pts',(-16.6623831940431,-12.5,-41.3966312801227));
#11598=CARTESIAN_POINT('',(-16.4100743485231,-12.,-41.065167466341));
#11599=CARTESIAN_POINT('',(-16.4100743485231,-12.5,-41.065167466341));
#11600=CARTESIAN_POINT('Ctrl Pts',(-16.4100743485231,-12.,-41.065167466341));
#11601=CARTESIAN_POINT('Ctrl Pts',(-16.4503681225881,-12.,-41.1259747056481));
#11602=CARTESIAN_POINT('Ctrl Pts',(-16.527244198768,-12.,-41.2419882107053));
#11603=CARTESIAN_POINT('Ctrl Pts',(-16.6188104264171,-12.,-41.3467698281045));
#11604=CARTESIAN_POINT('Ctrl Pts',(-16.6623831940431,-12.,-41.3966312801227));
#11605=CARTESIAN_POINT('Ctrl Pts',(-16.2171329212923,-12.5,-40.6001272594318));
#11606=CARTESIAN_POINT('Ctrl Pts',(-16.2171329212923,-12.,-40.6001272594318));
#11607=CARTESIAN_POINT('Ctrl Pts',(-16.2425118206696,-12.5,-40.6855171358971));
#11608=CARTESIAN_POINT('Ctrl Pts',(-16.2425118206696,-12.,-40.6855171358971));
#11609=CARTESIAN_POINT('Ctrl Pts',(-16.290606035565,-12.5,-40.8473349912567));
#11610=CARTESIAN_POINT('Ctrl Pts',(-16.290606035565,-12.,-40.8473349912567));
#11611=CARTESIAN_POINT('Ctrl Pts',(-16.3717495579559,-12.5,-40.9952879829898));
#11612=CARTESIAN_POINT('Ctrl Pts',(-16.3717495579559,-12.,-40.9952879829898));
#11613=CARTESIAN_POINT('Ctrl Pts',(-16.4100743485231,-12.5,-41.065167466341));
#11614=CARTESIAN_POINT('Ctrl Pts',(-16.4100743485231,-12.,-41.065167466341));
#11615=CARTESIAN_POINT('',(-16.2171329212923,-12.5,-40.6001272594318));
#11616=CARTESIAN_POINT('Ctrl Pts',(-16.2171329212923,-12.5,-40.6001272594318));
#11617=CARTESIAN_POINT('Ctrl Pts',(-16.2425118206696,-12.5,-40.6855171358971));
#11618=CARTESIAN_POINT('Ctrl Pts',(-16.290606035565,-12.5,-40.8473349912567));
#11619=CARTESIAN_POINT('Ctrl Pts',(-16.3717495579559,-12.5,-40.9952879829898));
#11620=CARTESIAN_POINT('Ctrl Pts',(-16.4100743485231,-12.5,-41.065167466341));
#11621=CARTESIAN_POINT('',(-16.2171329212923,-12.,-40.6001272594318));
#11622=CARTESIAN_POINT('',(-16.2171329212923,-12.5,-40.6001272594318));
#11623=CARTESIAN_POINT('Ctrl Pts',(-16.2171329212923,-12.,-40.6001272594318));
#11624=CARTESIAN_POINT('Ctrl Pts',(-16.2425118206696,-12.,-40.6855171358971));
#11625=CARTESIAN_POINT('Ctrl Pts',(-16.290606035565,-12.,-40.8473349912567));
#11626=CARTESIAN_POINT('Ctrl Pts',(-16.3717495579559,-12.,-40.9952879829898));
#11627=CARTESIAN_POINT('Ctrl Pts',(-16.4100743485231,-12.,-41.065167466341));
#11628=CARTESIAN_POINT('Ctrl Pts',(-16.142923946454,-12.5,-40.0114074146137));
#11629=CARTESIAN_POINT('Ctrl Pts',(-16.142923946454,-12.,-40.0114074146137));
#11630=CARTESIAN_POINT('Ctrl Pts',(-16.1457474889582,-12.5,-40.1128417808616));
#11631=CARTESIAN_POINT('Ctrl Pts',(-16.1457474889582,-12.,-40.1128417808616));
#11632=CARTESIAN_POINT('Ctrl Pts',(-16.1512781937169,-12.5,-40.3115296105204));
#11633=CARTESIAN_POINT('Ctrl Pts',(-16.1512781937169,-12.,-40.3115296105204));
#11634=CARTESIAN_POINT('Ctrl Pts',(-16.1954914657446,-12.5,-40.5052870950271));
#11635=CARTESIAN_POINT('Ctrl Pts',(-16.1954914657446,-12.,-40.5052870950271));
#11636=CARTESIAN_POINT('Ctrl Pts',(-16.2171329212923,-12.5,-40.6001272594318));
#11637=CARTESIAN_POINT('Ctrl Pts',(-16.2171329212923,-12.,-40.6001272594318));
#11638=CARTESIAN_POINT('',(-16.142923946454,-12.5,-40.0114074146137));
#11639=CARTESIAN_POINT('Ctrl Pts',(-16.142923946454,-12.5,-40.0114074146137));
#11640=CARTESIAN_POINT('Ctrl Pts',(-16.1457474889582,-12.5,-40.1128417808616));
#11641=CARTESIAN_POINT('Ctrl Pts',(-16.1512781937169,-12.5,-40.3115296105204));
#11642=CARTESIAN_POINT('Ctrl Pts',(-16.1954914657446,-12.5,-40.5052870950271));
#11643=CARTESIAN_POINT('Ctrl Pts',(-16.2171329212923,-12.5,-40.6001272594318));
#11644=CARTESIAN_POINT('',(-16.142923946454,-12.,-40.0114074146137));
#11645=CARTESIAN_POINT('',(-16.142923946454,-12.5,-40.0114074146137));
#11646=CARTESIAN_POINT('Ctrl Pts',(-16.142923946454,-12.,-40.0114074146137));
#11647=CARTESIAN_POINT('Ctrl Pts',(-16.1457474889582,-12.,-40.1128417808616));
#11648=CARTESIAN_POINT('Ctrl Pts',(-16.1512781937169,-12.,-40.3115296105204));
#11649=CARTESIAN_POINT('Ctrl Pts',(-16.1954914657446,-12.,-40.5052870950271));
#11650=CARTESIAN_POINT('Ctrl Pts',(-16.2171329212923,-12.,-40.6001272594318));
#11651=CARTESIAN_POINT('Ctrl Pts',(-16.3457609368104,-12.5,-39.0813270007953));
#11652=CARTESIAN_POINT('Ctrl Pts',(-16.3457609368104,-12.,-39.0813270007953));
#11653=CARTESIAN_POINT('Ctrl Pts',(-16.2866086678515,-12.5,-39.227054998378));
#11654=CARTESIAN_POINT('Ctrl Pts',(-16.2866086678515,-12.,-39.227054998378));
#11655=CARTESIAN_POINT('Ctrl Pts',(-16.1655557000565,-12.5,-39.5252820471234));
#11656=CARTESIAN_POINT('Ctrl Pts',(-16.1655557000565,-12.,-39.5252820471234));
#11657=CARTESIAN_POINT('Ctrl Pts',(-16.1505811931749,-12.5,-39.8469313452148));
#11658=CARTESIAN_POINT('Ctrl Pts',(-16.1505811931749,-12.,-39.8469313452148));
#11659=CARTESIAN_POINT('Ctrl Pts',(-16.142923946454,-12.5,-40.0114074146137));
#11660=CARTESIAN_POINT('Ctrl Pts',(-16.142923946454,-12.,-40.0114074146137));
#11661=CARTESIAN_POINT('',(-16.3457609368104,-12.5,-39.0813270007953));
#11662=CARTESIAN_POINT('Ctrl Pts',(-16.3457609368104,-12.5,-39.0813270007953));
#11663=CARTESIAN_POINT('Ctrl Pts',(-16.2866086678515,-12.5,-39.227054998378));
#11664=CARTESIAN_POINT('Ctrl Pts',(-16.1655557000565,-12.5,-39.5252820471234));
#11665=CARTESIAN_POINT('Ctrl Pts',(-16.1505811931749,-12.5,-39.8469313452148));
#11666=CARTESIAN_POINT('Ctrl Pts',(-16.142923946454,-12.5,-40.0114074146137));
#11667=CARTESIAN_POINT('',(-16.3457609368104,-12.,-39.0813270007953));
#11668=CARTESIAN_POINT('',(-16.3457609368104,-12.5,-39.0813270007953));
#11669=CARTESIAN_POINT('Ctrl Pts',(-16.3457609368104,-12.,-39.0813270007953));
#11670=CARTESIAN_POINT('Ctrl Pts',(-16.2866086678515,-12.,-39.227054998378));
#11671=CARTESIAN_POINT('Ctrl Pts',(-16.1655557000565,-12.,-39.5252820471234));
#11672=CARTESIAN_POINT('Ctrl Pts',(-16.1505811931749,-12.,-39.8469313452148));
#11673=CARTESIAN_POINT('Ctrl Pts',(-16.142923946454,-12.,-40.0114074146137));
#11674=CARTESIAN_POINT('Ctrl Pts',(-16.9295335961122,-12.5,-38.3590307628498));
#11675=CARTESIAN_POINT('Ctrl Pts',(-16.9295335961122,-12.,-38.3590307628498));
#11676=CARTESIAN_POINT('Ctrl Pts',(-16.8113181466715,-12.5,-38.463119389007));
#11677=CARTESIAN_POINT('Ctrl Pts',(-16.8113181466715,-12.,-38.463119389007));
#11678=CARTESIAN_POINT('Ctrl Pts',(-16.5756003612015,-12.5,-38.6706687454279));
#11679=CARTESIAN_POINT('Ctrl Pts',(-16.5756003612015,-12.,-38.6706687454279));
#11680=CARTESIAN_POINT('Ctrl Pts',(-16.4222194045867,-12.5,-38.9447172739469));
#11681=CARTESIAN_POINT('Ctrl Pts',(-16.4222194045867,-12.,-38.9447172739469));
#11682=CARTESIAN_POINT('Ctrl Pts',(-16.3457609368104,-12.5,-39.0813270007953));
#11683=CARTESIAN_POINT('Ctrl Pts',(-16.3457609368104,-12.,-39.0813270007953));
#11684=CARTESIAN_POINT('',(-16.9295335961122,-12.5,-38.3590307628498));
#11685=CARTESIAN_POINT('Ctrl Pts',(-16.9295335961122,-12.5,-38.3590307628498));
#11686=CARTESIAN_POINT('Ctrl Pts',(-16.8113181466715,-12.5,-38.463119389007));
#11687=CARTESIAN_POINT('Ctrl Pts',(-16.5756003612015,-12.5,-38.6706687454279));
#11688=CARTESIAN_POINT('Ctrl Pts',(-16.4222194045867,-12.5,-38.9447172739469));
#11689=CARTESIAN_POINT('Ctrl Pts',(-16.3457609368104,-12.5,-39.0813270007953));
#11690=CARTESIAN_POINT('',(-16.9295335961122,-12.,-38.3590307628498));
#11691=CARTESIAN_POINT('',(-16.9295335961122,-12.5,-38.3590307628498));
#11692=CARTESIAN_POINT('Ctrl Pts',(-16.9295335961122,-12.,-38.3590307628498));
#11693=CARTESIAN_POINT('Ctrl Pts',(-16.8113181466715,-12.,-38.463119389007));
#11694=CARTESIAN_POINT('Ctrl Pts',(-16.5756003612015,-12.,-38.6706687454279));
#11695=CARTESIAN_POINT('Ctrl Pts',(-16.4222194045867,-12.,-38.9447172739469));
#11696=CARTESIAN_POINT('Ctrl Pts',(-16.3457609368104,-12.,-39.0813270007953));
#11697=CARTESIAN_POINT('Ctrl Pts',(-17.8150881481904,-12.5,-37.9088344966754));
#11698=CARTESIAN_POINT('Ctrl Pts',(-17.8150881481904,-12.,-37.9088344966754));
#11699=CARTESIAN_POINT('Ctrl Pts',(-17.652590544531,-12.5,-37.9645344651576));
#11700=CARTESIAN_POINT('Ctrl Pts',(-17.652590544531,-12.,-37.9645344651576));
#11701=CARTESIAN_POINT('Ctrl Pts',(-17.3361280187987,-12.5,-38.0730096199422));
#11702=CARTESIAN_POINT('Ctrl Pts',(-17.3361280187987,-12.,-38.0730096199422));
#11703=CARTESIAN_POINT('Ctrl Pts',(-17.0626067807153,-12.5,-38.2654196796011));
#11704=CARTESIAN_POINT('Ctrl Pts',(-17.0626067807153,-12.,-38.2654196796011));
#11705=CARTESIAN_POINT('Ctrl Pts',(-16.9295335961122,-12.5,-38.3590307628498));
#11706=CARTESIAN_POINT('Ctrl Pts',(-16.9295335961122,-12.,-38.3590307628498));
#11707=CARTESIAN_POINT('',(-17.8150881481904,-12.5,-37.9088344966754));
#11708=CARTESIAN_POINT('Ctrl Pts',(-17.8150881481904,-12.5,-37.9088344966754));
#11709=CARTESIAN_POINT('Ctrl Pts',(-17.652590544531,-12.5,-37.9645344651576));
#11710=CARTESIAN_POINT('Ctrl Pts',(-17.3361280187987,-12.5,-38.0730096199422));
#11711=CARTESIAN_POINT('Ctrl Pts',(-17.0626067807153,-12.5,-38.2654196796011));
#11712=CARTESIAN_POINT('Ctrl Pts',(-16.9295335961122,-12.5,-38.3590307628498));
#11713=CARTESIAN_POINT('',(-17.8150881481904,-12.,-37.9088344966754));
#11714=CARTESIAN_POINT('',(-17.8150881481904,-12.5,-37.9088344966754));
#11715=CARTESIAN_POINT('Ctrl Pts',(-17.8150881481904,-12.,-37.9088344966754));
#11716=CARTESIAN_POINT('Ctrl Pts',(-17.652590544531,-12.,-37.9645344651576));
#11717=CARTESIAN_POINT('Ctrl Pts',(-17.3361280187987,-12.,-38.0730096199422));
#11718=CARTESIAN_POINT('Ctrl Pts',(-17.0626067807153,-12.,-38.2654196796011));
#11719=CARTESIAN_POINT('Ctrl Pts',(-16.9295335961122,-12.,-38.3590307628498));
#11720=CARTESIAN_POINT('Ctrl Pts',(-18.9430559826631,-12.5,-37.7505221759662));
#11721=CARTESIAN_POINT('Ctrl Pts',(-18.9430559826631,-12.,-37.7505221759662));
#11722=CARTESIAN_POINT('Ctrl Pts',(-18.7457420083197,-12.5,-37.7561980696423));
#11723=CARTESIAN_POINT('Ctrl Pts',(-18.7457420083197,-12.,-37.7561980696423));
#11724=CARTESIAN_POINT('Ctrl Pts',(-18.3637824169252,-12.5,-37.7671854416037));
#11725=CARTESIAN_POINT('Ctrl Pts',(-18.3637824169252,-12.,-37.7671854416037));
#11726=CARTESIAN_POINT('Ctrl Pts',(-17.9938969383547,-12.5,-37.8626738246792));
#11727=CARTESIAN_POINT('Ctrl Pts',(-17.9938969383547,-12.,-37.8626738246792));
#11728=CARTESIAN_POINT('Ctrl Pts',(-17.8150881481904,-12.5,-37.9088344966754));
#11729=CARTESIAN_POINT('Ctrl Pts',(-17.8150881481904,-12.,-37.9088344966754));
#11730=CARTESIAN_POINT('',(-18.9430559826631,-12.5,-37.7505221759662));
#11731=CARTESIAN_POINT('Ctrl Pts',(-18.9430559826631,-12.5,-37.7505221759662));
#11732=CARTESIAN_POINT('Ctrl Pts',(-18.7457420083197,-12.5,-37.7561980696423));
#11733=CARTESIAN_POINT('Ctrl Pts',(-18.3637824169252,-12.5,-37.7671854416037));
#11734=CARTESIAN_POINT('Ctrl Pts',(-17.9938969383547,-12.5,-37.8626738246792));
#11735=CARTESIAN_POINT('Ctrl Pts',(-17.8150881481904,-12.5,-37.9088344966754));
#11736=CARTESIAN_POINT('',(-18.9430559826631,-12.,-37.7505221759662));
#11737=CARTESIAN_POINT('',(-18.9430559826631,-12.5,-37.7505221759662));
#11738=CARTESIAN_POINT('Ctrl Pts',(-18.9430559826631,-12.,-37.7505221759662));
#11739=CARTESIAN_POINT('Ctrl Pts',(-18.7457420083197,-12.,-37.7561980696423));
#11740=CARTESIAN_POINT('Ctrl Pts',(-18.3637824169252,-12.,-37.7671854416037));
#11741=CARTESIAN_POINT('Ctrl Pts',(-17.9938969383547,-12.,-37.8626738246792));
#11742=CARTESIAN_POINT('Ctrl Pts',(-17.8150881481904,-12.,-37.9088344966754));
#11743=CARTESIAN_POINT('Ctrl Pts',(-20.3777528954286,-12.5,-38.0325141345844));
#11744=CARTESIAN_POINT('Ctrl Pts',(-20.3777528954286,-12.,-38.0325141345844));
#11745=CARTESIAN_POINT('Ctrl Pts',(-20.1599725675733,-12.5,-37.9503388957899));
#11746=CARTESIAN_POINT('Ctrl Pts',(-20.1599725675733,-12.,-37.9503388957899));
#11747=CARTESIAN_POINT('Ctrl Pts',(-19.6980478112078,-12.5,-37.7760404293802));
#11748=CARTESIAN_POINT('Ctrl Pts',(-19.6980478112078,-12.,-37.7760404293802));
#11749=CARTESIAN_POINT('Ctrl Pts',(-19.2041168708286,-12.5,-37.7593458713346));
#11750=CARTESIAN_POINT('Ctrl Pts',(-19.2041168708286,-12.,-37.7593458713346));
#11751=CARTESIAN_POINT('Ctrl Pts',(-18.9430559826631,-12.5,-37.7505221759662));
#11752=CARTESIAN_POINT('Ctrl Pts',(-18.9430559826631,-12.,-37.7505221759662));
#11753=CARTESIAN_POINT('',(-20.3777528954286,-12.5,-38.0325141345844));
#11754=CARTESIAN_POINT('Ctrl Pts',(-20.3777528954286,-12.5,-38.0325141345844));
#11755=CARTESIAN_POINT('Ctrl Pts',(-20.1599725675733,-12.5,-37.9503388957899));
#11756=CARTESIAN_POINT('Ctrl Pts',(-19.6980478112078,-12.5,-37.7760404293802));
#11757=CARTESIAN_POINT('Ctrl Pts',(-19.2041168708286,-12.5,-37.7593458713346));
#11758=CARTESIAN_POINT('Ctrl Pts',(-18.9430559826631,-12.5,-37.7505221759662));
#11759=CARTESIAN_POINT('',(-20.3777528954286,-12.,-38.0325141345844));
#11760=CARTESIAN_POINT('',(-20.3777528954286,-12.5,-38.0325141345844));
#11761=CARTESIAN_POINT('Ctrl Pts',(-20.3777528954286,-12.,-38.0325141345844));
#11762=CARTESIAN_POINT('Ctrl Pts',(-20.1599725675733,-12.,-37.9503388957899));
#11763=CARTESIAN_POINT('Ctrl Pts',(-19.6980478112078,-12.,-37.7760404293802));
#11764=CARTESIAN_POINT('Ctrl Pts',(-19.2041168708286,-12.,-37.7593458713346));
#11765=CARTESIAN_POINT('Ctrl Pts',(-18.9430559826631,-12.,-37.7505221759662));
#11766=CARTESIAN_POINT('Ctrl Pts',(-21.3028849316377,-12.5,-38.8191237842426));
#11767=CARTESIAN_POINT('Ctrl Pts',(-21.3028849316377,-12.,-38.8191237842426));
#11768=CARTESIAN_POINT('Ctrl Pts',(-21.1823975888175,-12.5,-38.6577134172072));
#11769=CARTESIAN_POINT('Ctrl Pts',(-21.1823975888175,-12.,-38.6577134172072));
#11770=CARTESIAN_POINT('Ctrl Pts',(-20.9342551781824,-12.5,-38.3252904701977));
#11771=CARTESIAN_POINT('Ctrl Pts',(-20.9342551781824,-12.,-38.3252904701977));
#11772=CARTESIAN_POINT('Ctrl Pts',(-20.5667917813122,-12.5,-38.1319676570813));
#11773=CARTESIAN_POINT('Ctrl Pts',(-20.5667917813122,-12.,-38.1319676570813));
#11774=CARTESIAN_POINT('Ctrl Pts',(-20.3777528954286,-12.5,-38.0325141345844));
#11775=CARTESIAN_POINT('Ctrl Pts',(-20.3777528954286,-12.,-38.0325141345844));
#11776=CARTESIAN_POINT('',(-21.3028849316377,-12.5,-38.8191237842426));
#11777=CARTESIAN_POINT('Ctrl Pts',(-21.3028849316377,-12.5,-38.8191237842426));
#11778=CARTESIAN_POINT('Ctrl Pts',(-21.1823975888175,-12.5,-38.6577134172072));
#11779=CARTESIAN_POINT('Ctrl Pts',(-20.9342551781824,-12.5,-38.3252904701977));
#11780=CARTESIAN_POINT('Ctrl Pts',(-20.5667917813122,-12.5,-38.1319676570813));
#11781=CARTESIAN_POINT('Ctrl Pts',(-20.3777528954286,-12.5,-38.0325141345844));
#11782=CARTESIAN_POINT('',(-21.3028849316377,-12.,-38.8191237842426));
#11783=CARTESIAN_POINT('',(-21.3028849316377,-12.5,-38.8191237842426));
#11784=CARTESIAN_POINT('Ctrl Pts',(-21.3028849316377,-12.,-38.8191237842426));
#11785=CARTESIAN_POINT('Ctrl Pts',(-21.1823975888175,-12.,-38.6577134172072));
#11786=CARTESIAN_POINT('Ctrl Pts',(-20.9342551781824,-12.,-38.3252904701977));
#11787=CARTESIAN_POINT('Ctrl Pts',(-20.5667917813122,-12.,-38.1319676570813));
#11788=CARTESIAN_POINT('Ctrl Pts',(-20.3777528954286,-12.,-38.0325141345844));
#11789=CARTESIAN_POINT('Ctrl Pts',(-21.6244543743867,-12.5,-39.9965658580646));
#11790=CARTESIAN_POINT('Ctrl Pts',(-21.6244543743867,-12.,-39.9965658580646));
#11791=CARTESIAN_POINT('Ctrl Pts',(-21.6128031547323,-12.5,-39.7820982269806));
#11792=CARTESIAN_POINT('Ctrl Pts',(-21.6128031547323,-12.,-39.7820982269806));
#11793=CARTESIAN_POINT('Ctrl Pts',(-21.5902037316191,-12.5,-39.3661036030091));
#11794=CARTESIAN_POINT('Ctrl Pts',(-21.5902037316191,-12.,-39.3661036030091));
#11795=CARTESIAN_POINT('Ctrl Pts',(-21.3966508698324,-12.5,-38.9976295968923));
#11796=CARTESIAN_POINT('Ctrl Pts',(-21.3966508698324,-12.,-38.9976295968923));
#11797=CARTESIAN_POINT('Ctrl Pts',(-21.3028849316377,-12.5,-38.8191237842426));
#11798=CARTESIAN_POINT('Ctrl Pts',(-21.3028849316377,-12.,-38.8191237842426));
#11799=CARTESIAN_POINT('',(-21.6244543743867,-12.5,-39.9965658580646));
#11800=CARTESIAN_POINT('Ctrl Pts',(-21.6244543743867,-12.5,-39.9965658580646));
#11801=CARTESIAN_POINT('Ctrl Pts',(-21.6128031547323,-12.5,-39.7820982269806));
#11802=CARTESIAN_POINT('Ctrl Pts',(-21.5902037316191,-12.5,-39.3661036030091));
#11803=CARTESIAN_POINT('Ctrl Pts',(-21.3966508698324,-12.5,-38.9976295968923));
#11804=CARTESIAN_POINT('Ctrl Pts',(-21.3028849316377,-12.5,-38.8191237842426));
#11805=CARTESIAN_POINT('',(-21.6244543743867,-12.,-39.9965658580646));
#11806=CARTESIAN_POINT('',(-21.6244543743867,-12.5,-39.9965658580646));
#11807=CARTESIAN_POINT('Ctrl Pts',(-21.6244543743867,-12.,-39.9965658580646));
#11808=CARTESIAN_POINT('Ctrl Pts',(-21.6128031547323,-12.,-39.7820982269806));
#11809=CARTESIAN_POINT('Ctrl Pts',(-21.5902037316191,-12.,-39.3661036030091));
#11810=CARTESIAN_POINT('Ctrl Pts',(-21.3966508698324,-12.,-38.9976295968923));
#11811=CARTESIAN_POINT('Ctrl Pts',(-21.3028849316377,-12.,-38.8191237842426));
#11812=CARTESIAN_POINT('Ctrl Pts',(-21.411723609044,-12.5,-40.9761157428607));
#11813=CARTESIAN_POINT('Ctrl Pts',(-21.411723609044,-12.,-40.9761157428607));
#11814=CARTESIAN_POINT('Ctrl Pts',(-21.4736930993131,-12.5,-40.8305096971114));
#11815=CARTESIAN_POINT('Ctrl Pts',(-21.4736930993131,-12.,-40.8305096971114));
#11816=CARTESIAN_POINT('Ctrl Pts',(-21.6066851859357,-12.5,-40.5180260577435));
#11817=CARTESIAN_POINT('Ctrl Pts',(-21.6066851859357,-12.,-40.5180260577435));
#11818=CARTESIAN_POINT('Ctrl Pts',(-21.6182684769774,-12.5,-40.1780991513352));
#11819=CARTESIAN_POINT('Ctrl Pts',(-21.6182684769774,-12.,-40.1780991513352));
#11820=CARTESIAN_POINT('Ctrl Pts',(-21.6244543743867,-12.5,-39.9965658580646));
#11821=CARTESIAN_POINT('Ctrl Pts',(-21.6244543743867,-12.,-39.9965658580646));
#11822=CARTESIAN_POINT('',(-21.411723609044,-12.5,-40.9761157428607));
#11823=CARTESIAN_POINT('Ctrl Pts',(-21.411723609044,-12.5,-40.9761157428607));
#11824=CARTESIAN_POINT('Ctrl Pts',(-21.4736930993131,-12.5,-40.8305096971114));
#11825=CARTESIAN_POINT('Ctrl Pts',(-21.6066851859357,-12.5,-40.5180260577435));
#11826=CARTESIAN_POINT('Ctrl Pts',(-21.6182684769774,-12.5,-40.1780991513352));
#11827=CARTESIAN_POINT('Ctrl Pts',(-21.6244543743867,-12.5,-39.9965658580646));
#11828=CARTESIAN_POINT('',(-21.411723609044,-12.,-40.9761157428607));
#11829=CARTESIAN_POINT('',(-21.411723609044,-12.5,-40.9761157428607));
#11830=CARTESIAN_POINT('Ctrl Pts',(-21.411723609044,-12.,-40.9761157428607));
#11831=CARTESIAN_POINT('Ctrl Pts',(-21.4736930993131,-12.,-40.8305096971114));
#11832=CARTESIAN_POINT('Ctrl Pts',(-21.6066851859357,-12.,-40.5180260577435));
#11833=CARTESIAN_POINT('Ctrl Pts',(-21.6182684769774,-12.,-40.1780991513352));
#11834=CARTESIAN_POINT('Ctrl Pts',(-21.6244543743867,-12.,-39.9965658580646));
#11835=CARTESIAN_POINT('Ctrl Pts',(-20.8081616116304,-12.5,-41.7528310214862));
#11836=CARTESIAN_POINT('Ctrl Pts',(-20.8081616116304,-12.,-41.7528310214862));
#11837=CARTESIAN_POINT('Ctrl Pts',(-20.930196576434,-12.5,-41.6290647280257));
#11838=CARTESIAN_POINT('Ctrl Pts',(-20.930196576434,-12.,-41.6290647280257));
#11839=CARTESIAN_POINT('Ctrl Pts',(-21.1621277171125,-12.5,-41.3938431448832));
#11840=CARTESIAN_POINT('Ctrl Pts',(-21.1621277171125,-12.,-41.3938431448832));
#11841=CARTESIAN_POINT('Ctrl Pts',(-21.3314794836946,-12.5,-41.1104135061387));
#11842=CARTESIAN_POINT('Ctrl Pts',(-21.3314794836946,-12.,-41.1104135061387));
#11843=CARTESIAN_POINT('Ctrl Pts',(-21.411723609044,-12.5,-40.9761157428607));
#11844=CARTESIAN_POINT('Ctrl Pts',(-21.411723609044,-12.,-40.9761157428607));
#11845=CARTESIAN_POINT('',(-20.8081616116304,-12.5,-41.7528310214862));
#11846=CARTESIAN_POINT('Ctrl Pts',(-20.8081616116304,-12.5,-41.7528310214862));
#11847=CARTESIAN_POINT('Ctrl Pts',(-20.930196576434,-12.5,-41.6290647280257));
#11848=CARTESIAN_POINT('Ctrl Pts',(-21.1621277171125,-12.5,-41.3938431448832));
#11849=CARTESIAN_POINT('Ctrl Pts',(-21.3314794836946,-12.5,-41.1104135061387));
#11850=CARTESIAN_POINT('Ctrl Pts',(-21.411723609044,-12.5,-40.9761157428607));
#11851=CARTESIAN_POINT('',(-20.8081616116304,-12.,-41.7528310214862));
#11852=CARTESIAN_POINT('',(-20.8081616116304,-12.5,-41.7528310214862));
#11853=CARTESIAN_POINT('Ctrl Pts',(-20.8081616116304,-12.,-41.7528310214862));
#11854=CARTESIAN_POINT('Ctrl Pts',(-20.930196576434,-12.,-41.6290647280257));
#11855=CARTESIAN_POINT('Ctrl Pts',(-21.1621277171125,-12.,-41.3938431448832));
#11856=CARTESIAN_POINT('Ctrl Pts',(-21.3314794836946,-12.,-41.1104135061387));
#11857=CARTESIAN_POINT('Ctrl Pts',(-21.411723609044,-12.,-40.9761157428607));
#11858=CARTESIAN_POINT('Origin',(-22.8711564493913,-12.5,-41.7528310214862));
#11859=CARTESIAN_POINT('',(-22.8711564493913,-12.5,-41.7528310214862));
#11860=CARTESIAN_POINT('',(-4.564199520581,-12.5,-41.7528310214862));
#11861=CARTESIAN_POINT('',(-22.8711564493913,-12.,-41.7528310214862));
#11862=CARTESIAN_POINT('',(-22.8711564493913,-12.5,-41.7528310214862));
#11863=CARTESIAN_POINT('',(-22.8711564493913,-12.,-41.7528310214862));
#11864=CARTESIAN_POINT('Ctrl Pts',(-23.4400881481905,-12.5,-41.9210377132282));
#11865=CARTESIAN_POINT('Ctrl Pts',(-23.4400881481905,-12.,-41.9210377132282));
#11866=CARTESIAN_POINT('Ctrl Pts',(-23.3618627037282,-12.5,-41.8720971779501));
#11867=CARTESIAN_POINT('Ctrl Pts',(-23.3618627037282,-12.,-41.8720971779501));
#11868=CARTESIAN_POINT('Ctrl Pts',(-23.1886672600472,-12.5,-41.763740136584));
#11869=CARTESIAN_POINT('Ctrl Pts',(-23.1886672600472,-12.,-41.763740136584));
#11870=CARTESIAN_POINT('Ctrl Pts',(-22.9836019647936,-12.5,-41.7566944523635));
#11871=CARTESIAN_POINT('Ctrl Pts',(-22.9836019647936,-12.,-41.7566944523635));
#11872=CARTESIAN_POINT('Ctrl Pts',(-22.8711564493913,-12.5,-41.7528310214862));
#11873=CARTESIAN_POINT('Ctrl Pts',(-22.8711564493913,-12.,-41.7528310214862));
#11874=CARTESIAN_POINT('Ctrl Pts',(-23.4400881481905,-12.5,-41.9210377132282));
#11875=CARTESIAN_POINT('Ctrl Pts',(-23.3618627037282,-12.5,-41.8720971779501));
#11876=CARTESIAN_POINT('Ctrl Pts',(-23.1886672600472,-12.5,-41.763740136584));
#11877=CARTESIAN_POINT('Ctrl Pts',(-22.9836019647936,-12.5,-41.7566944523635));
#11878=CARTESIAN_POINT('Ctrl Pts',(-22.8711564493913,-12.5,-41.7528310214862));
#11879=CARTESIAN_POINT('Ctrl Pts',(-23.4400881481905,-12.,-41.9210377132282));
#11880=CARTESIAN_POINT('Ctrl Pts',(-23.3618627037282,-12.,-41.8720971779501));
#11881=CARTESIAN_POINT('Ctrl Pts',(-23.1886672600472,-12.,-41.763740136584));
#11882=CARTESIAN_POINT('Ctrl Pts',(-22.9836019647936,-12.,-41.7566944523635));
#11883=CARTESIAN_POINT('Ctrl Pts',(-22.8711564493913,-12.,-41.7528310214862));
#11884=CARTESIAN_POINT('Origin',(-18.8911102367182,-12.,-38.5099211131916));
#11885=CARTESIAN_POINT('Ctrl Pts',(-20.704269523694,-12.5,-52.161803523241));
#11886=CARTESIAN_POINT('Ctrl Pts',(-20.704269523694,-12.,-52.161803523241));
#11887=CARTESIAN_POINT('Ctrl Pts',(-20.6904985680783,-12.5,-52.3217756489852));
#11888=CARTESIAN_POINT('Ctrl Pts',(-20.6904985680783,-12.,-52.3217756489852));
#11889=CARTESIAN_POINT('Ctrl Pts',(-20.6633489816354,-12.5,-52.637162407723));
#11890=CARTESIAN_POINT('Ctrl Pts',(-20.6633489816354,-12.,-52.637162407723));
#11891=CARTESIAN_POINT('Ctrl Pts',(-20.4554596047553,-12.5,-52.8754940337508));
#11892=CARTESIAN_POINT('Ctrl Pts',(-20.4554596047553,-12.,-52.8754940337508));
#11893=CARTESIAN_POINT('Ctrl Pts',(-20.3530169678468,-12.5,-52.9929378425464));
#11894=CARTESIAN_POINT('Ctrl Pts',(-20.3530169678468,-12.,-52.9929378425464));
#11895=CARTESIAN_POINT('',(-20.704269523694,-12.5,-52.161803523241));
#11896=CARTESIAN_POINT('',(-20.3530169678468,-12.5,-52.9929378425464));
#11897=CARTESIAN_POINT('Ctrl Pts',(-20.704269523694,-12.5,-52.161803523241));
#11898=CARTESIAN_POINT('Ctrl Pts',(-20.6904985680783,-12.5,-52.3217756489852));
#11899=CARTESIAN_POINT('Ctrl Pts',(-20.6633489816354,-12.5,-52.637162407723));
#11900=CARTESIAN_POINT('Ctrl Pts',(-20.4554596047553,-12.5,-52.8754940337508));
#11901=CARTESIAN_POINT('Ctrl Pts',(-20.3530169678468,-12.5,-52.9929378425464));
#11902=CARTESIAN_POINT('',(-20.704269523694,-12.,-52.161803523241));
#11903=CARTESIAN_POINT('',(-20.704269523694,-12.5,-52.161803523241));
#11904=CARTESIAN_POINT('',(-20.3530169678468,-12.,-52.9929378425464));
#11905=CARTESIAN_POINT('Ctrl Pts',(-20.704269523694,-12.,-52.161803523241));
#11906=CARTESIAN_POINT('Ctrl Pts',(-20.6904985680783,-12.,-52.3217756489852));
#11907=CARTESIAN_POINT('Ctrl Pts',(-20.6633489816354,-12.,-52.637162407723));
#11908=CARTESIAN_POINT('Ctrl Pts',(-20.4554596047553,-12.,-52.8754940337508));
#11909=CARTESIAN_POINT('Ctrl Pts',(-20.3530169678468,-12.,-52.9929378425464));
#11910=CARTESIAN_POINT('',(-20.3530169678468,-12.5,-52.9929378425464));
#11911=CARTESIAN_POINT('Ctrl Pts',(-20.3579641533632,-12.5,-51.3108792697772));
#11912=CARTESIAN_POINT('Ctrl Pts',(-20.3579641533632,-12.,-51.3108792697772));
#11913=CARTESIAN_POINT('Ctrl Pts',(-20.4589406446585,-12.5,-51.429406262897));
#11914=CARTESIAN_POINT('Ctrl Pts',(-20.4589406446585,-12.,-51.429406262897));
#11915=CARTESIAN_POINT('Ctrl Pts',(-20.6676081735479,-12.5,-51.6743418359568));
#11916=CARTESIAN_POINT('Ctrl Pts',(-20.6676081735479,-12.,-51.6743418359568));
#11917=CARTESIAN_POINT('Ctrl Pts',(-20.6917897009387,-12.5,-51.9958675870831));
#11918=CARTESIAN_POINT('Ctrl Pts',(-20.6917897009387,-12.,-51.9958675870831));
#11919=CARTESIAN_POINT('Ctrl Pts',(-20.704269523694,-12.5,-52.161803523241));
#11920=CARTESIAN_POINT('Ctrl Pts',(-20.704269523694,-12.,-52.161803523241));
#11921=CARTESIAN_POINT('',(-20.3579641533632,-12.5,-51.3108792697772));
#11922=CARTESIAN_POINT('Ctrl Pts',(-20.3579641533632,-12.5,-51.3108792697772));
#11923=CARTESIAN_POINT('Ctrl Pts',(-20.4589406446585,-12.5,-51.429406262897));
#11924=CARTESIAN_POINT('Ctrl Pts',(-20.6676081735479,-12.5,-51.6743418359568));
#11925=CARTESIAN_POINT('Ctrl Pts',(-20.6917897009387,-12.5,-51.9958675870831));
#11926=CARTESIAN_POINT('Ctrl Pts',(-20.704269523694,-12.5,-52.161803523241));
#11927=CARTESIAN_POINT('',(-20.3579641533632,-12.,-51.3108792697772));
#11928=CARTESIAN_POINT('',(-20.3579641533632,-12.5,-51.3108792697772));
#11929=CARTESIAN_POINT('Ctrl Pts',(-20.3579641533632,-12.,-51.3108792697772));
#11930=CARTESIAN_POINT('Ctrl Pts',(-20.4589406446585,-12.,-51.429406262897));
#11931=CARTESIAN_POINT('Ctrl Pts',(-20.6676081735479,-12.,-51.6743418359568));
#11932=CARTESIAN_POINT('Ctrl Pts',(-20.6917897009387,-12.,-51.9958675870831));
#11933=CARTESIAN_POINT('Ctrl Pts',(-20.704269523694,-12.,-52.161803523241));
#11934=CARTESIAN_POINT('Ctrl Pts',(-19.3239928437013,-12.5,-50.9348895942554));
#11935=CARTESIAN_POINT('Ctrl Pts',(-19.3239928437013,-12.,-50.9348895942554));
#11936=CARTESIAN_POINT('Ctrl Pts',(-19.5325976943012,-12.5,-50.956240263524));
#11937=CARTESIAN_POINT('Ctrl Pts',(-19.5325976943012,-12.,-50.956240263524));
#11938=CARTESIAN_POINT('Ctrl Pts',(-19.910555394213,-12.5,-50.9949241667272));
#11939=CARTESIAN_POINT('Ctrl Pts',(-19.910555394213,-12.,-50.9949241667272));
#11940=CARTESIAN_POINT('Ctrl Pts',(-20.2195236495639,-12.5,-51.2131141215775));
#11941=CARTESIAN_POINT('Ctrl Pts',(-20.2195236495639,-12.,-51.2131141215775));
#11942=CARTESIAN_POINT('Ctrl Pts',(-20.3579641533632,-12.5,-51.3108792697772));
#11943=CARTESIAN_POINT('Ctrl Pts',(-20.3579641533632,-12.,-51.3108792697772));
#11944=CARTESIAN_POINT('',(-19.3239928437013,-12.5,-50.9348895942554));
#11945=CARTESIAN_POINT('Ctrl Pts',(-19.3239928437013,-12.5,-50.9348895942554));
#11946=CARTESIAN_POINT('Ctrl Pts',(-19.5325976943012,-12.5,-50.956240263524));
#11947=CARTESIAN_POINT('Ctrl Pts',(-19.910555394213,-12.5,-50.9949241667272));
#11948=CARTESIAN_POINT('Ctrl Pts',(-20.2195236495639,-12.5,-51.2131141215775));
#11949=CARTESIAN_POINT('Ctrl Pts',(-20.3579641533632,-12.5,-51.3108792697772));
#11950=CARTESIAN_POINT('',(-19.3239928437013,-12.,-50.9348895942554));
#11951=CARTESIAN_POINT('',(-19.3239928437013,-12.5,-50.9348895942554));
#11952=CARTESIAN_POINT('Ctrl Pts',(-19.3239928437013,-12.,-50.9348895942554));
#11953=CARTESIAN_POINT('Ctrl Pts',(-19.5325976943012,-12.,-50.956240263524));
#11954=CARTESIAN_POINT('Ctrl Pts',(-19.910555394213,-12.,-50.9949241667272));
#11955=CARTESIAN_POINT('Ctrl Pts',(-20.2195236495639,-12.,-51.2131141215775));
#11956=CARTESIAN_POINT('Ctrl Pts',(-20.3579641533632,-12.,-51.3108792697772));
#11957=CARTESIAN_POINT('Origin',(-19.3239928437013,-12.5,-53.3837690746173));
#11958=CARTESIAN_POINT('',(-19.3239928437013,-12.5,-53.3837690746173));
#11959=CARTESIAN_POINT('',(-19.3239928437013,-12.5,-45.4815053940542));
#11960=CARTESIAN_POINT('',(-19.3239928437013,-12.,-53.3837690746173));
#11961=CARTESIAN_POINT('',(-19.3239928437013,-12.5,-53.3837690746173));
#11962=CARTESIAN_POINT('',(-19.3239928437013,-12.,-53.3837690746173));
#11963=CARTESIAN_POINT('Ctrl Pts',(-20.3530169678468,-12.5,-52.9929378425464));
#11964=CARTESIAN_POINT('Ctrl Pts',(-20.3530169678468,-12.,-52.9929378425464));
#11965=CARTESIAN_POINT('Ctrl Pts',(-20.2140358043857,-12.5,-53.090366521298));
#11966=CARTESIAN_POINT('Ctrl Pts',(-20.2140358043857,-12.,-53.090366521298));
#11967=CARTESIAN_POINT('Ctrl Pts',(-19.9053463793725,-12.5,-53.3067642119968));
#11968=CARTESIAN_POINT('Ctrl Pts',(-19.9053463793725,-12.,-53.3067642119968));
#11969=CARTESIAN_POINT('Ctrl Pts',(-19.53022397871,-12.5,-53.3564521336425));
#11970=CARTESIAN_POINT('Ctrl Pts',(-19.53022397871,-12.,-53.3564521336425));
#11971=CARTESIAN_POINT('Ctrl Pts',(-19.3239928437013,-12.5,-53.3837690746173));
#11972=CARTESIAN_POINT('Ctrl Pts',(-19.3239928437013,-12.,-53.3837690746173));
#11973=CARTESIAN_POINT('Ctrl Pts',(-20.3530169678468,-12.5,-52.9929378425464));
#11974=CARTESIAN_POINT('Ctrl Pts',(-20.2140358043857,-12.5,-53.090366521298));
#11975=CARTESIAN_POINT('Ctrl Pts',(-19.9053463793725,-12.5,-53.3067642119968));
#11976=CARTESIAN_POINT('Ctrl Pts',(-19.53022397871,-12.5,-53.3564521336425));
#11977=CARTESIAN_POINT('Ctrl Pts',(-19.3239928437013,-12.5,-53.3837690746173));
#11978=CARTESIAN_POINT('Ctrl Pts',(-20.3530169678468,-12.,-52.9929378425464));
#11979=CARTESIAN_POINT('Ctrl Pts',(-20.2140358043857,-12.,-53.090366521298));
#11980=CARTESIAN_POINT('Ctrl Pts',(-19.9053463793725,-12.,-53.3067642119968));
#11981=CARTESIAN_POINT('Ctrl Pts',(-19.53022397871,-12.,-53.3564521336425));
#11982=CARTESIAN_POINT('Ctrl Pts',(-19.3239928437013,-12.,-53.3837690746173));
#11983=CARTESIAN_POINT('Ctrl Pts',(-19.3685175133485,-12.5,-49.628821889101));
#11984=CARTESIAN_POINT('Ctrl Pts',(-19.3685175133485,-12.,-49.628821889101));
#11985=CARTESIAN_POINT('Ctrl Pts',(-19.2185498731125,-12.5,-49.6330286822239));
#11986=CARTESIAN_POINT('Ctrl Pts',(-19.2185498731125,-12.,-49.6330286822239));
#11987=CARTESIAN_POINT('Ctrl Pts',(-18.9538109813137,-12.5,-49.6404549626376));
#11988=CARTESIAN_POINT('Ctrl Pts',(-18.9538109813137,-12.,-49.6404549626376));
#11989=CARTESIAN_POINT('Ctrl Pts',(-18.7806559431832,-12.5,-49.8359541811552));
#11990=CARTESIAN_POINT('Ctrl Pts',(-18.7806559431832,-12.,-49.8359541811552));
#11991=CARTESIAN_POINT('Ctrl Pts',(-18.7055886936922,-12.5,-49.9207082187519));
#11992=CARTESIAN_POINT('Ctrl Pts',(-18.7055886936922,-12.,-49.9207082187519));
#11993=CARTESIAN_POINT('',(-19.3685175133485,-12.5,-49.628821889101));
#11994=CARTESIAN_POINT('',(-18.7055886936922,-12.5,-49.9207082187519));
#11995=CARTESIAN_POINT('Ctrl Pts',(-19.3685175133485,-12.5,-49.628821889101));
#11996=CARTESIAN_POINT('Ctrl Pts',(-19.2185498731125,-12.5,-49.6330286822239));
#11997=CARTESIAN_POINT('Ctrl Pts',(-18.9538109813137,-12.5,-49.6404549626376));
#11998=CARTESIAN_POINT('Ctrl Pts',(-18.7806559431832,-12.5,-49.8359541811552));
#11999=CARTESIAN_POINT('Ctrl Pts',(-18.7055886936922,-12.5,-49.9207082187519));
#12000=CARTESIAN_POINT('',(-19.3685175133485,-12.,-49.628821889101));
#12001=CARTESIAN_POINT('',(-19.3685175133485,-12.5,-49.628821889101));
#12002=CARTESIAN_POINT('',(-18.7055886936922,-12.,-49.9207082187519));
#12003=CARTESIAN_POINT('Ctrl Pts',(-19.3685175133485,-12.,-49.628821889101));
#12004=CARTESIAN_POINT('Ctrl Pts',(-19.2185498731125,-12.,-49.6330286822239));
#12005=CARTESIAN_POINT('Ctrl Pts',(-18.9538109813137,-12.,-49.6404549626376));
#12006=CARTESIAN_POINT('Ctrl Pts',(-18.7806559431832,-12.,-49.8359541811552));
#12007=CARTESIAN_POINT('Ctrl Pts',(-18.7055886936922,-12.,-49.9207082187519));
#12008=CARTESIAN_POINT('',(-18.7055886936922,-12.5,-49.9207082187519));
#12009=CARTESIAN_POINT('Ctrl Pts',(-20.4470134926576,-12.5,-49.9108138477191));
#12010=CARTESIAN_POINT('Ctrl Pts',(-20.4470134926576,-12.,-49.9108138477191));
#12011=CARTESIAN_POINT('Ctrl Pts',(-20.2719460324814,-12.5,-49.8285789729915));
#12012=CARTESIAN_POINT('Ctrl Pts',(-20.2719460324814,-12.,-49.8285789729915));
#12013=CARTESIAN_POINT('Ctrl Pts',(-19.929699898218,-12.5,-49.6678148427024));
#12014=CARTESIAN_POINT('Ctrl Pts',(-19.929699898218,-12.,-49.6678148427024));
#12015=CARTESIAN_POINT('Ctrl Pts',(-19.5526815459706,-12.5,-49.6416182629229));
#12016=CARTESIAN_POINT('Ctrl Pts',(-19.5526815459706,-12.,-49.6416182629229));
#12017=CARTESIAN_POINT('Ctrl Pts',(-19.3685175133485,-12.5,-49.628821889101));
#12018=CARTESIAN_POINT('Ctrl Pts',(-19.3685175133485,-12.,-49.628821889101));
#12019=CARTESIAN_POINT('',(-20.4470134926576,-12.5,-49.9108138477191));
#12020=CARTESIAN_POINT('Ctrl Pts',(-20.4470134926576,-12.5,-49.9108138477191));
#12021=CARTESIAN_POINT('Ctrl Pts',(-20.2719460324814,-12.5,-49.8285789729915));
#12022=CARTESIAN_POINT('Ctrl Pts',(-19.929699898218,-12.5,-49.6678148427024));
#12023=CARTESIAN_POINT('Ctrl Pts',(-19.5526815459706,-12.5,-49.6416182629229));
#12024=CARTESIAN_POINT('Ctrl Pts',(-19.3685175133485,-12.5,-49.628821889101));
#12025=CARTESIAN_POINT('',(-20.4470134926576,-12.,-49.9108138477191));
#12026=CARTESIAN_POINT('',(-20.4470134926576,-12.5,-49.9108138477191));
#12027=CARTESIAN_POINT('Ctrl Pts',(-20.4470134926576,-12.,-49.9108138477191));
#12028=CARTESIAN_POINT('Ctrl Pts',(-20.2719460324814,-12.,-49.8285789729915));
#12029=CARTESIAN_POINT('Ctrl Pts',(-19.929699898218,-12.,-49.6678148427024));
#12030=CARTESIAN_POINT('Ctrl Pts',(-19.5526815459706,-12.,-49.6416182629229));
#12031=CARTESIAN_POINT('Ctrl Pts',(-19.3685175133485,-12.,-49.628821889101));
#12032=CARTESIAN_POINT('Ctrl Pts',(-21.3078321171541,-12.5,-50.76173690909));
#12033=CARTESIAN_POINT('Ctrl Pts',(-21.3078321171541,-12.,-50.76173690909));
#12034=CARTESIAN_POINT('Ctrl Pts',(-21.1913772786819,-12.5,-50.5852836410523));
#12035=CARTESIAN_POINT('Ctrl Pts',(-21.1913772786819,-12.,-50.5852836410523));
#12036=CARTESIAN_POINT('Ctrl Pts',(-20.9640805807534,-12.5,-50.2408819340055));
#12037=CARTESIAN_POINT('Ctrl Pts',(-20.9640805807534,-12.,-50.2408819340055));
#12038=CARTESIAN_POINT('Ctrl Pts',(-20.6165081458302,-12.5,-50.0190102057865));
#12039=CARTESIAN_POINT('Ctrl Pts',(-20.6165081458302,-12.,-50.0190102057865));
#12040=CARTESIAN_POINT('Ctrl Pts',(-20.4470134926576,-12.5,-49.9108138477191));
#12041=CARTESIAN_POINT('Ctrl Pts',(-20.4470134926576,-12.,-49.9108138477191));
#12042=CARTESIAN_POINT('',(-21.3078321171541,-12.5,-50.76173690909));
#12043=CARTESIAN_POINT('Ctrl Pts',(-21.3078321171541,-12.5,-50.76173690909));
#12044=CARTESIAN_POINT('Ctrl Pts',(-21.1913772786819,-12.5,-50.5852836410523));
#12045=CARTESIAN_POINT('Ctrl Pts',(-20.9640805807534,-12.5,-50.2408819340055));
#12046=CARTESIAN_POINT('Ctrl Pts',(-20.6165081458302,-12.5,-50.0190102057865));
#12047=CARTESIAN_POINT('Ctrl Pts',(-20.4470134926576,-12.5,-49.9108138477191));
#12048=CARTESIAN_POINT('',(-21.3078321171541,-12.,-50.76173690909));
#12049=CARTESIAN_POINT('',(-21.3078321171541,-12.5,-50.76173690909));
#12050=CARTESIAN_POINT('Ctrl Pts',(-21.3078321171541,-12.,-50.76173690909));
#12051=CARTESIAN_POINT('Ctrl Pts',(-21.1913772786819,-12.,-50.5852836410523));
#12052=CARTESIAN_POINT('Ctrl Pts',(-20.9640805807534,-12.,-50.2408819340055));
#12053=CARTESIAN_POINT('Ctrl Pts',(-20.6165081458302,-12.,-50.0190102057865));
#12054=CARTESIAN_POINT('Ctrl Pts',(-20.4470134926576,-12.,-49.9108138477191));
#12055=CARTESIAN_POINT('Ctrl Pts',(-21.6442437124986,-12.5,-52.1172776615009));
#12056=CARTESIAN_POINT('Ctrl Pts',(-21.6442437124986,-12.,-52.1172776615009));
#12057=CARTESIAN_POINT('Ctrl Pts',(-21.6331956864376,-12.5,-51.8680529563684));
#12058=CARTESIAN_POINT('Ctrl Pts',(-21.6331956864376,-12.,-51.8680529563684));
#12059=CARTESIAN_POINT('Ctrl Pts',(-21.6121346555867,-12.5,-51.3929518682124));
#12060=CARTESIAN_POINT('Ctrl Pts',(-21.6121346555867,-12.,-51.3929518682124));
#12061=CARTESIAN_POINT('Ctrl Pts',(-21.405887703178,-12.5,-50.9651336768021));
#12062=CARTESIAN_POINT('Ctrl Pts',(-21.405887703178,-12.,-50.9651336768021));
#12063=CARTESIAN_POINT('Ctrl Pts',(-21.3078321171541,-12.5,-50.76173690909));
#12064=CARTESIAN_POINT('Ctrl Pts',(-21.3078321171541,-12.,-50.76173690909));
#12065=CARTESIAN_POINT('',(-21.6442437124986,-12.5,-52.1172776615009));
#12066=CARTESIAN_POINT('Ctrl Pts',(-21.6442437124986,-12.5,-52.1172776615009));
#12067=CARTESIAN_POINT('Ctrl Pts',(-21.6331956864376,-12.5,-51.8680529563684));
#12068=CARTESIAN_POINT('Ctrl Pts',(-21.6121346555867,-12.5,-51.3929518682124));
#12069=CARTESIAN_POINT('Ctrl Pts',(-21.405887703178,-12.5,-50.9651336768021));
#12070=CARTESIAN_POINT('Ctrl Pts',(-21.3078321171541,-12.5,-50.76173690909));
#12071=CARTESIAN_POINT('',(-21.6442437124986,-12.,-52.1172776615009));
#12072=CARTESIAN_POINT('',(-21.6442437124986,-12.5,-52.1172776615009));
#12073=CARTESIAN_POINT('Ctrl Pts',(-21.6442437124986,-12.,-52.1172776615009));
#12074=CARTESIAN_POINT('Ctrl Pts',(-21.6331956864376,-12.,-51.8680529563684));
#12075=CARTESIAN_POINT('Ctrl Pts',(-21.6121346555867,-12.,-51.3929518682124));
#12076=CARTESIAN_POINT('Ctrl Pts',(-21.405887703178,-12.,-50.9651336768021));
#12077=CARTESIAN_POINT('Ctrl Pts',(-21.3078321171541,-12.,-50.76173690909));
#12078=CARTESIAN_POINT('Ctrl Pts',(-21.446354503705,-12.5,-53.2254573499545));
#12079=CARTESIAN_POINT('Ctrl Pts',(-21.446354503705,-12.,-53.2254573499545));
#12080=CARTESIAN_POINT('Ctrl Pts',(-21.5040559026656,-12.5,-53.0513261052654));
#12081=CARTESIAN_POINT('Ctrl Pts',(-21.5040559026656,-12.,-53.0513261052654));
#12082=CARTESIAN_POINT('Ctrl Pts',(-21.6232554093615,-12.5,-52.6916059105874));
#12083=CARTESIAN_POINT('Ctrl Pts',(-21.6232554093615,-12.,-52.6916059105874));
#12084=CARTESIAN_POINT('Ctrl Pts',(-21.6371006136173,-12.5,-52.3127428902419));
#12085=CARTESIAN_POINT('Ctrl Pts',(-21.6371006136173,-12.,-52.3127428902419));
#12086=CARTESIAN_POINT('Ctrl Pts',(-21.6442437124986,-12.5,-52.1172776615009));
#12087=CARTESIAN_POINT('Ctrl Pts',(-21.6442437124986,-12.,-52.1172776615009));
#12088=CARTESIAN_POINT('',(-21.446354503705,-12.5,-53.2254573499545));
#12089=CARTESIAN_POINT('Ctrl Pts',(-21.446354503705,-12.5,-53.2254573499545));
#12090=CARTESIAN_POINT('Ctrl Pts',(-21.5040559026656,-12.5,-53.0513261052654));
#12091=CARTESIAN_POINT('Ctrl Pts',(-21.6232554093615,-12.5,-52.6916059105874));
#12092=CARTESIAN_POINT('Ctrl Pts',(-21.6371006136173,-12.5,-52.3127428902419));
#12093=CARTESIAN_POINT('Ctrl Pts',(-21.6442437124986,-12.5,-52.1172776615009));
#12094=CARTESIAN_POINT('',(-21.446354503705,-12.,-53.2254573499545));
#12095=CARTESIAN_POINT('',(-21.446354503705,-12.5,-53.2254573499545));
#12096=CARTESIAN_POINT('Ctrl Pts',(-21.446354503705,-12.,-53.2254573499545));
#12097=CARTESIAN_POINT('Ctrl Pts',(-21.5040559026656,-12.,-53.0513261052654));
#12098=CARTESIAN_POINT('Ctrl Pts',(-21.6232554093615,-12.,-52.6916059105874));
#12099=CARTESIAN_POINT('Ctrl Pts',(-21.6371006136173,-12.,-52.3127428902419));
#12100=CARTESIAN_POINT('Ctrl Pts',(-21.6442437124986,-12.,-52.1172776615009));
#12101=CARTESIAN_POINT('Ctrl Pts',(-20.887317771985,-12.5,-54.0664866363391));
#12102=CARTESIAN_POINT('Ctrl Pts',(-20.887317771985,-12.,-54.0664866363391));
#12103=CARTESIAN_POINT('Ctrl Pts',(-21.0026764018695,-12.5,-53.9446859852212));
#12104=CARTESIAN_POINT('Ctrl Pts',(-21.0026764018695,-12.,-53.9446859852212));
#12105=CARTESIAN_POINT('Ctrl Pts',(-21.2375239063191,-12.5,-53.6967237912871));
#12106=CARTESIAN_POINT('Ctrl Pts',(-21.2375239063191,-12.,-53.6967237912871));
#12107=CARTESIAN_POINT('Ctrl Pts',(-21.3759329084802,-12.5,-53.3843772352108));
#12108=CARTESIAN_POINT('Ctrl Pts',(-21.3759329084802,-12.,-53.3843772352108));
#12109=CARTESIAN_POINT('Ctrl Pts',(-21.446354503705,-12.5,-53.2254573499545));
#12110=CARTESIAN_POINT('Ctrl Pts',(-21.446354503705,-12.,-53.2254573499545));
#12111=CARTESIAN_POINT('',(-20.887317771985,-12.5,-54.0664866363391));
#12112=CARTESIAN_POINT('Ctrl Pts',(-20.887317771985,-12.5,-54.0664866363391));
#12113=CARTESIAN_POINT('Ctrl Pts',(-21.0026764018695,-12.5,-53.9446859852212));
#12114=CARTESIAN_POINT('Ctrl Pts',(-21.2375239063191,-12.5,-53.6967237912871));
#12115=CARTESIAN_POINT('Ctrl Pts',(-21.3759329084802,-12.5,-53.3843772352108));
#12116=CARTESIAN_POINT('Ctrl Pts',(-21.446354503705,-12.5,-53.2254573499545));
#12117=CARTESIAN_POINT('',(-20.887317771985,-12.,-54.0664866363391));
#12118=CARTESIAN_POINT('',(-20.887317771985,-12.5,-54.0664866363391));
#12119=CARTESIAN_POINT('Ctrl Pts',(-20.887317771985,-12.,-54.0664866363391));
#12120=CARTESIAN_POINT('Ctrl Pts',(-21.0026764018695,-12.,-53.9446859852212));
#12121=CARTESIAN_POINT('Ctrl Pts',(-21.2375239063191,-12.,-53.6967237912871));
#12122=CARTESIAN_POINT('Ctrl Pts',(-21.3759329084802,-12.,-53.3843772352108));
#12123=CARTESIAN_POINT('Ctrl Pts',(-21.446354503705,-12.,-53.2254573499545));
#12124=CARTESIAN_POINT('Ctrl Pts',(-20.0067104054231,-12.5,-54.5859458839282));
#12125=CARTESIAN_POINT('Ctrl Pts',(-20.0067104054231,-12.,-54.5859458839282));
#12126=CARTESIAN_POINT('Ctrl Pts',(-20.1706412271657,-12.5,-54.5210601182937));
#12127=CARTESIAN_POINT('Ctrl Pts',(-20.1706412271657,-12.,-54.5210601182937));
#12128=CARTESIAN_POINT('Ctrl Pts',(-20.4915366516031,-12.5,-54.3940458992352));
#12129=CARTESIAN_POINT('Ctrl Pts',(-20.4915366516031,-12.,-54.3940458992352));
#12130=CARTESIAN_POINT('Ctrl Pts',(-20.7573139575047,-12.5,-54.1740813432412));
#12131=CARTESIAN_POINT('Ctrl Pts',(-20.7573139575047,-12.,-54.1740813432412));
#12132=CARTESIAN_POINT('Ctrl Pts',(-20.887317771985,-12.5,-54.0664866363391));
#12133=CARTESIAN_POINT('Ctrl Pts',(-20.887317771985,-12.,-54.0664866363391));
#12134=CARTESIAN_POINT('',(-20.0067104054231,-12.5,-54.5859458839282));
#12135=CARTESIAN_POINT('Ctrl Pts',(-20.0067104054231,-12.5,-54.5859458839282));
#12136=CARTESIAN_POINT('Ctrl Pts',(-20.1706412271657,-12.5,-54.5210601182937));
#12137=CARTESIAN_POINT('Ctrl Pts',(-20.4915366516031,-12.5,-54.3940458992352));
#12138=CARTESIAN_POINT('Ctrl Pts',(-20.7573139575047,-12.5,-54.1740813432412));
#12139=CARTESIAN_POINT('Ctrl Pts',(-20.887317771985,-12.5,-54.0664866363391));
#12140=CARTESIAN_POINT('',(-20.0067104054231,-12.,-54.5859458839282));
#12141=CARTESIAN_POINT('',(-20.0067104054231,-12.5,-54.5859458839282));
#12142=CARTESIAN_POINT('Ctrl Pts',(-20.0067104054231,-12.,-54.5859458839282));
#12143=CARTESIAN_POINT('Ctrl Pts',(-20.1706412271657,-12.,-54.5210601182937));
#12144=CARTESIAN_POINT('Ctrl Pts',(-20.4915366516031,-12.,-54.3940458992352));
#12145=CARTESIAN_POINT('Ctrl Pts',(-20.7573139575047,-12.,-54.1740813432412));
#12146=CARTESIAN_POINT('Ctrl Pts',(-20.887317771985,-12.,-54.0664866363391));
#12147=CARTESIAN_POINT('Ctrl Pts',(-18.8985313130159,-12.5,-54.76404575461));
#12148=CARTESIAN_POINT('Ctrl Pts',(-18.8985313130159,-12.,-54.76404575461));
#12149=CARTESIAN_POINT('Ctrl Pts',(-19.0919911362526,-12.5,-54.7574402077842));
#12150=CARTESIAN_POINT('Ctrl Pts',(-19.0919911362526,-12.,-54.7574402077842));
#12151=CARTESIAN_POINT('Ctrl Pts',(-19.4689632203535,-12.5,-54.7445687665109));
#12152=CARTESIAN_POINT('Ctrl Pts',(-19.4689632203535,-12.,-54.7445687665109));
#12153=CARTESIAN_POINT('Ctrl Pts',(-19.8306426836536,-12.5,-54.6378817570156));
#12154=CARTESIAN_POINT('Ctrl Pts',(-19.8306426836536,-12.,-54.6378817570156));
#12155=CARTESIAN_POINT('Ctrl Pts',(-20.0067104054231,-12.5,-54.5859458839282));
#12156=CARTESIAN_POINT('Ctrl Pts',(-20.0067104054231,-12.,-54.5859458839282));
#12157=CARTESIAN_POINT('',(-18.8985313130159,-12.5,-54.76404575461));
#12158=CARTESIAN_POINT('Ctrl Pts',(-18.8985313130159,-12.5,-54.76404575461));
#12159=CARTESIAN_POINT('Ctrl Pts',(-19.0919911362526,-12.5,-54.7574402077842));
#12160=CARTESIAN_POINT('Ctrl Pts',(-19.4689632203535,-12.5,-54.7445687665109));
#12161=CARTESIAN_POINT('Ctrl Pts',(-19.8306426836536,-12.5,-54.6378817570156));
#12162=CARTESIAN_POINT('Ctrl Pts',(-20.0067104054231,-12.5,-54.5859458839282));
#12163=CARTESIAN_POINT('',(-18.8985313130159,-12.,-54.76404575461));
#12164=CARTESIAN_POINT('',(-18.8985313130159,-12.5,-54.76404575461));
#12165=CARTESIAN_POINT('Ctrl Pts',(-18.8985313130159,-12.,-54.76404575461));
#12166=CARTESIAN_POINT('Ctrl Pts',(-19.0919911362526,-12.,-54.7574402077842));
#12167=CARTESIAN_POINT('Ctrl Pts',(-19.4689632203535,-12.,-54.7445687665109));
#12168=CARTESIAN_POINT('Ctrl Pts',(-19.8306426836536,-12.,-54.6378817570156));
#12169=CARTESIAN_POINT('Ctrl Pts',(-20.0067104054231,-12.,-54.5859458839282));
#12170=CARTESIAN_POINT('Ctrl Pts',(-16.885008926465,-12.5,-54.0417501127109));
#12171=CARTESIAN_POINT('Ctrl Pts',(-16.885008926465,-12.,-54.0417501127109));
#12172=CARTESIAN_POINT('Ctrl Pts',(-17.1653638087675,-12.5,-54.2522336507069));
#12173=CARTESIAN_POINT('Ctrl Pts',(-17.1653638087675,-12.,-54.2522336507069));
#12174=CARTESIAN_POINT('Ctrl Pts',(-17.7600593025974,-12.5,-54.6987163748298));
#12175=CARTESIAN_POINT('Ctrl Pts',(-17.7600593025974,-12.,-54.6987163748298));
#12176=CARTESIAN_POINT('Ctrl Pts',(-18.5048527936999,-12.5,-54.7414551478456));
#12177=CARTESIAN_POINT('Ctrl Pts',(-18.5048527936999,-12.,-54.7414551478456));
#12178=CARTESIAN_POINT('Ctrl Pts',(-18.8985313130159,-12.5,-54.76404575461));
#12179=CARTESIAN_POINT('Ctrl Pts',(-18.8985313130159,-12.,-54.76404575461));
#12180=CARTESIAN_POINT('',(-16.885008926465,-12.5,-54.0417501127109));
#12181=CARTESIAN_POINT('Ctrl Pts',(-16.885008926465,-12.5,-54.0417501127109));
#12182=CARTESIAN_POINT('Ctrl Pts',(-17.1653638087675,-12.5,-54.2522336507069));
#12183=CARTESIAN_POINT('Ctrl Pts',(-17.7600593025974,-12.5,-54.6987163748298));
#12184=CARTESIAN_POINT('Ctrl Pts',(-18.5048527936999,-12.5,-54.7414551478456));
#12185=CARTESIAN_POINT('Ctrl Pts',(-18.8985313130159,-12.5,-54.76404575461));
#12186=CARTESIAN_POINT('',(-16.885008926465,-12.,-54.0417501127109));
#12187=CARTESIAN_POINT('',(-16.885008926465,-12.5,-54.0417501127109));
#12188=CARTESIAN_POINT('Ctrl Pts',(-16.885008926465,-12.,-54.0417501127109));
#12189=CARTESIAN_POINT('Ctrl Pts',(-17.1653638087675,-12.,-54.2522336507069));
#12190=CARTESIAN_POINT('Ctrl Pts',(-17.7600593025974,-12.,-54.6987163748298));
#12191=CARTESIAN_POINT('Ctrl Pts',(-18.5048527936999,-12.,-54.7414551478456));
#12192=CARTESIAN_POINT('Ctrl Pts',(-18.8985313130159,-12.,-54.76404575461));
#12193=CARTESIAN_POINT('Ctrl Pts',(-16.142923946454,-12.5,-52.0183339511737));
#12194=CARTESIAN_POINT('Ctrl Pts',(-16.142923946454,-12.,-52.0183339511737));
#12195=CARTESIAN_POINT('Ctrl Pts',(-16.1651138391124,-12.5,-52.4189513768845));
#12196=CARTESIAN_POINT('Ctrl Pts',(-16.1651138391124,-12.,-52.4189513768845));
#12197=CARTESIAN_POINT('Ctrl Pts',(-16.2068234899826,-12.5,-53.1719794882024));
#12198=CARTESIAN_POINT('Ctrl Pts',(-16.2068234899826,-12.,-53.1719794882024));
#12199=CARTESIAN_POINT('Ctrl Pts',(-16.6688053742608,-12.5,-53.7644697576549));
#12200=CARTESIAN_POINT('Ctrl Pts',(-16.6688053742608,-12.,-53.7644697576549));
#12201=CARTESIAN_POINT('Ctrl Pts',(-16.885008926465,-12.5,-54.0417501127109));
#12202=CARTESIAN_POINT('Ctrl Pts',(-16.885008926465,-12.,-54.0417501127109));
#12203=CARTESIAN_POINT('',(-16.142923946454,-12.5,-52.0183339511737));
#12204=CARTESIAN_POINT('Ctrl Pts',(-16.142923946454,-12.5,-52.0183339511737));
#12205=CARTESIAN_POINT('Ctrl Pts',(-16.1651138391124,-12.5,-52.4189513768845));
#12206=CARTESIAN_POINT('Ctrl Pts',(-16.2068234899826,-12.5,-53.1719794882024));
#12207=CARTESIAN_POINT('Ctrl Pts',(-16.6688053742608,-12.5,-53.7644697576549));
#12208=CARTESIAN_POINT('Ctrl Pts',(-16.885008926465,-12.5,-54.0417501127109));
#12209=CARTESIAN_POINT('',(-16.142923946454,-12.,-52.0183339511737));
#12210=CARTESIAN_POINT('',(-16.142923946454,-12.5,-52.0183339511737));
#12211=CARTESIAN_POINT('Ctrl Pts',(-16.142923946454,-12.,-52.0183339511737));
#12212=CARTESIAN_POINT('Ctrl Pts',(-16.1651138391124,-12.,-52.4189513768845));
#12213=CARTESIAN_POINT('Ctrl Pts',(-16.2068234899826,-12.,-53.1719794882024));
#12214=CARTESIAN_POINT('Ctrl Pts',(-16.6688053742608,-12.,-53.7644697576549));
#12215=CARTESIAN_POINT('Ctrl Pts',(-16.885008926465,-12.,-54.0417501127109));
#12216=CARTESIAN_POINT('Ctrl Pts',(-16.2913407040376,-12.5,-51.01404575461));
#12217=CARTESIAN_POINT('Ctrl Pts',(-16.2913407040376,-12.,-51.01404575461));
#12218=CARTESIAN_POINT('Ctrl Pts',(-16.2480865953159,-12.5,-51.169358996484));
#12219=CARTESIAN_POINT('Ctrl Pts',(-16.2480865953159,-12.,-51.169358996484));
#12220=CARTESIAN_POINT('Ctrl Pts',(-16.1566372530661,-12.5,-51.4977276586014));
#12221=CARTESIAN_POINT('Ctrl Pts',(-16.1566372530661,-12.,-51.4977276586014));
#12222=CARTESIAN_POINT('Ctrl Pts',(-16.1476567906116,-12.5,-51.8386582157797));
#12223=CARTESIAN_POINT('Ctrl Pts',(-16.1476567906116,-12.,-51.8386582157797));
#12224=CARTESIAN_POINT('Ctrl Pts',(-16.142923946454,-12.5,-52.0183339511737));
#12225=CARTESIAN_POINT('Ctrl Pts',(-16.142923946454,-12.,-52.0183339511737));
#12226=CARTESIAN_POINT('',(-16.2913407040376,-12.5,-51.01404575461));
#12227=CARTESIAN_POINT('Ctrl Pts',(-16.2913407040376,-12.5,-51.01404575461));
#12228=CARTESIAN_POINT('Ctrl Pts',(-16.2480865953159,-12.5,-51.169358996484));
#12229=CARTESIAN_POINT('Ctrl Pts',(-16.1566372530661,-12.5,-51.4977276586014));
#12230=CARTESIAN_POINT('Ctrl Pts',(-16.1476567906116,-12.5,-51.8386582157797));
#12231=CARTESIAN_POINT('Ctrl Pts',(-16.142923946454,-12.5,-52.0183339511737));
#12232=CARTESIAN_POINT('',(-16.2913407040376,-12.,-51.01404575461));
#12233=CARTESIAN_POINT('',(-16.2913407040376,-12.5,-51.01404575461));
#12234=CARTESIAN_POINT('Ctrl Pts',(-16.2913407040376,-12.,-51.01404575461));
#12235=CARTESIAN_POINT('Ctrl Pts',(-16.2480865953159,-12.,-51.169358996484));
#12236=CARTESIAN_POINT('Ctrl Pts',(-16.1566372530661,-12.,-51.4977276586014));
#12237=CARTESIAN_POINT('Ctrl Pts',(-16.1476567906116,-12.,-51.8386582157797));
#12238=CARTESIAN_POINT('Ctrl Pts',(-16.142923946454,-12.,-52.0183339511737));
#12239=CARTESIAN_POINT('Ctrl Pts',(-16.6623831940431,-12.5,-50.286803523241));
#12240=CARTESIAN_POINT('Ctrl Pts',(-16.6623831940431,-12.,-50.286803523241));
#12241=CARTESIAN_POINT('Ctrl Pts',(-16.5899240447696,-12.5,-50.3929384205269));
#12242=CARTESIAN_POINT('Ctrl Pts',(-16.5899240447696,-12.,-50.3929384205269));
#12243=CARTESIAN_POINT('Ctrl Pts',(-16.4353322643822,-12.5,-50.6193774954701));
#12244=CARTESIAN_POINT('Ctrl Pts',(-16.4353322643822,-12.,-50.6193774954701));
#12245=CARTESIAN_POINT('Ctrl Pts',(-16.34129924289,-12.5,-50.877113773938));
#12246=CARTESIAN_POINT('Ctrl Pts',(-16.34129924289,-12.,-50.877113773938));
#12247=CARTESIAN_POINT('Ctrl Pts',(-16.2913407040376,-12.5,-51.01404575461));
#12248=CARTESIAN_POINT('Ctrl Pts',(-16.2913407040376,-12.,-51.01404575461));
#12249=CARTESIAN_POINT('',(-16.6623831940431,-12.5,-50.286803523241));
#12250=CARTESIAN_POINT('Ctrl Pts',(-16.6623831940431,-12.5,-50.286803523241));
#12251=CARTESIAN_POINT('Ctrl Pts',(-16.5899240447696,-12.5,-50.3929384205269));
#12252=CARTESIAN_POINT('Ctrl Pts',(-16.4353322643822,-12.5,-50.6193774954701));
#12253=CARTESIAN_POINT('Ctrl Pts',(-16.34129924289,-12.5,-50.877113773938));
#12254=CARTESIAN_POINT('Ctrl Pts',(-16.2913407040376,-12.5,-51.01404575461));
#12255=CARTESIAN_POINT('',(-16.6623831940431,-12.,-50.286803523241));
#12256=CARTESIAN_POINT('',(-16.6623831940431,-12.5,-50.286803523241));
#12257=CARTESIAN_POINT('Ctrl Pts',(-16.6623831940431,-12.,-50.286803523241));
#12258=CARTESIAN_POINT('Ctrl Pts',(-16.5899240447696,-12.,-50.3929384205269));
#12259=CARTESIAN_POINT('Ctrl Pts',(-16.4353322643822,-12.,-50.6193774954701));
#12260=CARTESIAN_POINT('Ctrl Pts',(-16.34129924289,-12.,-50.877113773938));
#12261=CARTESIAN_POINT('Ctrl Pts',(-16.2913407040376,-12.,-51.01404575461));
#12262=CARTESIAN_POINT('Ctrl Pts',(-17.1323693943758,-12.5,-49.85144642943));
#12263=CARTESIAN_POINT('Ctrl Pts',(-17.1323693943758,-12.,-49.85144642943));
#12264=CARTESIAN_POINT('Ctrl Pts',(-17.0498920520797,-12.5,-49.9084558285184));
#12265=CARTESIAN_POINT('Ctrl Pts',(-17.0498920520797,-12.,-49.9084558285184));
#12266=CARTESIAN_POINT('Ctrl Pts',(-16.8725947688677,-12.5,-50.0310059895026));
#12267=CARTESIAN_POINT('Ctrl Pts',(-16.8725947688677,-12.,-50.0310059895026));
#12268=CARTESIAN_POINT('Ctrl Pts',(-16.7356319535386,-12.5,-50.1976702200726));
#12269=CARTESIAN_POINT('Ctrl Pts',(-16.7356319535386,-12.,-50.1976702200726));
#12270=CARTESIAN_POINT('Ctrl Pts',(-16.6623831940431,-12.5,-50.286803523241));
#12271=CARTESIAN_POINT('Ctrl Pts',(-16.6623831940431,-12.,-50.286803523241));
#12272=CARTESIAN_POINT('',(-17.1323693943758,-12.5,-49.85144642943));
#12273=CARTESIAN_POINT('Ctrl Pts',(-17.1323693943758,-12.5,-49.85144642943));
#12274=CARTESIAN_POINT('Ctrl Pts',(-17.0498920520797,-12.5,-49.9084558285184));
#12275=CARTESIAN_POINT('Ctrl Pts',(-16.8725947688677,-12.5,-50.0310059895026));
#12276=CARTESIAN_POINT('Ctrl Pts',(-16.7356319535386,-12.5,-50.1976702200726));
#12277=CARTESIAN_POINT('Ctrl Pts',(-16.6623831940431,-12.5,-50.286803523241));
#12278=CARTESIAN_POINT('',(-17.1323693943758,-12.,-49.85144642943));
#12279=CARTESIAN_POINT('',(-17.1323693943758,-12.5,-49.85144642943));
#12280=CARTESIAN_POINT('Ctrl Pts',(-17.1323693943758,-12.,-49.85144642943));
#12281=CARTESIAN_POINT('Ctrl Pts',(-17.0498920520797,-12.,-49.9084558285184));
#12282=CARTESIAN_POINT('Ctrl Pts',(-16.8725947688677,-12.,-50.0310059895026));
#12283=CARTESIAN_POINT('Ctrl Pts',(-16.7356319535386,-12.,-50.1976702200726));
#12284=CARTESIAN_POINT('Ctrl Pts',(-16.6623831940431,-12.,-50.286803523241));
#12285=CARTESIAN_POINT('Ctrl Pts',(-17.5627793026704,-12.5,-49.7079768573627));
#12286=CARTESIAN_POINT('Ctrl Pts',(-17.5627793026704,-12.,-49.7079768573627));
#12287=CARTESIAN_POINT('Ctrl Pts',(-17.4952477993462,-12.5,-49.716284951575));
#12288=CARTESIAN_POINT('Ctrl Pts',(-17.4952477993462,-12.,-49.716284951575));
#12289=CARTESIAN_POINT('Ctrl Pts',(-17.3425765532274,-12.5,-49.7350674017477));
#12290=CARTESIAN_POINT('Ctrl Pts',(-17.3425765532274,-12.,-49.7350674017477));
#12291=CARTESIAN_POINT('Ctrl Pts',(-17.2076265703371,-12.5,-49.8097810693521));
#12292=CARTESIAN_POINT('Ctrl Pts',(-17.2076265703371,-12.,-49.8097810693521));
#12293=CARTESIAN_POINT('Ctrl Pts',(-17.1323693943758,-12.5,-49.85144642943));
#12294=CARTESIAN_POINT('Ctrl Pts',(-17.1323693943758,-12.,-49.85144642943));
#12295=CARTESIAN_POINT('',(-17.5627793026704,-12.5,-49.7079768573627));
#12296=CARTESIAN_POINT('Ctrl Pts',(-17.5627793026704,-12.5,-49.7079768573627));
#12297=CARTESIAN_POINT('Ctrl Pts',(-17.4952477993462,-12.5,-49.716284951575));
#12298=CARTESIAN_POINT('Ctrl Pts',(-17.3425765532274,-12.5,-49.7350674017477));
#12299=CARTESIAN_POINT('Ctrl Pts',(-17.2076265703371,-12.5,-49.8097810693521));
#12300=CARTESIAN_POINT('Ctrl Pts',(-17.1323693943758,-12.5,-49.85144642943));
#12301=CARTESIAN_POINT('',(-17.5627793026704,-12.,-49.7079768573627));
#12302=CARTESIAN_POINT('',(-17.5627793026704,-12.5,-49.7079768573627));
#12303=CARTESIAN_POINT('Ctrl Pts',(-17.5627793026704,-12.,-49.7079768573627));
#12304=CARTESIAN_POINT('Ctrl Pts',(-17.4952477993462,-12.,-49.716284951575));
#12305=CARTESIAN_POINT('Ctrl Pts',(-17.3425765532274,-12.,-49.7350674017477));
#12306=CARTESIAN_POINT('Ctrl Pts',(-17.2076265703371,-12.,-49.8097810693521));
#12307=CARTESIAN_POINT('Ctrl Pts',(-17.1323693943758,-12.,-49.85144642943));
#12308=CARTESIAN_POINT('Ctrl Pts',(-17.8843487454195,-12.5,-49.8366048728809));
#12309=CARTESIAN_POINT('Ctrl Pts',(-17.8843487454195,-12.,-49.8366048728809));
#12310=CARTESIAN_POINT('Ctrl Pts',(-17.8407939287979,-12.5,-49.7991182220855));
#12311=CARTESIAN_POINT('Ctrl Pts',(-17.8407939287979,-12.,-49.7991182220855));
#12312=CARTESIAN_POINT('Ctrl Pts',(-17.7486807961604,-12.5,-49.7198385211317));
#12313=CARTESIAN_POINT('Ctrl Pts',(-17.7486807961604,-12.,-49.7198385211317));
#12314=CARTESIAN_POINT('Ctrl Pts',(-17.6269505581394,-12.5,-49.7120713799064));
#12315=CARTESIAN_POINT('Ctrl Pts',(-17.6269505581394,-12.,-49.7120713799064));
#12316=CARTESIAN_POINT('Ctrl Pts',(-17.5627793026704,-12.5,-49.7079768573627));
#12317=CARTESIAN_POINT('Ctrl Pts',(-17.5627793026704,-12.,-49.7079768573627));
#12318=CARTESIAN_POINT('',(-17.8843487454195,-12.5,-49.8366048728809));
#12319=CARTESIAN_POINT('Ctrl Pts',(-17.8843487454195,-12.5,-49.8366048728809));
#12320=CARTESIAN_POINT('Ctrl Pts',(-17.8407939287979,-12.5,-49.7991182220855));
#12321=CARTESIAN_POINT('Ctrl Pts',(-17.7486807961604,-12.5,-49.7198385211317));
#12322=CARTESIAN_POINT('Ctrl Pts',(-17.6269505581394,-12.5,-49.7120713799064));
#12323=CARTESIAN_POINT('Ctrl Pts',(-17.5627793026704,-12.5,-49.7079768573627));
#12324=CARTESIAN_POINT('',(-17.8843487454195,-12.,-49.8366048728809));
#12325=CARTESIAN_POINT('',(-17.8843487454195,-12.5,-49.8366048728809));
#12326=CARTESIAN_POINT('Ctrl Pts',(-17.8843487454195,-12.,-49.8366048728809));
#12327=CARTESIAN_POINT('Ctrl Pts',(-17.8407939287979,-12.,-49.7991182220855));
#12328=CARTESIAN_POINT('Ctrl Pts',(-17.7486807961604,-12.,-49.7198385211317));
#12329=CARTESIAN_POINT('Ctrl Pts',(-17.6269505581394,-12.,-49.7120713799064));
#12330=CARTESIAN_POINT('Ctrl Pts',(-17.5627793026704,-12.,-49.7079768573627));
#12331=CARTESIAN_POINT('Ctrl Pts',(-17.9981352043886,-12.5,-50.1730170642719));
#12332=CARTESIAN_POINT('Ctrl Pts',(-17.9981352043886,-12.,-50.1730170642719));
#12333=CARTESIAN_POINT('Ctrl Pts',(-17.9944700268625,-12.5,-50.1083202928542));
#12334=CARTESIAN_POINT('Ctrl Pts',(-17.9944700268625,-12.,-50.1083202928542));
#12335=CARTESIAN_POINT('Ctrl Pts',(-17.9875046326191,-12.5,-49.9853689443883));
#12336=CARTESIAN_POINT('Ctrl Pts',(-17.9875046326191,-12.,-49.9853689443883));
#12337=CARTESIAN_POINT('Ctrl Pts',(-17.9175115824613,-12.5,-49.8844299538822));
#12338=CARTESIAN_POINT('Ctrl Pts',(-17.9175115824613,-12.,-49.8844299538822));
#12339=CARTESIAN_POINT('Ctrl Pts',(-17.8843487454195,-12.5,-49.8366048728809));
#12340=CARTESIAN_POINT('Ctrl Pts',(-17.8843487454195,-12.,-49.8366048728809));
#12341=CARTESIAN_POINT('',(-17.9981352043886,-12.5,-50.1730170642719));
#12342=CARTESIAN_POINT('Ctrl Pts',(-17.9981352043886,-12.5,-50.1730170642719));
#12343=CARTESIAN_POINT('Ctrl Pts',(-17.9944700268625,-12.5,-50.1083202928542));
#12344=CARTESIAN_POINT('Ctrl Pts',(-17.9875046326191,-12.5,-49.9853689443883));
#12345=CARTESIAN_POINT('Ctrl Pts',(-17.9175115824613,-12.5,-49.8844299538822));
#12346=CARTESIAN_POINT('Ctrl Pts',(-17.8843487454195,-12.5,-49.8366048728809));
#12347=CARTESIAN_POINT('',(-17.9981352043886,-12.,-50.1730170642719));
#12348=CARTESIAN_POINT('',(-17.9981352043886,-12.5,-50.1730170642719));
#12349=CARTESIAN_POINT('Ctrl Pts',(-17.9981352043886,-12.,-50.1730170642719));
#12350=CARTESIAN_POINT('Ctrl Pts',(-17.9944700268625,-12.,-50.1083202928542));
#12351=CARTESIAN_POINT('Ctrl Pts',(-17.9875046326191,-12.,-49.9853689443883));
#12352=CARTESIAN_POINT('Ctrl Pts',(-17.9175115824613,-12.,-49.8844299538822));
#12353=CARTESIAN_POINT('Ctrl Pts',(-17.8843487454195,-12.,-49.8366048728809));
#12354=CARTESIAN_POINT('Ctrl Pts',(-17.9090846730013,-12.5,-50.4698505794391));
#12355=CARTESIAN_POINT('Ctrl Pts',(-17.9090846730013,-12.,-50.4698505794391));
#12356=CARTESIAN_POINT('Ctrl Pts',(-17.9349987824511,-12.5,-50.428961909938));
#12357=CARTESIAN_POINT('Ctrl Pts',(-17.9349987824511,-12.,-50.428961909938));
#12358=CARTESIAN_POINT('Ctrl Pts',(-17.9921610659266,-12.5,-50.3387681982272));
#12359=CARTESIAN_POINT('Ctrl Pts',(-17.9921610659266,-12.,-50.3387681982272));
#12360=CARTESIAN_POINT('Ctrl Pts',(-17.9960236790828,-12.5,-50.2316008610893));
#12361=CARTESIAN_POINT('Ctrl Pts',(-17.9960236790828,-12.,-50.2316008610893));
#12362=CARTESIAN_POINT('Ctrl Pts',(-17.9981352043886,-12.5,-50.1730170642719));
#12363=CARTESIAN_POINT('Ctrl Pts',(-17.9981352043886,-12.,-50.1730170642719));
#12364=CARTESIAN_POINT('',(-17.9090846730013,-12.5,-50.4698505794391));
#12365=CARTESIAN_POINT('Ctrl Pts',(-17.9090846730013,-12.5,-50.4698505794391));
#12366=CARTESIAN_POINT('Ctrl Pts',(-17.9349987824511,-12.5,-50.428961909938));
#12367=CARTESIAN_POINT('Ctrl Pts',(-17.9921610659266,-12.5,-50.3387681982272));
#12368=CARTESIAN_POINT('Ctrl Pts',(-17.9960236790828,-12.5,-50.2316008610893));
#12369=CARTESIAN_POINT('Ctrl Pts',(-17.9981352043886,-12.5,-50.1730170642719));
#12370=CARTESIAN_POINT('',(-17.9090846730013,-12.,-50.4698505794391));
#12371=CARTESIAN_POINT('',(-17.9090846730013,-12.5,-50.4698505794391));
#12372=CARTESIAN_POINT('Ctrl Pts',(-17.9090846730013,-12.,-50.4698505794391));
#12373=CARTESIAN_POINT('Ctrl Pts',(-17.9349987824511,-12.,-50.428961909938));
#12374=CARTESIAN_POINT('Ctrl Pts',(-17.9921610659266,-12.,-50.3387681982272));
#12375=CARTESIAN_POINT('Ctrl Pts',(-17.9960236790828,-12.,-50.2316008610893));
#12376=CARTESIAN_POINT('Ctrl Pts',(-17.9981352043886,-12.,-50.1730170642719));
#12377=CARTESIAN_POINT('Ctrl Pts',(-17.5330961895723,-12.5,-50.8804705535755));
#12378=CARTESIAN_POINT('Ctrl Pts',(-17.5330961895723,-12.,-50.8804705535755));
#12379=CARTESIAN_POINT('Ctrl Pts',(-17.5872867828713,-12.5,-50.8196585961815));
#12380=CARTESIAN_POINT('Ctrl Pts',(-17.5872867828713,-12.,-50.8196585961815));
#12381=CARTESIAN_POINT('Ctrl Pts',(-17.7107646400873,-12.5,-50.6810933999917));
#12382=CARTESIAN_POINT('Ctrl Pts',(-17.7107646400873,-12.,-50.6810933999917));
#12383=CARTESIAN_POINT('Ctrl Pts',(-17.8378007582569,-12.5,-50.5457794454713));
#12384=CARTESIAN_POINT('Ctrl Pts',(-17.8378007582569,-12.,-50.5457794454713));
#12385=CARTESIAN_POINT('Ctrl Pts',(-17.9090846730013,-12.5,-50.4698505794391));
#12386=CARTESIAN_POINT('Ctrl Pts',(-17.9090846730013,-12.,-50.4698505794391));
#12387=CARTESIAN_POINT('',(-17.5330961895723,-12.5,-50.8804705535755));
#12388=CARTESIAN_POINT('Ctrl Pts',(-17.5330961895723,-12.5,-50.8804705535755));
#12389=CARTESIAN_POINT('Ctrl Pts',(-17.5872867828713,-12.5,-50.8196585961815));
#12390=CARTESIAN_POINT('Ctrl Pts',(-17.7107646400873,-12.5,-50.6810933999917));
#12391=CARTESIAN_POINT('Ctrl Pts',(-17.8378007582569,-12.5,-50.5457794454713));
#12392=CARTESIAN_POINT('Ctrl Pts',(-17.9090846730013,-12.5,-50.4698505794391));
#12393=CARTESIAN_POINT('',(-17.5330961895723,-12.,-50.8804705535755));
#12394=CARTESIAN_POINT('',(-17.5330961895723,-12.5,-50.8804705535755));
#12395=CARTESIAN_POINT('Ctrl Pts',(-17.5330961895723,-12.,-50.8804705535755));
#12396=CARTESIAN_POINT('Ctrl Pts',(-17.5872867828713,-12.,-50.8196585961815));
#12397=CARTESIAN_POINT('Ctrl Pts',(-17.7107646400873,-12.,-50.6810933999917));
#12398=CARTESIAN_POINT('Ctrl Pts',(-17.8378007582569,-12.,-50.5457794454713));
#12399=CARTESIAN_POINT('Ctrl Pts',(-17.9090846730013,-12.,-50.4698505794391));
#12400=CARTESIAN_POINT('Ctrl Pts',(-17.2708929730196,-12.5,-51.2267771159992));
#12401=CARTESIAN_POINT('Ctrl Pts',(-17.2708929730196,-12.,-51.2267771159992));
#12402=CARTESIAN_POINT('Ctrl Pts',(-17.312334569392,-12.5,-51.1658108752447));
#12403=CARTESIAN_POINT('Ctrl Pts',(-17.312334569392,-12.,-51.1658108752447));
#12404=CARTESIAN_POINT('Ctrl Pts',(-17.393839608882,-12.5,-51.0459058451493));
#12405=CARTESIAN_POINT('Ctrl Pts',(-17.393839608882,-12.,-51.0459058451493));
#12406=CARTESIAN_POINT('Ctrl Pts',(-17.4872035537545,-12.5,-50.9349905019324));
#12407=CARTESIAN_POINT('Ctrl Pts',(-17.4872035537545,-12.,-50.9349905019324));
#12408=CARTESIAN_POINT('Ctrl Pts',(-17.5330961895723,-12.5,-50.8804705535755));
#12409=CARTESIAN_POINT('Ctrl Pts',(-17.5330961895723,-12.,-50.8804705535755));
#12410=CARTESIAN_POINT('',(-17.2708929730196,-12.5,-51.2267771159992));
#12411=CARTESIAN_POINT('Ctrl Pts',(-17.2708929730196,-12.5,-51.2267771159992));
#12412=CARTESIAN_POINT('Ctrl Pts',(-17.312334569392,-12.5,-51.1658108752447));
#12413=CARTESIAN_POINT('Ctrl Pts',(-17.393839608882,-12.5,-51.0459058451493));
#12414=CARTESIAN_POINT('Ctrl Pts',(-17.4872035537545,-12.5,-50.9349905019324));
#12415=CARTESIAN_POINT('Ctrl Pts',(-17.5330961895723,-12.5,-50.8804705535755));
#12416=CARTESIAN_POINT('',(-17.2708929730196,-12.,-51.2267771159992));
#12417=CARTESIAN_POINT('',(-17.2708929730196,-12.5,-51.2267771159992));
#12418=CARTESIAN_POINT('Ctrl Pts',(-17.2708929730196,-12.,-51.2267771159992));
#12419=CARTESIAN_POINT('Ctrl Pts',(-17.312334569392,-12.,-51.1658108752447));
#12420=CARTESIAN_POINT('Ctrl Pts',(-17.393839608882,-12.,-51.0459058451493));
#12421=CARTESIAN_POINT('Ctrl Pts',(-17.4872035537545,-12.,-50.9349905019324));
#12422=CARTESIAN_POINT('Ctrl Pts',(-17.5330961895723,-12.,-50.8804705535755));
#12423=CARTESIAN_POINT('Ctrl Pts',(-17.0927919102449,-12.5,-51.6176083480701));
#12424=CARTESIAN_POINT('Ctrl Pts',(-17.0927919102449,-12.,-51.6176083480701));
#12425=CARTESIAN_POINT('Ctrl Pts',(-17.1153037192444,-12.5,-51.5502217273064));
#12426=CARTESIAN_POINT('Ctrl Pts',(-17.1153037192444,-12.,-51.5502217273064));
#12427=CARTESIAN_POINT('Ctrl Pts',(-17.1609144837378,-12.5,-51.4136909274169));
#12428=CARTESIAN_POINT('Ctrl Pts',(-17.1609144837378,-12.,-51.4136909274169));
#12429=CARTESIAN_POINT('Ctrl Pts',(-17.233920209491,-12.5,-51.2896141325367));
#12430=CARTESIAN_POINT('Ctrl Pts',(-17.233920209491,-12.,-51.2896141325367));
#12431=CARTESIAN_POINT('Ctrl Pts',(-17.2708929730196,-12.5,-51.2267771159992));
#12432=CARTESIAN_POINT('Ctrl Pts',(-17.2708929730196,-12.,-51.2267771159992));
#12433=CARTESIAN_POINT('',(-17.0927919102449,-12.5,-51.6176083480701));
#12434=CARTESIAN_POINT('Ctrl Pts',(-17.0927919102449,-12.5,-51.6176083480701));
#12435=CARTESIAN_POINT('Ctrl Pts',(-17.1153037192444,-12.5,-51.5502217273064));
#12436=CARTESIAN_POINT('Ctrl Pts',(-17.1609144837378,-12.5,-51.4136909274169));
#12437=CARTESIAN_POINT('Ctrl Pts',(-17.233920209491,-12.5,-51.2896141325367));
#12438=CARTESIAN_POINT('Ctrl Pts',(-17.2708929730196,-12.5,-51.2267771159992));
#12439=CARTESIAN_POINT('',(-17.0927919102449,-12.,-51.6176083480701));
#12440=CARTESIAN_POINT('',(-17.0927919102449,-12.5,-51.6176083480701));
#12441=CARTESIAN_POINT('Ctrl Pts',(-17.0927919102449,-12.,-51.6176083480701));
#12442=CARTESIAN_POINT('Ctrl Pts',(-17.1153037192444,-12.,-51.5502217273064));
#12443=CARTESIAN_POINT('Ctrl Pts',(-17.1609144837378,-12.,-51.4136909274169));
#12444=CARTESIAN_POINT('Ctrl Pts',(-17.233920209491,-12.,-51.2896141325367));
#12445=CARTESIAN_POINT('Ctrl Pts',(-17.2708929730196,-12.,-51.2267771159992));
#12446=CARTESIAN_POINT('Ctrl Pts',(-17.038372869565,-12.5,-52.0579114353046));
#12447=CARTESIAN_POINT('Ctrl Pts',(-17.038372869565,-12.,-52.0579114353046));
#12448=CARTESIAN_POINT('Ctrl Pts',(-17.0402331328065,-12.5,-51.9804789738552));
#12449=CARTESIAN_POINT('Ctrl Pts',(-17.0402331328065,-12.,-51.9804789738552));
#12450=CARTESIAN_POINT('Ctrl Pts',(-17.0438033940408,-12.5,-51.8318687614842));
#12451=CARTESIAN_POINT('Ctrl Pts',(-17.0438033940408,-12.,-51.8318687614842));
#12452=CARTESIAN_POINT('Ctrl Pts',(-17.0769271087692,-12.5,-51.6869960165751));
#12453=CARTESIAN_POINT('Ctrl Pts',(-17.0769271087692,-12.,-51.6869960165751));
#12454=CARTESIAN_POINT('Ctrl Pts',(-17.0927919102449,-12.5,-51.6176083480701));
#12455=CARTESIAN_POINT('Ctrl Pts',(-17.0927919102449,-12.,-51.6176083480701));
#12456=CARTESIAN_POINT('',(-17.038372869565,-12.5,-52.0579114353046));
#12457=CARTESIAN_POINT('Ctrl Pts',(-17.038372869565,-12.5,-52.0579114353046));
#12458=CARTESIAN_POINT('Ctrl Pts',(-17.0402331328065,-12.5,-51.9804789738552));
#12459=CARTESIAN_POINT('Ctrl Pts',(-17.0438033940408,-12.5,-51.8318687614842));
#12460=CARTESIAN_POINT('Ctrl Pts',(-17.0769271087692,-12.5,-51.6869960165751));
#12461=CARTESIAN_POINT('Ctrl Pts',(-17.0927919102449,-12.5,-51.6176083480701));
#12462=CARTESIAN_POINT('',(-17.038372869565,-12.,-52.0579114353046));
#12463=CARTESIAN_POINT('',(-17.038372869565,-12.5,-52.0579114353046));
#12464=CARTESIAN_POINT('Ctrl Pts',(-17.038372869565,-12.,-52.0579114353046));
#12465=CARTESIAN_POINT('Ctrl Pts',(-17.0402331328065,-12.,-51.9804789738552));
#12466=CARTESIAN_POINT('Ctrl Pts',(-17.0438033940408,-12.,-51.8318687614842));
#12467=CARTESIAN_POINT('Ctrl Pts',(-17.0769271087692,-12.,-51.6869960165751));
#12468=CARTESIAN_POINT('Ctrl Pts',(-17.0927919102449,-12.,-51.6176083480701));
#12469=CARTESIAN_POINT('Ctrl Pts',(-17.2164727402467,-12.5,-52.720840254961));
#12470=CARTESIAN_POINT('Ctrl Pts',(-17.2164727402467,-12.,-52.720840254961));
#12471=CARTESIAN_POINT('Ctrl Pts',(-17.1645277284408,-12.5,-52.6173015590867));
#12472=CARTESIAN_POINT('Ctrl Pts',(-17.1645277284408,-12.,-52.6173015590867));
#12473=CARTESIAN_POINT('Ctrl Pts',(-17.0598045242854,-12.5,-52.4085634414302));
#12474=CARTESIAN_POINT('Ctrl Pts',(-17.0598045242854,-12.,-52.4085634414302));
#12475=CARTESIAN_POINT('Ctrl Pts',(-17.0455545455393,-12.5,-52.1754137523487));
#12476=CARTESIAN_POINT('Ctrl Pts',(-17.0455545455393,-12.,-52.1754137523487));
#12477=CARTESIAN_POINT('Ctrl Pts',(-17.038372869565,-12.5,-52.0579114353046));
#12478=CARTESIAN_POINT('Ctrl Pts',(-17.038372869565,-12.,-52.0579114353046));
#12479=CARTESIAN_POINT('',(-17.2164727402467,-12.5,-52.720840254961));
#12480=CARTESIAN_POINT('Ctrl Pts',(-17.2164727402467,-12.5,-52.720840254961));
#12481=CARTESIAN_POINT('Ctrl Pts',(-17.1645277284408,-12.5,-52.6173015590867));
#12482=CARTESIAN_POINT('Ctrl Pts',(-17.0598045242854,-12.5,-52.4085634414302));
#12483=CARTESIAN_POINT('Ctrl Pts',(-17.0455545455393,-12.5,-52.1754137523487));
#12484=CARTESIAN_POINT('Ctrl Pts',(-17.038372869565,-12.5,-52.0579114353046));
#12485=CARTESIAN_POINT('',(-17.2164727402467,-12.,-52.720840254961));
#12486=CARTESIAN_POINT('',(-17.2164727402467,-12.5,-52.720840254961));
#12487=CARTESIAN_POINT('Ctrl Pts',(-17.2164727402467,-12.,-52.720840254961));
#12488=CARTESIAN_POINT('Ctrl Pts',(-17.1645277284408,-12.,-52.6173015590867));
#12489=CARTESIAN_POINT('Ctrl Pts',(-17.0598045242854,-12.,-52.4085634414302));
#12490=CARTESIAN_POINT('Ctrl Pts',(-17.0455545455393,-12.,-52.1754137523487));
#12491=CARTESIAN_POINT('Ctrl Pts',(-17.038372869565,-12.,-52.0579114353046));
#12492=CARTESIAN_POINT('Ctrl Pts',(-17.7458263588686,-12.5,-53.2007214223728));
#12493=CARTESIAN_POINT('Ctrl Pts',(-17.7458263588686,-12.,-53.2007214223728));
#12494=CARTESIAN_POINT('Ctrl Pts',(-17.6371099525647,-12.5,-53.1368425745422));
#12495=CARTESIAN_POINT('Ctrl Pts',(-17.6371099525647,-12.,-53.1368425745422));
#12496=CARTESIAN_POINT('Ctrl Pts',(-17.4271500836154,-12.5,-53.0134757803746));
#12497=CARTESIAN_POINT('Ctrl Pts',(-17.4271500836154,-12.,-53.0134757803746));
#12498=CARTESIAN_POINT('Ctrl Pts',(-17.2850121856128,-12.5,-52.8160430721484));
#12499=CARTESIAN_POINT('Ctrl Pts',(-17.2850121856128,-12.,-52.8160430721484));
#12500=CARTESIAN_POINT('Ctrl Pts',(-17.2164727402467,-12.5,-52.720840254961));
#12501=CARTESIAN_POINT('Ctrl Pts',(-17.2164727402467,-12.,-52.720840254961));
#12502=CARTESIAN_POINT('',(-17.7458263588686,-12.5,-53.2007214223728));
#12503=CARTESIAN_POINT('Ctrl Pts',(-17.7458263588686,-12.5,-53.2007214223728));
#12504=CARTESIAN_POINT('Ctrl Pts',(-17.6371099525647,-12.5,-53.1368425745422));
#12505=CARTESIAN_POINT('Ctrl Pts',(-17.4271500836154,-12.5,-53.0134757803746));
#12506=CARTESIAN_POINT('Ctrl Pts',(-17.2850121856128,-12.5,-52.8160430721484));
#12507=CARTESIAN_POINT('Ctrl Pts',(-17.2164727402467,-12.5,-52.720840254961));
#12508=CARTESIAN_POINT('',(-17.7458263588686,-12.,-53.2007214223728));
#12509=CARTESIAN_POINT('',(-17.7458263588686,-12.5,-53.2007214223728));
#12510=CARTESIAN_POINT('Ctrl Pts',(-17.7458263588686,-12.,-53.2007214223728));
#12511=CARTESIAN_POINT('Ctrl Pts',(-17.6371099525647,-12.,-53.1368425745422));
#12512=CARTESIAN_POINT('Ctrl Pts',(-17.4271500836154,-12.,-53.0134757803746));
#12513=CARTESIAN_POINT('Ctrl Pts',(-17.2850121856128,-12.,-52.8160430721484));
#12514=CARTESIAN_POINT('Ctrl Pts',(-17.2164727402467,-12.,-52.720840254961));
#12515=CARTESIAN_POINT('Ctrl Pts',(-18.5571719361086,-12.5,-53.3837690746173));
#12516=CARTESIAN_POINT('Ctrl Pts',(-18.5571719361086,-12.,-53.3837690746173));
#12517=CARTESIAN_POINT('Ctrl Pts',(-18.4109206668498,-12.5,-53.3761799268206));
#12518=CARTESIAN_POINT('Ctrl Pts',(-18.4109206668498,-12.,-53.3761799268206));
#12519=CARTESIAN_POINT('Ctrl Pts',(-18.1297688503591,-12.5,-53.3615906333432));
#12520=CARTESIAN_POINT('Ctrl Pts',(-18.1297688503591,-12.,-53.3615906333432));
#12521=CARTESIAN_POINT('Ctrl Pts',(-17.8703156220571,-12.5,-53.2528815504838));
#12522=CARTESIAN_POINT('Ctrl Pts',(-17.8703156220571,-12.,-53.2528815504838));
#12523=CARTESIAN_POINT('Ctrl Pts',(-17.7458263588686,-12.5,-53.2007214223728));
#12524=CARTESIAN_POINT('Ctrl Pts',(-17.7458263588686,-12.,-53.2007214223728));
#12525=CARTESIAN_POINT('',(-18.5571719361086,-12.5,-53.3837690746173));
#12526=CARTESIAN_POINT('Ctrl Pts',(-18.5571719361086,-12.5,-53.3837690746173));
#12527=CARTESIAN_POINT('Ctrl Pts',(-18.4109206668498,-12.5,-53.3761799268206));
#12528=CARTESIAN_POINT('Ctrl Pts',(-18.1297688503591,-12.5,-53.3615906333432));
#12529=CARTESIAN_POINT('Ctrl Pts',(-17.8703156220571,-12.5,-53.2528815504838));
#12530=CARTESIAN_POINT('Ctrl Pts',(-17.7458263588686,-12.5,-53.2007214223728));
#12531=CARTESIAN_POINT('',(-18.5571719361086,-12.,-53.3837690746173));
#12532=CARTESIAN_POINT('',(-18.5571719361086,-12.5,-53.3837690746173));
#12533=CARTESIAN_POINT('Ctrl Pts',(-18.5571719361086,-12.,-53.3837690746173));
#12534=CARTESIAN_POINT('Ctrl Pts',(-18.4109206668498,-12.,-53.3761799268206));
#12535=CARTESIAN_POINT('Ctrl Pts',(-18.1297688503591,-12.,-53.3615906333432));
#12536=CARTESIAN_POINT('Ctrl Pts',(-17.8703156220571,-12.,-53.2528815504838));
#12537=CARTESIAN_POINT('Ctrl Pts',(-17.7458263588686,-12.,-53.2007214223728));
#12538=CARTESIAN_POINT('Origin',(-18.5571719361086,-12.5,-50.7419481670246));
#12539=CARTESIAN_POINT('',(-18.5571719361086,-12.5,-50.7419481670246));
#12540=CARTESIAN_POINT('',(-18.5571719361085,-12.5,-44.1605949402578));
#12541=CARTESIAN_POINT('',(-18.5571719361086,-12.,-50.7419481670246));
#12542=CARTESIAN_POINT('',(-18.5571719361086,-12.5,-50.7419481670246));
#12543=CARTESIAN_POINT('',(-18.5571719361086,-12.,-50.7419481670246));
#12544=CARTESIAN_POINT('Ctrl Pts',(-18.7055886936922,-12.5,-49.9207082187519));
#12545=CARTESIAN_POINT('Ctrl Pts',(-18.7055886936922,-12.,-49.9207082187519));
#12546=CARTESIAN_POINT('Ctrl Pts',(-18.6624659561568,-12.5,-50.0366172215245));
#12547=CARTESIAN_POINT('Ctrl Pts',(-18.6624659561568,-12.,-50.0366172215245));
#12548=CARTESIAN_POINT('Ctrl Pts',(-18.5641683198303,-12.5,-50.3008300626544));
#12549=CARTESIAN_POINT('Ctrl Pts',(-18.5641683198303,-12.,-50.3008300626544));
#12550=CARTESIAN_POINT('Ctrl Pts',(-18.5596872054592,-12.5,-50.5833618327015));
#12551=CARTESIAN_POINT('Ctrl Pts',(-18.5596872054592,-12.,-50.5833618327015));
#12552=CARTESIAN_POINT('Ctrl Pts',(-18.5571719361086,-12.5,-50.7419481670246));
#12553=CARTESIAN_POINT('Ctrl Pts',(-18.5571719361086,-12.,-50.7419481670246));
#12554=CARTESIAN_POINT('Ctrl Pts',(-18.7055886936922,-12.5,-49.9207082187519));
#12555=CARTESIAN_POINT('Ctrl Pts',(-18.6624659561568,-12.5,-50.0366172215245));
#12556=CARTESIAN_POINT('Ctrl Pts',(-18.5641683198303,-12.5,-50.3008300626544));
#12557=CARTESIAN_POINT('Ctrl Pts',(-18.5596872054592,-12.5,-50.5833618327015));
#12558=CARTESIAN_POINT('Ctrl Pts',(-18.5571719361086,-12.5,-50.7419481670246));
#12559=CARTESIAN_POINT('Ctrl Pts',(-18.7055886936922,-12.,-49.9207082187519));
#12560=CARTESIAN_POINT('Ctrl Pts',(-18.6624659561568,-12.,-50.0366172215245));
#12561=CARTESIAN_POINT('Ctrl Pts',(-18.5641683198303,-12.,-50.3008300626544));
#12562=CARTESIAN_POINT('Ctrl Pts',(-18.5596872054592,-12.,-50.5833618327015));
#12563=CARTESIAN_POINT('Ctrl Pts',(-18.5571719361086,-12.,-50.7419481670246));
#12564=CARTESIAN_POINT('Origin',(-18.8911102367182,-12.,-38.5099211131916));
#12565=CARTESIAN_POINT('Ctrl Pts',(5.27145436761381,-12.5,-75.0804335888065));
#12566=CARTESIAN_POINT('Ctrl Pts',(5.27145436761381,-12.,-75.0804335888065));
#12567=CARTESIAN_POINT('Ctrl Pts',(5.23614299184665,-12.5,-74.7062855505149));
#12568=CARTESIAN_POINT('Ctrl Pts',(5.23614299184665,-12.,-74.7062855505149));
#12569=CARTESIAN_POINT('Ctrl Pts',(5.16576465929766,-12.5,-73.9605792592883));
#12570=CARTESIAN_POINT('Ctrl Pts',(5.16576465929766,-12.,-73.9605792592883));
#12571=CARTESIAN_POINT('Ctrl Pts',(4.66265384981531,-12.5,-73.4059158770031));
#12572=CARTESIAN_POINT('Ctrl Pts',(4.66265384981531,-12.,-73.4059158770031));
#12573=CARTESIAN_POINT('Ctrl Pts',(4.41197207925321,-12.5,-73.1295473392643));
#12574=CARTESIAN_POINT('Ctrl Pts',(4.41197207925321,-12.,-73.1295473392643));
#12575=CARTESIAN_POINT('',(5.27145436761381,-12.5,-75.0804335888065));
#12576=CARTESIAN_POINT('',(4.41197207925321,-12.5,-73.1295473392643));
#12577=CARTESIAN_POINT('Ctrl Pts',(5.27145436761381,-12.5,-75.0804335888065));
#12578=CARTESIAN_POINT('Ctrl Pts',(5.23614299184665,-12.5,-74.7062855505149));
#12579=CARTESIAN_POINT('Ctrl Pts',(5.16576465929766,-12.5,-73.9605792592883));
#12580=CARTESIAN_POINT('Ctrl Pts',(4.66265384981531,-12.5,-73.4059158770031));
#12581=CARTESIAN_POINT('Ctrl Pts',(4.41197207925321,-12.5,-73.1295473392643));
#12582=CARTESIAN_POINT('',(5.27145436761381,-12.,-75.0804335888065));
#12583=CARTESIAN_POINT('',(5.27145436761381,-12.5,-75.0804335888065));
#12584=CARTESIAN_POINT('',(4.41197207925321,-12.,-73.1295473392643));
#12585=CARTESIAN_POINT('Ctrl Pts',(5.27145436761381,-12.,-75.0804335888065));
#12586=CARTESIAN_POINT('Ctrl Pts',(5.23614299184665,-12.,-74.7062855505149));
#12587=CARTESIAN_POINT('Ctrl Pts',(5.16576465929766,-12.,-73.9605792592883));
#12588=CARTESIAN_POINT('Ctrl Pts',(4.66265384981531,-12.,-73.4059158770031));
#12589=CARTESIAN_POINT('Ctrl Pts',(4.41197207925321,-12.,-73.1295473392643));
#12590=CARTESIAN_POINT('',(4.41197207925321,-12.5,-73.1295473392643));
#12591=CARTESIAN_POINT('Ctrl Pts',(4.38468626496793,-12.5,-76.976750593964));
#12592=CARTESIAN_POINT('Ctrl Pts',(4.38468626496793,-12.,-76.976750593964));
#12593=CARTESIAN_POINT('Ctrl Pts',(4.64332064551854,-12.5,-76.7085706972698));
#12594=CARTESIAN_POINT('Ctrl Pts',(4.64332064551854,-12.,-76.7085706972698));
#12595=CARTESIAN_POINT('Ctrl Pts',(5.15570993963661,-12.5,-76.1772704591836));
#12596=CARTESIAN_POINT('Ctrl Pts',(5.15570993963661,-12.,-76.1772704591836));
#12597=CARTESIAN_POINT('Ctrl Pts',(5.23311861173046,-12.5,-75.4437173445905));
#12598=CARTESIAN_POINT('Ctrl Pts',(5.23311861173046,-12.,-75.4437173445905));
#12599=CARTESIAN_POINT('Ctrl Pts',(5.27145436761381,-12.5,-75.0804335888065));
#12600=CARTESIAN_POINT('Ctrl Pts',(5.27145436761381,-12.,-75.0804335888065));
#12601=CARTESIAN_POINT('',(4.38468626496793,-12.5,-76.976750593964));
#12602=CARTESIAN_POINT('Ctrl Pts',(4.38468626496793,-12.5,-76.976750593964));
#12603=CARTESIAN_POINT('Ctrl Pts',(4.64332064551854,-12.5,-76.7085706972698));
#12604=CARTESIAN_POINT('Ctrl Pts',(5.15570993963661,-12.5,-76.1772704591836));
#12605=CARTESIAN_POINT('Ctrl Pts',(5.23311861173046,-12.5,-75.4437173445905));
#12606=CARTESIAN_POINT('Ctrl Pts',(5.27145436761381,-12.5,-75.0804335888065));
#12607=CARTESIAN_POINT('',(4.38468626496793,-12.,-76.976750593964));
#12608=CARTESIAN_POINT('',(4.38468626496793,-12.5,-76.976750593964));
#12609=CARTESIAN_POINT('Ctrl Pts',(4.38468626496793,-12.,-76.976750593964));
#12610=CARTESIAN_POINT('Ctrl Pts',(4.64332064551854,-12.,-76.7085706972698));
#12611=CARTESIAN_POINT('Ctrl Pts',(5.15570993963661,-12.,-76.1772704591836));
#12612=CARTESIAN_POINT('Ctrl Pts',(5.23311861173046,-12.,-75.4437173445905));
#12613=CARTESIAN_POINT('Ctrl Pts',(5.27145436761381,-12.,-75.0804335888065));
#12614=CARTESIAN_POINT('Ctrl Pts',(1.81988528726102,-12.5,-77.7270908172763));
#12615=CARTESIAN_POINT('Ctrl Pts',(1.81988528726102,-12.,-77.7270908172763));
#12616=CARTESIAN_POINT('Ctrl Pts',(2.3275691472998,-12.5,-77.7103399314335));
#12617=CARTESIAN_POINT('Ctrl Pts',(2.3275691472998,-12.,-77.7103399314335));
#12618=CARTESIAN_POINT('Ctrl Pts',(3.25101084249035,-12.5,-77.6798712330244));
#12619=CARTESIAN_POINT('Ctrl Pts',(3.25101084249035,-12.,-77.6798712330244));
#12620=CARTESIAN_POINT('Ctrl Pts',(4.03273390183234,-12.5,-77.1950361504647));
#12621=CARTESIAN_POINT('Ctrl Pts',(4.03273390183234,-12.,-77.1950361504647));
#12622=CARTESIAN_POINT('Ctrl Pts',(4.38468626496793,-12.5,-76.976750593964));
#12623=CARTESIAN_POINT('Ctrl Pts',(4.38468626496793,-12.,-76.976750593964));
#12624=CARTESIAN_POINT('',(1.81988528726102,-12.5,-77.7270908172763));
#12625=CARTESIAN_POINT('Ctrl Pts',(1.81988528726102,-12.5,-77.7270908172763));
#12626=CARTESIAN_POINT('Ctrl Pts',(2.3275691472998,-12.5,-77.7103399314335));
#12627=CARTESIAN_POINT('Ctrl Pts',(3.25101084249035,-12.5,-77.6798712330244));
#12628=CARTESIAN_POINT('Ctrl Pts',(4.03273390183234,-12.5,-77.1950361504647));
#12629=CARTESIAN_POINT('Ctrl Pts',(4.38468626496793,-12.5,-76.976750593964));
#12630=CARTESIAN_POINT('',(1.81988528726102,-12.,-77.7270908172763));
#12631=CARTESIAN_POINT('',(1.81988528726102,-12.5,-77.7270908172763));
#12632=CARTESIAN_POINT('Ctrl Pts',(1.81988528726102,-12.,-77.7270908172763));
#12633=CARTESIAN_POINT('Ctrl Pts',(2.3275691472998,-12.,-77.7103399314335));
#12634=CARTESIAN_POINT('Ctrl Pts',(3.25101084249035,-12.,-77.6798712330244));
#12635=CARTESIAN_POINT('Ctrl Pts',(4.03273390183234,-12.,-77.1950361504647));
#12636=CARTESIAN_POINT('Ctrl Pts',(4.38468626496793,-12.,-76.976750593964));
#12637=CARTESIAN_POINT('Ctrl Pts',(-0.676704134964927,-12.5,-77.0040352161564));
#12638=CARTESIAN_POINT('Ctrl Pts',(-0.676704134964927,-12.,-77.0040352161564));
#12639=CARTESIAN_POINT('Ctrl Pts',(-0.339131960546442,-12.5,-77.2142524353051));
#12640=CARTESIAN_POINT('Ctrl Pts',(-0.339131960546442,-12.,-77.2142524353051));
#12641=CARTESIAN_POINT('Ctrl Pts',(0.420730730742909,-12.5,-77.6874437526075));
#12642=CARTESIAN_POINT('Ctrl Pts',(0.420730730742909,-12.,-77.6874437526075));
#12643=CARTESIAN_POINT('Ctrl Pts',(1.32007722788622,-12.5,-77.7129280342159));
#12644=CARTESIAN_POINT('Ctrl Pts',(1.32007722788622,-12.,-77.7129280342159));
#12645=CARTESIAN_POINT('Ctrl Pts',(1.81988528726102,-12.5,-77.7270908172763));
#12646=CARTESIAN_POINT('Ctrl Pts',(1.81988528726102,-12.,-77.7270908172763));
#12647=CARTESIAN_POINT('',(-0.676704134964927,-12.5,-77.0040352161564));
#12648=CARTESIAN_POINT('Ctrl Pts',(-0.676704134964927,-12.5,-77.0040352161564));
#12649=CARTESIAN_POINT('Ctrl Pts',(-0.339131960546442,-12.5,-77.2142524353051));
#12650=CARTESIAN_POINT('Ctrl Pts',(0.420730730742909,-12.5,-77.6874437526075));
#12651=CARTESIAN_POINT('Ctrl Pts',(1.32007722788622,-12.5,-77.7129280342159));
#12652=CARTESIAN_POINT('Ctrl Pts',(1.81988528726102,-12.5,-77.7270908172763));
#12653=CARTESIAN_POINT('',(-0.676704134964927,-12.,-77.0040352161564));
#12654=CARTESIAN_POINT('',(-0.676704134964927,-12.5,-77.0040352161564));
#12655=CARTESIAN_POINT('Ctrl Pts',(-0.676704134964927,-12.,-77.0040352161564));
#12656=CARTESIAN_POINT('Ctrl Pts',(-0.339131960546442,-12.,-77.2142524353051));
#12657=CARTESIAN_POINT('Ctrl Pts',(0.420730730742909,-12.,-77.6874437526075));
#12658=CARTESIAN_POINT('Ctrl Pts',(1.32007722788622,-12.,-77.7129280342159));
#12659=CARTESIAN_POINT('Ctrl Pts',(1.81988528726102,-12.,-77.7270908172763));
#12660=CARTESIAN_POINT('Ctrl Pts',(-1.50890060904024,-12.5,-75.1622886474765));
#12661=CARTESIAN_POINT('Ctrl Pts',(-1.50890060904024,-12.,-75.1622886474765));
#12662=CARTESIAN_POINT('Ctrl Pts',(-1.4739978885388,-12.5,-75.5154917037052));
#12663=CARTESIAN_POINT('Ctrl Pts',(-1.4739978885388,-12.,-75.5154917037052));
#12664=CARTESIAN_POINT('Ctrl Pts',(-1.40407721637175,-12.5,-76.2230639143569));
#12665=CARTESIAN_POINT('Ctrl Pts',(-1.40407721637175,-12.,-76.2230639143569));
#12666=CARTESIAN_POINT('Ctrl Pts',(-0.919428067081558,-12.5,-76.7434255921703));
#12667=CARTESIAN_POINT('Ctrl Pts',(-0.919428067081558,-12.,-76.7434255921703));
#12668=CARTESIAN_POINT('Ctrl Pts',(-0.676704134964927,-12.5,-77.0040352161564));
#12669=CARTESIAN_POINT('Ctrl Pts',(-0.676704134964927,-12.,-77.0040352161564));
#12670=CARTESIAN_POINT('',(-1.50890060904024,-12.5,-75.1622886474765));
#12671=CARTESIAN_POINT('Ctrl Pts',(-1.50890060904024,-12.5,-75.1622886474765));
#12672=CARTESIAN_POINT('Ctrl Pts',(-1.4739978885388,-12.5,-75.5154917037052));
#12673=CARTESIAN_POINT('Ctrl Pts',(-1.40407721637175,-12.5,-76.2230639143569));
#12674=CARTESIAN_POINT('Ctrl Pts',(-0.919428067081558,-12.5,-76.7434255921703));
#12675=CARTESIAN_POINT('Ctrl Pts',(-0.676704134964927,-12.5,-77.0040352161564));
#12676=CARTESIAN_POINT('',(-1.50890060904024,-12.,-75.1622886474765));
#12677=CARTESIAN_POINT('',(-1.50890060904024,-12.5,-75.1622886474765));
#12678=CARTESIAN_POINT('Ctrl Pts',(-1.50890060904024,-12.,-75.1622886474765));
#12679=CARTESIAN_POINT('Ctrl Pts',(-1.4739978885388,-12.,-75.5154917037052));
#12680=CARTESIAN_POINT('Ctrl Pts',(-1.40407721637175,-12.,-76.2230639143569));
#12681=CARTESIAN_POINT('Ctrl Pts',(-0.919428067081558,-12.,-76.7434255921703));
#12682=CARTESIAN_POINT('Ctrl Pts',(-0.676704134964927,-12.,-77.0040352161564));
#12683=CARTESIAN_POINT('Ctrl Pts',(-0.581206765198692,-12.5,-73.1704742725528));
#12684=CARTESIAN_POINT('Ctrl Pts',(-0.581206765198692,-12.,-73.1704742725528));
#12685=CARTESIAN_POINT('Ctrl Pts',(-0.851765728675669,-12.5,-73.4550504610438));
#12686=CARTESIAN_POINT('Ctrl Pts',(-0.851765728675669,-12.,-73.4550504610438));
#12687=CARTESIAN_POINT('Ctrl Pts',(-1.3847884343272,-12.5,-74.0156882163196));
#12688=CARTESIAN_POINT('Ctrl Pts',(-1.3847884343272,-12.,-74.0156882163196));
#12689=CARTESIAN_POINT('Ctrl Pts',(-1.46795089089781,-12.5,-74.7839779411624));
#12690=CARTESIAN_POINT('Ctrl Pts',(-1.46795089089781,-12.,-74.7839779411624));
#12691=CARTESIAN_POINT('Ctrl Pts',(-1.50890060904024,-12.5,-75.1622886474765));
#12692=CARTESIAN_POINT('Ctrl Pts',(-1.50890060904024,-12.,-75.1622886474765));
#12693=CARTESIAN_POINT('',(-0.581206765198692,-12.5,-73.1704742725528));
#12694=CARTESIAN_POINT('Ctrl Pts',(-0.581206765198692,-12.5,-73.1704742725528));
#12695=CARTESIAN_POINT('Ctrl Pts',(-0.851765728675669,-12.5,-73.4550504610438));
#12696=CARTESIAN_POINT('Ctrl Pts',(-1.3847884343272,-12.5,-74.0156882163196));
#12697=CARTESIAN_POINT('Ctrl Pts',(-1.46795089089781,-12.5,-74.7839779411624));
#12698=CARTESIAN_POINT('Ctrl Pts',(-1.50890060904024,-12.5,-75.1622886474765));
#12699=CARTESIAN_POINT('',(-0.581206765198692,-12.,-73.1704742725528));
#12700=CARTESIAN_POINT('',(-0.581206765198692,-12.5,-73.1704742725528));
#12701=CARTESIAN_POINT('Ctrl Pts',(-0.581206765198692,-12.,-73.1704742725528));
#12702=CARTESIAN_POINT('Ctrl Pts',(-0.851765728675669,-12.,-73.4550504610438));
#12703=CARTESIAN_POINT('Ctrl Pts',(-1.3847884343272,-12.,-74.0156882163196));
#12704=CARTESIAN_POINT('Ctrl Pts',(-1.46795089089781,-12.,-74.7839779411624));
#12705=CARTESIAN_POINT('Ctrl Pts',(-1.50890060904024,-12.,-75.1622886474765));
#12706=CARTESIAN_POINT('Ctrl Pts',(1.95631078240873,-12.5,-72.3519213016666));
#12707=CARTESIAN_POINT('Ctrl Pts',(1.95631078240873,-12.,-72.3519213016666));
#12708=CARTESIAN_POINT('Ctrl Pts',(1.45873541102795,-12.5,-72.374245276577));
#12709=CARTESIAN_POINT('Ctrl Pts',(1.45873541102795,-12.,-72.374245276577));
#12710=CARTESIAN_POINT('Ctrl Pts',(0.534548790590956,-12.5,-72.4157093845571));
#12711=CARTESIAN_POINT('Ctrl Pts',(0.534548790590956,-12.,-72.4157093845571));
#12712=CARTESIAN_POINT('Ctrl Pts',(-0.228826973931025,-12.5,-72.9321031595362));
#12713=CARTESIAN_POINT('Ctrl Pts',(-0.228826973931025,-12.,-72.9321031595362));
#12714=CARTESIAN_POINT('Ctrl Pts',(-0.581206765198692,-12.5,-73.1704742725528));
#12715=CARTESIAN_POINT('Ctrl Pts',(-0.581206765198692,-12.,-73.1704742725528));
#12716=CARTESIAN_POINT('',(1.95631078240873,-12.5,-72.3519213016666));
#12717=CARTESIAN_POINT('Ctrl Pts',(1.95631078240873,-12.5,-72.3519213016666));
#12718=CARTESIAN_POINT('Ctrl Pts',(1.45873541102795,-12.5,-72.374245276577));
#12719=CARTESIAN_POINT('Ctrl Pts',(0.534548790590956,-12.5,-72.4157093845571));
#12720=CARTESIAN_POINT('Ctrl Pts',(-0.228826973931024,-12.5,-72.9321031595362));
#12721=CARTESIAN_POINT('Ctrl Pts',(-0.581206765198692,-12.5,-73.1704742725528));
#12722=CARTESIAN_POINT('',(1.95631078240873,-12.,-72.3519213016666));
#12723=CARTESIAN_POINT('',(1.95631078240873,-12.5,-72.3519213016666));
#12724=CARTESIAN_POINT('Ctrl Pts',(1.95631078240873,-12.,-72.3519213016666));
#12725=CARTESIAN_POINT('Ctrl Pts',(1.45873541102795,-12.,-72.374245276577));
#12726=CARTESIAN_POINT('Ctrl Pts',(0.534548790590956,-12.,-72.4157093845571));
#12727=CARTESIAN_POINT('Ctrl Pts',(-0.228826973931024,-12.,-72.9321031595362));
#12728=CARTESIAN_POINT('Ctrl Pts',(-0.581206765198692,-12.,-73.1704742725528));
#12729=CARTESIAN_POINT('Ctrl Pts',(4.41197207925321,-12.5,-73.1295473392643));
#12730=CARTESIAN_POINT('Ctrl Pts',(4.41197207925321,-12.,-73.1295473392643));
#12731=CARTESIAN_POINT('Ctrl Pts',(4.07478582063213,-12.5,-72.9031976352296));
#12732=CARTESIAN_POINT('Ctrl Pts',(4.07478582063213,-12.,-72.9031976352296));
#12733=CARTESIAN_POINT('Ctrl Pts',(3.33561254804571,-12.5,-72.4069981395427));
#12734=CARTESIAN_POINT('Ctrl Pts',(3.33561254804571,-12.,-72.4069981395427));
#12735=CARTESIAN_POINT('Ctrl Pts',(2.442185908506,-12.5,-72.3713227598644));
#12736=CARTESIAN_POINT('Ctrl Pts',(2.442185908506,-12.,-72.3713227598644));
#12737=CARTESIAN_POINT('Ctrl Pts',(1.95631078240873,-12.5,-72.3519213016666));
#12738=CARTESIAN_POINT('Ctrl Pts',(1.95631078240873,-12.,-72.3519213016666));
#12739=CARTESIAN_POINT('Ctrl Pts',(4.41197207925321,-12.5,-73.1295473392643));
#12740=CARTESIAN_POINT('Ctrl Pts',(4.07478582063213,-12.5,-72.9031976352296));
#12741=CARTESIAN_POINT('Ctrl Pts',(3.33561254804571,-12.5,-72.4069981395427));
#12742=CARTESIAN_POINT('Ctrl Pts',(2.442185908506,-12.5,-72.3713227598644));
#12743=CARTESIAN_POINT('Ctrl Pts',(1.95631078240873,-12.5,-72.3519213016666));
#12744=CARTESIAN_POINT('Ctrl Pts',(4.41197207925321,-12.,-73.1295473392643));
#12745=CARTESIAN_POINT('Ctrl Pts',(4.07478582063213,-12.,-72.9031976352296));
#12746=CARTESIAN_POINT('Ctrl Pts',(3.33561254804571,-12.,-72.4069981395427));
#12747=CARTESIAN_POINT('Ctrl Pts',(2.442185908506,-12.,-72.3713227598644));
#12748=CARTESIAN_POINT('Ctrl Pts',(1.95631078240873,-12.,-72.3519213016666));
#12749=CARTESIAN_POINT('Ctrl Pts',(15.1623111104727,-12.5,-78.8867087181247));
#12750=CARTESIAN_POINT('Ctrl Pts',(15.1623111104727,-12.,-78.8867087181247));
#12751=CARTESIAN_POINT('Ctrl Pts',(14.9576027306529,-12.5,-79.324281800116));
#12752=CARTESIAN_POINT('Ctrl Pts',(14.9576027306529,-12.,-79.324281800116));
#12753=CARTESIAN_POINT('Ctrl Pts',(14.5543233547474,-12.5,-80.1863090389315));
#12754=CARTESIAN_POINT('Ctrl Pts',(14.5543233547474,-12.,-80.1863090389315));
#12755=CARTESIAN_POINT('Ctrl Pts',(13.8738876581764,-12.5,-80.8512494520292));
#12756=CARTESIAN_POINT('Ctrl Pts',(13.8738876581764,-12.,-80.8512494520292));
#12757=CARTESIAN_POINT('Ctrl Pts',(13.5388474797964,-12.5,-81.1786598976291));
#12758=CARTESIAN_POINT('Ctrl Pts',(13.5388474797964,-12.,-81.1786598976291));
#12759=CARTESIAN_POINT('',(15.1623111104727,-12.5,-78.8867087181247));
#12760=CARTESIAN_POINT('',(13.5388474797964,-12.5,-81.1786598976291));
#12761=CARTESIAN_POINT('Ctrl Pts',(15.1623111104727,-12.5,-78.8867087181247));
#12762=CARTESIAN_POINT('Ctrl Pts',(14.9576027306529,-12.5,-79.324281800116));
#12763=CARTESIAN_POINT('Ctrl Pts',(14.5543233547474,-12.5,-80.1863090389315));
#12764=CARTESIAN_POINT('Ctrl Pts',(13.8738876581764,-12.5,-80.8512494520292));
#12765=CARTESIAN_POINT('Ctrl Pts',(13.5388474797964,-12.5,-81.1786598976291));
#12766=CARTESIAN_POINT('',(15.1623111104727,-12.,-78.8867087181247));
#12767=CARTESIAN_POINT('',(15.1623111104727,-12.5,-78.8867087181247));
#12768=CARTESIAN_POINT('',(13.5388474797964,-12.,-81.1786598976291));
#12769=CARTESIAN_POINT('Ctrl Pts',(15.1623111104727,-12.,-78.8867087181247));
#12770=CARTESIAN_POINT('Ctrl Pts',(14.9576027306529,-12.,-79.324281800116));
#12771=CARTESIAN_POINT('Ctrl Pts',(14.5543233547474,-12.,-80.1863090389315));
#12772=CARTESIAN_POINT('Ctrl Pts',(13.8738876581764,-12.,-80.8512494520292));
#12773=CARTESIAN_POINT('Ctrl Pts',(13.5388474797964,-12.,-81.1786598976291));
#12774=CARTESIAN_POINT('',(13.5388474797964,-12.5,-81.1786598976291));
#12775=CARTESIAN_POINT('Ctrl Pts',(15.7080154752493,-12.5,-75.1213605220951));
#12776=CARTESIAN_POINT('Ctrl Pts',(15.7080154752493,-12.,-75.1213605220951));
#12777=CARTESIAN_POINT('Ctrl Pts',(15.6984281851855,-12.5,-75.8386509927933));
#12778=CARTESIAN_POINT('Ctrl Pts',(15.6984281851855,-12.,-75.8386509927933));
#12779=CARTESIAN_POINT('Ctrl Pts',(15.6813084398175,-12.5,-77.1194957499098));
#12780=CARTESIAN_POINT('Ctrl Pts',(15.6813084398175,-12.,-77.1194957499098));
#12781=CARTESIAN_POINT('Ctrl Pts',(15.3208902263192,-12.5,-78.3467385599626));
#12782=CARTESIAN_POINT('Ctrl Pts',(15.3208902263192,-12.,-78.3467385599626));
#12783=CARTESIAN_POINT('Ctrl Pts',(15.1623111104727,-12.5,-78.8867087181247));
#12784=CARTESIAN_POINT('Ctrl Pts',(15.1623111104727,-12.,-78.8867087181247));
#12785=CARTESIAN_POINT('',(15.7080154752493,-12.5,-75.1213605220951));
#12786=CARTESIAN_POINT('Ctrl Pts',(15.7080154752493,-12.5,-75.1213605220951));
#12787=CARTESIAN_POINT('Ctrl Pts',(15.6984281851855,-12.5,-75.8386509927933));
#12788=CARTESIAN_POINT('Ctrl Pts',(15.6813084398175,-12.5,-77.1194957499098));
#12789=CARTESIAN_POINT('Ctrl Pts',(15.3208902263192,-12.5,-78.3467385599626));
#12790=CARTESIAN_POINT('Ctrl Pts',(15.1623111104727,-12.5,-78.8867087181247));
#12791=CARTESIAN_POINT('',(15.7080154752493,-12.,-75.1213605220951));
#12792=CARTESIAN_POINT('',(15.7080154752493,-12.5,-75.1213605220951));
#12793=CARTESIAN_POINT('Ctrl Pts',(15.7080154752493,-12.,-75.1213605220951));
#12794=CARTESIAN_POINT('Ctrl Pts',(15.6984281851855,-12.,-75.8386509927933));
#12795=CARTESIAN_POINT('Ctrl Pts',(15.6813084398175,-12.,-77.1194957499098));
#12796=CARTESIAN_POINT('Ctrl Pts',(15.3208902263192,-12.,-78.3467385599626));
#12797=CARTESIAN_POINT('Ctrl Pts',(15.1623111104727,-12.,-78.8867087181247));
#12798=CARTESIAN_POINT('Ctrl Pts',(13.1977825498343,-12.5,-68.8048536594547));
#12799=CARTESIAN_POINT('Ctrl Pts',(13.1977825498343,-12.,-68.8048536594547));
#12800=CARTESIAN_POINT('Ctrl Pts',(13.9294413404373,-12.5,-69.6682531573737));
#12801=CARTESIAN_POINT('Ctrl Pts',(13.9294413404373,-12.,-69.6682531573737));
#12802=CARTESIAN_POINT('Ctrl Pts',(15.4693090893047,-12.5,-71.4853857584019));
#12803=CARTESIAN_POINT('Ctrl Pts',(15.4693090893047,-12.,-71.4853857584019));
#12804=CARTESIAN_POINT('Ctrl Pts',(15.6258526400534,-12.5,-73.8698565285865));
#12805=CARTESIAN_POINT('Ctrl Pts',(15.6258526400534,-12.,-73.8698565285865));
#12806=CARTESIAN_POINT('Ctrl Pts',(15.7080154752493,-12.5,-75.1213605220951));
#12807=CARTESIAN_POINT('Ctrl Pts',(15.7080154752493,-12.,-75.1213605220951));
#12808=CARTESIAN_POINT('',(13.1977825498343,-12.5,-68.8048536594547));
#12809=CARTESIAN_POINT('Ctrl Pts',(13.1977825498343,-12.5,-68.8048536594547));
#12810=CARTESIAN_POINT('Ctrl Pts',(13.9294413404373,-12.5,-69.6682531573737));
#12811=CARTESIAN_POINT('Ctrl Pts',(15.4693090893047,-12.5,-71.4853857584019));
#12812=CARTESIAN_POINT('Ctrl Pts',(15.6258526400534,-12.5,-73.8698565285865));
#12813=CARTESIAN_POINT('Ctrl Pts',(15.7080154752493,-12.5,-75.1213605220951));
#12814=CARTESIAN_POINT('',(13.1977825498343,-12.,-68.8048536594547));
#12815=CARTESIAN_POINT('',(13.1977825498343,-12.5,-68.8048536594547));
#12816=CARTESIAN_POINT('Ctrl Pts',(13.1977825498343,-12.,-68.8048536594547));
#12817=CARTESIAN_POINT('Ctrl Pts',(13.9294413404373,-12.,-69.6682531573737));
#12818=CARTESIAN_POINT('Ctrl Pts',(15.4693090893047,-12.,-71.4853857584019));
#12819=CARTESIAN_POINT('Ctrl Pts',(15.6258526400534,-12.,-73.8698565285865));
#12820=CARTESIAN_POINT('Ctrl Pts',(15.7080154752493,-12.,-75.1213605220951));
#12821=CARTESIAN_POINT('Ctrl Pts',(5.25781205651762,-12.5,-66.5265447910465));
#12822=CARTESIAN_POINT('Ctrl Pts',(5.25781205651762,-12.,-66.5265447910465));
#12823=CARTESIAN_POINT('Ctrl Pts',(6.86997048587442,-12.5,-66.5632567225566));
#12824=CARTESIAN_POINT('Ctrl Pts',(6.86997048587442,-12.,-66.5632567225566));
#12825=CARTESIAN_POINT('Ctrl Pts',(9.7333615663354,-12.5,-66.6284616151518));
#12826=CARTESIAN_POINT('Ctrl Pts',(9.7333615663354,-12.,-66.6284616151518));
#12827=CARTESIAN_POINT('Ctrl Pts',(12.1442726946147,-12.5,-68.1430257585109));
#12828=CARTESIAN_POINT('Ctrl Pts',(12.1442726946147,-12.,-68.1430257585109));
#12829=CARTESIAN_POINT('Ctrl Pts',(13.1977825498343,-12.5,-68.8048536594547));
#12830=CARTESIAN_POINT('Ctrl Pts',(13.1977825498343,-12.,-68.8048536594547));
#12831=CARTESIAN_POINT('',(5.25781205651762,-12.5,-66.5265447910465));
#12832=CARTESIAN_POINT('Ctrl Pts',(5.25781205651762,-12.5,-66.5265447910465));
#12833=CARTESIAN_POINT('Ctrl Pts',(6.86997048587442,-12.5,-66.5632567225566));
#12834=CARTESIAN_POINT('Ctrl Pts',(9.7333615663354,-12.5,-66.6284616151518));
#12835=CARTESIAN_POINT('Ctrl Pts',(12.1442726946147,-12.5,-68.1430257585109));
#12836=CARTESIAN_POINT('Ctrl Pts',(13.1977825498343,-12.5,-68.8048536594547));
#12837=CARTESIAN_POINT('',(5.25781205651762,-12.,-66.5265447910465));
#12838=CARTESIAN_POINT('',(5.25781205651762,-12.5,-66.5265447910465));
#12839=CARTESIAN_POINT('Ctrl Pts',(5.25781205651762,-12.,-66.5265447910465));
#12840=CARTESIAN_POINT('Ctrl Pts',(6.86997048587442,-12.,-66.5632567225566));
#12841=CARTESIAN_POINT('Ctrl Pts',(9.7333615663354,-12.,-66.6284616151518));
#12842=CARTESIAN_POINT('Ctrl Pts',(12.1442726946147,-12.,-68.1430257585109));
#12843=CARTESIAN_POINT('Ctrl Pts',(13.1977825498343,-12.,-68.8048536594547));
#12844=CARTESIAN_POINT('Ctrl Pts',(-0.663061823868736,-12.5,-67.6179511364139));
#12845=CARTESIAN_POINT('Ctrl Pts',(-0.663061823868736,-12.,-67.6179511364139));
#12846=CARTESIAN_POINT('Ctrl Pts',(0.194491808820296,-12.5,-67.3004575929174));
#12847=CARTESIAN_POINT('Ctrl Pts',(0.194491808820296,-12.,-67.3004575929174));
#12848=CARTESIAN_POINT('Ctrl Pts',(2.10107266226352,-12.5,-66.5945809129667));
#12849=CARTESIAN_POINT('Ctrl Pts',(2.10107266226352,-12.,-66.5945809129667));
#12850=CARTESIAN_POINT('Ctrl Pts',(4.13739775588377,-12.5,-66.5506926963496));
#12851=CARTESIAN_POINT('Ctrl Pts',(4.13739775588377,-12.,-66.5506926963496));
#12852=CARTESIAN_POINT('Ctrl Pts',(5.25781205651762,-12.5,-66.5265447910465));
#12853=CARTESIAN_POINT('Ctrl Pts',(5.25781205651762,-12.,-66.5265447910465));
#12854=CARTESIAN_POINT('',(-0.663061823868736,-12.5,-67.6179511364139));
#12855=CARTESIAN_POINT('Ctrl Pts',(-0.663061823868736,-12.5,-67.6179511364139));
#12856=CARTESIAN_POINT('Ctrl Pts',(0.194491808820296,-12.5,-67.3004575929174));
#12857=CARTESIAN_POINT('Ctrl Pts',(2.10107266226352,-12.5,-66.5945809129667));
#12858=CARTESIAN_POINT('Ctrl Pts',(4.13739775588377,-12.5,-66.5506926963496));
#12859=CARTESIAN_POINT('Ctrl Pts',(5.25781205651762,-12.5,-66.5265447910465));
#12860=CARTESIAN_POINT('',(-0.663061823868736,-12.,-67.6179511364139));
#12861=CARTESIAN_POINT('',(-0.663061823868736,-12.5,-67.6179511364139));
#12862=CARTESIAN_POINT('Ctrl Pts',(-0.663061823868736,-12.,-67.6179511364139));
#12863=CARTESIAN_POINT('Ctrl Pts',(0.194491808820296,-12.,-67.3004575929174));
#12864=CARTESIAN_POINT('Ctrl Pts',(2.10107266226352,-12.,-66.5945809129667));
#12865=CARTESIAN_POINT('Ctrl Pts',(4.13739775588377,-12.,-66.5506926963496));
#12866=CARTESIAN_POINT('Ctrl Pts',(5.25781205651762,-12.,-66.5265447910465));
#12867=CARTESIAN_POINT('Ctrl Pts',(-3.93727728369234,-12.5,-70.5101735408939));
#12868=CARTESIAN_POINT('Ctrl Pts',(-3.93727728369234,-12.,-70.5101735408939));
#12869=CARTESIAN_POINT('Ctrl Pts',(-3.52836880131923,-12.5,-69.9283071181215));
#12870=CARTESIAN_POINT('Ctrl Pts',(-3.52836880131923,-12.,-69.9283071181215));
#12871=CARTESIAN_POINT('Ctrl Pts',(-2.6690295683471,-12.5,-68.7054891356342));
#12872=CARTESIAN_POINT('Ctrl Pts',(-2.6690295683471,-12.,-68.7054891356342));
#12873=CARTESIAN_POINT('Ctrl Pts',(-1.35291543798137,-12.5,-67.9919561628218));
#12874=CARTESIAN_POINT('Ctrl Pts',(-1.35291543798137,-12.,-67.9919561628218));
#12875=CARTESIAN_POINT('Ctrl Pts',(-0.663061823868736,-12.5,-67.6179511364139));
#12876=CARTESIAN_POINT('Ctrl Pts',(-0.663061823868736,-12.,-67.6179511364139));
#12877=CARTESIAN_POINT('',(-3.93727728369234,-12.5,-70.5101735408939));
#12878=CARTESIAN_POINT('Ctrl Pts',(-3.93727728369234,-12.5,-70.5101735408939));
#12879=CARTESIAN_POINT('Ctrl Pts',(-3.52836880131923,-12.5,-69.9283071181215));
#12880=CARTESIAN_POINT('Ctrl Pts',(-2.6690295683471,-12.5,-68.7054891356342));
#12881=CARTESIAN_POINT('Ctrl Pts',(-1.35291543798137,-12.5,-67.9919561628218));
#12882=CARTESIAN_POINT('Ctrl Pts',(-0.663061823868736,-12.5,-67.6179511364139));
#12883=CARTESIAN_POINT('',(-3.93727728369234,-12.,-70.5101735408939));
#12884=CARTESIAN_POINT('',(-3.93727728369234,-12.5,-70.5101735408939));
#12885=CARTESIAN_POINT('Ctrl Pts',(-3.93727728369234,-12.,-70.5101735408939));
#12886=CARTESIAN_POINT('Ctrl Pts',(-3.52836880131923,-12.,-69.9283071181215));
#12887=CARTESIAN_POINT('Ctrl Pts',(-2.6690295683471,-12.,-68.7054891356342));
#12888=CARTESIAN_POINT('Ctrl Pts',(-1.35291543798137,-12.,-67.9919561628218));
#12889=CARTESIAN_POINT('Ctrl Pts',(-0.663061823868736,-12.,-67.6179511364139));
#12890=CARTESIAN_POINT('Ctrl Pts',(-4.97411200048922,-12.5,-75.3259999569095));
#12891=CARTESIAN_POINT('Ctrl Pts',(-4.97411200048922,-12.,-75.3259999569095));
#12892=CARTESIAN_POINT('Ctrl Pts',(-4.94969607075274,-12.5,-74.4103163404992));
#12893=CARTESIAN_POINT('Ctrl Pts',(-4.94969607075274,-12.,-74.4103163404992));
#12894=CARTESIAN_POINT('Ctrl Pts',(-4.90506245123741,-12.5,-72.7363979367193));
#12895=CARTESIAN_POINT('Ctrl Pts',(-4.90506245123741,-12.,-72.7363979367193));
#12896=CARTESIAN_POINT('Ctrl Pts',(-4.23898869866541,-12.5,-71.204209092416));
#12897=CARTESIAN_POINT('Ctrl Pts',(-4.23898869866541,-12.,-71.204209092416));
#12898=CARTESIAN_POINT('Ctrl Pts',(-3.93727728369234,-12.5,-70.5101735408939));
#12899=CARTESIAN_POINT('Ctrl Pts',(-3.93727728369234,-12.,-70.5101735408939));
#12900=CARTESIAN_POINT('',(-4.97411200048922,-12.5,-75.3259999569095));
#12901=CARTESIAN_POINT('Ctrl Pts',(-4.97411200048922,-12.5,-75.3259999569095));
#12902=CARTESIAN_POINT('Ctrl Pts',(-4.94969607075274,-12.5,-74.4103163404992));
#12903=CARTESIAN_POINT('Ctrl Pts',(-4.90506245123741,-12.5,-72.7363979367193));
#12904=CARTESIAN_POINT('Ctrl Pts',(-4.23898869866541,-12.5,-71.204209092416));
#12905=CARTESIAN_POINT('Ctrl Pts',(-3.93727728369234,-12.5,-70.5101735408939));
#12906=CARTESIAN_POINT('',(-4.97411200048922,-12.,-75.3259999569095));
#12907=CARTESIAN_POINT('',(-4.97411200048922,-12.5,-75.3259999569095));
#12908=CARTESIAN_POINT('Ctrl Pts',(-4.97411200048922,-12.,-75.3259999569095));
#12909=CARTESIAN_POINT('Ctrl Pts',(-4.94969607075274,-12.,-74.4103163404992));
#12910=CARTESIAN_POINT('Ctrl Pts',(-4.90506245123741,-12.,-72.7363979367193));
#12911=CARTESIAN_POINT('Ctrl Pts',(-4.23898869866541,-12.,-71.204209092416));
#12912=CARTESIAN_POINT('Ctrl Pts',(-3.93727728369234,-12.,-70.5101735408939));
#12913=CARTESIAN_POINT('Ctrl Pts',(-4.12827321531771,-12.5,-79.473338824097));
#12914=CARTESIAN_POINT('Ctrl Pts',(-4.12827321531771,-12.,-79.473338824097));
#12915=CARTESIAN_POINT('Ctrl Pts',(-4.37458965639068,-12.5,-78.8600425796826));
#12916=CARTESIAN_POINT('Ctrl Pts',(-4.37458965639068,-12.,-78.8600425796826));
#12917=CARTESIAN_POINT('Ctrl Pts',(-4.90823900814356,-12.5,-77.531324359175));
#12918=CARTESIAN_POINT('Ctrl Pts',(-4.90823900814356,-12.,-77.531324359175));
#12919=CARTESIAN_POINT('Ctrl Pts',(-4.95105732623866,-12.5,-76.0978342686749));
#12920=CARTESIAN_POINT('Ctrl Pts',(-4.95105732623866,-12.,-76.0978342686749));
#12921=CARTESIAN_POINT('Ctrl Pts',(-4.97411200048922,-12.5,-75.3259999569095));
#12922=CARTESIAN_POINT('Ctrl Pts',(-4.97411200048922,-12.,-75.3259999569095));
#12923=CARTESIAN_POINT('',(-4.12827321531771,-12.5,-79.473338824097));
#12924=CARTESIAN_POINT('Ctrl Pts',(-4.12827321531771,-12.5,-79.473338824097));
#12925=CARTESIAN_POINT('Ctrl Pts',(-4.37458965639068,-12.5,-78.8600425796826));
#12926=CARTESIAN_POINT('Ctrl Pts',(-4.90823900814356,-12.5,-77.531324359175));
#12927=CARTESIAN_POINT('Ctrl Pts',(-4.95105732623866,-12.5,-76.0978342686749));
#12928=CARTESIAN_POINT('Ctrl Pts',(-4.97411200048922,-12.5,-75.3259999569095));
#12929=CARTESIAN_POINT('',(-4.12827321531771,-12.,-79.473338824097));
#12930=CARTESIAN_POINT('',(-4.12827321531771,-12.5,-79.473338824097));
#12931=CARTESIAN_POINT('Ctrl Pts',(-4.12827321531771,-12.,-79.473338824097));
#12932=CARTESIAN_POINT('Ctrl Pts',(-4.37458965639068,-12.,-78.8600425796826));
#12933=CARTESIAN_POINT('Ctrl Pts',(-4.90823900814356,-12.,-77.531324359175));
#12934=CARTESIAN_POINT('Ctrl Pts',(-4.95105732623866,-12.,-76.0978342686749));
#12935=CARTESIAN_POINT('Ctrl Pts',(-4.97411200048922,-12.,-75.3259999569095));
#12936=CARTESIAN_POINT('Ctrl Pts',(-1.65896841528414,-12.5,-82.0654268081821));
#12937=CARTESIAN_POINT('Ctrl Pts',(-1.65896841528414,-12.,-82.0654268081821));
#12938=CARTESIAN_POINT('Ctrl Pts',(-2.17033516077612,-12.5,-81.7236660185079));
#12939=CARTESIAN_POINT('Ctrl Pts',(-2.17033516077612,-12.,-81.7236660185079));
#12940=CARTESIAN_POINT('Ctrl Pts',(-3.18729803574075,-12.5,-81.0440011042732));
#12941=CARTESIAN_POINT('Ctrl Pts',(-3.18729803574075,-12.,-81.0440011042732));
#12942=CARTESIAN_POINT('Ctrl Pts',(-3.81580361161931,-12.5,-79.994908607108));
#12943=CARTESIAN_POINT('Ctrl Pts',(-3.81580361161931,-12.,-79.994908607108));
#12944=CARTESIAN_POINT('Ctrl Pts',(-4.12827321531771,-12.5,-79.473338824097));
#12945=CARTESIAN_POINT('Ctrl Pts',(-4.12827321531771,-12.,-79.473338824097));
#12946=CARTESIAN_POINT('',(-1.65896841528414,-12.5,-82.0654268081821));
#12947=CARTESIAN_POINT('Ctrl Pts',(-1.65896841528414,-12.5,-82.0654268081821));
#12948=CARTESIAN_POINT('Ctrl Pts',(-2.17033516077612,-12.5,-81.7236660185079));
#12949=CARTESIAN_POINT('Ctrl Pts',(-3.18729803574075,-12.5,-81.0440011042732));
#12950=CARTESIAN_POINT('Ctrl Pts',(-3.81580361161931,-12.5,-79.994908607108));
#12951=CARTESIAN_POINT('Ctrl Pts',(-4.12827321531771,-12.5,-79.473338824097));
#12952=CARTESIAN_POINT('',(-1.65896841528414,-12.,-82.0654268081821));
#12953=CARTESIAN_POINT('',(-1.65896841528414,-12.5,-82.0654268081821));
#12954=CARTESIAN_POINT('Ctrl Pts',(-1.65896841528414,-12.,-82.0654268081821));
#12955=CARTESIAN_POINT('Ctrl Pts',(-2.17033516077612,-12.,-81.7236660185079));
#12956=CARTESIAN_POINT('Ctrl Pts',(-3.18729803574075,-12.,-81.0440011042732));
#12957=CARTESIAN_POINT('Ctrl Pts',(-3.81580361161931,-12.,-79.994908607108));
#12958=CARTESIAN_POINT('Ctrl Pts',(-4.12827321531771,-12.,-79.473338824097));
#12959=CARTESIAN_POINT('Ctrl Pts',(1.96995309350492,-12.5,-83.0067635591663));
#12960=CARTESIAN_POINT('Ctrl Pts',(1.96995309350492,-12.,-83.0067635591663));
#12961=CARTESIAN_POINT('Ctrl Pts',(1.32473394541302,-12.5,-82.9697876361134));
#12962=CARTESIAN_POINT('Ctrl Pts',(1.32473394541302,-12.,-82.9697876361134));
#12963=CARTESIAN_POINT('Ctrl Pts',(0.052136386111532,-12.5,-82.8968581987753));
#12964=CARTESIAN_POINT('Ctrl Pts',(0.052136386111532,-12.,-82.8968581987753));
#12965=CARTESIAN_POINT('Ctrl Pts',(-1.09395589492898,-12.5,-82.3399682302611));
#12966=CARTESIAN_POINT('Ctrl Pts',(-1.09395589492898,-12.,-82.3399682302611));
#12967=CARTESIAN_POINT('Ctrl Pts',(-1.65896841528414,-12.5,-82.0654268081821));
#12968=CARTESIAN_POINT('Ctrl Pts',(-1.65896841528414,-12.,-82.0654268081821));
#12969=CARTESIAN_POINT('',(1.96995309350492,-12.5,-83.0067635591663));
#12970=CARTESIAN_POINT('Ctrl Pts',(1.96995309350492,-12.5,-83.0067635591663));
#12971=CARTESIAN_POINT('Ctrl Pts',(1.32473394541302,-12.5,-82.9697876361134));
#12972=CARTESIAN_POINT('Ctrl Pts',(0.052136386111532,-12.5,-82.8968581987753));
#12973=CARTESIAN_POINT('Ctrl Pts',(-1.09395589492898,-12.5,-82.3399682302611));
#12974=CARTESIAN_POINT('Ctrl Pts',(-1.65896841528414,-12.5,-82.0654268081821));
#12975=CARTESIAN_POINT('',(1.96995309350492,-12.,-83.0067635591663));
#12976=CARTESIAN_POINT('',(1.96995309350492,-12.5,-83.0067635591663));
#12977=CARTESIAN_POINT('Ctrl Pts',(1.96995309350492,-12.,-83.0067635591663));
#12978=CARTESIAN_POINT('Ctrl Pts',(1.32473394541302,-12.,-82.9697876361134));
#12979=CARTESIAN_POINT('Ctrl Pts',(0.052136386111532,-12.,-82.8968581987753));
#12980=CARTESIAN_POINT('Ctrl Pts',(-1.09395589492898,-12.,-82.3399682302611));
#12981=CARTESIAN_POINT('Ctrl Pts',(-1.65896841528414,-12.,-82.0654268081821));
#12982=CARTESIAN_POINT('Ctrl Pts',(6.79942182061674,-12.5,-81.1650175865329));
#12983=CARTESIAN_POINT('Ctrl Pts',(6.79942182061674,-12.,-81.1650175865329));
#12984=CARTESIAN_POINT('Ctrl Pts',(6.10833671623277,-12.5,-81.7020871270845));
#12985=CARTESIAN_POINT('Ctrl Pts',(6.10833671623277,-12.,-81.7020871270845));
#12986=CARTESIAN_POINT('Ctrl Pts',(4.68827368643363,-12.5,-82.8056742166201));
#12987=CARTESIAN_POINT('Ctrl Pts',(4.68827368643363,-12.,-82.8056742166201));
#12988=CARTESIAN_POINT('Ctrl Pts',(2.89203682654802,-12.5,-82.9385518801861));
#12989=CARTESIAN_POINT('Ctrl Pts',(2.89203682654802,-12.,-82.9385518801861));
#12990=CARTESIAN_POINT('Ctrl Pts',(1.96995309350492,-12.5,-83.0067635591663));
#12991=CARTESIAN_POINT('Ctrl Pts',(1.96995309350492,-12.,-83.0067635591663));
#12992=CARTESIAN_POINT('',(6.79942182061674,-12.5,-81.1650175865329));
#12993=CARTESIAN_POINT('Ctrl Pts',(6.79942182061674,-12.5,-81.1650175865329));
#12994=CARTESIAN_POINT('Ctrl Pts',(6.10833671623277,-12.5,-81.7020871270845));
#12995=CARTESIAN_POINT('Ctrl Pts',(4.68827368643363,-12.5,-82.8056742166201));
#12996=CARTESIAN_POINT('Ctrl Pts',(2.89203682654802,-12.5,-82.9385518801861));
#12997=CARTESIAN_POINT('Ctrl Pts',(1.96995309350492,-12.5,-83.0067635591663));
#12998=CARTESIAN_POINT('',(6.79942182061674,-12.,-81.1650175865329));
#12999=CARTESIAN_POINT('',(6.79942182061674,-12.5,-81.1650175865329));
#13000=CARTESIAN_POINT('Ctrl Pts',(6.79942182061674,-12.,-81.1650175865329));
#13001=CARTESIAN_POINT('Ctrl Pts',(6.10833671623277,-12.,-81.7020871270845));
#13002=CARTESIAN_POINT('Ctrl Pts',(4.68827368643363,-12.,-82.8056742166201));
#13003=CARTESIAN_POINT('Ctrl Pts',(2.89203682654802,-12.,-82.9385518801861));
#13004=CARTESIAN_POINT('Ctrl Pts',(1.96995309350492,-12.,-83.0067635591663));
#13005=CARTESIAN_POINT('Ctrl Pts',(8.70937875268461,-12.5,-76.6220433529056));
#13006=CARTESIAN_POINT('Ctrl Pts',(8.70937875268461,-12.,-76.6220433529056));
#13007=CARTESIAN_POINT('Ctrl Pts',(8.63063252371657,-12.5,-77.482416872556));
#13008=CARTESIAN_POINT('Ctrl Pts',(8.63063252371657,-12.,-77.482416872556));
#13009=CARTESIAN_POINT('Ctrl Pts',(8.47355093710352,-12.5,-79.1986747723647));
#13010=CARTESIAN_POINT('Ctrl Pts',(8.47355093710352,-12.,-79.1986747723647));
#13011=CARTESIAN_POINT('Ctrl Pts',(7.35649091136224,-12.5,-80.5107139293088));
#13012=CARTESIAN_POINT('Ctrl Pts',(7.35649091136224,-12.,-80.5107139293088));
#13013=CARTESIAN_POINT('Ctrl Pts',(6.79942182061674,-12.5,-81.1650175865329));
#13014=CARTESIAN_POINT('Ctrl Pts',(6.79942182061674,-12.,-81.1650175865329));
#13015=CARTESIAN_POINT('',(8.70937875268461,-12.5,-76.6220433529056));
#13016=CARTESIAN_POINT('Ctrl Pts',(8.70937875268461,-12.5,-76.6220433529056));
#13017=CARTESIAN_POINT('Ctrl Pts',(8.63063252371657,-12.5,-77.482416872556));
#13018=CARTESIAN_POINT('Ctrl Pts',(8.47355093710352,-12.5,-79.1986747723647));
#13019=CARTESIAN_POINT('Ctrl Pts',(7.35649091136224,-12.5,-80.5107139293088));
#13020=CARTESIAN_POINT('Ctrl Pts',(6.79942182061674,-12.5,-81.1650175865329));
#13021=CARTESIAN_POINT('',(8.70937875268461,-12.,-76.6220433529056));
#13022=CARTESIAN_POINT('',(8.70937875268461,-12.5,-76.6220433529056));
#13023=CARTESIAN_POINT('Ctrl Pts',(8.70937875268461,-12.,-76.6220433529056));
#13024=CARTESIAN_POINT('Ctrl Pts',(8.63063252371657,-12.,-77.482416872556));
#13025=CARTESIAN_POINT('Ctrl Pts',(8.47355093710352,-12.,-79.1986747723647));
#13026=CARTESIAN_POINT('Ctrl Pts',(7.35649091136224,-12.,-80.5107139293088));
#13027=CARTESIAN_POINT('Ctrl Pts',(6.79942182061674,-12.,-81.1650175865329));
#13028=CARTESIAN_POINT('Ctrl Pts',(8.23188832757475,-12.5,-74.1936666782535));
#13029=CARTESIAN_POINT('Ctrl Pts',(8.23188832757475,-12.,-74.1936666782535));
#13030=CARTESIAN_POINT('Ctrl Pts',(8.3710772558516,-12.5,-74.5671132157649));
#13031=CARTESIAN_POINT('Ctrl Pts',(8.3710772558516,-12.,-74.5671132157649));
#13032=CARTESIAN_POINT('Ctrl Pts',(8.66280597060797,-12.5,-75.3498268968539));
#13033=CARTESIAN_POINT('Ctrl Pts',(8.66280597060797,-12.,-75.3498268968539));
#13034=CARTESIAN_POINT('Ctrl Pts',(8.69338796735104,-12.5,-76.1852272697892));
#13035=CARTESIAN_POINT('Ctrl Pts',(8.69338796735104,-12.,-76.1852272697892));
#13036=CARTESIAN_POINT('Ctrl Pts',(8.70937875268461,-12.5,-76.6220433529056));
#13037=CARTESIAN_POINT('Ctrl Pts',(8.70937875268461,-12.,-76.6220433529056));
#13038=CARTESIAN_POINT('',(8.23188832757475,-12.5,-74.1936666782535));
#13039=CARTESIAN_POINT('Ctrl Pts',(8.23188832757475,-12.5,-74.1936666782535));
#13040=CARTESIAN_POINT('Ctrl Pts',(8.3710772558516,-12.5,-74.5671132157649));
#13041=CARTESIAN_POINT('Ctrl Pts',(8.66280597060797,-12.5,-75.3498268968539));
#13042=CARTESIAN_POINT('Ctrl Pts',(8.69338796735104,-12.5,-76.1852272697892));
#13043=CARTESIAN_POINT('Ctrl Pts',(8.70937875268461,-12.5,-76.6220433529056));
#13044=CARTESIAN_POINT('',(8.23188832757475,-12.,-74.1936666782535));
#13045=CARTESIAN_POINT('',(8.23188832757475,-12.5,-74.1936666782535));
#13046=CARTESIAN_POINT('Ctrl Pts',(8.23188832757475,-12.,-74.1936666782535));
#13047=CARTESIAN_POINT('Ctrl Pts',(8.3710772558516,-12.,-74.5671132157649));
#13048=CARTESIAN_POINT('Ctrl Pts',(8.66280597060797,-12.,-75.3498268968539));
#13049=CARTESIAN_POINT('Ctrl Pts',(8.69338796735104,-12.,-76.1852272697892));
#13050=CARTESIAN_POINT('Ctrl Pts',(8.70937875268461,-12.,-76.6220433529056));
#13051=CARTESIAN_POINT('Ctrl Pts',(6.73120788094999,-12.5,-72.1472818668522));
#13052=CARTESIAN_POINT('Ctrl Pts',(6.73120788094999,-12.,-72.1472818668522));
#13053=CARTESIAN_POINT('Ctrl Pts',(7.0445607266728,-12.5,-72.4709100388751));
#13054=CARTESIAN_POINT('Ctrl Pts',(7.0445607266728,-12.,-72.4709100388751));
#13055=CARTESIAN_POINT('Ctrl Pts',(7.63890948650746,-12.5,-73.0847484172876));
#13056=CARTESIAN_POINT('Ctrl Pts',(7.63890948650746,-12.,-73.0847484172876));
#13057=CARTESIAN_POINT('Ctrl Pts',(8.041535159898,-12.5,-73.837690901294));
#13058=CARTESIAN_POINT('Ctrl Pts',(8.041535159898,-12.,-73.837690901294));
#13059=CARTESIAN_POINT('Ctrl Pts',(8.23188832757475,-12.5,-74.1936666782535));
#13060=CARTESIAN_POINT('Ctrl Pts',(8.23188832757475,-12.,-74.1936666782535));
#13061=CARTESIAN_POINT('',(6.73120788094999,-12.5,-72.1472818668522));
#13062=CARTESIAN_POINT('Ctrl Pts',(6.73120788094999,-12.5,-72.1472818668522));
#13063=CARTESIAN_POINT('Ctrl Pts',(7.0445607266728,-12.5,-72.4709100388751));
#13064=CARTESIAN_POINT('Ctrl Pts',(7.63890948650746,-12.5,-73.0847484172876));
#13065=CARTESIAN_POINT('Ctrl Pts',(8.041535159898,-12.5,-73.837690901294));
#13066=CARTESIAN_POINT('Ctrl Pts',(8.23188832757475,-12.5,-74.1936666782535));
#13067=CARTESIAN_POINT('',(6.73120788094999,-12.,-72.1472818668522));
#13068=CARTESIAN_POINT('',(6.73120788094999,-12.5,-72.1472818668522));
#13069=CARTESIAN_POINT('Ctrl Pts',(6.73120788094999,-12.,-72.1472818668522));
#13070=CARTESIAN_POINT('Ctrl Pts',(7.0445607266728,-12.,-72.4709100388751));
#13071=CARTESIAN_POINT('Ctrl Pts',(7.63890948650746,-12.,-73.0847484172876));
#13072=CARTESIAN_POINT('Ctrl Pts',(8.041535159898,-12.,-73.837690901294));
#13073=CARTESIAN_POINT('Ctrl Pts',(8.23188832757475,-12.,-74.1936666782535));
#13074=CARTESIAN_POINT('Ctrl Pts',(10.9467606878042,-12.5,-72.9658348377384));
#13075=CARTESIAN_POINT('Ctrl Pts',(10.9467606878042,-12.,-72.9658348377384));
#13076=CARTESIAN_POINT('Ctrl Pts',(10.4331630065893,-12.5,-72.7896356394776));
#13077=CARTESIAN_POINT('Ctrl Pts',(10.4331630065893,-12.,-72.7896356394776));
#13078=CARTESIAN_POINT('Ctrl Pts',(9.07008951194851,-12.5,-72.3220080280013));
#13079=CARTESIAN_POINT('Ctrl Pts',(9.07008951194851,-12.,-72.3220080280013));
#13080=CARTESIAN_POINT('Ctrl Pts',(7.62918713445436,-12.5,-72.2143654104043));
#13081=CARTESIAN_POINT('Ctrl Pts',(7.62918713445436,-12.,-72.2143654104043));
#13082=CARTESIAN_POINT('Ctrl Pts',(6.73120788094999,-12.5,-72.1472818668522));
#13083=CARTESIAN_POINT('Ctrl Pts',(6.73120788094999,-12.,-72.1472818668522));
#13084=CARTESIAN_POINT('',(10.9467606878042,-12.5,-72.9658348377384));
#13085=CARTESIAN_POINT('Ctrl Pts',(10.9467606878042,-12.5,-72.9658348377384));
#13086=CARTESIAN_POINT('Ctrl Pts',(10.4331630065893,-12.5,-72.7896356394776));
#13087=CARTESIAN_POINT('Ctrl Pts',(9.07008951194851,-12.5,-72.3220080280013));
#13088=CARTESIAN_POINT('Ctrl Pts',(7.62918713445436,-12.5,-72.2143654104043));
#13089=CARTESIAN_POINT('Ctrl Pts',(6.73120788094999,-12.5,-72.1472818668522));
#13090=CARTESIAN_POINT('',(10.9467606878042,-12.,-72.9658348377384));
#13091=CARTESIAN_POINT('',(10.9467606878042,-12.5,-72.9658348377384));
#13092=CARTESIAN_POINT('Ctrl Pts',(10.9467606878042,-12.,-72.9658348377384));
#13093=CARTESIAN_POINT('Ctrl Pts',(10.4331630065893,-12.,-72.7896356394776));
#13094=CARTESIAN_POINT('Ctrl Pts',(9.07008951194851,-12.,-72.3220080280013));
#13095=CARTESIAN_POINT('Ctrl Pts',(7.62918713445436,-12.,-72.2143654104043));
#13096=CARTESIAN_POINT('Ctrl Pts',(6.73120788094999,-12.,-72.1472818668522));
#13097=CARTESIAN_POINT('Ctrl Pts',(12.2973733281851,-12.5,-75.0531489666141));
#13098=CARTESIAN_POINT('Ctrl Pts',(12.2973733281851,-12.,-75.0531489666141));
#13099=CARTESIAN_POINT('Ctrl Pts',(12.2316840574642,-12.5,-74.6269177616626));
#13100=CARTESIAN_POINT('Ctrl Pts',(12.2316840574642,-12.,-74.6269177616626));
#13101=CARTESIAN_POINT('Ctrl Pts',(12.0941599532916,-12.5,-73.7345792718594));
#13102=CARTESIAN_POINT('Ctrl Pts',(12.0941599532916,-12.,-73.7345792718594));
#13103=CARTESIAN_POINT('Ctrl Pts',(11.3404541029227,-12.5,-73.2296049400261));
#13104=CARTESIAN_POINT('Ctrl Pts',(11.3404541029227,-12.,-73.2296049400261));
#13105=CARTESIAN_POINT('Ctrl Pts',(10.9467606878042,-12.5,-72.9658348377384));
#13106=CARTESIAN_POINT('Ctrl Pts',(10.9467606878042,-12.,-72.9658348377384));
#13107=CARTESIAN_POINT('',(12.2973733281851,-12.5,-75.0531489666141));
#13108=CARTESIAN_POINT('Ctrl Pts',(12.2973733281851,-12.5,-75.0531489666141));
#13109=CARTESIAN_POINT('Ctrl Pts',(12.2316840574642,-12.5,-74.6269177616626));
#13110=CARTESIAN_POINT('Ctrl Pts',(12.0941599532916,-12.5,-73.7345792718594));
#13111=CARTESIAN_POINT('Ctrl Pts',(11.3404541029227,-12.5,-73.2296049400261));
#13112=CARTESIAN_POINT('Ctrl Pts',(10.9467606878042,-12.5,-72.9658348377384));
#13113=CARTESIAN_POINT('',(12.2973733281851,-12.,-75.0531489666141));
#13114=CARTESIAN_POINT('',(12.2973733281851,-12.5,-75.0531489666141));
#13115=CARTESIAN_POINT('Ctrl Pts',(12.2973733281851,-12.,-75.0531489666141));
#13116=CARTESIAN_POINT('Ctrl Pts',(12.2316840574642,-12.,-74.6269177616626));
#13117=CARTESIAN_POINT('Ctrl Pts',(12.0941599532916,-12.,-73.7345792718594));
#13118=CARTESIAN_POINT('Ctrl Pts',(11.3404541029227,-12.,-73.2296049400261));
#13119=CARTESIAN_POINT('Ctrl Pts',(10.9467606878042,-12.,-72.9658348377384));
#13120=CARTESIAN_POINT('Ctrl Pts',(11.8198829030752,-12.5,-76.3219065483249));
#13121=CARTESIAN_POINT('Ctrl Pts',(11.8198829030752,-12.,-76.3219065483249));
#13122=CARTESIAN_POINT('Ctrl Pts',(11.959139736459,-12.5,-76.1373343135955));
#13123=CARTESIAN_POINT('Ctrl Pts',(11.959139736459,-12.,-76.1373343135955));
#13124=CARTESIAN_POINT('Ctrl Pts',(12.242575832964,-12.5,-75.7616656123638));
#13125=CARTESIAN_POINT('Ctrl Pts',(12.242575832964,-12.,-75.7616656123638));
#13126=CARTESIAN_POINT('Ctrl Pts',(12.2788972320767,-12.5,-75.2920398427104));
#13127=CARTESIAN_POINT('Ctrl Pts',(12.2788972320767,-12.,-75.2920398427104));
#13128=CARTESIAN_POINT('Ctrl Pts',(12.2973733281851,-12.5,-75.0531489666141));
#13129=CARTESIAN_POINT('Ctrl Pts',(12.2973733281851,-12.,-75.0531489666141));
#13130=CARTESIAN_POINT('',(11.8198829030752,-12.5,-76.3219065483249));
#13131=CARTESIAN_POINT('Ctrl Pts',(11.8198829030752,-12.5,-76.3219065483249));
#13132=CARTESIAN_POINT('Ctrl Pts',(11.959139736459,-12.5,-76.1373343135955));
#13133=CARTESIAN_POINT('Ctrl Pts',(12.242575832964,-12.5,-75.7616656123638));
#13134=CARTESIAN_POINT('Ctrl Pts',(12.2788972320767,-12.5,-75.2920398427104));
#13135=CARTESIAN_POINT('Ctrl Pts',(12.2973733281851,-12.5,-75.0531489666141));
#13136=CARTESIAN_POINT('',(11.8198829030752,-12.,-76.3219065483249));
#13137=CARTESIAN_POINT('',(11.8198829030752,-12.5,-76.3219065483249));
#13138=CARTESIAN_POINT('Ctrl Pts',(11.8198829030752,-12.,-76.3219065483249));
#13139=CARTESIAN_POINT('Ctrl Pts',(11.959139736459,-12.,-76.1373343135955));
#13140=CARTESIAN_POINT('Ctrl Pts',(12.242575832964,-12.,-75.7616656123638));
#13141=CARTESIAN_POINT('Ctrl Pts',(12.2788972320767,-12.,-75.2920398427104));
#13142=CARTESIAN_POINT('Ctrl Pts',(12.2973733281851,-12.,-75.0531489666141));
#13143=CARTESIAN_POINT('Ctrl Pts',(10.1827769613028,-12.5,-77.0586044605411));
#13144=CARTESIAN_POINT('Ctrl Pts',(10.1827769613028,-12.,-77.0586044605411));
#13145=CARTESIAN_POINT('Ctrl Pts',(10.5254984188365,-12.5,-76.9882062277872));
#13146=CARTESIAN_POINT('Ctrl Pts',(10.5254984188365,-12.,-76.9882062277872));
#13147=CARTESIAN_POINT('Ctrl Pts',(11.1290624061101,-12.5,-76.864228469395));
#13148=CARTESIAN_POINT('Ctrl Pts',(11.1290624061101,-12.,-76.864228469395));
#13149=CARTESIAN_POINT('Ctrl Pts',(11.6114215339417,-12.5,-76.4855571213378));
#13150=CARTESIAN_POINT('Ctrl Pts',(11.6114215339417,-12.,-76.4855571213378));
#13151=CARTESIAN_POINT('Ctrl Pts',(11.8198829030752,-12.5,-76.3219065483249));
#13152=CARTESIAN_POINT('Ctrl Pts',(11.8198829030752,-12.,-76.3219065483249));
#13153=CARTESIAN_POINT('',(10.1827769613028,-12.5,-77.0586044605411));
#13154=CARTESIAN_POINT('Ctrl Pts',(10.1827769613028,-12.5,-77.0586044605411));
#13155=CARTESIAN_POINT('Ctrl Pts',(10.5254984188365,-12.5,-76.9882062277872));
#13156=CARTESIAN_POINT('Ctrl Pts',(11.1290624061101,-12.5,-76.864228469395));
#13157=CARTESIAN_POINT('Ctrl Pts',(11.6114215339417,-12.5,-76.4855571213378));
#13158=CARTESIAN_POINT('Ctrl Pts',(11.8198829030752,-12.5,-76.3219065483249));
#13159=CARTESIAN_POINT('',(10.1827769613028,-12.,-77.0586044605411));
#13160=CARTESIAN_POINT('',(10.1827769613028,-12.5,-77.0586044605411));
#13161=CARTESIAN_POINT('Ctrl Pts',(10.1827769613028,-12.,-77.0586044605411));
#13162=CARTESIAN_POINT('Ctrl Pts',(10.5254984188365,-12.,-76.9882062277872));
#13163=CARTESIAN_POINT('Ctrl Pts',(11.1290624061101,-12.,-76.864228469395));
#13164=CARTESIAN_POINT('Ctrl Pts',(11.6114215339417,-12.,-76.4855571213378));
#13165=CARTESIAN_POINT('Ctrl Pts',(11.8198829030752,-12.,-76.3219065483249));
#13166=CARTESIAN_POINT('Origin',(10.8785467481375,-12.5,-82.5838441665805));
#13167=CARTESIAN_POINT('',(10.8785467481375,-12.5,-82.5838441665805));
#13168=CARTESIAN_POINT('',(8.11151518829155,-12.5,-60.6103222752702));
#13169=CARTESIAN_POINT('',(10.8785467481375,-12.,-82.5838441665805));
#13170=CARTESIAN_POINT('',(10.8785467481375,-12.5,-82.5838441665805));
#13171=CARTESIAN_POINT('',(10.8785467481375,-12.,-82.5838441665805));
#13172=CARTESIAN_POINT('Ctrl Pts',(13.5388474797964,-12.5,-81.1786598976291));
#13173=CARTESIAN_POINT('Ctrl Pts',(13.5388474797964,-12.,-81.1786598976291));
#13174=CARTESIAN_POINT('Ctrl Pts',(13.1509735774078,-12.5,-81.4690125109105));
#13175=CARTESIAN_POINT('Ctrl Pts',(13.1509735774078,-12.,-81.4690125109105));
#13176=CARTESIAN_POINT('Ctrl Pts',(12.3387749601425,-12.5,-82.077003895673));
#13177=CARTESIAN_POINT('Ctrl Pts',(12.3387749601425,-12.,-82.077003895673));
#13178=CARTESIAN_POINT('Ctrl Pts',(11.3796379152896,-12.5,-82.4099171181776));
#13179=CARTESIAN_POINT('Ctrl Pts',(11.3796379152896,-12.,-82.4099171181776));
#13180=CARTESIAN_POINT('Ctrl Pts',(10.8785467481375,-12.5,-82.5838441665805));
#13181=CARTESIAN_POINT('Ctrl Pts',(10.8785467481375,-12.,-82.5838441665805));
#13182=CARTESIAN_POINT('Ctrl Pts',(13.5388474797964,-12.5,-81.1786598976291));
#13183=CARTESIAN_POINT('Ctrl Pts',(13.1509735774078,-12.5,-81.4690125109105));
#13184=CARTESIAN_POINT('Ctrl Pts',(12.3387749601425,-12.5,-82.077003895673));
#13185=CARTESIAN_POINT('Ctrl Pts',(11.3796379152896,-12.5,-82.4099171181776));
#13186=CARTESIAN_POINT('Ctrl Pts',(10.8785467481375,-12.5,-82.5838441665805));
#13187=CARTESIAN_POINT('Ctrl Pts',(13.5388474797964,-12.,-81.1786598976291));
#13188=CARTESIAN_POINT('Ctrl Pts',(13.1509735774078,-12.,-81.4690125109105));
#13189=CARTESIAN_POINT('Ctrl Pts',(12.3387749601425,-12.,-82.077003895673));
#13190=CARTESIAN_POINT('Ctrl Pts',(11.3796379152896,-12.,-82.4099171181776));
#13191=CARTESIAN_POINT('Ctrl Pts',(10.8785467481375,-12.,-82.5838441665805));
#13192=CARTESIAN_POINT('Origin',(5.36695173738004,-12.,-74.7666541751064));
#13193=CARTESIAN_POINT('Origin',(13.7427574082293,-12.5,-37.5792417134912));
#13194=CARTESIAN_POINT('Origin',(13.7427574082293,-12.5,-37.5792417134912));
#13195=CARTESIAN_POINT('Origin',(13.7427574082293,-12.5,-37.5792417134912));
#13196=CARTESIAN_POINT('Origin',(13.7427574082293,-12.5,-37.5792417134912));
#13197=CARTESIAN_POINT('Origin',(13.7427574082293,-12.5,-37.5792417134912));
#13198=CARTESIAN_POINT('Origin',(13.7427574082293,-12.5,-37.5792417134912));
#13199=CARTESIAN_POINT('Origin',(-7.,-10.,12.15));
#13200=CARTESIAN_POINT('',(-7.,-10.,12.15));
#13201=CARTESIAN_POINT('',(51.,-10.,12.15));
#13202=CARTESIAN_POINT('',(51.,-10.,12.15));
#13203=CARTESIAN_POINT('',(51.,-12.5,12.15));
#13204=CARTESIAN_POINT('',(51.,-10.,12.15));
#13205=CARTESIAN_POINT('',(-7.,-12.5,12.15));
#13206=CARTESIAN_POINT('',(51.,-12.5,12.15));
#13207=CARTESIAN_POINT('',(-7.,-10.,12.15));
#13208=CARTESIAN_POINT('Origin',(-7.,-10.,7.));
#13209=CARTESIAN_POINT('',(-12.15,-10.,7.));
#13210=CARTESIAN_POINT('Origin',(-7.,-10.,7.));
#13211=CARTESIAN_POINT('',(-12.15,-12.5,7.));
#13212=CARTESIAN_POINT('Origin',(-7.,-12.5,7.));
#13213=CARTESIAN_POINT('',(-12.15,-10.,7.));
#13214=CARTESIAN_POINT('Origin',(-12.15,-10.,-51.));
#13215=CARTESIAN_POINT('',(-12.15,-10.,-51.));
#13216=CARTESIAN_POINT('',(-12.15,-10.,7.));
#13217=CARTESIAN_POINT('',(-12.15,-12.5,-51.));
#13218=CARTESIAN_POINT('',(-12.15,-12.5,7.));
#13219=CARTESIAN_POINT('',(-12.15,-10.,-51.));
#13220=CARTESIAN_POINT('Origin',(-7.,-10.,-51.));
#13221=CARTESIAN_POINT('',(-7.,-10.,-56.15));
#13222=CARTESIAN_POINT('Origin',(-7.,-10.,-51.));
#13223=CARTESIAN_POINT('',(-7.,-12.5,-56.15));
#13224=CARTESIAN_POINT('Origin',(-7.,-12.5,-51.));
#13225=CARTESIAN_POINT('',(-7.,-10.,-56.15));
#13226=CARTESIAN_POINT('Origin',(51.,-10.,-56.15));
#13227=CARTESIAN_POINT('',(51.,-10.,-56.15));
#13228=CARTESIAN_POINT('',(-7.,-10.,-56.15));
#13229=CARTESIAN_POINT('',(51.,-12.5,-56.15));
#13230=CARTESIAN_POINT('',(-7.,-12.5,-56.15));
#13231=CARTESIAN_POINT('',(51.,-10.,-56.15));
#13232=CARTESIAN_POINT('Origin',(51.,-10.,-51.));
#13233=CARTESIAN_POINT('',(56.15,-10.,-51.));
#13234=CARTESIAN_POINT('Origin',(51.,-10.,-51.));
#13235=CARTESIAN_POINT('',(56.15,-12.5,-51.));
#13236=CARTESIAN_POINT('Origin',(51.,-12.5,-51.));
#13237=CARTESIAN_POINT('',(56.15,-10.,-51.));
#13238=CARTESIAN_POINT('Origin',(56.15,-10.,7.));
#13239=CARTESIAN_POINT('',(56.15,-10.,7.));
#13240=CARTESIAN_POINT('',(56.15,-10.,-51.));
#13241=CARTESIAN_POINT('',(56.15,-12.5,7.));
#13242=CARTESIAN_POINT('',(56.15,-12.5,-51.));
#13243=CARTESIAN_POINT('',(56.15,-10.,7.));
#13244=CARTESIAN_POINT('Origin',(51.,-10.,7.));
#13245=CARTESIAN_POINT('Origin',(51.,-10.,7.));
#13246=CARTESIAN_POINT('Origin',(51.,-12.5,7.));
#13247=CARTESIAN_POINT('Origin',(-28.5144851835414,-10.,-87.1584834269824));
#13248=CARTESIAN_POINT('',(-36.0144851835414,-10.,-87.1584834269824));
#13249=CARTESIAN_POINT('',(-28.5144851835414,-10.,-94.6584834269824));
#13250=CARTESIAN_POINT('Origin',(-28.5144851835414,-10.,-87.1584834269824));
#13251=CARTESIAN_POINT('',(-28.5144851835414,-12.5,-94.6584834269824));
#13252=CARTESIAN_POINT('',(-28.5144851835414,-10.,-94.6584834269824));
#13253=CARTESIAN_POINT('',(-36.0144851835414,-12.5,-87.1584834269824));
#13254=CARTESIAN_POINT('Origin',(-28.5144851835414,-12.5,-87.1584834269824));
#13255=CARTESIAN_POINT('',(-36.0144851835414,-10.,-87.1584834269824));
#13256=CARTESIAN_POINT('Origin',(-36.0144851835414,-10.,-63.2649021849873));
#13257=CARTESIAN_POINT('',(-36.0144851835414,-10.,-63.2649021849873));
#13258=CARTESIAN_POINT('',(-36.0144851835414,-10.,-63.2649021849873));
#13259=CARTESIAN_POINT('',(-36.0144851835414,-12.5,-63.2649021849873));
#13260=CARTESIAN_POINT('',(-36.0144851835414,-12.5,-63.2649021849873));
#13261=CARTESIAN_POINT('',(-36.0144851835414,-10.,-63.2649021849873));
#13262=CARTESIAN_POINT('Origin',(-28.5144851835413,-10.,-63.2649021849873));
#13263=CARTESIAN_POINT('',(-35.8186328976076,-10.,-61.562132038696));
#13264=CARTESIAN_POINT('Origin',(-28.5144851835413,-10.,-63.2649021849873));
#13265=CARTESIAN_POINT('',(-35.8186328976076,-12.5,-61.562132038696));
#13266=CARTESIAN_POINT('Origin',(-28.5144851835413,-12.5,-63.2649021849873));
#13267=CARTESIAN_POINT('',(-35.8186328976076,-10.,-61.562132038696));
#13268=CARTESIAN_POINT('Origin',(-19.1735795234437,-10.,9.83795024381887));
#13269=CARTESIAN_POINT('',(-19.1735795234437,-10.,9.83795024381887));
#13270=CARTESIAN_POINT('',(-19.1735795234437,-10.,9.83795024381887));
#13271=CARTESIAN_POINT('',(-19.1735795234437,-12.5,9.83795024381887));
#13272=CARTESIAN_POINT('',(-19.1735795234437,-12.5,9.83795024381887));
#13273=CARTESIAN_POINT('',(-19.1735795234437,-10.,9.83795024381887));
#13274=CARTESIAN_POINT('Origin',(-7.,-10.,7.));
#13275=CARTESIAN_POINT('',(-6.99999999999999,-10.,19.5));
#13276=CARTESIAN_POINT('Origin',(-7.,-10.,7.));
#13277=CARTESIAN_POINT('',(-6.99999999999999,-12.5,19.5));
#13278=CARTESIAN_POINT('Origin',(-7.,-12.5,7.));
#13279=CARTESIAN_POINT('',(-6.99999999999999,-10.,19.5));
#13280=CARTESIAN_POINT('Origin',(51.,-10.,19.5));
#13281=CARTESIAN_POINT('',(51.,-10.,19.5));
#13282=CARTESIAN_POINT('',(51.,-10.,19.5));
#13283=CARTESIAN_POINT('',(51.,-12.5,19.5));
#13284=CARTESIAN_POINT('',(51.,-12.5,19.5));
#13285=CARTESIAN_POINT('',(51.,-10.,19.5));
#13286=CARTESIAN_POINT('Origin',(51.,-10.,7.));
#13287=CARTESIAN_POINT('',(63.5,-10.,7.00000000000001));
#13288=CARTESIAN_POINT('Origin',(51.,-10.,7.));
#13289=CARTESIAN_POINT('',(63.5,-12.5,7.00000000000001));
#13290=CARTESIAN_POINT('Origin',(51.,-12.5,7.));
#13291=CARTESIAN_POINT('',(63.5,-10.,7.00000000000001));
#13292=CARTESIAN_POINT('Origin',(63.5,-10.,-51.));
#13293=CARTESIAN_POINT('',(63.5,-10.,-51.));
#13294=CARTESIAN_POINT('',(63.5,-10.,-51.));
#13295=CARTESIAN_POINT('',(63.5,-12.5,-51.));
#13296=CARTESIAN_POINT('',(63.5,-12.5,-51.));
#13297=CARTESIAN_POINT('',(63.5,-10.,-51.));
#13298=CARTESIAN_POINT('Origin',(51.0000000000001,-10.,-51.));
#13299=CARTESIAN_POINT('',(60.8594802882903,-10.,-58.6837912806645));
#13300=CARTESIAN_POINT('Origin',(51.0000000000001,-10.,-51.));
#13301=CARTESIAN_POINT('',(60.8594802882903,-12.5,-58.6837912806645));
#13302=CARTESIAN_POINT('Origin',(51.0000000000001,-12.5,-51.));
#13303=CARTESIAN_POINT('',(60.8594802882903,-10.,-58.6837912806645));
#13304=CARTESIAN_POINT('Origin',(35.0753646080416,-10.,-91.7687581953811));
#13305=CARTESIAN_POINT('',(35.0753646080416,-10.,-91.7687581953811));
#13306=CARTESIAN_POINT('',(35.0753646080416,-10.,-91.7687581953811));
#13307=CARTESIAN_POINT('',(35.0753646080416,-12.5,-91.7687581953811));
#13308=CARTESIAN_POINT('',(35.0753646080416,-12.5,-91.7687581953811));
#13309=CARTESIAN_POINT('',(35.0753646080416,-10.,-91.7687581953811));
#13310=CARTESIAN_POINT('Origin',(29.1596764350674,-10.,-87.1584834269823));
#13311=CARTESIAN_POINT('',(29.1596764350675,-10.,-94.6584834269824));
#13312=CARTESIAN_POINT('Origin',(29.1596764350674,-10.,-87.1584834269823));
#13313=CARTESIAN_POINT('',(29.1596764350675,-12.5,-94.6584834269824));
#13314=CARTESIAN_POINT('Origin',(29.1596764350674,-12.5,-87.1584834269823));
#13315=CARTESIAN_POINT('',(29.1596764350675,-10.,-94.6584834269824));
#13316=CARTESIAN_POINT('Origin',(-28.5144851835414,-10.,-94.6584834269824));
#13317=CARTESIAN_POINT('',(-28.5144851835414,-10.,-94.6584834269824));
#13318=CARTESIAN_POINT('',(-28.5144851835414,-12.5,-94.6584834269824));
#13319=CARTESIAN_POINT('Origin',(13.7427574082293,-12.5,-37.5792417134912));
#13320=CARTESIAN_POINT('Origin',(13.7427574082293,-10.,-37.5792417134912));
#13321=UNCERTAINTY_MEASURE_WITH_UNIT(LENGTH_MEASURE(0.01),#13325,
'DISTANCE_ACCURACY_VALUE',
'Maximum model space distance between geometric entities at asserted c
onnectivities');
#13322=UNCERTAINTY_MEASURE_WITH_UNIT(LENGTH_MEASURE(0.01),#13325,
'DISTANCE_ACCURACY_VALUE',
'Maximum model space distance between geometric entities at asserted c
onnectivities');
#13323=(
GEOMETRIC_REPRESENTATION_CONTEXT(3)
GLOBAL_UNCERTAINTY_ASSIGNED_CONTEXT((#13321))
GLOBAL_UNIT_ASSIGNED_CONTEXT((#13325,#13327,#13328))
REPRESENTATION_CONTEXT('','3D')
);
#13324=(
GEOMETRIC_REPRESENTATION_CONTEXT(3)
GLOBAL_UNCERTAINTY_ASSIGNED_CONTEXT((#13322))
GLOBAL_UNIT_ASSIGNED_CONTEXT((#13325,#13327,#13328))
REPRESENTATION_CONTEXT('','3D')
);
#13325=(
LENGTH_UNIT()
NAMED_UNIT(*)
SI_UNIT(.MILLI.,.METRE.)
);
#13326=(
LENGTH_UNIT()
NAMED_UNIT(*)
SI_UNIT($,.METRE.)
);
#13327=(
NAMED_UNIT(*)
PLANE_ANGLE_UNIT()
SI_UNIT($,.RADIAN.)
);
#13328=(
NAMED_UNIT(*)
SI_UNIT($,.STERADIAN.)
SOLID_ANGLE_UNIT()
);
#13329=SHAPE_DEFINITION_REPRESENTATION(#13330,#13331);
#13330=PRODUCT_DEFINITION_SHAPE('',$,#13333);
#13331=SHAPE_REPRESENTATION('',(#6305),#13323);
#13332=PRODUCT_DEFINITION_CONTEXT('part definition',#13337,'design');
#13333=PRODUCT_DEFINITION('T9 KeyPad','T9 KeyPad v18',#13334,#13332);
#13334=PRODUCT_DEFINITION_FORMATION('',$,#13339);
#13335=PRODUCT_RELATED_PRODUCT_CATEGORY('T9 KeyPad v18','T9 KeyPad v18',
(#13339));
#13336=APPLICATION_PROTOCOL_DEFINITION('international standard',
'automotive_design',2009,#13337);
#13337=APPLICATION_CONTEXT(
'Core Data for Automotive Mechanical Design Process');
#13338=PRODUCT_CONTEXT('part definition',#13337,'mechanical');
#13339=PRODUCT('T9 KeyPad','T9 KeyPad v18',$,(#13338));
#13340=PRESENTATION_STYLE_ASSIGNMENT((#13351));
#13341=PRESENTATION_STYLE_ASSIGNMENT((#13352));
#13342=PRESENTATION_STYLE_ASSIGNMENT((#13353));
#13343=PRESENTATION_STYLE_ASSIGNMENT((#13354));
#13344=PRESENTATION_STYLE_ASSIGNMENT((#13355));
#13345=PRESENTATION_STYLE_ASSIGNMENT((#13356));
#13346=PRESENTATION_STYLE_ASSIGNMENT((#13357));
#13347=PRESENTATION_STYLE_ASSIGNMENT((#13358));
#13348=PRESENTATION_STYLE_ASSIGNMENT((#13359));
#13349=PRESENTATION_STYLE_ASSIGNMENT((#13360));
#13350=PRESENTATION_STYLE_ASSIGNMENT((#13361));
#13351=SURFACE_STYLE_USAGE(.BOTH.,#13362);
#13352=SURFACE_STYLE_USAGE(.BOTH.,#13363);
#13353=SURFACE_STYLE_USAGE(.BOTH.,#13364);
#13354=SURFACE_STYLE_USAGE(.BOTH.,#13365);
#13355=SURFACE_STYLE_USAGE(.BOTH.,#13366);
#13356=SURFACE_STYLE_USAGE(.BOTH.,#13367);
#13357=SURFACE_STYLE_USAGE(.BOTH.,#13368);
#13358=SURFACE_STYLE_USAGE(.BOTH.,#13369);
#13359=SURFACE_STYLE_USAGE(.BOTH.,#13370);
#13360=SURFACE_STYLE_USAGE(.BOTH.,#13371);
#13361=SURFACE_STYLE_USAGE(.BOTH.,#13372);
#13362=SURFACE_SIDE_STYLE('',(#13373));
#13363=SURFACE_SIDE_STYLE('',(#13374));
#13364=SURFACE_SIDE_STYLE('',(#13375));
#13365=SURFACE_SIDE_STYLE('',(#13376));
#13366=SURFACE_SIDE_STYLE('',(#13377));
#13367=SURFACE_SIDE_STYLE('',(#13378));
#13368=SURFACE_SIDE_STYLE('',(#13379));
#13369=SURFACE_SIDE_STYLE('',(#13380));
#13370=SURFACE_SIDE_STYLE('',(#13381));
#13371=SURFACE_SIDE_STYLE('',(#13382));
#13372=SURFACE_SIDE_STYLE('',(#13383));
#13373=SURFACE_STYLE_FILL_AREA(#13384);
#13374=SURFACE_STYLE_FILL_AREA(#13385);
#13375=SURFACE_STYLE_FILL_AREA(#13386);
#13376=SURFACE_STYLE_FILL_AREA(#13387);
#13377=SURFACE_STYLE_FILL_AREA(#13388);
#13378=SURFACE_STYLE_FILL_AREA(#13389);
#13379=SURFACE_STYLE_FILL_AREA(#13390);
#13380=SURFACE_STYLE_FILL_AREA(#13391);
#13381=SURFACE_STYLE_FILL_AREA(#13392);
#13382=SURFACE_STYLE_FILL_AREA(#13393);
#13383=SURFACE_STYLE_FILL_AREA(#13394);
#13384=FILL_AREA_STYLE('Steel - Satin',(#13395));
#13385=FILL_AREA_STYLE('ABS (White)',(#13396));
#13386=FILL_AREA_STYLE('ABS (White)',(#13397));
#13387=FILL_AREA_STYLE('Opaque(25,25,25)',(#13398));
#13388=FILL_AREA_STYLE('Opaque(160,160,160)',(#13399));
#13389=FILL_AREA_STYLE('Opaque(244,229,167)',(#13400));
#13390=FILL_AREA_STYLE('Opaque(246,246,243)',(#13401));
#13391=FILL_AREA_STYLE('Opaque(247,224,153)',(#13402));
#13392=FILL_AREA_STYLE('ABS (White)',(#13403));
#13393=FILL_AREA_STYLE('ABS (White)',(#13404));
#13394=FILL_AREA_STYLE('ABS (White)',(#13405));
#13395=FILL_AREA_STYLE_COLOUR('Steel - Satin',#13406);
#13396=FILL_AREA_STYLE_COLOUR('ABS (White)',#13407);
#13397=FILL_AREA_STYLE_COLOUR('ABS (White)',#13408);
#13398=FILL_AREA_STYLE_COLOUR('Opaque(25,25,25)',#13409);
#13399=FILL_AREA_STYLE_COLOUR('Opaque(160,160,160)',#13410);
#13400=FILL_AREA_STYLE_COLOUR('Opaque(244,229,167)',#13411);
#13401=FILL_AREA_STYLE_COLOUR('Opaque(246,246,243)',#13412);
#13402=FILL_AREA_STYLE_COLOUR('Opaque(247,224,153)',#13413);
#13403=FILL_AREA_STYLE_COLOUR('ABS (White)',#13414);
#13404=FILL_AREA_STYLE_COLOUR('ABS (White)',#13415);
#13405=FILL_AREA_STYLE_COLOUR('ABS (White)',#13416);
#13406=COLOUR_RGB('Steel - Satin',0.627450980392157,0.627450980392157,0.627450980392157);
#13407=COLOUR_RGB('ABS (White)',0.494117647058824,0.356862745098039,0.23921568627451);
#13408=COLOUR_RGB('ABS (White)',0.886274509803922,0.780392156862745,0.4);
#13409=COLOUR_RGB('Opaque(25,25,25)',0.0980392156862745,0.0980392156862745,
0.0980392156862745);
#13410=COLOUR_RGB('Opaque(160,160,160)',0.627450980392157,0.627450980392157,
0.627450980392157);
#13411=COLOUR_RGB('Opaque(244,229,167)',0.956862745098039,0.898039215686275,
0.654901960784314);
#13412=COLOUR_RGB('Opaque(246,246,243)',0.964705882352941,0.964705882352941,
0.952941176470588);
#13413=COLOUR_RGB('Opaque(247,224,153)',0.968627450980392,0.87843137254902,
0.6);
#13414=COLOUR_RGB('ABS (White)',0.913725490196078,0.623529411764706,0.266666666666667);
#13415=COLOUR_RGB('ABS (White)',0.72156862745098,0.0980392156862745,0.);
#13416=COLOUR_RGB('ABS (White)',0.788235294117647,0.752941176470588,0.752941176470588);
ENDSEC;
END-ISO-10303-21;
