ISO-10303-21;
HEADER;
/* Generated by software containing ST-Developer
 * from STEP Tools, Inc. (www.steptools.com) 
 */

FILE_DESCRIPTION(
/* description */ (''),
/* implementation_level */ '2;1');

FILE_NAME(
/* name */ 'T9 KeyPad Bottom.step',
/* time_stamp */ '2026-08-19T16:51:25-07:00',
/* author */ (''),
/* organization */ (''),
/* preprocessor_version */ 'ST-DEVELOPER v20.1',
/* originating_system */ 'Autodesk Translation Framework v15.8.0.0',
/* authorisation */ '');

FILE_SCHEMA (('AUTOMOTIVE_DESIGN { 1 0 10303 214 3 1 1 }'));
ENDSEC;

DATA;
#10=MECHANICAL_DESIGN_GEOMETRIC_PRESENTATION_REPRESENTATION('',(#13),#3938);
#11=SHAPE_REPRESENTATION_RELATIONSHIP('SRR','None',#3945,#12);
#12=ADVANCED_BREP_SHAPE_REPRESENTATION('',(#14),#3937);
#13=STYLED_ITEM('',(#3956),#14);
#14=MANIFOLD_SOLID_BREP('CaseBottom',#2243);
#15=TOROIDAL_SURFACE('',#2382,2.,0.25);
#16=TOROIDAL_SURFACE('',#2388,2.,0.25);
#17=TOROIDAL_SURFACE('',#2394,2.00000000000001,0.25);
#18=TOROIDAL_SURFACE('',#2400,2.,0.25);
#19=TOROIDAL_SURFACE('',#2412,2.,0.25);
#20=TOROIDAL_SURFACE('',#2417,2.,0.25);
#21=TOROIDAL_SURFACE('',#2422,2.,0.25);
#22=TOROIDAL_SURFACE('',#2427,2.00000000000001,0.25);
#23=TOROIDAL_SURFACE('',#2432,8.88,5.);
#24=TOROIDAL_SURFACE('',#2436,8.88,5.);
#25=TOROIDAL_SURFACE('',#2440,8.88,5.);
#26=TOROIDAL_SURFACE('',#2444,8.87999999999999,5.);
#27=ELLIPSE('',#2363,5.48714862200758,3.88);
#28=ELLIPSE('',#2373,5.4871486220076,3.87999999999999);
#29=(
BOUNDED_CURVE()
B_SPLINE_CURVE(2,(#3564,#3565,#3566),.UNSPECIFIED.,.F.,.F.)
B_SPLINE_CURVE_WITH_KNOTS((3,3),(0.,0.0709661896555785),.UNSPECIFIED.)
CURVE()
GEOMETRIC_REPRESENTATION_ITEM()
RATIONAL_B_SPLINE_CURVE((1.,1.,1.))
REPRESENTATION_ITEM('')
);
#30=(
BOUNDED_CURVE()
B_SPLINE_CURVE(2,(#3592,#3593,#3594),.UNSPECIFIED.,.F.,.F.)
B_SPLINE_CURVE_WITH_KNOTS((3,3),(0.,0.0615207394761665),.UNSPECIFIED.)
CURVE()
GEOMETRIC_REPRESENTATION_ITEM()
RATIONAL_B_SPLINE_CURVE((1.,1.,1.))
REPRESENTATION_ITEM('')
);
#31=B_SPLINE_CURVE_WITH_KNOTS('',3,(#3361,#3362,#3363,#3364,#3365,#3366,
#3367,#3368,#3369,#3370,#3371,#3372,#3373,#3374,#3375,#3376,#3377,#3378,
#3379,#3380,#3381,#3382),.UNSPECIFIED.,.F.,.F.,(4,2,2,2,2,2,2,2,2,2,4),
(0.,0.0451307048327983,0.0902614096655967,0.126505922514527,0.155308533431081,
0.184111144347635,0.212913755264189,0.241716366180744,0.277960879029674,
0.323091583862473,0.368222288695271),.UNSPECIFIED.);
#32=B_SPLINE_CURVE_WITH_KNOTS('',3,(#3386,#3387,#3388,#3389,#3390,#3391,
#3392,#3393,#3394,#3395,#3396,#3397,#3398,#3399,#3400,#3401,#3402,#3403,
#3404,#3405,#3406,#3407),.UNSPECIFIED.,.F.,.F.,(4,2,2,2,2,2,2,2,2,2,4),
(-0.368222288695271,-0.323091583862472,-0.277960879029674,-0.241716366180743,
-0.212913755264189,-0.184111144347635,-0.155308533431081,-0.126505922514527,
-0.0902614096655967,-0.0451307048327984,0.),.UNSPECIFIED.);
#33=B_SPLINE_CURVE_WITH_KNOTS('',3,(#3522,#3523,#3524,#3525,#3526,#3527,
#3528,#3529,#3530,#3531,#3532,#3533,#3534,#3535,#3536,#3537,#3538,#3539),
 .UNSPECIFIED.,.F.,.F.,(4,2,2,2,2,2,2,2,4),(1.53265240835847,1.61963127262019,
1.70661013688191,1.80660573193216,1.90660132698241,2.01000754116383,2.11341375534524,
2.21328509538014,2.31315643541504),.UNSPECIFIED.);
#34=B_SPLINE_CURVE_WITH_KNOTS('',3,(#3744,#3745,#3746,#3747,#3748,#3749,
#3750,#3751,#3752,#3753,#3754,#3755,#3756,#3757,#3758,#3759,#3760,#3761),
 .UNSPECIFIED.,.F.,.F.,(4,2,2,2,2,2,2,2,4),(0.756423692949718,0.859098893550813,
0.961774094151909,1.07041557205361,1.1790570499553,1.28345149630037,1.38784594264544,
1.47210952008175,1.55637309751806),.UNSPECIFIED.);
#35=FACE_BOUND('',#376,.T.);
#36=FACE_BOUND('',#377,.T.);
#37=FACE_BOUND('',#383,.T.);
#38=FACE_BOUND('',#437,.T.);
#39=FACE_BOUND('',#448,.T.);
#40=FACE_BOUND('',#478,.T.);
#41=FACE_BOUND('',#479,.T.);
#42=FACE_BOUND('',#480,.T.);
#43=FACE_BOUND('',#481,.T.);
#44=FACE_BOUND('',#482,.T.);
#45=FACE_BOUND('',#483,.T.);
#46=FACE_BOUND('',#484,.T.);
#47=CYLINDRICAL_SURFACE('',#2267,1.88);
#48=CYLINDRICAL_SURFACE('',#2270,1.88);
#49=CYLINDRICAL_SURFACE('',#2283,1.87999999999999);
#50=CYLINDRICAL_SURFACE('',#2286,1.88);
#51=CYLINDRICAL_SURFACE('',#2298,1.35);
#52=CYLINDRICAL_SURFACE('',#2302,1.35);
#53=CYLINDRICAL_SURFACE('',#2306,1.35);
#54=CYLINDRICAL_SURFACE('',#2310,1.35);
#55=CYLINDRICAL_SURFACE('',#2314,1.35);
#56=CYLINDRICAL_SURFACE('',#2318,1.35);
#57=CYLINDRICAL_SURFACE('',#2322,1.75);
#58=CYLINDRICAL_SURFACE('',#2326,5.);
#59=CYLINDRICAL_SURFACE('',#2339,10.);
#60=CYLINDRICAL_SURFACE('',#2342,10.);
#61=CYLINDRICAL_SURFACE('',#2346,2.50000000000001);
#62=CYLINDRICAL_SURFACE('',#2349,2.5);
#63=CYLINDRICAL_SURFACE('',#2362,3.88);
#64=CYLINDRICAL_SURFACE('',#2366,3.88);
#65=CYLINDRICAL_SURFACE('',#2369,3.88);
#66=CYLINDRICAL_SURFACE('',#2372,3.87999999999999);
#67=CYLINDRICAL_SURFACE('',#2379,0.25);
#68=CYLINDRICAL_SURFACE('',#2386,0.25);
#69=CYLINDRICAL_SURFACE('',#2392,0.25);
#70=CYLINDRICAL_SURFACE('',#2398,0.25);
#71=CYLINDRICAL_SURFACE('',#2402,1.75);
#72=CYLINDRICAL_SURFACE('',#2405,1.75);
#73=CYLINDRICAL_SURFACE('',#2409,0.25);
#74=CYLINDRICAL_SURFACE('',#2415,0.25);
#75=CYLINDRICAL_SURFACE('',#2420,0.25);
#76=CYLINDRICAL_SURFACE('',#2425,0.25);
#77=CYLINDRICAL_SURFACE('',#2434,5.);
#78=CYLINDRICAL_SURFACE('',#2438,5.);
#79=CYLINDRICAL_SURFACE('',#2442,5.);
#80=CYLINDRICAL_SURFACE('',#2445,1.75000000000001);
#81=CYLINDRICAL_SURFACE('',#2471,12.5);
#82=CYLINDRICAL_SURFACE('',#2474,7.5);
#83=CYLINDRICAL_SURFACE('',#2476,7.5);
#84=CYLINDRICAL_SURFACE('',#2480,7.5);
#85=CYLINDRICAL_SURFACE('',#2489,50.);
#86=CYLINDRICAL_SURFACE('',#2491,5.15);
#87=CYLINDRICAL_SURFACE('',#2496,5.15);
#88=CYLINDRICAL_SURFACE('',#2498,5.15);
#89=CYLINDRICAL_SURFACE('',#2503,12.5);
#90=CYLINDRICAL_SURFACE('',#2506,12.5);
#91=CIRCLE('',#2260,1.88);
#92=CIRCLE('',#2261,2.13);
#93=CIRCLE('',#2264,1.88);
#94=CIRCLE('',#2265,2.13);
#95=CIRCLE('',#2268,1.88);
#96=CIRCLE('',#2271,1.88);
#97=CIRCLE('',#2275,1.88);
#98=CIRCLE('',#2276,2.13);
#99=CIRCLE('',#2279,1.87999999999999);
#100=CIRCLE('',#2280,2.12999999999999);
#101=CIRCLE('',#2284,1.87999999999999);
#102=CIRCLE('',#2287,1.88);
#103=CIRCLE('',#2292,3.63);
#104=CIRCLE('',#2293,3.63);
#105=CIRCLE('',#2294,3.63);
#106=CIRCLE('',#2295,3.62999999999999);
#107=CIRCLE('',#2299,1.35);
#108=CIRCLE('',#2300,1.35);
#109=CIRCLE('',#2303,1.35);
#110=CIRCLE('',#2304,1.35);
#111=CIRCLE('',#2307,1.35);
#112=CIRCLE('',#2308,1.35);
#113=CIRCLE('',#2311,1.35);
#114=CIRCLE('',#2312,1.35);
#115=CIRCLE('',#2315,1.35);
#116=CIRCLE('',#2316,1.35);
#117=CIRCLE('',#2319,1.35);
#118=CIRCLE('',#2320,1.35);
#119=CIRCLE('',#2323,1.75);
#120=CIRCLE('',#2324,1.75);
#121=CIRCLE('',#2327,5.);
#122=CIRCLE('',#2328,5.);
#123=CIRCLE('',#2330,2.5);
#124=CIRCLE('',#2331,2.50000000000001);
#125=CIRCLE('',#2332,10.);
#126=CIRCLE('',#2333,10.);
#127=CIRCLE('',#2334,8.88);
#128=CIRCLE('',#2335,8.88);
#129=CIRCLE('',#2336,8.88);
#130=CIRCLE('',#2337,8.87999999999999);
#131=CIRCLE('',#2340,10.);
#132=CIRCLE('',#2343,10.);
#133=CIRCLE('',#2347,2.50000000000001);
#134=CIRCLE('',#2350,2.5);
#135=CIRCLE('',#2352,3.87999999999999);
#136=CIRCLE('',#2355,3.88);
#137=CIRCLE('',#2358,3.88);
#138=CIRCLE('',#2361,3.88);
#139=CIRCLE('',#2364,3.88);
#140=CIRCLE('',#2367,3.88);
#141=CIRCLE('',#2370,3.88);
#142=CIRCLE('',#2374,3.87999999999999);
#143=CIRCLE('',#2380,0.249999999999999);
#144=CIRCLE('',#2381,0.250000000000004);
#145=CIRCLE('',#2383,0.25);
#146=CIRCLE('',#2384,2.);
#147=CIRCLE('',#2385,1.75);
#148=CIRCLE('',#2387,0.25000000000002);
#149=CIRCLE('',#2389,0.250000000000012);
#150=CIRCLE('',#2390,2.);
#151=CIRCLE('',#2391,1.75);
#152=CIRCLE('',#2393,0.249999999999986);
#153=CIRCLE('',#2395,0.250000000000017);
#154=CIRCLE('',#2396,2.00000000000001);
#155=CIRCLE('',#2397,1.75000000000001);
#156=CIRCLE('',#2399,0.250000000000009);
#157=CIRCLE('',#2401,2.);
#158=CIRCLE('',#2403,1.75);
#159=CIRCLE('',#2406,1.75);
#160=CIRCLE('',#2410,0.249999999999999);
#161=CIRCLE('',#2411,0.250000000000004);
#162=CIRCLE('',#2413,0.25);
#163=CIRCLE('',#2414,2.);
#164=CIRCLE('',#2416,0.25000000000002);
#165=CIRCLE('',#2418,0.250000000000004);
#166=CIRCLE('',#2419,2.);
#167=CIRCLE('',#2421,0.250000000000004);
#168=CIRCLE('',#2423,0.25);
#169=CIRCLE('',#2424,2.);
#170=CIRCLE('',#2426,0.249999999999926);
#171=CIRCLE('',#2428,2.00000000000001);
#172=CIRCLE('',#2429,1.75000000000001);
#173=CIRCLE('',#2433,5.);
#174=CIRCLE('',#2435,5.);
#175=CIRCLE('',#2437,5.);
#176=CIRCLE('',#2439,5.);
#177=CIRCLE('',#2441,4.99999999999999);
#178=CIRCLE('',#2443,5.);
#179=CIRCLE('',#2449,5.00000000000001);
#180=CIRCLE('',#2450,7.5);
#181=CIRCLE('',#2453,5.);
#182=CIRCLE('',#2454,7.5);
#183=CIRCLE('',#2457,10.);
#184=CIRCLE('',#2458,12.5);
#185=CIRCLE('',#2461,10.);
#186=CIRCLE('',#2462,12.5);
#187=CIRCLE('',#2465,10.);
#188=CIRCLE('',#2466,12.5);
#189=CIRCLE('',#2469,5.);
#190=CIRCLE('',#2470,7.5);
#191=CIRCLE('',#2472,12.5);
#192=CIRCLE('',#2475,7.5);
#193=CIRCLE('',#2477,7.5);
#194=CIRCLE('',#2481,7.5);
#195=CIRCLE('',#2483,12.5);
#196=CIRCLE('',#2484,12.5);
#197=CIRCLE('',#2485,50.);
#198=CIRCLE('',#2486,5.15);
#199=CIRCLE('',#2487,5.15);
#200=CIRCLE('',#2488,5.15);
#201=CIRCLE('',#2490,50.);
#202=CIRCLE('',#2492,5.15);
#203=CIRCLE('',#2494,5.15);
#204=CIRCLE('',#2495,5.15);
#205=CONICAL_SURFACE('',#2259,2.005,0.785398163397454);
#206=CONICAL_SURFACE('',#2263,2.005,0.785398163397449);
#207=CONICAL_SURFACE('',#2274,2.005,0.785398163397449);
#208=CONICAL_SURFACE('',#2278,2.00499999999999,0.785398163397446);
#209=CONICAL_SURFACE('',#2351,3.75499999999999,0.785398163397452);
#210=CONICAL_SURFACE('',#2354,3.755,0.785398163397449);
#211=CONICAL_SURFACE('',#2357,3.755,0.785398163397444);
#212=CONICAL_SURFACE('',#2360,3.755,0.785398163397438);
#213=CONICAL_SURFACE('',#2448,6.25,0.785398163397448);
#214=CONICAL_SURFACE('',#2452,6.25,0.785398163397449);
#215=CONICAL_SURFACE('',#2456,11.25,0.785398163397447);
#216=CONICAL_SURFACE('',#2460,11.25,0.785398163397447);
#217=CONICAL_SURFACE('',#2464,11.25,0.785398163397449);
#218=CONICAL_SURFACE('',#2468,6.25,0.785398163397448);
#219=FACE_OUTER_BOUND('',#353,.T.);
#220=FACE_OUTER_BOUND('',#354,.T.);
#221=FACE_OUTER_BOUND('',#355,.T.);
#222=FACE_OUTER_BOUND('',#356,.T.);
#223=FACE_OUTER_BOUND('',#357,.T.);
#224=FACE_OUTER_BOUND('',#358,.T.);
#225=FACE_OUTER_BOUND('',#359,.T.);
#226=FACE_OUTER_BOUND('',#360,.T.);
#227=FACE_OUTER_BOUND('',#361,.T.);
#228=FACE_OUTER_BOUND('',#362,.T.);
#229=FACE_OUTER_BOUND('',#363,.T.);
#230=FACE_OUTER_BOUND('',#364,.T.);
#231=FACE_OUTER_BOUND('',#365,.T.);
#232=FACE_OUTER_BOUND('',#366,.T.);
#233=FACE_OUTER_BOUND('',#367,.T.);
#234=FACE_OUTER_BOUND('',#368,.T.);
#235=FACE_OUTER_BOUND('',#369,.T.);
#236=FACE_OUTER_BOUND('',#370,.T.);
#237=FACE_OUTER_BOUND('',#371,.T.);
#238=FACE_OUTER_BOUND('',#372,.T.);
#239=FACE_OUTER_BOUND('',#373,.T.);
#240=FACE_OUTER_BOUND('',#374,.T.);
#241=FACE_OUTER_BOUND('',#375,.T.);
#242=FACE_OUTER_BOUND('',#378,.T.);
#243=FACE_OUTER_BOUND('',#379,.T.);
#244=FACE_OUTER_BOUND('',#380,.T.);
#245=FACE_OUTER_BOUND('',#381,.T.);
#246=FACE_OUTER_BOUND('',#382,.T.);
#247=FACE_OUTER_BOUND('',#384,.T.);
#248=FACE_OUTER_BOUND('',#385,.T.);
#249=FACE_OUTER_BOUND('',#386,.T.);
#250=FACE_OUTER_BOUND('',#387,.T.);
#251=FACE_OUTER_BOUND('',#388,.T.);
#252=FACE_OUTER_BOUND('',#389,.T.);
#253=FACE_OUTER_BOUND('',#390,.T.);
#254=FACE_OUTER_BOUND('',#391,.T.);
#255=FACE_OUTER_BOUND('',#392,.T.);
#256=FACE_OUTER_BOUND('',#393,.T.);
#257=FACE_OUTER_BOUND('',#394,.T.);
#258=FACE_OUTER_BOUND('',#395,.T.);
#259=FACE_OUTER_BOUND('',#396,.T.);
#260=FACE_OUTER_BOUND('',#397,.T.);
#261=FACE_OUTER_BOUND('',#398,.T.);
#262=FACE_OUTER_BOUND('',#399,.T.);
#263=FACE_OUTER_BOUND('',#400,.T.);
#264=FACE_OUTER_BOUND('',#401,.T.);
#265=FACE_OUTER_BOUND('',#402,.T.);
#266=FACE_OUTER_BOUND('',#403,.T.);
#267=FACE_OUTER_BOUND('',#404,.T.);
#268=FACE_OUTER_BOUND('',#405,.T.);
#269=FACE_OUTER_BOUND('',#406,.T.);
#270=FACE_OUTER_BOUND('',#407,.T.);
#271=FACE_OUTER_BOUND('',#408,.T.);
#272=FACE_OUTER_BOUND('',#409,.T.);
#273=FACE_OUTER_BOUND('',#410,.T.);
#274=FACE_OUTER_BOUND('',#411,.T.);
#275=FACE_OUTER_BOUND('',#412,.T.);
#276=FACE_OUTER_BOUND('',#413,.T.);
#277=FACE_OUTER_BOUND('',#414,.T.);
#278=FACE_OUTER_BOUND('',#415,.T.);
#279=FACE_OUTER_BOUND('',#416,.T.);
#280=FACE_OUTER_BOUND('',#417,.T.);
#281=FACE_OUTER_BOUND('',#418,.T.);
#282=FACE_OUTER_BOUND('',#419,.T.);
#283=FACE_OUTER_BOUND('',#420,.T.);
#284=FACE_OUTER_BOUND('',#421,.T.);
#285=FACE_OUTER_BOUND('',#422,.T.);
#286=FACE_OUTER_BOUND('',#423,.T.);
#287=FACE_OUTER_BOUND('',#424,.T.);
#288=FACE_OUTER_BOUND('',#425,.T.);
#289=FACE_OUTER_BOUND('',#426,.T.);
#290=FACE_OUTER_BOUND('',#427,.T.);
#291=FACE_OUTER_BOUND('',#428,.T.);
#292=FACE_OUTER_BOUND('',#429,.T.);
#293=FACE_OUTER_BOUND('',#430,.T.);
#294=FACE_OUTER_BOUND('',#431,.T.);
#295=FACE_OUTER_BOUND('',#432,.T.);
#296=FACE_OUTER_BOUND('',#433,.T.);
#297=FACE_OUTER_BOUND('',#434,.T.);
#298=FACE_OUTER_BOUND('',#435,.T.);
#299=FACE_OUTER_BOUND('',#436,.T.);
#300=FACE_OUTER_BOUND('',#438,.T.);
#301=FACE_OUTER_BOUND('',#439,.T.);
#302=FACE_OUTER_BOUND('',#440,.T.);
#303=FACE_OUTER_BOUND('',#441,.T.);
#304=FACE_OUTER_BOUND('',#442,.T.);
#305=FACE_OUTER_BOUND('',#443,.T.);
#306=FACE_OUTER_BOUND('',#444,.T.);
#307=FACE_OUTER_BOUND('',#445,.T.);
#308=FACE_OUTER_BOUND('',#446,.T.);
#309=FACE_OUTER_BOUND('',#447,.T.);
#310=FACE_OUTER_BOUND('',#449,.T.);
#311=FACE_OUTER_BOUND('',#450,.T.);
#312=FACE_OUTER_BOUND('',#451,.T.);
#313=FACE_OUTER_BOUND('',#452,.T.);
#314=FACE_OUTER_BOUND('',#453,.T.);
#315=FACE_OUTER_BOUND('',#454,.T.);
#316=FACE_OUTER_BOUND('',#455,.T.);
#317=FACE_OUTER_BOUND('',#456,.T.);
#318=FACE_OUTER_BOUND('',#457,.T.);
#319=FACE_OUTER_BOUND('',#458,.T.);
#320=FACE_OUTER_BOUND('',#459,.T.);
#321=FACE_OUTER_BOUND('',#460,.T.);
#322=FACE_OUTER_BOUND('',#461,.T.);
#323=FACE_OUTER_BOUND('',#462,.T.);
#324=FACE_OUTER_BOUND('',#463,.T.);
#325=FACE_OUTER_BOUND('',#464,.T.);
#326=FACE_OUTER_BOUND('',#465,.T.);
#327=FACE_OUTER_BOUND('',#466,.T.);
#328=FACE_OUTER_BOUND('',#467,.T.);
#329=FACE_OUTER_BOUND('',#468,.T.);
#330=FACE_OUTER_BOUND('',#469,.T.);
#331=FACE_OUTER_BOUND('',#470,.T.);
#332=FACE_OUTER_BOUND('',#471,.T.);
#333=FACE_OUTER_BOUND('',#472,.T.);
#334=FACE_OUTER_BOUND('',#473,.T.);
#335=FACE_OUTER_BOUND('',#474,.T.);
#336=FACE_OUTER_BOUND('',#475,.T.);
#337=FACE_OUTER_BOUND('',#476,.T.);
#338=FACE_OUTER_BOUND('',#477,.T.);
#339=FACE_OUTER_BOUND('',#485,.T.);
#340=FACE_OUTER_BOUND('',#486,.T.);
#341=FACE_OUTER_BOUND('',#487,.T.);
#342=FACE_OUTER_BOUND('',#488,.T.);
#343=FACE_OUTER_BOUND('',#489,.T.);
#344=FACE_OUTER_BOUND('',#490,.T.);
#345=FACE_OUTER_BOUND('',#491,.T.);
#346=FACE_OUTER_BOUND('',#492,.T.);
#347=FACE_OUTER_BOUND('',#493,.T.);
#348=FACE_OUTER_BOUND('',#494,.T.);
#349=FACE_OUTER_BOUND('',#495,.T.);
#350=FACE_OUTER_BOUND('',#496,.T.);
#351=FACE_OUTER_BOUND('',#497,.T.);
#352=FACE_OUTER_BOUND('',#498,.T.);
#353=EDGE_LOOP('',(#1407,#1408,#1409,#1410));
#354=EDGE_LOOP('',(#1411,#1412,#1413,#1414));
#355=EDGE_LOOP('',(#1415,#1416,#1417,#1418));
#356=EDGE_LOOP('',(#1419,#1420,#1421,#1422));
#357=EDGE_LOOP('',(#1423,#1424,#1425,#1426));
#358=EDGE_LOOP('',(#1427,#1428,#1429,#1430));
#359=EDGE_LOOP('',(#1431,#1432,#1433,#1434));
#360=EDGE_LOOP('',(#1435,#1436,#1437,#1438));
#361=EDGE_LOOP('',(#1439,#1440,#1441,#1442));
#362=EDGE_LOOP('',(#1443,#1444,#1445,#1446));
#363=EDGE_LOOP('',(#1447,#1448,#1449,#1450));
#364=EDGE_LOOP('',(#1451,#1452,#1453,#1454));
#365=EDGE_LOOP('',(#1455,#1456,#1457,#1458));
#366=EDGE_LOOP('',(#1459,#1460,#1461,#1462));
#367=EDGE_LOOP('',(#1463,#1464,#1465,#1466));
#368=EDGE_LOOP('',(#1467,#1468,#1469,#1470));
#369=EDGE_LOOP('',(#1471,#1472,#1473,#1474));
#370=EDGE_LOOP('',(#1475,#1476,#1477,#1478));
#371=EDGE_LOOP('',(#1479,#1480,#1481,#1482));
#372=EDGE_LOOP('',(#1483,#1484,#1485,#1486));
#373=EDGE_LOOP('',(#1487,#1488,#1489,#1490,#1491,#1492));
#374=EDGE_LOOP('',(#1493,#1494,#1495,#1496,#1497,#1498));
#375=EDGE_LOOP('',(#1499,#1500,#1501,#1502,#1503,#1504,#1505,#1506,#1507));
#376=EDGE_LOOP('',(#1508,#1509,#1510,#1511,#1512,#1513));
#377=EDGE_LOOP('',(#1514,#1515,#1516,#1517,#1518,#1519));
#378=EDGE_LOOP('',(#1520,#1521,#1522,#1523));
#379=EDGE_LOOP('',(#1524,#1525,#1526,#1527));
#380=EDGE_LOOP('',(#1528,#1529,#1530,#1531));
#381=EDGE_LOOP('',(#1532));
#382=EDGE_LOOP('',(#1533,#1534,#1535,#1536));
#383=EDGE_LOOP('',(#1537,#1538,#1539,#1540));
#384=EDGE_LOOP('',(#1541));
#385=EDGE_LOOP('',(#1542,#1543,#1544,#1545));
#386=EDGE_LOOP('',(#1546));
#387=EDGE_LOOP('',(#1547,#1548,#1549,#1550));
#388=EDGE_LOOP('',(#1551));
#389=EDGE_LOOP('',(#1552,#1553,#1554,#1555));
#390=EDGE_LOOP('',(#1556));
#391=EDGE_LOOP('',(#1557,#1558,#1559,#1560));
#392=EDGE_LOOP('',(#1561));
#393=EDGE_LOOP('',(#1562,#1563,#1564,#1565,#1566,#1567));
#394=EDGE_LOOP('',(#1568,#1569,#1570,#1571));
#395=EDGE_LOOP('',(#1572,#1573,#1574,#1575));
#396=EDGE_LOOP('',(#1576,#1577,#1578,#1579,#1580,#1581,#1582,#1583,#1584,
#1585,#1586,#1587,#1588,#1589,#1590,#1591,#1592,#1593,#1594,#1595));
#397=EDGE_LOOP('',(#1596,#1597,#1598,#1599));
#398=EDGE_LOOP('',(#1600,#1601,#1602,#1603));
#399=EDGE_LOOP('',(#1604,#1605,#1606,#1607,#1608,#1609,#1610,#1611,#1612));
#400=EDGE_LOOP('',(#1613,#1614,#1615,#1616));
#401=EDGE_LOOP('',(#1617,#1618,#1619,#1620));
#402=EDGE_LOOP('',(#1621,#1622,#1623,#1624));
#403=EDGE_LOOP('',(#1625,#1626,#1627,#1628));
#404=EDGE_LOOP('',(#1629,#1630,#1631,#1632));
#405=EDGE_LOOP('',(#1633,#1634,#1635,#1636));
#406=EDGE_LOOP('',(#1637,#1638,#1639,#1640));
#407=EDGE_LOOP('',(#1641,#1642,#1643,#1644));
#408=EDGE_LOOP('',(#1645,#1646,#1647,#1648));
#409=EDGE_LOOP('',(#1649,#1650,#1651,#1652));
#410=EDGE_LOOP('',(#1653,#1654,#1655,#1656));
#411=EDGE_LOOP('',(#1657,#1658,#1659,#1660));
#412=EDGE_LOOP('',(#1661,#1662,#1663,#1664));
#413=EDGE_LOOP('',(#1665,#1666,#1667,#1668,#1669));
#414=EDGE_LOOP('',(#1670,#1671,#1672,#1673));
#415=EDGE_LOOP('',(#1674,#1675,#1676,#1677));
#416=EDGE_LOOP('',(#1678,#1679,#1680,#1681));
#417=EDGE_LOOP('',(#1682,#1683,#1684,#1685));
#418=EDGE_LOOP('',(#1686,#1687,#1688,#1689));
#419=EDGE_LOOP('',(#1690,#1691,#1692,#1693,#1694));
#420=EDGE_LOOP('',(#1695,#1696,#1697,#1698,#1699));
#421=EDGE_LOOP('',(#1700,#1701,#1702,#1703,#1704));
#422=EDGE_LOOP('',(#1705,#1706,#1707,#1708));
#423=EDGE_LOOP('',(#1709,#1710,#1711,#1712));
#424=EDGE_LOOP('',(#1713,#1714,#1715,#1716));
#425=EDGE_LOOP('',(#1717,#1718,#1719,#1720));
#426=EDGE_LOOP('',(#1721,#1722,#1723,#1724));
#427=EDGE_LOOP('',(#1725,#1726,#1727,#1728));
#428=EDGE_LOOP('',(#1729,#1730,#1731,#1732));
#429=EDGE_LOOP('',(#1733,#1734,#1735,#1736));
#430=EDGE_LOOP('',(#1737,#1738,#1739,#1740));
#431=EDGE_LOOP('',(#1741,#1742,#1743,#1744));
#432=EDGE_LOOP('',(#1745,#1746,#1747,#1748));
#433=EDGE_LOOP('',(#1749,#1750,#1751,#1752));
#434=EDGE_LOOP('',(#1753,#1754,#1755,#1756,#1757,#1758));
#435=EDGE_LOOP('',(#1759,#1760,#1761,#1762));
#436=EDGE_LOOP('',(#1763,#1764,#1765,#1766));
#437=EDGE_LOOP('',(#1767,#1768,#1769,#1770,#1771,#1772,#1773,#1774));
#438=EDGE_LOOP('',(#1775,#1776,#1777,#1778));
#439=EDGE_LOOP('',(#1779,#1780,#1781,#1782));
#440=EDGE_LOOP('',(#1783,#1784,#1785,#1786));
#441=EDGE_LOOP('',(#1787,#1788,#1789,#1790));
#442=EDGE_LOOP('',(#1791,#1792,#1793,#1794));
#443=EDGE_LOOP('',(#1795,#1796,#1797,#1798));
#444=EDGE_LOOP('',(#1799,#1800,#1801,#1802));
#445=EDGE_LOOP('',(#1803,#1804,#1805,#1806));
#446=EDGE_LOOP('',(#1807,#1808,#1809,#1810));
#447=EDGE_LOOP('',(#1811,#1812,#1813,#1814,#1815,#1816,#1817));
#448=EDGE_LOOP('',(#1818,#1819,#1820,#1821,#1822,#1823,#1824,#1825));
#449=EDGE_LOOP('',(#1826,#1827,#1828,#1829));
#450=EDGE_LOOP('',(#1830,#1831,#1832,#1833));
#451=EDGE_LOOP('',(#1834,#1835,#1836,#1837));
#452=EDGE_LOOP('',(#1838,#1839,#1840,#1841));
#453=EDGE_LOOP('',(#1842,#1843,#1844,#1845));
#454=EDGE_LOOP('',(#1846,#1847,#1848,#1849));
#455=EDGE_LOOP('',(#1850,#1851,#1852,#1853));
#456=EDGE_LOOP('',(#1854,#1855,#1856,#1857));
#457=EDGE_LOOP('',(#1858,#1859,#1860,#1861));
#458=EDGE_LOOP('',(#1862,#1863,#1864,#1865));
#459=EDGE_LOOP('',(#1866,#1867,#1868,#1869));
#460=EDGE_LOOP('',(#1870,#1871,#1872,#1873));
#461=EDGE_LOOP('',(#1874,#1875,#1876,#1877));
#462=EDGE_LOOP('',(#1878,#1879,#1880,#1881));
#463=EDGE_LOOP('',(#1882,#1883,#1884,#1885));
#464=EDGE_LOOP('',(#1886,#1887,#1888,#1889));
#465=EDGE_LOOP('',(#1890,#1891,#1892,#1893));
#466=EDGE_LOOP('',(#1894,#1895,#1896,#1897));
#467=EDGE_LOOP('',(#1898,#1899,#1900,#1901));
#468=EDGE_LOOP('',(#1902,#1903,#1904,#1905));
#469=EDGE_LOOP('',(#1906,#1907,#1908,#1909));
#470=EDGE_LOOP('',(#1910,#1911,#1912,#1913));
#471=EDGE_LOOP('',(#1914,#1915,#1916,#1917));
#472=EDGE_LOOP('',(#1918,#1919,#1920,#1921));
#473=EDGE_LOOP('',(#1922,#1923,#1924,#1925));
#474=EDGE_LOOP('',(#1926,#1927,#1928,#1929));
#475=EDGE_LOOP('',(#1930,#1931,#1932,#1933,#1934,#1935,#1936,#1937,#1938,
#1939,#1940,#1941));
#476=EDGE_LOOP('',(#1942,#1943,#1944,#1945));
#477=EDGE_LOOP('',(#1946,#1947,#1948,#1949,#1950,#1951,#1952,#1953,#1954,
#1955,#1956,#1957));
#478=EDGE_LOOP('',(#1958,#1959,#1960,#1961,#1962,#1963,#1964,#1965,#1966,
#1967));
#479=EDGE_LOOP('',(#1968));
#480=EDGE_LOOP('',(#1969));
#481=EDGE_LOOP('',(#1970));
#482=EDGE_LOOP('',(#1971));
#483=EDGE_LOOP('',(#1972));
#484=EDGE_LOOP('',(#1973));
#485=EDGE_LOOP('',(#1974,#1975,#1976,#1977));
#486=EDGE_LOOP('',(#1978,#1979,#1980,#1981));
#487=EDGE_LOOP('',(#1982,#1983,#1984,#1985,#1986,#1987,#1988,#1989,#1990,
#1991,#1992,#1993,#1994,#1995,#1996,#1997,#1998));
#488=EDGE_LOOP('',(#1999,#2000,#2001,#2002));
#489=EDGE_LOOP('',(#2003,#2004,#2005,#2006));
#490=EDGE_LOOP('',(#2007,#2008,#2009,#2010));
#491=EDGE_LOOP('',(#2011,#2012,#2013,#2014));
#492=EDGE_LOOP('',(#2015,#2016,#2017,#2018,#2019,#2020));
#493=EDGE_LOOP('',(#2021,#2022,#2023,#2024));
#494=EDGE_LOOP('',(#2025,#2026,#2027,#2028));
#495=EDGE_LOOP('',(#2029,#2030,#2031,#2032));
#496=EDGE_LOOP('',(#2033,#2034,#2035,#2036));
#497=EDGE_LOOP('',(#2037,#2038,#2039,#2040));
#498=EDGE_LOOP('',(#2041,#2042,#2043,#2044));
#499=LINE('',#3210,#696);
#500=LINE('',#3212,#697);
#501=LINE('',#3214,#698);
#502=LINE('',#3215,#699);
#503=LINE('',#3219,#700);
#504=LINE('',#3221,#701);
#505=LINE('',#3223,#702);
#506=LINE('',#3224,#703);
#507=LINE('',#3229,#704);
#508=LINE('',#3234,#705);
#509=LINE('',#3235,#706);
#510=LINE('',#3236,#707);
#511=LINE('',#3242,#708);
#512=LINE('',#3244,#709);
#513=LINE('',#3245,#710);
#514=LINE('',#3248,#711);
#515=LINE('',#3252,#712);
#516=LINE('',#3253,#713);
#517=LINE('',#3256,#714);
#518=LINE('',#3260,#715);
#519=LINE('',#3261,#716);
#520=LINE('',#3265,#717);
#521=LINE('',#3267,#718);
#522=LINE('',#3269,#719);
#523=LINE('',#3270,#720);
#524=LINE('',#3275,#721);
#525=LINE('',#3280,#722);
#526=LINE('',#3281,#723);
#527=LINE('',#3282,#724);
#528=LINE('',#3287,#725);
#529=LINE('',#3292,#726);
#530=LINE('',#3293,#727);
#531=LINE('',#3294,#728);
#532=LINE('',#3297,#729);
#533=LINE('',#3299,#730);
#534=LINE('',#3300,#731);
#535=LINE('',#3303,#732);
#536=LINE('',#3307,#733);
#537=LINE('',#3308,#734);
#538=LINE('',#3311,#735);
#539=LINE('',#3315,#736);
#540=LINE('',#3316,#737);
#541=LINE('',#3318,#738);
#542=LINE('',#3320,#739);
#543=LINE('',#3326,#740);
#544=LINE('',#3330,#741);
#545=LINE('',#3334,#742);
#546=LINE('',#3336,#743);
#547=LINE('',#3339,#744);
#548=LINE('',#3340,#745);
#549=LINE('',#3341,#746);
#550=LINE('',#3343,#747);
#551=LINE('',#3345,#748);
#552=LINE('',#3350,#749);
#553=LINE('',#3357,#750);
#554=LINE('',#3384,#751);
#555=LINE('',#3408,#752);
#556=LINE('',#3414,#753);
#557=LINE('',#3421,#754);
#558=LINE('',#3428,#755);
#559=LINE('',#3435,#756);
#560=LINE('',#3440,#757);
#561=LINE('',#3444,#758);
#562=LINE('',#3447,#759);
#563=LINE('',#3450,#760);
#564=LINE('',#3451,#761);
#565=LINE('',#3457,#762);
#566=LINE('',#3460,#763);
#567=LINE('',#3463,#764);
#568=LINE('',#3467,#765);
#569=LINE('',#3471,#766);
#570=LINE('',#3475,#767);
#571=LINE('',#3479,#768);
#572=LINE('',#3483,#769);
#573=LINE('',#3487,#770);
#574=LINE('',#3491,#771);
#575=LINE('',#3495,#772);
#576=LINE('',#3497,#773);
#577=LINE('',#3498,#774);
#578=LINE('',#3501,#775);
#579=LINE('',#3502,#776);
#580=LINE('',#3505,#777);
#581=LINE('',#3508,#778);
#582=LINE('',#3511,#779);
#583=LINE('',#3513,#780);
#584=LINE('',#3515,#781);
#585=LINE('',#3517,#782);
#586=LINE('',#3519,#783);
#587=LINE('',#3521,#784);
#588=LINE('',#3544,#785);
#589=LINE('',#3545,#786);
#590=LINE('',#3548,#787);
#591=LINE('',#3549,#788);
#592=LINE('',#3551,#789);
#593=LINE('',#3555,#790);
#594=LINE('',#3558,#791);
#595=LINE('',#3559,#792);
#596=LINE('',#3569,#793);
#597=LINE('',#3572,#794);
#598=LINE('',#3573,#795);
#599=LINE('',#3576,#796);
#600=LINE('',#3580,#797);
#601=LINE('',#3581,#798);
#602=LINE('',#3584,#799);
#603=LINE('',#3588,#800);
#604=LINE('',#3589,#801);
#605=LINE('',#3599,#802);
#606=LINE('',#3603,#803);
#607=LINE('',#3604,#804);
#608=LINE('',#3607,#805);
#609=LINE('',#3611,#806);
#610=LINE('',#3612,#807);
#611=LINE('',#3615,#808);
#612=LINE('',#3619,#809);
#613=LINE('',#3620,#810);
#614=LINE('',#3625,#811);
#615=LINE('',#3628,#812);
#616=LINE('',#3630,#813);
#617=LINE('',#3638,#814);
#618=LINE('',#3649,#815);
#619=LINE('',#3650,#816);
#620=LINE('',#3661,#817);
#621=LINE('',#3662,#818);
#622=LINE('',#3672,#819);
#623=LINE('',#3673,#820);
#624=LINE('',#3678,#821);
#625=LINE('',#3681,#822);
#626=LINE('',#3684,#823);
#627=LINE('',#3685,#824);
#628=LINE('',#3688,#825);
#629=LINE('',#3691,#826);
#630=LINE('',#3695,#827);
#631=LINE('',#3697,#828);
#632=LINE('',#3699,#829);
#633=LINE('',#3700,#830);
#634=LINE('',#3705,#831);
#635=LINE('',#3708,#832);
#636=LINE('',#3716,#833);
#637=LINE('',#3724,#834);
#638=LINE('',#3733,#835);
#639=LINE('',#3734,#836);
#640=LINE('',#3739,#837);
#641=LINE('',#3742,#838);
#642=LINE('',#3743,#839);
#643=LINE('',#3776,#840);
#644=LINE('',#3781,#841);
#645=LINE('',#3783,#842);
#646=LINE('',#3785,#843);
#647=LINE('',#3786,#844);
#648=LINE('',#3789,#845);
#649=LINE('',#3794,#846);
#650=LINE('',#3795,#847);
#651=LINE('',#3799,#848);
#652=LINE('',#3805,#849);
#653=LINE('',#3806,#850);
#654=LINE('',#3807,#851);
#655=LINE('',#3811,#852);
#656=LINE('',#3817,#853);
#657=LINE('',#3818,#854);
#658=LINE('',#3819,#855);
#659=LINE('',#3823,#856);
#660=LINE('',#3829,#857);
#661=LINE('',#3830,#858);
#662=LINE('',#3831,#859);
#663=LINE('',#3835,#860);
#664=LINE('',#3841,#861);
#665=LINE('',#3842,#862);
#666=LINE('',#3843,#863);
#667=LINE('',#3849,#864);
#668=LINE('',#3852,#865);
#669=LINE('',#3855,#866);
#670=LINE('',#3856,#867);
#671=LINE('',#3861,#868);
#672=LINE('',#3865,#869);
#673=LINE('',#3866,#870);
#674=LINE('',#3870,#871);
#675=LINE('',#3874,#872);
#676=LINE('',#3878,#873);
#677=LINE('',#3881,#874);
#678=LINE('',#3887,#875);
#679=LINE('',#3891,#876);
#680=LINE('',#3895,#877);
#681=LINE('',#3896,#878);
#682=LINE('',#3900,#879);
#683=LINE('',#3904,#880);
#684=LINE('',#3907,#881);
#685=LINE('',#3911,#882);
#686=LINE('',#3914,#883);
#687=LINE('',#3916,#884);
#688=LINE('',#3917,#885);
#689=LINE('',#3919,#886);
#690=LINE('',#3921,#887);
#691=LINE('',#3924,#888);
#692=LINE('',#3927,#889);
#693=LINE('',#3928,#890);
#694=LINE('',#3930,#891);
#695=LINE('',#3933,#892);
#696=VECTOR('',#2511,10.);
#697=VECTOR('',#2512,10.);
#698=VECTOR('',#2513,10.);
#699=VECTOR('',#2514,10.);
#700=VECTOR('',#2517,10.);
#701=VECTOR('',#2518,10.);
#702=VECTOR('',#2519,10.);
#703=VECTOR('',#2520,10.);
#704=VECTOR('',#2525,10.);
#705=VECTOR('',#2530,10.);
#706=VECTOR('',#2531,10.);
#707=VECTOR('',#2532,10.);
#708=VECTOR('',#2541,10.);
#709=VECTOR('',#2542,10.);
#710=VECTOR('',#2543,10.);
#711=VECTOR('',#2546,10.);
#712=VECTOR('',#2551,10.);
#713=VECTOR('',#2552,10.);
#714=VECTOR('',#2555,10.);
#715=VECTOR('',#2560,10.);
#716=VECTOR('',#2561,10.);
#717=VECTOR('',#2564,10.);
#718=VECTOR('',#2565,10.);
#719=VECTOR('',#2566,10.);
#720=VECTOR('',#2567,10.);
#721=VECTOR('',#2572,10.);
#722=VECTOR('',#2577,10.);
#723=VECTOR('',#2578,10.);
#724=VECTOR('',#2579,10.);
#725=VECTOR('',#2584,10.);
#726=VECTOR('',#2589,10.);
#727=VECTOR('',#2590,10.);
#728=VECTOR('',#2591,10.);
#729=VECTOR('',#2594,10.);
#730=VECTOR('',#2595,10.);
#731=VECTOR('',#2596,10.);
#732=VECTOR('',#2599,10.);
#733=VECTOR('',#2604,10.);
#734=VECTOR('',#2605,10.);
#735=VECTOR('',#2608,10.);
#736=VECTOR('',#2613,10.);
#737=VECTOR('',#2614,10.);
#738=VECTOR('',#2617,10.);
#739=VECTOR('',#2620,10.);
#740=VECTOR('',#2625,10.);
#741=VECTOR('',#2628,10.);
#742=VECTOR('',#2631,10.);
#743=VECTOR('',#2632,10.);
#744=VECTOR('',#2635,10.);
#745=VECTOR('',#2636,10.);
#746=VECTOR('',#2637,10.);
#747=VECTOR('',#2640,10.);
#748=VECTOR('',#2643,10.);
#749=VECTOR('',#2648,1.35);
#750=VECTOR('',#2657,1.35);
#751=VECTOR('',#2660,10.);
#752=VECTOR('',#2661,10.);
#753=VECTOR('',#2668,1.35);
#754=VECTOR('',#2677,1.35);
#755=VECTOR('',#2686,1.35);
#756=VECTOR('',#2695,1.35);
#757=VECTOR('',#2702,10.);
#758=VECTOR('',#2705,10.);
#759=VECTOR('',#2708,10.);
#760=VECTOR('',#2711,10.);
#761=VECTOR('',#2712,10.);
#762=VECTOR('',#2717,10.);
#763=VECTOR('',#2720,10.);
#764=VECTOR('',#2723,10.);
#765=VECTOR('',#2726,10.);
#766=VECTOR('',#2729,10.);
#767=VECTOR('',#2732,10.);
#768=VECTOR('',#2735,10.);
#769=VECTOR('',#2738,10.);
#770=VECTOR('',#2741,10.);
#771=VECTOR('',#2744,10.);
#772=VECTOR('',#2747,10.);
#773=VECTOR('',#2748,10.);
#774=VECTOR('',#2749,10.);
#775=VECTOR('',#2752,10.);
#776=VECTOR('',#2753,10.);
#777=VECTOR('',#2756,10.);
#778=VECTOR('',#2759,10.);
#779=VECTOR('',#2762,10.);
#780=VECTOR('',#2763,50.);
#781=VECTOR('',#2764,10.);
#782=VECTOR('',#2765,10.);
#783=VECTOR('',#2766,10.);
#784=VECTOR('',#2767,10.);
#785=VECTOR('',#2772,10.);
#786=VECTOR('',#2773,10.);
#787=VECTOR('',#2776,10.);
#788=VECTOR('',#2777,10.);
#789=VECTOR('',#2780,10.);
#790=VECTOR('',#2785,10.);
#791=VECTOR('',#2788,10.);
#792=VECTOR('',#2789,10.);
#793=VECTOR('',#2798,10.);
#794=VECTOR('',#2801,10.);
#795=VECTOR('',#2802,10.);
#796=VECTOR('',#2805,10.);
#797=VECTOR('',#2810,10.);
#798=VECTOR('',#2811,10.);
#799=VECTOR('',#2814,10.);
#800=VECTOR('',#2819,10.);
#801=VECTOR('',#2820,10.);
#802=VECTOR('',#2829,10.);
#803=VECTOR('',#2834,10.);
#804=VECTOR('',#2835,10.);
#805=VECTOR('',#2838,10.);
#806=VECTOR('',#2843,10.);
#807=VECTOR('',#2844,10.);
#808=VECTOR('',#2847,10.);
#809=VECTOR('',#2852,10.);
#810=VECTOR('',#2853,10.);
#811=VECTOR('',#2858,10.);
#812=VECTOR('',#2863,10.);
#813=VECTOR('',#2866,10.);
#814=VECTOR('',#2877,10.);
#815=VECTOR('',#2890,10.);
#816=VECTOR('',#2891,10.);
#817=VECTOR('',#2904,10.);
#818=VECTOR('',#2905,10.);
#819=VECTOR('',#2918,10.);
#820=VECTOR('',#2919,10.);
#821=VECTOR('',#2926,10.);
#822=VECTOR('',#2929,10.);
#823=VECTOR('',#2932,10.);
#824=VECTOR('',#2933,10.);
#825=VECTOR('',#2936,10.);
#826=VECTOR('',#2941,10.);
#827=VECTOR('',#2944,10.);
#828=VECTOR('',#2945,10.);
#829=VECTOR('',#2946,10.);
#830=VECTOR('',#2947,10.);
#831=VECTOR('',#2952,10.);
#832=VECTOR('',#2955,10.);
#833=VECTOR('',#2966,10.);
#834=VECTOR('',#2977,10.);
#835=VECTOR('',#2988,10.);
#836=VECTOR('',#2989,10.);
#837=VECTOR('',#2998,10.);
#838=VECTOR('',#3001,10.);
#839=VECTOR('',#3002,10.);
#840=VECTOR('',#3031,10.);
#841=VECTOR('',#3036,10.);
#842=VECTOR('',#3037,10.);
#843=VECTOR('',#3038,10.);
#844=VECTOR('',#3039,10.);
#845=VECTOR('',#3042,10.);
#846=VECTOR('',#3049,10.);
#847=VECTOR('',#3050,10.);
#848=VECTOR('',#3053,10.);
#849=VECTOR('',#3060,10.);
#850=VECTOR('',#3061,10.);
#851=VECTOR('',#3062,10.);
#852=VECTOR('',#3065,10.);
#853=VECTOR('',#3072,10.);
#854=VECTOR('',#3073,10.);
#855=VECTOR('',#3074,10.);
#856=VECTOR('',#3077,10.);
#857=VECTOR('',#3084,10.);
#858=VECTOR('',#3085,10.);
#859=VECTOR('',#3086,10.);
#860=VECTOR('',#3089,10.);
#861=VECTOR('',#3096,10.);
#862=VECTOR('',#3097,10.);
#863=VECTOR('',#3098,10.);
#864=VECTOR('',#3107,10.);
#865=VECTOR('',#3110,10.);
#866=VECTOR('',#3113,10.);
#867=VECTOR('',#3114,10.);
#868=VECTOR('',#3121,10.);
#869=VECTOR('',#3126,10.);
#870=VECTOR('',#3127,10.);
#871=VECTOR('',#3132,10.);
#872=VECTOR('',#3137,10.);
#873=VECTOR('',#3140,10.);
#874=VECTOR('',#3143,10.);
#875=VECTOR('',#3148,10.);
#876=VECTOR('',#3151,10.);
#877=VECTOR('',#3154,10.);
#878=VECTOR('',#3155,10.);
#879=VECTOR('',#3160,50.);
#880=VECTOR('',#3165,10.);
#881=VECTOR('',#3168,10.);
#882=VECTOR('',#3171,10.);
#883=VECTOR('',#3174,10.);
#884=VECTOR('',#3177,10.);
#885=VECTOR('',#3178,10.);
#886=VECTOR('',#3181,10.);
#887=VECTOR('',#3184,10.);
#888=VECTOR('',#3189,10.);
#889=VECTOR('',#3194,10.);
#890=VECTOR('',#3195,10.);
#891=VECTOR('',#3198,10.);
#892=VECTOR('',#3203,10.);
#893=VERTEX_POINT('',#3208);
#894=VERTEX_POINT('',#3209);
#895=VERTEX_POINT('',#3211);
#896=VERTEX_POINT('',#3213);
#897=VERTEX_POINT('',#3217);
#898=VERTEX_POINT('',#3218);
#899=VERTEX_POINT('',#3220);
#900=VERTEX_POINT('',#3222);
#901=VERTEX_POINT('',#3226);
#902=VERTEX_POINT('',#3228);
#903=VERTEX_POINT('',#3232);
#904=VERTEX_POINT('',#3233);
#905=VERTEX_POINT('',#3241);
#906=VERTEX_POINT('',#3243);
#907=VERTEX_POINT('',#3247);
#908=VERTEX_POINT('',#3251);
#909=VERTEX_POINT('',#3255);
#910=VERTEX_POINT('',#3259);
#911=VERTEX_POINT('',#3263);
#912=VERTEX_POINT('',#3264);
#913=VERTEX_POINT('',#3266);
#914=VERTEX_POINT('',#3268);
#915=VERTEX_POINT('',#3272);
#916=VERTEX_POINT('',#3274);
#917=VERTEX_POINT('',#3278);
#918=VERTEX_POINT('',#3279);
#919=VERTEX_POINT('',#3284);
#920=VERTEX_POINT('',#3286);
#921=VERTEX_POINT('',#3290);
#922=VERTEX_POINT('',#3291);
#923=VERTEX_POINT('',#3296);
#924=VERTEX_POINT('',#3298);
#925=VERTEX_POINT('',#3302);
#926=VERTEX_POINT('',#3306);
#927=VERTEX_POINT('',#3310);
#928=VERTEX_POINT('',#3314);
#929=VERTEX_POINT('',#3322);
#930=VERTEX_POINT('',#3323);
#931=VERTEX_POINT('',#3325);
#932=VERTEX_POINT('',#3327);
#933=VERTEX_POINT('',#3329);
#934=VERTEX_POINT('',#3331);
#935=VERTEX_POINT('',#3333);
#936=VERTEX_POINT('',#3335);
#937=VERTEX_POINT('',#3337);
#938=VERTEX_POINT('',#3347);
#939=VERTEX_POINT('',#3349);
#940=VERTEX_POINT('',#3354);
#941=VERTEX_POINT('',#3356);
#942=VERTEX_POINT('',#3359);
#943=VERTEX_POINT('',#3360);
#944=VERTEX_POINT('',#3383);
#945=VERTEX_POINT('',#3385);
#946=VERTEX_POINT('',#3411);
#947=VERTEX_POINT('',#3413);
#948=VERTEX_POINT('',#3418);
#949=VERTEX_POINT('',#3420);
#950=VERTEX_POINT('',#3425);
#951=VERTEX_POINT('',#3427);
#952=VERTEX_POINT('',#3432);
#953=VERTEX_POINT('',#3434);
#954=VERTEX_POINT('',#3439);
#955=VERTEX_POINT('',#3441);
#956=VERTEX_POINT('',#3443);
#957=VERTEX_POINT('',#3445);
#958=VERTEX_POINT('',#3449);
#959=VERTEX_POINT('',#3453);
#960=VERTEX_POINT('',#3454);
#961=VERTEX_POINT('',#3456);
#962=VERTEX_POINT('',#3458);
#963=VERTEX_POINT('',#3462);
#964=VERTEX_POINT('',#3464);
#965=VERTEX_POINT('',#3466);
#966=VERTEX_POINT('',#3468);
#967=VERTEX_POINT('',#3470);
#968=VERTEX_POINT('',#3472);
#969=VERTEX_POINT('',#3474);
#970=VERTEX_POINT('',#3476);
#971=VERTEX_POINT('',#3478);
#972=VERTEX_POINT('',#3480);
#973=VERTEX_POINT('',#3482);
#974=VERTEX_POINT('',#3484);
#975=VERTEX_POINT('',#3486);
#976=VERTEX_POINT('',#3488);
#977=VERTEX_POINT('',#3490);
#978=VERTEX_POINT('',#3492);
#979=VERTEX_POINT('',#3494);
#980=VERTEX_POINT('',#3496);
#981=VERTEX_POINT('',#3500);
#982=VERTEX_POINT('',#3504);
#983=VERTEX_POINT('',#3506);
#984=VERTEX_POINT('',#3510);
#985=VERTEX_POINT('',#3512);
#986=VERTEX_POINT('',#3514);
#987=VERTEX_POINT('',#3516);
#988=VERTEX_POINT('',#3518);
#989=VERTEX_POINT('',#3520);
#990=VERTEX_POINT('',#3541);
#991=VERTEX_POINT('',#3542);
#992=VERTEX_POINT('',#3547);
#993=VERTEX_POINT('',#3553);
#994=VERTEX_POINT('',#3557);
#995=VERTEX_POINT('',#3563);
#996=VERTEX_POINT('',#3567);
#997=VERTEX_POINT('',#3571);
#998=VERTEX_POINT('',#3575);
#999=VERTEX_POINT('',#3579);
#1000=VERTEX_POINT('',#3583);
#1001=VERTEX_POINT('',#3587);
#1002=VERTEX_POINT('',#3591);
#1003=VERTEX_POINT('',#3598);
#1004=VERTEX_POINT('',#3602);
#1005=VERTEX_POINT('',#3606);
#1006=VERTEX_POINT('',#3610);
#1007=VERTEX_POINT('',#3614);
#1008=VERTEX_POINT('',#3618);
#1009=VERTEX_POINT('',#3622);
#1010=VERTEX_POINT('',#3624);
#1011=VERTEX_POINT('',#3634);
#1012=VERTEX_POINT('',#3636);
#1013=VERTEX_POINT('',#3640);
#1014=VERTEX_POINT('',#3641);
#1015=VERTEX_POINT('',#3646);
#1016=VERTEX_POINT('',#3647);
#1017=VERTEX_POINT('',#3652);
#1018=VERTEX_POINT('',#3653);
#1019=VERTEX_POINT('',#3658);
#1020=VERTEX_POINT('',#3659);
#1021=VERTEX_POINT('',#3664);
#1022=VERTEX_POINT('',#3665);
#1023=VERTEX_POINT('',#3670);
#1024=VERTEX_POINT('',#3677);
#1025=VERTEX_POINT('',#3679);
#1026=VERTEX_POINT('',#3683);
#1027=VERTEX_POINT('',#3687);
#1028=VERTEX_POINT('',#3693);
#1029=VERTEX_POINT('',#3694);
#1030=VERTEX_POINT('',#3696);
#1031=VERTEX_POINT('',#3698);
#1032=VERTEX_POINT('',#3702);
#1033=VERTEX_POINT('',#3703);
#1034=VERTEX_POINT('',#3706);
#1035=VERTEX_POINT('',#3710);
#1036=VERTEX_POINT('',#3714);
#1037=VERTEX_POINT('',#3718);
#1038=VERTEX_POINT('',#3722);
#1039=VERTEX_POINT('',#3726);
#1040=VERTEX_POINT('',#3730);
#1041=VERTEX_POINT('',#3731);
#1042=VERTEX_POINT('',#3741);
#1043=VERTEX_POINT('',#3779);
#1044=VERTEX_POINT('',#3780);
#1045=VERTEX_POINT('',#3782);
#1046=VERTEX_POINT('',#3784);
#1047=VERTEX_POINT('',#3788);
#1048=VERTEX_POINT('',#3793);
#1049=VERTEX_POINT('',#3797);
#1050=VERTEX_POINT('',#3798);
#1051=VERTEX_POINT('',#3803);
#1052=VERTEX_POINT('',#3804);
#1053=VERTEX_POINT('',#3809);
#1054=VERTEX_POINT('',#3810);
#1055=VERTEX_POINT('',#3815);
#1056=VERTEX_POINT('',#3816);
#1057=VERTEX_POINT('',#3821);
#1058=VERTEX_POINT('',#3822);
#1059=VERTEX_POINT('',#3827);
#1060=VERTEX_POINT('',#3828);
#1061=VERTEX_POINT('',#3833);
#1062=VERTEX_POINT('',#3834);
#1063=VERTEX_POINT('',#3839);
#1064=VERTEX_POINT('',#3840);
#1065=VERTEX_POINT('',#3848);
#1066=VERTEX_POINT('',#3850);
#1067=VERTEX_POINT('',#3854);
#1068=VERTEX_POINT('',#3860);
#1069=VERTEX_POINT('',#3864);
#1070=VERTEX_POINT('',#3869);
#1071=VERTEX_POINT('',#3873);
#1072=VERTEX_POINT('',#3875);
#1073=VERTEX_POINT('',#3877);
#1074=VERTEX_POINT('',#3879);
#1075=VERTEX_POINT('',#3882);
#1076=VERTEX_POINT('',#3884);
#1077=VERTEX_POINT('',#3886);
#1078=VERTEX_POINT('',#3888);
#1079=VERTEX_POINT('',#3890);
#1080=VERTEX_POINT('',#3892);
#1081=VERTEX_POINT('',#3894);
#1082=VERTEX_POINT('',#3898);
#1083=VERTEX_POINT('',#3902);
#1084=VERTEX_POINT('',#3906);
#1085=VERTEX_POINT('',#3908);
#1086=VERTEX_POINT('',#3910);
#1087=VERTEX_POINT('',#3912);
#1088=EDGE_CURVE('',#893,#894,#499,.F.);
#1089=EDGE_CURVE('',#894,#895,#500,.T.);
#1090=EDGE_CURVE('',#895,#896,#501,.T.);
#1091=EDGE_CURVE('',#896,#893,#502,.T.);
#1092=EDGE_CURVE('',#897,#898,#503,.F.);
#1093=EDGE_CURVE('',#898,#899,#504,.T.);
#1094=EDGE_CURVE('',#899,#900,#505,.T.);
#1095=EDGE_CURVE('',#900,#897,#506,.T.);
#1096=EDGE_CURVE('',#899,#901,#91,.T.);
#1097=EDGE_CURVE('',#901,#902,#507,.T.);
#1098=EDGE_CURVE('',#902,#900,#92,.T.);
#1099=EDGE_CURVE('',#903,#904,#508,.T.);
#1100=EDGE_CURVE('',#904,#902,#509,.T.);
#1101=EDGE_CURVE('',#901,#903,#510,.T.);
#1102=EDGE_CURVE('',#903,#896,#93,.T.);
#1103=EDGE_CURVE('',#895,#904,#94,.T.);
#1104=EDGE_CURVE('',#905,#896,#511,.T.);
#1105=EDGE_CURVE('',#906,#905,#512,.T.);
#1106=EDGE_CURVE('',#906,#893,#513,.T.);
#1107=EDGE_CURVE('',#903,#907,#514,.T.);
#1108=EDGE_CURVE('',#905,#907,#95,.T.);
#1109=EDGE_CURVE('',#908,#901,#515,.T.);
#1110=EDGE_CURVE('',#907,#908,#516,.F.);
#1111=EDGE_CURVE('',#899,#909,#517,.T.);
#1112=EDGE_CURVE('',#908,#909,#96,.T.);
#1113=EDGE_CURVE('',#910,#898,#518,.T.);
#1114=EDGE_CURVE('',#909,#910,#519,.T.);
#1115=EDGE_CURVE('',#911,#912,#520,.F.);
#1116=EDGE_CURVE('',#912,#913,#521,.T.);
#1117=EDGE_CURVE('',#913,#914,#522,.T.);
#1118=EDGE_CURVE('',#914,#911,#523,.T.);
#1119=EDGE_CURVE('',#913,#915,#97,.T.);
#1120=EDGE_CURVE('',#915,#916,#524,.T.);
#1121=EDGE_CURVE('',#916,#914,#98,.T.);
#1122=EDGE_CURVE('',#917,#918,#525,.T.);
#1123=EDGE_CURVE('',#918,#916,#526,.T.);
#1124=EDGE_CURVE('',#915,#917,#527,.T.);
#1125=EDGE_CURVE('',#917,#919,#99,.T.);
#1126=EDGE_CURVE('',#919,#920,#528,.T.);
#1127=EDGE_CURVE('',#920,#918,#100,.T.);
#1128=EDGE_CURVE('',#921,#922,#529,.F.);
#1129=EDGE_CURVE('',#922,#920,#530,.T.);
#1130=EDGE_CURVE('',#919,#921,#531,.T.);
#1131=EDGE_CURVE('',#923,#919,#532,.T.);
#1132=EDGE_CURVE('',#924,#923,#533,.T.);
#1133=EDGE_CURVE('',#924,#921,#534,.T.);
#1134=EDGE_CURVE('',#917,#925,#535,.T.);
#1135=EDGE_CURVE('',#923,#925,#101,.T.);
#1136=EDGE_CURVE('',#926,#915,#536,.T.);
#1137=EDGE_CURVE('',#925,#926,#537,.F.);
#1138=EDGE_CURVE('',#913,#927,#538,.T.);
#1139=EDGE_CURVE('',#926,#927,#102,.T.);
#1140=EDGE_CURVE('',#928,#912,#539,.T.);
#1141=EDGE_CURVE('',#927,#928,#540,.T.);
#1142=EDGE_CURVE('',#910,#906,#541,.T.);
#1143=EDGE_CURVE('',#928,#924,#542,.T.);
#1144=EDGE_CURVE('',#929,#930,#103,.T.);
#1145=EDGE_CURVE('',#931,#929,#543,.T.);
#1146=EDGE_CURVE('',#932,#931,#104,.T.);
#1147=EDGE_CURVE('',#933,#932,#544,.T.);
#1148=EDGE_CURVE('',#934,#933,#105,.T.);
#1149=EDGE_CURVE('',#935,#934,#545,.T.);
#1150=EDGE_CURVE('',#936,#935,#546,.T.);
#1151=EDGE_CURVE('',#937,#936,#106,.T.);
#1152=EDGE_CURVE('',#930,#937,#547,.T.);
#1153=EDGE_CURVE('',#897,#894,#548,.T.);
#1154=EDGE_CURVE('',#911,#922,#549,.T.);
#1155=EDGE_CURVE('',#893,#898,#550,.T.);
#1156=EDGE_CURVE('',#921,#912,#551,.T.);
#1157=EDGE_CURVE('',#938,#938,#107,.T.);
#1158=EDGE_CURVE('',#938,#939,#552,.T.);
#1159=EDGE_CURVE('',#939,#939,#108,.T.);
#1160=EDGE_CURVE('',#940,#940,#109,.T.);
#1161=EDGE_CURVE('',#940,#941,#553,.T.);
#1162=EDGE_CURVE('',#941,#941,#110,.T.);
#1163=EDGE_CURVE('',#942,#943,#31,.T.);
#1164=EDGE_CURVE('',#944,#942,#554,.T.);
#1165=EDGE_CURVE('',#945,#944,#32,.T.);
#1166=EDGE_CURVE('',#943,#945,#555,.T.);
#1167=EDGE_CURVE('',#946,#946,#111,.T.);
#1168=EDGE_CURVE('',#946,#947,#556,.T.);
#1169=EDGE_CURVE('',#947,#947,#112,.T.);
#1170=EDGE_CURVE('',#948,#948,#113,.T.);
#1171=EDGE_CURVE('',#948,#949,#557,.T.);
#1172=EDGE_CURVE('',#949,#949,#114,.T.);
#1173=EDGE_CURVE('',#950,#950,#115,.T.);
#1174=EDGE_CURVE('',#950,#951,#558,.T.);
#1175=EDGE_CURVE('',#951,#951,#116,.T.);
#1176=EDGE_CURVE('',#952,#952,#117,.T.);
#1177=EDGE_CURVE('',#952,#953,#559,.T.);
#1178=EDGE_CURVE('',#953,#953,#118,.T.);
#1179=EDGE_CURVE('',#954,#944,#560,.T.);
#1180=EDGE_CURVE('',#955,#954,#119,.T.);
#1181=EDGE_CURVE('',#955,#956,#561,.T.);
#1182=EDGE_CURVE('',#957,#956,#120,.T.);
#1183=EDGE_CURVE('',#945,#957,#562,.T.);
#1184=EDGE_CURVE('',#958,#942,#563,.T.);
#1185=EDGE_CURVE('',#954,#958,#564,.T.);
#1186=EDGE_CURVE('',#959,#960,#121,.T.);
#1187=EDGE_CURVE('',#959,#961,#565,.T.);
#1188=EDGE_CURVE('',#961,#962,#122,.T.);
#1189=EDGE_CURVE('',#962,#960,#566,.T.);
#1190=EDGE_CURVE('',#960,#963,#567,.T.);
#1191=EDGE_CURVE('',#963,#964,#123,.T.);
#1192=EDGE_CURVE('',#964,#965,#568,.T.);
#1193=EDGE_CURVE('',#965,#966,#124,.T.);
#1194=EDGE_CURVE('',#966,#967,#569,.T.);
#1195=EDGE_CURVE('',#968,#967,#125,.F.);
#1196=EDGE_CURVE('',#968,#969,#570,.T.);
#1197=EDGE_CURVE('',#969,#970,#126,.T.);
#1198=EDGE_CURVE('',#971,#970,#571,.T.);
#1199=EDGE_CURVE('',#972,#971,#127,.T.);
#1200=EDGE_CURVE('',#973,#972,#572,.T.);
#1201=EDGE_CURVE('',#974,#973,#128,.T.);
#1202=EDGE_CURVE('',#975,#974,#573,.T.);
#1203=EDGE_CURVE('',#976,#975,#129,.T.);
#1204=EDGE_CURVE('',#977,#976,#574,.T.);
#1205=EDGE_CURVE('',#978,#977,#130,.T.);
#1206=EDGE_CURVE('',#979,#978,#575,.T.);
#1207=EDGE_CURVE('',#980,#979,#576,.T.);
#1208=EDGE_CURVE('',#959,#980,#577,.T.);
#1209=EDGE_CURVE('',#962,#981,#578,.T.);
#1210=EDGE_CURVE('',#981,#963,#579,.T.);
#1211=EDGE_CURVE('',#969,#982,#580,.T.);
#1212=EDGE_CURVE('',#982,#983,#131,.T.);
#1213=EDGE_CURVE('',#983,#970,#581,.T.);
#1214=EDGE_CURVE('',#983,#984,#582,.T.);
#1215=EDGE_CURVE('',#984,#985,#583,.T.);
#1216=EDGE_CURVE('',#985,#986,#584,.T.);
#1217=EDGE_CURVE('',#986,#987,#585,.T.);
#1218=EDGE_CURVE('',#988,#987,#586,.T.);
#1219=EDGE_CURVE('',#988,#989,#587,.T.);
#1220=EDGE_CURVE('',#989,#971,#33,.T.);
#1221=EDGE_CURVE('',#990,#991,#132,.T.);
#1222=EDGE_CURVE('',#991,#968,#588,.T.);
#1223=EDGE_CURVE('',#967,#990,#589,.T.);
#1224=EDGE_CURVE('',#992,#966,#590,.T.);
#1225=EDGE_CURVE('',#992,#990,#591,.T.);
#1226=EDGE_CURVE('',#991,#982,#592,.T.);
#1227=EDGE_CURVE('',#993,#992,#133,.T.);
#1228=EDGE_CURVE('',#993,#965,#593,.T.);
#1229=EDGE_CURVE('',#994,#993,#594,.T.);
#1230=EDGE_CURVE('',#994,#964,#595,.T.);
#1231=EDGE_CURVE('',#981,#994,#134,.T.);
#1232=EDGE_CURVE('',#936,#995,#29,.F.);
#1233=EDGE_CURVE('',#995,#996,#135,.T.);
#1234=EDGE_CURVE('',#996,#937,#596,.T.);
#1235=EDGE_CURVE('',#997,#930,#597,.T.);
#1236=EDGE_CURVE('',#996,#997,#598,.T.);
#1237=EDGE_CURVE('',#998,#929,#599,.T.);
#1238=EDGE_CURVE('',#997,#998,#136,.T.);
#1239=EDGE_CURVE('',#999,#931,#600,.T.);
#1240=EDGE_CURVE('',#998,#999,#601,.T.);
#1241=EDGE_CURVE('',#1000,#932,#602,.T.);
#1242=EDGE_CURVE('',#999,#1000,#137,.T.);
#1243=EDGE_CURVE('',#1001,#933,#603,.T.);
#1244=EDGE_CURVE('',#1000,#1001,#604,.T.);
#1245=EDGE_CURVE('',#1002,#934,#30,.F.);
#1246=EDGE_CURVE('',#1001,#1002,#138,.T.);
#1247=EDGE_CURVE('',#1002,#988,#27,.T.);
#1248=EDGE_CURVE('',#1003,#1001,#605,.T.);
#1249=EDGE_CURVE('',#989,#1003,#139,.T.);
#1250=EDGE_CURVE('',#1004,#1000,#606,.T.);
#1251=EDGE_CURVE('',#1003,#1004,#607,.T.);
#1252=EDGE_CURVE('',#1005,#999,#608,.T.);
#1253=EDGE_CURVE('',#1004,#1005,#140,.T.);
#1254=EDGE_CURVE('',#1006,#998,#609,.T.);
#1255=EDGE_CURVE('',#1005,#1006,#610,.T.);
#1256=EDGE_CURVE('',#1007,#997,#611,.T.);
#1257=EDGE_CURVE('',#1006,#1007,#141,.T.);
#1258=EDGE_CURVE('',#1008,#996,#612,.T.);
#1259=EDGE_CURVE('',#1007,#1008,#613,.T.);
#1260=EDGE_CURVE('',#1009,#995,#28,.T.);
#1261=EDGE_CURVE('',#1010,#1009,#614,.T.);
#1262=EDGE_CURVE('',#1008,#1010,#142,.T.);
#1263=EDGE_CURVE('',#987,#935,#615,.T.);
#1264=EDGE_CURVE('',#987,#1009,#616,.T.);
#1265=EDGE_CURVE('',#1011,#954,#143,.T.);
#1266=EDGE_CURVE('',#958,#1012,#144,.T.);
#1267=EDGE_CURVE('',#1012,#1011,#617,.T.);
#1268=EDGE_CURVE('',#1013,#1014,#145,.T.);
#1269=EDGE_CURVE('',#1014,#1012,#146,.T.);
#1270=EDGE_CURVE('',#958,#1013,#147,.T.);
#1271=EDGE_CURVE('',#1015,#1016,#148,.T.);
#1272=EDGE_CURVE('',#1016,#1014,#618,.T.);
#1273=EDGE_CURVE('',#1013,#1015,#619,.T.);
#1274=EDGE_CURVE('',#1017,#1018,#149,.T.);
#1275=EDGE_CURVE('',#1018,#1016,#150,.T.);
#1276=EDGE_CURVE('',#1015,#1017,#151,.T.);
#1277=EDGE_CURVE('',#1019,#1020,#152,.T.);
#1278=EDGE_CURVE('',#1020,#1018,#620,.T.);
#1279=EDGE_CURVE('',#1017,#1019,#621,.T.);
#1280=EDGE_CURVE('',#1021,#1022,#153,.T.);
#1281=EDGE_CURVE('',#1022,#1020,#154,.T.);
#1282=EDGE_CURVE('',#1019,#1021,#155,.T.);
#1283=EDGE_CURVE('',#955,#1023,#156,.T.);
#1284=EDGE_CURVE('',#1023,#1022,#622,.T.);
#1285=EDGE_CURVE('',#1021,#955,#623,.T.);
#1286=EDGE_CURVE('',#1011,#1023,#157,.T.);
#1287=EDGE_CURVE('',#1015,#1024,#624,.T.);
#1288=EDGE_CURVE('',#1025,#1024,#158,.T.);
#1289=EDGE_CURVE('',#1017,#1025,#625,.T.);
#1290=EDGE_CURVE('',#1013,#1026,#626,.T.);
#1291=EDGE_CURVE('',#1024,#1026,#627,.T.);
#1292=EDGE_CURVE('',#943,#1027,#628,.T.);
#1293=EDGE_CURVE('',#1026,#1027,#159,.T.);
#1294=EDGE_CURVE('',#1027,#957,#629,.T.);
#1295=EDGE_CURVE('',#1028,#1029,#630,.T.);
#1296=EDGE_CURVE('',#1030,#1028,#631,.T.);
#1297=EDGE_CURVE('',#1030,#1031,#632,.T.);
#1298=EDGE_CURVE('',#1031,#1029,#633,.T.);
#1299=EDGE_CURVE('',#1032,#1033,#160,.T.);
#1300=EDGE_CURVE('',#1033,#1025,#634,.T.);
#1301=EDGE_CURVE('',#1025,#1034,#161,.T.);
#1302=EDGE_CURVE('',#1034,#1032,#635,.T.);
#1303=EDGE_CURVE('',#1024,#1035,#162,.T.);
#1304=EDGE_CURVE('',#1035,#1034,#163,.T.);
#1305=EDGE_CURVE('',#1026,#1036,#164,.T.);
#1306=EDGE_CURVE('',#1036,#1035,#636,.T.);
#1307=EDGE_CURVE('',#1027,#1037,#165,.T.);
#1308=EDGE_CURVE('',#1037,#1036,#166,.T.);
#1309=EDGE_CURVE('',#957,#1038,#167,.T.);
#1310=EDGE_CURVE('',#1038,#1037,#637,.T.);
#1311=EDGE_CURVE('',#956,#1039,#168,.T.);
#1312=EDGE_CURVE('',#1039,#1038,#169,.T.);
#1313=EDGE_CURVE('',#1040,#1041,#170,.T.);
#1314=EDGE_CURVE('',#1041,#1039,#638,.T.);
#1315=EDGE_CURVE('',#956,#1040,#639,.T.);
#1316=EDGE_CURVE('',#1032,#1041,#171,.T.);
#1317=EDGE_CURVE('',#1040,#1033,#172,.T.);
#1318=EDGE_CURVE('',#1019,#1033,#640,.T.);
#1319=EDGE_CURVE('',#986,#1042,#641,.T.);
#1320=EDGE_CURVE('',#1042,#979,#642,.T.);
#1321=EDGE_CURVE('',#978,#1010,#34,.T.);
#1322=EDGE_CURVE('',#1003,#972,#173,.T.);
#1323=EDGE_CURVE('',#1004,#973,#174,.T.);
#1324=EDGE_CURVE('',#1005,#974,#175,.T.);
#1325=EDGE_CURVE('',#1006,#975,#176,.T.);
#1326=EDGE_CURVE('',#1007,#976,#177,.T.);
#1327=EDGE_CURVE('',#1008,#977,#178,.T.);
#1328=EDGE_CURVE('',#1021,#1040,#643,.T.);
#1329=EDGE_CURVE('',#1043,#1044,#644,.T.);
#1330=EDGE_CURVE('',#1044,#1045,#645,.T.);
#1331=EDGE_CURVE('',#1045,#1046,#646,.T.);
#1332=EDGE_CURVE('',#1046,#1043,#647,.T.);
#1333=EDGE_CURVE('',#1028,#1047,#648,.T.);
#1334=EDGE_CURVE('',#1047,#1044,#179,.T.);
#1335=EDGE_CURVE('',#1043,#1028,#180,.T.);
#1336=EDGE_CURVE('',#1029,#1048,#649,.T.);
#1337=EDGE_CURVE('',#1048,#1047,#650,.T.);
#1338=EDGE_CURVE('',#1049,#1050,#651,.T.);
#1339=EDGE_CURVE('',#1050,#1048,#181,.T.);
#1340=EDGE_CURVE('',#1029,#1049,#182,.T.);
#1341=EDGE_CURVE('',#1051,#1052,#652,.T.);
#1342=EDGE_CURVE('',#1052,#1050,#653,.T.);
#1343=EDGE_CURVE('',#1049,#1051,#654,.T.);
#1344=EDGE_CURVE('',#1053,#1054,#655,.T.);
#1345=EDGE_CURVE('',#1054,#1052,#183,.T.);
#1346=EDGE_CURVE('',#1051,#1053,#184,.T.);
#1347=EDGE_CURVE('',#1055,#1056,#656,.T.);
#1348=EDGE_CURVE('',#1056,#1054,#657,.T.);
#1349=EDGE_CURVE('',#1053,#1055,#658,.T.);
#1350=EDGE_CURVE('',#1057,#1058,#659,.T.);
#1351=EDGE_CURVE('',#1058,#1056,#185,.T.);
#1352=EDGE_CURVE('',#1055,#1057,#186,.T.);
#1353=EDGE_CURVE('',#1059,#1060,#660,.T.);
#1354=EDGE_CURVE('',#1060,#1058,#661,.T.);
#1355=EDGE_CURVE('',#1057,#1059,#662,.T.);
#1356=EDGE_CURVE('',#1061,#1062,#663,.T.);
#1357=EDGE_CURVE('',#1062,#1060,#187,.T.);
#1358=EDGE_CURVE('',#1059,#1061,#188,.T.);
#1359=EDGE_CURVE('',#1063,#1064,#664,.T.);
#1360=EDGE_CURVE('',#1064,#1062,#665,.T.);
#1361=EDGE_CURVE('',#1061,#1063,#666,.T.);
#1362=EDGE_CURVE('',#1045,#1064,#189,.T.);
#1363=EDGE_CURVE('',#1063,#1046,#190,.T.);
#1364=EDGE_CURVE('',#1065,#1051,#667,.T.);
#1365=EDGE_CURVE('',#1065,#1066,#191,.T.);
#1366=EDGE_CURVE('',#1066,#1053,#668,.T.);
#1367=EDGE_CURVE('',#1067,#1049,#669,.T.);
#1368=EDGE_CURVE('',#1067,#1065,#670,.T.);
#1369=EDGE_CURVE('',#1031,#1067,#192,.T.);
#1370=EDGE_CURVE('',#1068,#1043,#671,.T.);
#1371=EDGE_CURVE('',#1068,#1030,#193,.T.);
#1372=EDGE_CURVE('',#1069,#1046,#672,.T.);
#1373=EDGE_CURVE('',#1069,#1068,#673,.T.);
#1374=EDGE_CURVE('',#1070,#1063,#674,.T.);
#1375=EDGE_CURVE('',#1070,#1069,#194,.T.);
#1376=EDGE_CURVE('',#1071,#1070,#675,.T.);
#1377=EDGE_CURVE('',#1072,#1071,#195,.T.);
#1378=EDGE_CURVE('',#1073,#1072,#676,.T.);
#1379=EDGE_CURVE('',#1074,#1073,#196,.T.);
#1380=EDGE_CURVE('',#1066,#1074,#677,.T.);
#1381=EDGE_CURVE('',#985,#1075,#197,.T.);
#1382=EDGE_CURVE('',#1076,#1075,#198,.T.);
#1383=EDGE_CURVE('',#1077,#1076,#678,.T.);
#1384=EDGE_CURVE('',#1078,#1077,#199,.T.);
#1385=EDGE_CURVE('',#1079,#1078,#679,.T.);
#1386=EDGE_CURVE('',#1080,#1079,#200,.T.);
#1387=EDGE_CURVE('',#1081,#1080,#680,.T.);
#1388=EDGE_CURVE('',#1042,#1081,#681,.T.);
#1389=EDGE_CURVE('',#984,#1082,#201,.T.);
#1390=EDGE_CURVE('',#1075,#1082,#682,.T.);
#1391=EDGE_CURVE('',#1083,#1082,#202,.T.);
#1392=EDGE_CURVE('',#1076,#1083,#683,.T.);
#1393=EDGE_CURVE('',#1084,#961,#684,.T.);
#1394=EDGE_CURVE('',#1084,#1085,#203,.T.);
#1395=EDGE_CURVE('',#1085,#1086,#685,.T.);
#1396=EDGE_CURVE('',#1086,#1087,#204,.T.);
#1397=EDGE_CURVE('',#1087,#1083,#686,.T.);
#1398=EDGE_CURVE('',#1080,#1084,#687,.T.);
#1399=EDGE_CURVE('',#1079,#1085,#688,.T.);
#1400=EDGE_CURVE('',#1078,#1086,#689,.T.);
#1401=EDGE_CURVE('',#1077,#1087,#690,.T.);
#1402=EDGE_CURVE('',#980,#1081,#691,.T.);
#1403=EDGE_CURVE('',#1073,#1057,#692,.T.);
#1404=EDGE_CURVE('',#1072,#1059,#693,.T.);
#1405=EDGE_CURVE('',#1071,#1061,#694,.T.);
#1406=EDGE_CURVE('',#1074,#1055,#695,.T.);
#1407=ORIENTED_EDGE('',*,*,#1088,.T.);
#1408=ORIENTED_EDGE('',*,*,#1089,.T.);
#1409=ORIENTED_EDGE('',*,*,#1090,.T.);
#1410=ORIENTED_EDGE('',*,*,#1091,.T.);
#1411=ORIENTED_EDGE('',*,*,#1092,.T.);
#1412=ORIENTED_EDGE('',*,*,#1093,.T.);
#1413=ORIENTED_EDGE('',*,*,#1094,.T.);
#1414=ORIENTED_EDGE('',*,*,#1095,.T.);
#1415=ORIENTED_EDGE('',*,*,#1094,.F.);
#1416=ORIENTED_EDGE('',*,*,#1096,.T.);
#1417=ORIENTED_EDGE('',*,*,#1097,.T.);
#1418=ORIENTED_EDGE('',*,*,#1098,.T.);
#1419=ORIENTED_EDGE('',*,*,#1099,.T.);
#1420=ORIENTED_EDGE('',*,*,#1100,.T.);
#1421=ORIENTED_EDGE('',*,*,#1097,.F.);
#1422=ORIENTED_EDGE('',*,*,#1101,.T.);
#1423=ORIENTED_EDGE('',*,*,#1099,.F.);
#1424=ORIENTED_EDGE('',*,*,#1102,.T.);
#1425=ORIENTED_EDGE('',*,*,#1090,.F.);
#1426=ORIENTED_EDGE('',*,*,#1103,.T.);
#1427=ORIENTED_EDGE('',*,*,#1091,.F.);
#1428=ORIENTED_EDGE('',*,*,#1104,.F.);
#1429=ORIENTED_EDGE('',*,*,#1105,.F.);
#1430=ORIENTED_EDGE('',*,*,#1106,.T.);
#1431=ORIENTED_EDGE('',*,*,#1102,.F.);
#1432=ORIENTED_EDGE('',*,*,#1107,.T.);
#1433=ORIENTED_EDGE('',*,*,#1108,.F.);
#1434=ORIENTED_EDGE('',*,*,#1104,.T.);
#1435=ORIENTED_EDGE('',*,*,#1101,.F.);
#1436=ORIENTED_EDGE('',*,*,#1109,.F.);
#1437=ORIENTED_EDGE('',*,*,#1110,.F.);
#1438=ORIENTED_EDGE('',*,*,#1107,.F.);
#1439=ORIENTED_EDGE('',*,*,#1096,.F.);
#1440=ORIENTED_EDGE('',*,*,#1111,.T.);
#1441=ORIENTED_EDGE('',*,*,#1112,.F.);
#1442=ORIENTED_EDGE('',*,*,#1109,.T.);
#1443=ORIENTED_EDGE('',*,*,#1093,.F.);
#1444=ORIENTED_EDGE('',*,*,#1113,.F.);
#1445=ORIENTED_EDGE('',*,*,#1114,.F.);
#1446=ORIENTED_EDGE('',*,*,#1111,.F.);
#1447=ORIENTED_EDGE('',*,*,#1115,.T.);
#1448=ORIENTED_EDGE('',*,*,#1116,.T.);
#1449=ORIENTED_EDGE('',*,*,#1117,.T.);
#1450=ORIENTED_EDGE('',*,*,#1118,.T.);
#1451=ORIENTED_EDGE('',*,*,#1117,.F.);
#1452=ORIENTED_EDGE('',*,*,#1119,.T.);
#1453=ORIENTED_EDGE('',*,*,#1120,.T.);
#1454=ORIENTED_EDGE('',*,*,#1121,.T.);
#1455=ORIENTED_EDGE('',*,*,#1122,.T.);
#1456=ORIENTED_EDGE('',*,*,#1123,.T.);
#1457=ORIENTED_EDGE('',*,*,#1120,.F.);
#1458=ORIENTED_EDGE('',*,*,#1124,.T.);
#1459=ORIENTED_EDGE('',*,*,#1122,.F.);
#1460=ORIENTED_EDGE('',*,*,#1125,.T.);
#1461=ORIENTED_EDGE('',*,*,#1126,.T.);
#1462=ORIENTED_EDGE('',*,*,#1127,.T.);
#1463=ORIENTED_EDGE('',*,*,#1128,.T.);
#1464=ORIENTED_EDGE('',*,*,#1129,.T.);
#1465=ORIENTED_EDGE('',*,*,#1126,.F.);
#1466=ORIENTED_EDGE('',*,*,#1130,.T.);
#1467=ORIENTED_EDGE('',*,*,#1130,.F.);
#1468=ORIENTED_EDGE('',*,*,#1131,.F.);
#1469=ORIENTED_EDGE('',*,*,#1132,.F.);
#1470=ORIENTED_EDGE('',*,*,#1133,.T.);
#1471=ORIENTED_EDGE('',*,*,#1125,.F.);
#1472=ORIENTED_EDGE('',*,*,#1134,.T.);
#1473=ORIENTED_EDGE('',*,*,#1135,.F.);
#1474=ORIENTED_EDGE('',*,*,#1131,.T.);
#1475=ORIENTED_EDGE('',*,*,#1124,.F.);
#1476=ORIENTED_EDGE('',*,*,#1136,.F.);
#1477=ORIENTED_EDGE('',*,*,#1137,.F.);
#1478=ORIENTED_EDGE('',*,*,#1134,.F.);
#1479=ORIENTED_EDGE('',*,*,#1119,.F.);
#1480=ORIENTED_EDGE('',*,*,#1138,.T.);
#1481=ORIENTED_EDGE('',*,*,#1139,.F.);
#1482=ORIENTED_EDGE('',*,*,#1136,.T.);
#1483=ORIENTED_EDGE('',*,*,#1116,.F.);
#1484=ORIENTED_EDGE('',*,*,#1140,.F.);
#1485=ORIENTED_EDGE('',*,*,#1141,.F.);
#1486=ORIENTED_EDGE('',*,*,#1138,.F.);
#1487=ORIENTED_EDGE('',*,*,#1108,.T.);
#1488=ORIENTED_EDGE('',*,*,#1110,.T.);
#1489=ORIENTED_EDGE('',*,*,#1112,.T.);
#1490=ORIENTED_EDGE('',*,*,#1114,.T.);
#1491=ORIENTED_EDGE('',*,*,#1142,.T.);
#1492=ORIENTED_EDGE('',*,*,#1105,.T.);
#1493=ORIENTED_EDGE('',*,*,#1135,.T.);
#1494=ORIENTED_EDGE('',*,*,#1137,.T.);
#1495=ORIENTED_EDGE('',*,*,#1139,.T.);
#1496=ORIENTED_EDGE('',*,*,#1141,.T.);
#1497=ORIENTED_EDGE('',*,*,#1143,.T.);
#1498=ORIENTED_EDGE('',*,*,#1132,.T.);
#1499=ORIENTED_EDGE('',*,*,#1144,.F.);
#1500=ORIENTED_EDGE('',*,*,#1145,.F.);
#1501=ORIENTED_EDGE('',*,*,#1146,.F.);
#1502=ORIENTED_EDGE('',*,*,#1147,.F.);
#1503=ORIENTED_EDGE('',*,*,#1148,.F.);
#1504=ORIENTED_EDGE('',*,*,#1149,.F.);
#1505=ORIENTED_EDGE('',*,*,#1150,.F.);
#1506=ORIENTED_EDGE('',*,*,#1151,.F.);
#1507=ORIENTED_EDGE('',*,*,#1152,.F.);
#1508=ORIENTED_EDGE('',*,*,#1153,.F.);
#1509=ORIENTED_EDGE('',*,*,#1095,.F.);
#1510=ORIENTED_EDGE('',*,*,#1098,.F.);
#1511=ORIENTED_EDGE('',*,*,#1100,.F.);
#1512=ORIENTED_EDGE('',*,*,#1103,.F.);
#1513=ORIENTED_EDGE('',*,*,#1089,.F.);
#1514=ORIENTED_EDGE('',*,*,#1154,.F.);
#1515=ORIENTED_EDGE('',*,*,#1118,.F.);
#1516=ORIENTED_EDGE('',*,*,#1121,.F.);
#1517=ORIENTED_EDGE('',*,*,#1123,.F.);
#1518=ORIENTED_EDGE('',*,*,#1127,.F.);
#1519=ORIENTED_EDGE('',*,*,#1129,.F.);
#1520=ORIENTED_EDGE('',*,*,#1153,.T.);
#1521=ORIENTED_EDGE('',*,*,#1088,.F.);
#1522=ORIENTED_EDGE('',*,*,#1155,.T.);
#1523=ORIENTED_EDGE('',*,*,#1092,.F.);
#1524=ORIENTED_EDGE('',*,*,#1156,.T.);
#1525=ORIENTED_EDGE('',*,*,#1115,.F.);
#1526=ORIENTED_EDGE('',*,*,#1154,.T.);
#1527=ORIENTED_EDGE('',*,*,#1128,.F.);
#1528=ORIENTED_EDGE('',*,*,#1157,.F.);
#1529=ORIENTED_EDGE('',*,*,#1158,.T.);
#1530=ORIENTED_EDGE('',*,*,#1159,.T.);
#1531=ORIENTED_EDGE('',*,*,#1158,.F.);
#1532=ORIENTED_EDGE('',*,*,#1159,.F.);
#1533=ORIENTED_EDGE('',*,*,#1160,.F.);
#1534=ORIENTED_EDGE('',*,*,#1161,.T.);
#1535=ORIENTED_EDGE('',*,*,#1162,.T.);
#1536=ORIENTED_EDGE('',*,*,#1161,.F.);
#1537=ORIENTED_EDGE('',*,*,#1163,.F.);
#1538=ORIENTED_EDGE('',*,*,#1164,.F.);
#1539=ORIENTED_EDGE('',*,*,#1165,.F.);
#1540=ORIENTED_EDGE('',*,*,#1166,.F.);
#1541=ORIENTED_EDGE('',*,*,#1162,.F.);
#1542=ORIENTED_EDGE('',*,*,#1167,.F.);
#1543=ORIENTED_EDGE('',*,*,#1168,.T.);
#1544=ORIENTED_EDGE('',*,*,#1169,.T.);
#1545=ORIENTED_EDGE('',*,*,#1168,.F.);
#1546=ORIENTED_EDGE('',*,*,#1169,.F.);
#1547=ORIENTED_EDGE('',*,*,#1170,.F.);
#1548=ORIENTED_EDGE('',*,*,#1171,.T.);
#1549=ORIENTED_EDGE('',*,*,#1172,.T.);
#1550=ORIENTED_EDGE('',*,*,#1171,.F.);
#1551=ORIENTED_EDGE('',*,*,#1172,.F.);
#1552=ORIENTED_EDGE('',*,*,#1173,.F.);
#1553=ORIENTED_EDGE('',*,*,#1174,.T.);
#1554=ORIENTED_EDGE('',*,*,#1175,.T.);
#1555=ORIENTED_EDGE('',*,*,#1174,.F.);
#1556=ORIENTED_EDGE('',*,*,#1175,.F.);
#1557=ORIENTED_EDGE('',*,*,#1176,.F.);
#1558=ORIENTED_EDGE('',*,*,#1177,.T.);
#1559=ORIENTED_EDGE('',*,*,#1178,.T.);
#1560=ORIENTED_EDGE('',*,*,#1177,.F.);
#1561=ORIENTED_EDGE('',*,*,#1178,.F.);
#1562=ORIENTED_EDGE('',*,*,#1165,.T.);
#1563=ORIENTED_EDGE('',*,*,#1179,.F.);
#1564=ORIENTED_EDGE('',*,*,#1180,.F.);
#1565=ORIENTED_EDGE('',*,*,#1181,.T.);
#1566=ORIENTED_EDGE('',*,*,#1182,.F.);
#1567=ORIENTED_EDGE('',*,*,#1183,.F.);
#1568=ORIENTED_EDGE('',*,*,#1164,.T.);
#1569=ORIENTED_EDGE('',*,*,#1184,.F.);
#1570=ORIENTED_EDGE('',*,*,#1185,.F.);
#1571=ORIENTED_EDGE('',*,*,#1179,.T.);
#1572=ORIENTED_EDGE('',*,*,#1186,.F.);
#1573=ORIENTED_EDGE('',*,*,#1187,.T.);
#1574=ORIENTED_EDGE('',*,*,#1188,.T.);
#1575=ORIENTED_EDGE('',*,*,#1189,.T.);
#1576=ORIENTED_EDGE('',*,*,#1186,.T.);
#1577=ORIENTED_EDGE('',*,*,#1190,.T.);
#1578=ORIENTED_EDGE('',*,*,#1191,.T.);
#1579=ORIENTED_EDGE('',*,*,#1192,.T.);
#1580=ORIENTED_EDGE('',*,*,#1193,.T.);
#1581=ORIENTED_EDGE('',*,*,#1194,.T.);
#1582=ORIENTED_EDGE('',*,*,#1195,.F.);
#1583=ORIENTED_EDGE('',*,*,#1196,.T.);
#1584=ORIENTED_EDGE('',*,*,#1197,.T.);
#1585=ORIENTED_EDGE('',*,*,#1198,.F.);
#1586=ORIENTED_EDGE('',*,*,#1199,.F.);
#1587=ORIENTED_EDGE('',*,*,#1200,.F.);
#1588=ORIENTED_EDGE('',*,*,#1201,.F.);
#1589=ORIENTED_EDGE('',*,*,#1202,.F.);
#1590=ORIENTED_EDGE('',*,*,#1203,.F.);
#1591=ORIENTED_EDGE('',*,*,#1204,.F.);
#1592=ORIENTED_EDGE('',*,*,#1205,.F.);
#1593=ORIENTED_EDGE('',*,*,#1206,.F.);
#1594=ORIENTED_EDGE('',*,*,#1207,.F.);
#1595=ORIENTED_EDGE('',*,*,#1208,.F.);
#1596=ORIENTED_EDGE('',*,*,#1189,.F.);
#1597=ORIENTED_EDGE('',*,*,#1209,.T.);
#1598=ORIENTED_EDGE('',*,*,#1210,.T.);
#1599=ORIENTED_EDGE('',*,*,#1190,.F.);
#1600=ORIENTED_EDGE('',*,*,#1197,.F.);
#1601=ORIENTED_EDGE('',*,*,#1211,.T.);
#1602=ORIENTED_EDGE('',*,*,#1212,.T.);
#1603=ORIENTED_EDGE('',*,*,#1213,.T.);
#1604=ORIENTED_EDGE('',*,*,#1213,.F.);
#1605=ORIENTED_EDGE('',*,*,#1214,.T.);
#1606=ORIENTED_EDGE('',*,*,#1215,.T.);
#1607=ORIENTED_EDGE('',*,*,#1216,.T.);
#1608=ORIENTED_EDGE('',*,*,#1217,.T.);
#1609=ORIENTED_EDGE('',*,*,#1218,.F.);
#1610=ORIENTED_EDGE('',*,*,#1219,.T.);
#1611=ORIENTED_EDGE('',*,*,#1220,.T.);
#1612=ORIENTED_EDGE('',*,*,#1198,.T.);
#1613=ORIENTED_EDGE('',*,*,#1221,.T.);
#1614=ORIENTED_EDGE('',*,*,#1222,.T.);
#1615=ORIENTED_EDGE('',*,*,#1195,.T.);
#1616=ORIENTED_EDGE('',*,*,#1223,.T.);
#1617=ORIENTED_EDGE('',*,*,#1223,.F.);
#1618=ORIENTED_EDGE('',*,*,#1194,.F.);
#1619=ORIENTED_EDGE('',*,*,#1224,.F.);
#1620=ORIENTED_EDGE('',*,*,#1225,.T.);
#1621=ORIENTED_EDGE('',*,*,#1211,.F.);
#1622=ORIENTED_EDGE('',*,*,#1196,.F.);
#1623=ORIENTED_EDGE('',*,*,#1222,.F.);
#1624=ORIENTED_EDGE('',*,*,#1226,.T.);
#1625=ORIENTED_EDGE('',*,*,#1227,.T.);
#1626=ORIENTED_EDGE('',*,*,#1224,.T.);
#1627=ORIENTED_EDGE('',*,*,#1193,.F.);
#1628=ORIENTED_EDGE('',*,*,#1228,.F.);
#1629=ORIENTED_EDGE('',*,*,#1229,.T.);
#1630=ORIENTED_EDGE('',*,*,#1228,.T.);
#1631=ORIENTED_EDGE('',*,*,#1192,.F.);
#1632=ORIENTED_EDGE('',*,*,#1230,.F.);
#1633=ORIENTED_EDGE('',*,*,#1231,.T.);
#1634=ORIENTED_EDGE('',*,*,#1230,.T.);
#1635=ORIENTED_EDGE('',*,*,#1191,.F.);
#1636=ORIENTED_EDGE('',*,*,#1210,.F.);
#1637=ORIENTED_EDGE('',*,*,#1232,.T.);
#1638=ORIENTED_EDGE('',*,*,#1233,.T.);
#1639=ORIENTED_EDGE('',*,*,#1234,.T.);
#1640=ORIENTED_EDGE('',*,*,#1151,.T.);
#1641=ORIENTED_EDGE('',*,*,#1235,.T.);
#1642=ORIENTED_EDGE('',*,*,#1152,.T.);
#1643=ORIENTED_EDGE('',*,*,#1234,.F.);
#1644=ORIENTED_EDGE('',*,*,#1236,.T.);
#1645=ORIENTED_EDGE('',*,*,#1237,.T.);
#1646=ORIENTED_EDGE('',*,*,#1144,.T.);
#1647=ORIENTED_EDGE('',*,*,#1235,.F.);
#1648=ORIENTED_EDGE('',*,*,#1238,.T.);
#1649=ORIENTED_EDGE('',*,*,#1239,.T.);
#1650=ORIENTED_EDGE('',*,*,#1145,.T.);
#1651=ORIENTED_EDGE('',*,*,#1237,.F.);
#1652=ORIENTED_EDGE('',*,*,#1240,.T.);
#1653=ORIENTED_EDGE('',*,*,#1241,.T.);
#1654=ORIENTED_EDGE('',*,*,#1146,.T.);
#1655=ORIENTED_EDGE('',*,*,#1239,.F.);
#1656=ORIENTED_EDGE('',*,*,#1242,.T.);
#1657=ORIENTED_EDGE('',*,*,#1243,.T.);
#1658=ORIENTED_EDGE('',*,*,#1147,.T.);
#1659=ORIENTED_EDGE('',*,*,#1241,.F.);
#1660=ORIENTED_EDGE('',*,*,#1244,.T.);
#1661=ORIENTED_EDGE('',*,*,#1245,.T.);
#1662=ORIENTED_EDGE('',*,*,#1148,.T.);
#1663=ORIENTED_EDGE('',*,*,#1243,.F.);
#1664=ORIENTED_EDGE('',*,*,#1246,.T.);
#1665=ORIENTED_EDGE('',*,*,#1247,.F.);
#1666=ORIENTED_EDGE('',*,*,#1246,.F.);
#1667=ORIENTED_EDGE('',*,*,#1248,.F.);
#1668=ORIENTED_EDGE('',*,*,#1249,.F.);
#1669=ORIENTED_EDGE('',*,*,#1219,.F.);
#1670=ORIENTED_EDGE('',*,*,#1244,.F.);
#1671=ORIENTED_EDGE('',*,*,#1250,.F.);
#1672=ORIENTED_EDGE('',*,*,#1251,.F.);
#1673=ORIENTED_EDGE('',*,*,#1248,.T.);
#1674=ORIENTED_EDGE('',*,*,#1242,.F.);
#1675=ORIENTED_EDGE('',*,*,#1252,.F.);
#1676=ORIENTED_EDGE('',*,*,#1253,.F.);
#1677=ORIENTED_EDGE('',*,*,#1250,.T.);
#1678=ORIENTED_EDGE('',*,*,#1240,.F.);
#1679=ORIENTED_EDGE('',*,*,#1254,.F.);
#1680=ORIENTED_EDGE('',*,*,#1255,.F.);
#1681=ORIENTED_EDGE('',*,*,#1252,.T.);
#1682=ORIENTED_EDGE('',*,*,#1238,.F.);
#1683=ORIENTED_EDGE('',*,*,#1256,.F.);
#1684=ORIENTED_EDGE('',*,*,#1257,.F.);
#1685=ORIENTED_EDGE('',*,*,#1254,.T.);
#1686=ORIENTED_EDGE('',*,*,#1236,.F.);
#1687=ORIENTED_EDGE('',*,*,#1258,.F.);
#1688=ORIENTED_EDGE('',*,*,#1259,.F.);
#1689=ORIENTED_EDGE('',*,*,#1256,.T.);
#1690=ORIENTED_EDGE('',*,*,#1233,.F.);
#1691=ORIENTED_EDGE('',*,*,#1260,.F.);
#1692=ORIENTED_EDGE('',*,*,#1261,.F.);
#1693=ORIENTED_EDGE('',*,*,#1262,.F.);
#1694=ORIENTED_EDGE('',*,*,#1258,.T.);
#1695=ORIENTED_EDGE('',*,*,#1149,.T.);
#1696=ORIENTED_EDGE('',*,*,#1245,.F.);
#1697=ORIENTED_EDGE('',*,*,#1247,.T.);
#1698=ORIENTED_EDGE('',*,*,#1218,.T.);
#1699=ORIENTED_EDGE('',*,*,#1263,.T.);
#1700=ORIENTED_EDGE('',*,*,#1264,.T.);
#1701=ORIENTED_EDGE('',*,*,#1260,.T.);
#1702=ORIENTED_EDGE('',*,*,#1232,.F.);
#1703=ORIENTED_EDGE('',*,*,#1150,.T.);
#1704=ORIENTED_EDGE('',*,*,#1263,.F.);
#1705=ORIENTED_EDGE('',*,*,#1156,.F.);
#1706=ORIENTED_EDGE('',*,*,#1133,.F.);
#1707=ORIENTED_EDGE('',*,*,#1143,.F.);
#1708=ORIENTED_EDGE('',*,*,#1140,.T.);
#1709=ORIENTED_EDGE('',*,*,#1155,.F.);
#1710=ORIENTED_EDGE('',*,*,#1106,.F.);
#1711=ORIENTED_EDGE('',*,*,#1142,.F.);
#1712=ORIENTED_EDGE('',*,*,#1113,.T.);
#1713=ORIENTED_EDGE('',*,*,#1265,.T.);
#1714=ORIENTED_EDGE('',*,*,#1185,.T.);
#1715=ORIENTED_EDGE('',*,*,#1266,.T.);
#1716=ORIENTED_EDGE('',*,*,#1267,.T.);
#1717=ORIENTED_EDGE('',*,*,#1268,.T.);
#1718=ORIENTED_EDGE('',*,*,#1269,.T.);
#1719=ORIENTED_EDGE('',*,*,#1266,.F.);
#1720=ORIENTED_EDGE('',*,*,#1270,.T.);
#1721=ORIENTED_EDGE('',*,*,#1271,.T.);
#1722=ORIENTED_EDGE('',*,*,#1272,.T.);
#1723=ORIENTED_EDGE('',*,*,#1268,.F.);
#1724=ORIENTED_EDGE('',*,*,#1273,.T.);
#1725=ORIENTED_EDGE('',*,*,#1274,.T.);
#1726=ORIENTED_EDGE('',*,*,#1275,.T.);
#1727=ORIENTED_EDGE('',*,*,#1271,.F.);
#1728=ORIENTED_EDGE('',*,*,#1276,.T.);
#1729=ORIENTED_EDGE('',*,*,#1277,.T.);
#1730=ORIENTED_EDGE('',*,*,#1278,.T.);
#1731=ORIENTED_EDGE('',*,*,#1274,.F.);
#1732=ORIENTED_EDGE('',*,*,#1279,.T.);
#1733=ORIENTED_EDGE('',*,*,#1280,.T.);
#1734=ORIENTED_EDGE('',*,*,#1281,.T.);
#1735=ORIENTED_EDGE('',*,*,#1277,.F.);
#1736=ORIENTED_EDGE('',*,*,#1282,.T.);
#1737=ORIENTED_EDGE('',*,*,#1283,.T.);
#1738=ORIENTED_EDGE('',*,*,#1284,.T.);
#1739=ORIENTED_EDGE('',*,*,#1280,.F.);
#1740=ORIENTED_EDGE('',*,*,#1285,.T.);
#1741=ORIENTED_EDGE('',*,*,#1265,.F.);
#1742=ORIENTED_EDGE('',*,*,#1286,.T.);
#1743=ORIENTED_EDGE('',*,*,#1283,.F.);
#1744=ORIENTED_EDGE('',*,*,#1180,.T.);
#1745=ORIENTED_EDGE('',*,*,#1276,.F.);
#1746=ORIENTED_EDGE('',*,*,#1287,.T.);
#1747=ORIENTED_EDGE('',*,*,#1288,.F.);
#1748=ORIENTED_EDGE('',*,*,#1289,.F.);
#1749=ORIENTED_EDGE('',*,*,#1273,.F.);
#1750=ORIENTED_EDGE('',*,*,#1290,.T.);
#1751=ORIENTED_EDGE('',*,*,#1291,.F.);
#1752=ORIENTED_EDGE('',*,*,#1287,.F.);
#1753=ORIENTED_EDGE('',*,*,#1163,.T.);
#1754=ORIENTED_EDGE('',*,*,#1292,.T.);
#1755=ORIENTED_EDGE('',*,*,#1293,.F.);
#1756=ORIENTED_EDGE('',*,*,#1290,.F.);
#1757=ORIENTED_EDGE('',*,*,#1270,.F.);
#1758=ORIENTED_EDGE('',*,*,#1184,.T.);
#1759=ORIENTED_EDGE('',*,*,#1166,.T.);
#1760=ORIENTED_EDGE('',*,*,#1183,.T.);
#1761=ORIENTED_EDGE('',*,*,#1294,.F.);
#1762=ORIENTED_EDGE('',*,*,#1292,.F.);
#1763=ORIENTED_EDGE('',*,*,#1295,.F.);
#1764=ORIENTED_EDGE('',*,*,#1296,.F.);
#1765=ORIENTED_EDGE('',*,*,#1297,.T.);
#1766=ORIENTED_EDGE('',*,*,#1298,.T.);
#1767=ORIENTED_EDGE('',*,*,#1267,.F.);
#1768=ORIENTED_EDGE('',*,*,#1269,.F.);
#1769=ORIENTED_EDGE('',*,*,#1272,.F.);
#1770=ORIENTED_EDGE('',*,*,#1275,.F.);
#1771=ORIENTED_EDGE('',*,*,#1278,.F.);
#1772=ORIENTED_EDGE('',*,*,#1281,.F.);
#1773=ORIENTED_EDGE('',*,*,#1284,.F.);
#1774=ORIENTED_EDGE('',*,*,#1286,.F.);
#1775=ORIENTED_EDGE('',*,*,#1299,.T.);
#1776=ORIENTED_EDGE('',*,*,#1300,.T.);
#1777=ORIENTED_EDGE('',*,*,#1301,.T.);
#1778=ORIENTED_EDGE('',*,*,#1302,.T.);
#1779=ORIENTED_EDGE('',*,*,#1303,.T.);
#1780=ORIENTED_EDGE('',*,*,#1304,.T.);
#1781=ORIENTED_EDGE('',*,*,#1301,.F.);
#1782=ORIENTED_EDGE('',*,*,#1288,.T.);
#1783=ORIENTED_EDGE('',*,*,#1305,.T.);
#1784=ORIENTED_EDGE('',*,*,#1306,.T.);
#1785=ORIENTED_EDGE('',*,*,#1303,.F.);
#1786=ORIENTED_EDGE('',*,*,#1291,.T.);
#1787=ORIENTED_EDGE('',*,*,#1307,.T.);
#1788=ORIENTED_EDGE('',*,*,#1308,.T.);
#1789=ORIENTED_EDGE('',*,*,#1305,.F.);
#1790=ORIENTED_EDGE('',*,*,#1293,.T.);
#1791=ORIENTED_EDGE('',*,*,#1309,.T.);
#1792=ORIENTED_EDGE('',*,*,#1310,.T.);
#1793=ORIENTED_EDGE('',*,*,#1307,.F.);
#1794=ORIENTED_EDGE('',*,*,#1294,.T.);
#1795=ORIENTED_EDGE('',*,*,#1311,.T.);
#1796=ORIENTED_EDGE('',*,*,#1312,.T.);
#1797=ORIENTED_EDGE('',*,*,#1309,.F.);
#1798=ORIENTED_EDGE('',*,*,#1182,.T.);
#1799=ORIENTED_EDGE('',*,*,#1313,.T.);
#1800=ORIENTED_EDGE('',*,*,#1314,.T.);
#1801=ORIENTED_EDGE('',*,*,#1311,.F.);
#1802=ORIENTED_EDGE('',*,*,#1315,.T.);
#1803=ORIENTED_EDGE('',*,*,#1299,.F.);
#1804=ORIENTED_EDGE('',*,*,#1316,.T.);
#1805=ORIENTED_EDGE('',*,*,#1313,.F.);
#1806=ORIENTED_EDGE('',*,*,#1317,.T.);
#1807=ORIENTED_EDGE('',*,*,#1279,.F.);
#1808=ORIENTED_EDGE('',*,*,#1289,.T.);
#1809=ORIENTED_EDGE('',*,*,#1300,.F.);
#1810=ORIENTED_EDGE('',*,*,#1318,.F.);
#1811=ORIENTED_EDGE('',*,*,#1264,.F.);
#1812=ORIENTED_EDGE('',*,*,#1217,.F.);
#1813=ORIENTED_EDGE('',*,*,#1319,.T.);
#1814=ORIENTED_EDGE('',*,*,#1320,.T.);
#1815=ORIENTED_EDGE('',*,*,#1206,.T.);
#1816=ORIENTED_EDGE('',*,*,#1321,.T.);
#1817=ORIENTED_EDGE('',*,*,#1261,.T.);
#1818=ORIENTED_EDGE('',*,*,#1302,.F.);
#1819=ORIENTED_EDGE('',*,*,#1304,.F.);
#1820=ORIENTED_EDGE('',*,*,#1306,.F.);
#1821=ORIENTED_EDGE('',*,*,#1308,.F.);
#1822=ORIENTED_EDGE('',*,*,#1310,.F.);
#1823=ORIENTED_EDGE('',*,*,#1312,.F.);
#1824=ORIENTED_EDGE('',*,*,#1314,.F.);
#1825=ORIENTED_EDGE('',*,*,#1316,.F.);
#1826=ORIENTED_EDGE('',*,*,#1220,.F.);
#1827=ORIENTED_EDGE('',*,*,#1249,.T.);
#1828=ORIENTED_EDGE('',*,*,#1322,.T.);
#1829=ORIENTED_EDGE('',*,*,#1199,.T.);
#1830=ORIENTED_EDGE('',*,*,#1323,.T.);
#1831=ORIENTED_EDGE('',*,*,#1200,.T.);
#1832=ORIENTED_EDGE('',*,*,#1322,.F.);
#1833=ORIENTED_EDGE('',*,*,#1251,.T.);
#1834=ORIENTED_EDGE('',*,*,#1324,.T.);
#1835=ORIENTED_EDGE('',*,*,#1201,.T.);
#1836=ORIENTED_EDGE('',*,*,#1323,.F.);
#1837=ORIENTED_EDGE('',*,*,#1253,.T.);
#1838=ORIENTED_EDGE('',*,*,#1325,.T.);
#1839=ORIENTED_EDGE('',*,*,#1202,.T.);
#1840=ORIENTED_EDGE('',*,*,#1324,.F.);
#1841=ORIENTED_EDGE('',*,*,#1255,.T.);
#1842=ORIENTED_EDGE('',*,*,#1326,.T.);
#1843=ORIENTED_EDGE('',*,*,#1203,.T.);
#1844=ORIENTED_EDGE('',*,*,#1325,.F.);
#1845=ORIENTED_EDGE('',*,*,#1257,.T.);
#1846=ORIENTED_EDGE('',*,*,#1327,.T.);
#1847=ORIENTED_EDGE('',*,*,#1204,.T.);
#1848=ORIENTED_EDGE('',*,*,#1326,.F.);
#1849=ORIENTED_EDGE('',*,*,#1259,.T.);
#1850=ORIENTED_EDGE('',*,*,#1321,.F.);
#1851=ORIENTED_EDGE('',*,*,#1205,.T.);
#1852=ORIENTED_EDGE('',*,*,#1327,.F.);
#1853=ORIENTED_EDGE('',*,*,#1262,.T.);
#1854=ORIENTED_EDGE('',*,*,#1282,.F.);
#1855=ORIENTED_EDGE('',*,*,#1318,.T.);
#1856=ORIENTED_EDGE('',*,*,#1317,.F.);
#1857=ORIENTED_EDGE('',*,*,#1328,.F.);
#1858=ORIENTED_EDGE('',*,*,#1285,.F.);
#1859=ORIENTED_EDGE('',*,*,#1328,.T.);
#1860=ORIENTED_EDGE('',*,*,#1315,.F.);
#1861=ORIENTED_EDGE('',*,*,#1181,.F.);
#1862=ORIENTED_EDGE('',*,*,#1329,.T.);
#1863=ORIENTED_EDGE('',*,*,#1330,.T.);
#1864=ORIENTED_EDGE('',*,*,#1331,.T.);
#1865=ORIENTED_EDGE('',*,*,#1332,.T.);
#1866=ORIENTED_EDGE('',*,*,#1333,.T.);
#1867=ORIENTED_EDGE('',*,*,#1334,.T.);
#1868=ORIENTED_EDGE('',*,*,#1329,.F.);
#1869=ORIENTED_EDGE('',*,*,#1335,.T.);
#1870=ORIENTED_EDGE('',*,*,#1336,.T.);
#1871=ORIENTED_EDGE('',*,*,#1337,.T.);
#1872=ORIENTED_EDGE('',*,*,#1333,.F.);
#1873=ORIENTED_EDGE('',*,*,#1295,.T.);
#1874=ORIENTED_EDGE('',*,*,#1338,.T.);
#1875=ORIENTED_EDGE('',*,*,#1339,.T.);
#1876=ORIENTED_EDGE('',*,*,#1336,.F.);
#1877=ORIENTED_EDGE('',*,*,#1340,.T.);
#1878=ORIENTED_EDGE('',*,*,#1341,.T.);
#1879=ORIENTED_EDGE('',*,*,#1342,.T.);
#1880=ORIENTED_EDGE('',*,*,#1338,.F.);
#1881=ORIENTED_EDGE('',*,*,#1343,.T.);
#1882=ORIENTED_EDGE('',*,*,#1344,.T.);
#1883=ORIENTED_EDGE('',*,*,#1345,.T.);
#1884=ORIENTED_EDGE('',*,*,#1341,.F.);
#1885=ORIENTED_EDGE('',*,*,#1346,.T.);
#1886=ORIENTED_EDGE('',*,*,#1347,.T.);
#1887=ORIENTED_EDGE('',*,*,#1348,.T.);
#1888=ORIENTED_EDGE('',*,*,#1344,.F.);
#1889=ORIENTED_EDGE('',*,*,#1349,.T.);
#1890=ORIENTED_EDGE('',*,*,#1350,.T.);
#1891=ORIENTED_EDGE('',*,*,#1351,.T.);
#1892=ORIENTED_EDGE('',*,*,#1347,.F.);
#1893=ORIENTED_EDGE('',*,*,#1352,.T.);
#1894=ORIENTED_EDGE('',*,*,#1353,.T.);
#1895=ORIENTED_EDGE('',*,*,#1354,.T.);
#1896=ORIENTED_EDGE('',*,*,#1350,.F.);
#1897=ORIENTED_EDGE('',*,*,#1355,.T.);
#1898=ORIENTED_EDGE('',*,*,#1356,.T.);
#1899=ORIENTED_EDGE('',*,*,#1357,.T.);
#1900=ORIENTED_EDGE('',*,*,#1353,.F.);
#1901=ORIENTED_EDGE('',*,*,#1358,.T.);
#1902=ORIENTED_EDGE('',*,*,#1359,.T.);
#1903=ORIENTED_EDGE('',*,*,#1360,.T.);
#1904=ORIENTED_EDGE('',*,*,#1356,.F.);
#1905=ORIENTED_EDGE('',*,*,#1361,.T.);
#1906=ORIENTED_EDGE('',*,*,#1331,.F.);
#1907=ORIENTED_EDGE('',*,*,#1362,.T.);
#1908=ORIENTED_EDGE('',*,*,#1359,.F.);
#1909=ORIENTED_EDGE('',*,*,#1363,.T.);
#1910=ORIENTED_EDGE('',*,*,#1346,.F.);
#1911=ORIENTED_EDGE('',*,*,#1364,.F.);
#1912=ORIENTED_EDGE('',*,*,#1365,.T.);
#1913=ORIENTED_EDGE('',*,*,#1366,.T.);
#1914=ORIENTED_EDGE('',*,*,#1343,.F.);
#1915=ORIENTED_EDGE('',*,*,#1367,.F.);
#1916=ORIENTED_EDGE('',*,*,#1368,.T.);
#1917=ORIENTED_EDGE('',*,*,#1364,.T.);
#1918=ORIENTED_EDGE('',*,*,#1340,.F.);
#1919=ORIENTED_EDGE('',*,*,#1298,.F.);
#1920=ORIENTED_EDGE('',*,*,#1369,.T.);
#1921=ORIENTED_EDGE('',*,*,#1367,.T.);
#1922=ORIENTED_EDGE('',*,*,#1335,.F.);
#1923=ORIENTED_EDGE('',*,*,#1370,.F.);
#1924=ORIENTED_EDGE('',*,*,#1371,.T.);
#1925=ORIENTED_EDGE('',*,*,#1296,.T.);
#1926=ORIENTED_EDGE('',*,*,#1332,.F.);
#1927=ORIENTED_EDGE('',*,*,#1372,.F.);
#1928=ORIENTED_EDGE('',*,*,#1373,.T.);
#1929=ORIENTED_EDGE('',*,*,#1370,.T.);
#1930=ORIENTED_EDGE('',*,*,#1330,.F.);
#1931=ORIENTED_EDGE('',*,*,#1334,.F.);
#1932=ORIENTED_EDGE('',*,*,#1337,.F.);
#1933=ORIENTED_EDGE('',*,*,#1339,.F.);
#1934=ORIENTED_EDGE('',*,*,#1342,.F.);
#1935=ORIENTED_EDGE('',*,*,#1345,.F.);
#1936=ORIENTED_EDGE('',*,*,#1348,.F.);
#1937=ORIENTED_EDGE('',*,*,#1351,.F.);
#1938=ORIENTED_EDGE('',*,*,#1354,.F.);
#1939=ORIENTED_EDGE('',*,*,#1357,.F.);
#1940=ORIENTED_EDGE('',*,*,#1360,.F.);
#1941=ORIENTED_EDGE('',*,*,#1362,.F.);
#1942=ORIENTED_EDGE('',*,*,#1363,.F.);
#1943=ORIENTED_EDGE('',*,*,#1374,.F.);
#1944=ORIENTED_EDGE('',*,*,#1375,.T.);
#1945=ORIENTED_EDGE('',*,*,#1372,.T.);
#1946=ORIENTED_EDGE('',*,*,#1375,.F.);
#1947=ORIENTED_EDGE('',*,*,#1376,.F.);
#1948=ORIENTED_EDGE('',*,*,#1377,.F.);
#1949=ORIENTED_EDGE('',*,*,#1378,.F.);
#1950=ORIENTED_EDGE('',*,*,#1379,.F.);
#1951=ORIENTED_EDGE('',*,*,#1380,.F.);
#1952=ORIENTED_EDGE('',*,*,#1365,.F.);
#1953=ORIENTED_EDGE('',*,*,#1368,.F.);
#1954=ORIENTED_EDGE('',*,*,#1369,.F.);
#1955=ORIENTED_EDGE('',*,*,#1297,.F.);
#1956=ORIENTED_EDGE('',*,*,#1371,.F.);
#1957=ORIENTED_EDGE('',*,*,#1373,.F.);
#1958=ORIENTED_EDGE('',*,*,#1381,.T.);
#1959=ORIENTED_EDGE('',*,*,#1382,.F.);
#1960=ORIENTED_EDGE('',*,*,#1383,.F.);
#1961=ORIENTED_EDGE('',*,*,#1384,.F.);
#1962=ORIENTED_EDGE('',*,*,#1385,.F.);
#1963=ORIENTED_EDGE('',*,*,#1386,.F.);
#1964=ORIENTED_EDGE('',*,*,#1387,.F.);
#1965=ORIENTED_EDGE('',*,*,#1388,.F.);
#1966=ORIENTED_EDGE('',*,*,#1319,.F.);
#1967=ORIENTED_EDGE('',*,*,#1216,.F.);
#1968=ORIENTED_EDGE('',*,*,#1176,.T.);
#1969=ORIENTED_EDGE('',*,*,#1173,.T.);
#1970=ORIENTED_EDGE('',*,*,#1170,.T.);
#1971=ORIENTED_EDGE('',*,*,#1167,.T.);
#1972=ORIENTED_EDGE('',*,*,#1160,.T.);
#1973=ORIENTED_EDGE('',*,*,#1157,.T.);
#1974=ORIENTED_EDGE('',*,*,#1389,.T.);
#1975=ORIENTED_EDGE('',*,*,#1390,.F.);
#1976=ORIENTED_EDGE('',*,*,#1381,.F.);
#1977=ORIENTED_EDGE('',*,*,#1215,.F.);
#1978=ORIENTED_EDGE('',*,*,#1391,.F.);
#1979=ORIENTED_EDGE('',*,*,#1392,.F.);
#1980=ORIENTED_EDGE('',*,*,#1382,.T.);
#1981=ORIENTED_EDGE('',*,*,#1390,.T.);
#1982=ORIENTED_EDGE('',*,*,#1221,.F.);
#1983=ORIENTED_EDGE('',*,*,#1225,.F.);
#1984=ORIENTED_EDGE('',*,*,#1227,.F.);
#1985=ORIENTED_EDGE('',*,*,#1229,.F.);
#1986=ORIENTED_EDGE('',*,*,#1231,.F.);
#1987=ORIENTED_EDGE('',*,*,#1209,.F.);
#1988=ORIENTED_EDGE('',*,*,#1188,.F.);
#1989=ORIENTED_EDGE('',*,*,#1393,.F.);
#1990=ORIENTED_EDGE('',*,*,#1394,.T.);
#1991=ORIENTED_EDGE('',*,*,#1395,.T.);
#1992=ORIENTED_EDGE('',*,*,#1396,.T.);
#1993=ORIENTED_EDGE('',*,*,#1397,.T.);
#1994=ORIENTED_EDGE('',*,*,#1391,.T.);
#1995=ORIENTED_EDGE('',*,*,#1389,.F.);
#1996=ORIENTED_EDGE('',*,*,#1214,.F.);
#1997=ORIENTED_EDGE('',*,*,#1212,.F.);
#1998=ORIENTED_EDGE('',*,*,#1226,.F.);
#1999=ORIENTED_EDGE('',*,*,#1398,.F.);
#2000=ORIENTED_EDGE('',*,*,#1386,.T.);
#2001=ORIENTED_EDGE('',*,*,#1399,.T.);
#2002=ORIENTED_EDGE('',*,*,#1394,.F.);
#2003=ORIENTED_EDGE('',*,*,#1395,.F.);
#2004=ORIENTED_EDGE('',*,*,#1399,.F.);
#2005=ORIENTED_EDGE('',*,*,#1385,.T.);
#2006=ORIENTED_EDGE('',*,*,#1400,.T.);
#2007=ORIENTED_EDGE('',*,*,#1396,.F.);
#2008=ORIENTED_EDGE('',*,*,#1400,.F.);
#2009=ORIENTED_EDGE('',*,*,#1384,.T.);
#2010=ORIENTED_EDGE('',*,*,#1401,.T.);
#2011=ORIENTED_EDGE('',*,*,#1397,.F.);
#2012=ORIENTED_EDGE('',*,*,#1401,.F.);
#2013=ORIENTED_EDGE('',*,*,#1383,.T.);
#2014=ORIENTED_EDGE('',*,*,#1392,.T.);
#2015=ORIENTED_EDGE('',*,*,#1187,.F.);
#2016=ORIENTED_EDGE('',*,*,#1208,.T.);
#2017=ORIENTED_EDGE('',*,*,#1402,.T.);
#2018=ORIENTED_EDGE('',*,*,#1387,.T.);
#2019=ORIENTED_EDGE('',*,*,#1398,.T.);
#2020=ORIENTED_EDGE('',*,*,#1393,.T.);
#2021=ORIENTED_EDGE('',*,*,#1320,.F.);
#2022=ORIENTED_EDGE('',*,*,#1388,.T.);
#2023=ORIENTED_EDGE('',*,*,#1402,.F.);
#2024=ORIENTED_EDGE('',*,*,#1207,.T.);
#2025=ORIENTED_EDGE('',*,*,#1355,.F.);
#2026=ORIENTED_EDGE('',*,*,#1403,.F.);
#2027=ORIENTED_EDGE('',*,*,#1378,.T.);
#2028=ORIENTED_EDGE('',*,*,#1404,.T.);
#2029=ORIENTED_EDGE('',*,*,#1358,.F.);
#2030=ORIENTED_EDGE('',*,*,#1404,.F.);
#2031=ORIENTED_EDGE('',*,*,#1377,.T.);
#2032=ORIENTED_EDGE('',*,*,#1405,.T.);
#2033=ORIENTED_EDGE('',*,*,#1361,.F.);
#2034=ORIENTED_EDGE('',*,*,#1405,.F.);
#2035=ORIENTED_EDGE('',*,*,#1376,.T.);
#2036=ORIENTED_EDGE('',*,*,#1374,.T.);
#2037=ORIENTED_EDGE('',*,*,#1349,.F.);
#2038=ORIENTED_EDGE('',*,*,#1366,.F.);
#2039=ORIENTED_EDGE('',*,*,#1380,.T.);
#2040=ORIENTED_EDGE('',*,*,#1406,.T.);
#2041=ORIENTED_EDGE('',*,*,#1352,.F.);
#2042=ORIENTED_EDGE('',*,*,#1406,.F.);
#2043=ORIENTED_EDGE('',*,*,#1379,.T.);
#2044=ORIENTED_EDGE('',*,*,#1403,.T.);
#2045=PLANE('',#2257);
#2046=PLANE('',#2258);
#2047=PLANE('',#2262);
#2048=PLANE('',#2266);
#2049=PLANE('',#2269);
#2050=PLANE('',#2272);
#2051=PLANE('',#2273);
#2052=PLANE('',#2277);
#2053=PLANE('',#2281);
#2054=PLANE('',#2282);
#2055=PLANE('',#2285);
#2056=PLANE('',#2288);
#2057=PLANE('',#2289);
#2058=PLANE('',#2290);
#2059=PLANE('',#2291);
#2060=PLANE('',#2296);
#2061=PLANE('',#2297);
#2062=PLANE('',#2301);
#2063=PLANE('',#2305);
#2064=PLANE('',#2309);
#2065=PLANE('',#2313);
#2066=PLANE('',#2317);
#2067=PLANE('',#2321);
#2068=PLANE('',#2325);
#2069=PLANE('',#2329);
#2070=PLANE('',#2338);
#2071=PLANE('',#2341);
#2072=PLANE('',#2344);
#2073=PLANE('',#2345);
#2074=PLANE('',#2348);
#2075=PLANE('',#2353);
#2076=PLANE('',#2356);
#2077=PLANE('',#2359);
#2078=PLANE('',#2365);
#2079=PLANE('',#2368);
#2080=PLANE('',#2371);
#2081=PLANE('',#2375);
#2082=PLANE('',#2376);
#2083=PLANE('',#2377);
#2084=PLANE('',#2378);
#2085=PLANE('',#2404);
#2086=PLANE('',#2407);
#2087=PLANE('',#2408);
#2088=PLANE('',#2430);
#2089=PLANE('',#2431);
#2090=PLANE('',#2446);
#2091=PLANE('',#2447);
#2092=PLANE('',#2451);
#2093=PLANE('',#2455);
#2094=PLANE('',#2459);
#2095=PLANE('',#2463);
#2096=PLANE('',#2467);
#2097=PLANE('',#2473);
#2098=PLANE('',#2478);
#2099=PLANE('',#2479);
#2100=PLANE('',#2482);
#2101=PLANE('',#2493);
#2102=PLANE('',#2497);
#2103=PLANE('',#2499);
#2104=PLANE('',#2500);
#2105=PLANE('',#2501);
#2106=PLANE('',#2502);
#2107=PLANE('',#2504);
#2108=PLANE('',#2505);
#2109=ADVANCED_FACE('',(#219),#2045,.T.);
#2110=ADVANCED_FACE('',(#220),#2046,.T.);
#2111=ADVANCED_FACE('',(#221),#205,.F.);
#2112=ADVANCED_FACE('',(#222),#2047,.T.);
#2113=ADVANCED_FACE('',(#223),#206,.F.);
#2114=ADVANCED_FACE('',(#224),#2048,.T.);
#2115=ADVANCED_FACE('',(#225),#47,.F.);
#2116=ADVANCED_FACE('',(#226),#2049,.T.);
#2117=ADVANCED_FACE('',(#227),#48,.F.);
#2118=ADVANCED_FACE('',(#228),#2050,.T.);
#2119=ADVANCED_FACE('',(#229),#2051,.T.);
#2120=ADVANCED_FACE('',(#230),#207,.F.);
#2121=ADVANCED_FACE('',(#231),#2052,.T.);
#2122=ADVANCED_FACE('',(#232),#208,.F.);
#2123=ADVANCED_FACE('',(#233),#2053,.T.);
#2124=ADVANCED_FACE('',(#234),#2054,.T.);
#2125=ADVANCED_FACE('',(#235),#49,.F.);
#2126=ADVANCED_FACE('',(#236),#2055,.T.);
#2127=ADVANCED_FACE('',(#237),#50,.F.);
#2128=ADVANCED_FACE('',(#238),#2056,.T.);
#2129=ADVANCED_FACE('',(#239),#2057,.F.);
#2130=ADVANCED_FACE('',(#240),#2058,.F.);
#2131=ADVANCED_FACE('',(#241,#35,#36),#2059,.T.);
#2132=ADVANCED_FACE('',(#242),#2060,.T.);
#2133=ADVANCED_FACE('',(#243),#2061,.T.);
#2134=ADVANCED_FACE('',(#244),#51,.F.);
#2135=ADVANCED_FACE('',(#245),#2062,.T.);
#2136=ADVANCED_FACE('',(#246,#37),#52,.F.);
#2137=ADVANCED_FACE('',(#247),#2063,.T.);
#2138=ADVANCED_FACE('',(#248),#53,.F.);
#2139=ADVANCED_FACE('',(#249),#2064,.T.);
#2140=ADVANCED_FACE('',(#250),#54,.F.);
#2141=ADVANCED_FACE('',(#251),#2065,.T.);
#2142=ADVANCED_FACE('',(#252),#55,.F.);
#2143=ADVANCED_FACE('',(#253),#2066,.T.);
#2144=ADVANCED_FACE('',(#254),#56,.F.);
#2145=ADVANCED_FACE('',(#255),#2067,.T.);
#2146=ADVANCED_FACE('',(#256),#57,.F.);
#2147=ADVANCED_FACE('',(#257),#2068,.F.);
#2148=ADVANCED_FACE('',(#258),#58,.F.);
#2149=ADVANCED_FACE('',(#259),#2069,.F.);
#2150=ADVANCED_FACE('',(#260),#2070,.T.);
#2151=ADVANCED_FACE('',(#261),#59,.F.);
#2152=ADVANCED_FACE('',(#262),#2071,.F.);
#2153=ADVANCED_FACE('',(#263),#60,.T.);
#2154=ADVANCED_FACE('',(#264),#2072,.T.);
#2155=ADVANCED_FACE('',(#265),#2073,.T.);
#2156=ADVANCED_FACE('',(#266),#61,.F.);
#2157=ADVANCED_FACE('',(#267),#2074,.T.);
#2158=ADVANCED_FACE('',(#268),#62,.F.);
#2159=ADVANCED_FACE('',(#269),#209,.T.);
#2160=ADVANCED_FACE('',(#270),#2075,.T.);
#2161=ADVANCED_FACE('',(#271),#210,.T.);
#2162=ADVANCED_FACE('',(#272),#2076,.T.);
#2163=ADVANCED_FACE('',(#273),#211,.T.);
#2164=ADVANCED_FACE('',(#274),#2077,.T.);
#2165=ADVANCED_FACE('',(#275),#212,.T.);
#2166=ADVANCED_FACE('',(#276),#63,.T.);
#2167=ADVANCED_FACE('',(#277),#2078,.T.);
#2168=ADVANCED_FACE('',(#278),#64,.T.);
#2169=ADVANCED_FACE('',(#279),#2079,.T.);
#2170=ADVANCED_FACE('',(#280),#65,.T.);
#2171=ADVANCED_FACE('',(#281),#2080,.T.);
#2172=ADVANCED_FACE('',(#282),#66,.T.);
#2173=ADVANCED_FACE('',(#283),#2081,.T.);
#2174=ADVANCED_FACE('',(#284),#2082,.T.);
#2175=ADVANCED_FACE('',(#285),#2083,.T.);
#2176=ADVANCED_FACE('',(#286),#2084,.T.);
#2177=ADVANCED_FACE('',(#287),#67,.T.);
#2178=ADVANCED_FACE('',(#288),#15,.T.);
#2179=ADVANCED_FACE('',(#289),#68,.T.);
#2180=ADVANCED_FACE('',(#290),#16,.T.);
#2181=ADVANCED_FACE('',(#291),#69,.T.);
#2182=ADVANCED_FACE('',(#292),#17,.T.);
#2183=ADVANCED_FACE('',(#293),#70,.T.);
#2184=ADVANCED_FACE('',(#294),#18,.T.);
#2185=ADVANCED_FACE('',(#295),#71,.F.);
#2186=ADVANCED_FACE('',(#296),#2085,.F.);
#2187=ADVANCED_FACE('',(#297),#72,.F.);
#2188=ADVANCED_FACE('',(#298),#2086,.F.);
#2189=ADVANCED_FACE('',(#299,#38),#2087,.F.);
#2190=ADVANCED_FACE('',(#300),#73,.T.);
#2191=ADVANCED_FACE('',(#301),#19,.T.);
#2192=ADVANCED_FACE('',(#302),#74,.T.);
#2193=ADVANCED_FACE('',(#303),#20,.T.);
#2194=ADVANCED_FACE('',(#304),#75,.T.);
#2195=ADVANCED_FACE('',(#305),#21,.T.);
#2196=ADVANCED_FACE('',(#306),#76,.T.);
#2197=ADVANCED_FACE('',(#307),#22,.T.);
#2198=ADVANCED_FACE('',(#308),#2088,.F.);
#2199=ADVANCED_FACE('',(#309,#39),#2089,.F.);
#2200=ADVANCED_FACE('',(#310),#23,.F.);
#2201=ADVANCED_FACE('',(#311),#77,.F.);
#2202=ADVANCED_FACE('',(#312),#24,.F.);
#2203=ADVANCED_FACE('',(#313),#78,.F.);
#2204=ADVANCED_FACE('',(#314),#25,.F.);
#2205=ADVANCED_FACE('',(#315),#79,.F.);
#2206=ADVANCED_FACE('',(#316),#26,.F.);
#2207=ADVANCED_FACE('',(#317),#80,.F.);
#2208=ADVANCED_FACE('',(#318),#2090,.F.);
#2209=ADVANCED_FACE('',(#319),#2091,.T.);
#2210=ADVANCED_FACE('',(#320),#213,.T.);
#2211=ADVANCED_FACE('',(#321),#2092,.T.);
#2212=ADVANCED_FACE('',(#322),#214,.T.);
#2213=ADVANCED_FACE('',(#323),#2093,.T.);
#2214=ADVANCED_FACE('',(#324),#215,.T.);
#2215=ADVANCED_FACE('',(#325),#2094,.T.);
#2216=ADVANCED_FACE('',(#326),#216,.T.);
#2217=ADVANCED_FACE('',(#327),#2095,.T.);
#2218=ADVANCED_FACE('',(#328),#217,.T.);
#2219=ADVANCED_FACE('',(#329),#2096,.T.);
#2220=ADVANCED_FACE('',(#330),#218,.T.);
#2221=ADVANCED_FACE('',(#331),#81,.T.);
#2222=ADVANCED_FACE('',(#332),#2097,.F.);
#2223=ADVANCED_FACE('',(#333),#82,.T.);
#2224=ADVANCED_FACE('',(#334),#83,.T.);
#2225=ADVANCED_FACE('',(#335),#2098,.F.);
#2226=ADVANCED_FACE('',(#336),#2099,.T.);
#2227=ADVANCED_FACE('',(#337),#84,.T.);
#2228=ADVANCED_FACE('',(#338,#40,#41,#42,#43,#44,#45,#46),#2100,.T.);
#2229=ADVANCED_FACE('',(#339),#85,.T.);
#2230=ADVANCED_FACE('',(#340),#86,.F.);
#2231=ADVANCED_FACE('',(#341),#2101,.T.);
#2232=ADVANCED_FACE('',(#342),#87,.F.);
#2233=ADVANCED_FACE('',(#343),#2102,.F.);
#2234=ADVANCED_FACE('',(#344),#88,.F.);
#2235=ADVANCED_FACE('',(#345),#2103,.F.);
#2236=ADVANCED_FACE('',(#346),#2104,.F.);
#2237=ADVANCED_FACE('',(#347),#2105,.F.);
#2238=ADVANCED_FACE('',(#348),#2106,.F.);
#2239=ADVANCED_FACE('',(#349),#89,.T.);
#2240=ADVANCED_FACE('',(#350),#2107,.F.);
#2241=ADVANCED_FACE('',(#351),#2108,.F.);
#2242=ADVANCED_FACE('',(#352),#90,.T.);
#2243=CLOSED_SHELL('',(#2109,#2110,#2111,#2112,#2113,#2114,#2115,#2116,
#2117,#2118,#2119,#2120,#2121,#2122,#2123,#2124,#2125,#2126,#2127,#2128,
#2129,#2130,#2131,#2132,#2133,#2134,#2135,#2136,#2137,#2138,#2139,#2140,
#2141,#2142,#2143,#2144,#2145,#2146,#2147,#2148,#2149,#2150,#2151,#2152,
#2153,#2154,#2155,#2156,#2157,#2158,#2159,#2160,#2161,#2162,#2163,#2164,
#2165,#2166,#2167,#2168,#2169,#2170,#2171,#2172,#2173,#2174,#2175,#2176,
#2177,#2178,#2179,#2180,#2181,#2182,#2183,#2184,#2185,#2186,#2187,#2188,
#2189,#2190,#2191,#2192,#2193,#2194,#2195,#2196,#2197,#2198,#2199,#2200,
#2201,#2202,#2203,#2204,#2205,#2206,#2207,#2208,#2209,#2210,#2211,#2212,
#2213,#2214,#2215,#2216,#2217,#2218,#2219,#2220,#2221,#2222,#2223,#2224,
#2225,#2226,#2227,#2228,#2229,#2230,#2231,#2232,#2233,#2234,#2235,#2236,
#2237,#2238,#2239,#2240,#2241,#2242));
#2244=DERIVED_UNIT_ELEMENT(#2246,1.);
#2245=DERIVED_UNIT_ELEMENT(#3940,-3.);
#2246=(
MASS_UNIT()
NAMED_UNIT(*)
SI_UNIT(.KILO.,.GRAM.)
);
#2247=DERIVED_UNIT((#2244,#2245));
#2248=MEASURE_REPRESENTATION_ITEM('density measure',
POSITIVE_RATIO_MEASURE(7850.),#2247);
#2249=PROPERTY_DEFINITION_REPRESENTATION(#2254,#2251);
#2250=PROPERTY_DEFINITION_REPRESENTATION(#2255,#2252);
#2251=REPRESENTATION('material name',(#2253),#3937);
#2252=REPRESENTATION('density',(#2248),#3937);
#2253=DESCRIPTIVE_REPRESENTATION_ITEM('Steel','Steel');
#2254=PROPERTY_DEFINITION('material property','material name',#3947);
#2255=PROPERTY_DEFINITION('material property','density of part',#3947);
#2256=AXIS2_PLACEMENT_3D('',#3206,#2507,#2508);
#2257=AXIS2_PLACEMENT_3D('',#3207,#2509,#2510);
#2258=AXIS2_PLACEMENT_3D('',#3216,#2515,#2516);
#2259=AXIS2_PLACEMENT_3D('',#3225,#2521,#2522);
#2260=AXIS2_PLACEMENT_3D('',#3227,#2523,#2524);
#2261=AXIS2_PLACEMENT_3D('',#3230,#2526,#2527);
#2262=AXIS2_PLACEMENT_3D('',#3231,#2528,#2529);
#2263=AXIS2_PLACEMENT_3D('',#3237,#2533,#2534);
#2264=AXIS2_PLACEMENT_3D('',#3238,#2535,#2536);
#2265=AXIS2_PLACEMENT_3D('',#3239,#2537,#2538);
#2266=AXIS2_PLACEMENT_3D('',#3240,#2539,#2540);
#2267=AXIS2_PLACEMENT_3D('',#3246,#2544,#2545);
#2268=AXIS2_PLACEMENT_3D('',#3249,#2547,#2548);
#2269=AXIS2_PLACEMENT_3D('',#3250,#2549,#2550);
#2270=AXIS2_PLACEMENT_3D('',#3254,#2553,#2554);
#2271=AXIS2_PLACEMENT_3D('',#3257,#2556,#2557);
#2272=AXIS2_PLACEMENT_3D('',#3258,#2558,#2559);
#2273=AXIS2_PLACEMENT_3D('',#3262,#2562,#2563);
#2274=AXIS2_PLACEMENT_3D('',#3271,#2568,#2569);
#2275=AXIS2_PLACEMENT_3D('',#3273,#2570,#2571);
#2276=AXIS2_PLACEMENT_3D('',#3276,#2573,#2574);
#2277=AXIS2_PLACEMENT_3D('',#3277,#2575,#2576);
#2278=AXIS2_PLACEMENT_3D('',#3283,#2580,#2581);
#2279=AXIS2_PLACEMENT_3D('',#3285,#2582,#2583);
#2280=AXIS2_PLACEMENT_3D('',#3288,#2585,#2586);
#2281=AXIS2_PLACEMENT_3D('',#3289,#2587,#2588);
#2282=AXIS2_PLACEMENT_3D('',#3295,#2592,#2593);
#2283=AXIS2_PLACEMENT_3D('',#3301,#2597,#2598);
#2284=AXIS2_PLACEMENT_3D('',#3304,#2600,#2601);
#2285=AXIS2_PLACEMENT_3D('',#3305,#2602,#2603);
#2286=AXIS2_PLACEMENT_3D('',#3309,#2606,#2607);
#2287=AXIS2_PLACEMENT_3D('',#3312,#2609,#2610);
#2288=AXIS2_PLACEMENT_3D('',#3313,#2611,#2612);
#2289=AXIS2_PLACEMENT_3D('',#3317,#2615,#2616);
#2290=AXIS2_PLACEMENT_3D('',#3319,#2618,#2619);
#2291=AXIS2_PLACEMENT_3D('',#3321,#2621,#2622);
#2292=AXIS2_PLACEMENT_3D('',#3324,#2623,#2624);
#2293=AXIS2_PLACEMENT_3D('',#3328,#2626,#2627);
#2294=AXIS2_PLACEMENT_3D('',#3332,#2629,#2630);
#2295=AXIS2_PLACEMENT_3D('',#3338,#2633,#2634);
#2296=AXIS2_PLACEMENT_3D('',#3342,#2638,#2639);
#2297=AXIS2_PLACEMENT_3D('',#3344,#2641,#2642);
#2298=AXIS2_PLACEMENT_3D('',#3346,#2644,#2645);
#2299=AXIS2_PLACEMENT_3D('',#3348,#2646,#2647);
#2300=AXIS2_PLACEMENT_3D('',#3351,#2649,#2650);
#2301=AXIS2_PLACEMENT_3D('',#3352,#2651,#2652);
#2302=AXIS2_PLACEMENT_3D('',#3353,#2653,#2654);
#2303=AXIS2_PLACEMENT_3D('',#3355,#2655,#2656);
#2304=AXIS2_PLACEMENT_3D('',#3358,#2658,#2659);
#2305=AXIS2_PLACEMENT_3D('',#3409,#2662,#2663);
#2306=AXIS2_PLACEMENT_3D('',#3410,#2664,#2665);
#2307=AXIS2_PLACEMENT_3D('',#3412,#2666,#2667);
#2308=AXIS2_PLACEMENT_3D('',#3415,#2669,#2670);
#2309=AXIS2_PLACEMENT_3D('',#3416,#2671,#2672);
#2310=AXIS2_PLACEMENT_3D('',#3417,#2673,#2674);
#2311=AXIS2_PLACEMENT_3D('',#3419,#2675,#2676);
#2312=AXIS2_PLACEMENT_3D('',#3422,#2678,#2679);
#2313=AXIS2_PLACEMENT_3D('',#3423,#2680,#2681);
#2314=AXIS2_PLACEMENT_3D('',#3424,#2682,#2683);
#2315=AXIS2_PLACEMENT_3D('',#3426,#2684,#2685);
#2316=AXIS2_PLACEMENT_3D('',#3429,#2687,#2688);
#2317=AXIS2_PLACEMENT_3D('',#3430,#2689,#2690);
#2318=AXIS2_PLACEMENT_3D('',#3431,#2691,#2692);
#2319=AXIS2_PLACEMENT_3D('',#3433,#2693,#2694);
#2320=AXIS2_PLACEMENT_3D('',#3436,#2696,#2697);
#2321=AXIS2_PLACEMENT_3D('',#3437,#2698,#2699);
#2322=AXIS2_PLACEMENT_3D('',#3438,#2700,#2701);
#2323=AXIS2_PLACEMENT_3D('',#3442,#2703,#2704);
#2324=AXIS2_PLACEMENT_3D('',#3446,#2706,#2707);
#2325=AXIS2_PLACEMENT_3D('',#3448,#2709,#2710);
#2326=AXIS2_PLACEMENT_3D('',#3452,#2713,#2714);
#2327=AXIS2_PLACEMENT_3D('',#3455,#2715,#2716);
#2328=AXIS2_PLACEMENT_3D('',#3459,#2718,#2719);
#2329=AXIS2_PLACEMENT_3D('',#3461,#2721,#2722);
#2330=AXIS2_PLACEMENT_3D('',#3465,#2724,#2725);
#2331=AXIS2_PLACEMENT_3D('',#3469,#2727,#2728);
#2332=AXIS2_PLACEMENT_3D('',#3473,#2730,#2731);
#2333=AXIS2_PLACEMENT_3D('',#3477,#2733,#2734);
#2334=AXIS2_PLACEMENT_3D('',#3481,#2736,#2737);
#2335=AXIS2_PLACEMENT_3D('',#3485,#2739,#2740);
#2336=AXIS2_PLACEMENT_3D('',#3489,#2742,#2743);
#2337=AXIS2_PLACEMENT_3D('',#3493,#2745,#2746);
#2338=AXIS2_PLACEMENT_3D('',#3499,#2750,#2751);
#2339=AXIS2_PLACEMENT_3D('',#3503,#2754,#2755);
#2340=AXIS2_PLACEMENT_3D('',#3507,#2757,#2758);
#2341=AXIS2_PLACEMENT_3D('',#3509,#2760,#2761);
#2342=AXIS2_PLACEMENT_3D('',#3540,#2768,#2769);
#2343=AXIS2_PLACEMENT_3D('',#3543,#2770,#2771);
#2344=AXIS2_PLACEMENT_3D('',#3546,#2774,#2775);
#2345=AXIS2_PLACEMENT_3D('',#3550,#2778,#2779);
#2346=AXIS2_PLACEMENT_3D('',#3552,#2781,#2782);
#2347=AXIS2_PLACEMENT_3D('',#3554,#2783,#2784);
#2348=AXIS2_PLACEMENT_3D('',#3556,#2786,#2787);
#2349=AXIS2_PLACEMENT_3D('',#3560,#2790,#2791);
#2350=AXIS2_PLACEMENT_3D('',#3561,#2792,#2793);
#2351=AXIS2_PLACEMENT_3D('',#3562,#2794,#2795);
#2352=AXIS2_PLACEMENT_3D('',#3568,#2796,#2797);
#2353=AXIS2_PLACEMENT_3D('',#3570,#2799,#2800);
#2354=AXIS2_PLACEMENT_3D('',#3574,#2803,#2804);
#2355=AXIS2_PLACEMENT_3D('',#3577,#2806,#2807);
#2356=AXIS2_PLACEMENT_3D('',#3578,#2808,#2809);
#2357=AXIS2_PLACEMENT_3D('',#3582,#2812,#2813);
#2358=AXIS2_PLACEMENT_3D('',#3585,#2815,#2816);
#2359=AXIS2_PLACEMENT_3D('',#3586,#2817,#2818);
#2360=AXIS2_PLACEMENT_3D('',#3590,#2821,#2822);
#2361=AXIS2_PLACEMENT_3D('',#3595,#2823,#2824);
#2362=AXIS2_PLACEMENT_3D('',#3596,#2825,#2826);
#2363=AXIS2_PLACEMENT_3D('',#3597,#2827,#2828);
#2364=AXIS2_PLACEMENT_3D('',#3600,#2830,#2831);
#2365=AXIS2_PLACEMENT_3D('',#3601,#2832,#2833);
#2366=AXIS2_PLACEMENT_3D('',#3605,#2836,#2837);
#2367=AXIS2_PLACEMENT_3D('',#3608,#2839,#2840);
#2368=AXIS2_PLACEMENT_3D('',#3609,#2841,#2842);
#2369=AXIS2_PLACEMENT_3D('',#3613,#2845,#2846);
#2370=AXIS2_PLACEMENT_3D('',#3616,#2848,#2849);
#2371=AXIS2_PLACEMENT_3D('',#3617,#2850,#2851);
#2372=AXIS2_PLACEMENT_3D('',#3621,#2854,#2855);
#2373=AXIS2_PLACEMENT_3D('',#3623,#2856,#2857);
#2374=AXIS2_PLACEMENT_3D('',#3626,#2859,#2860);
#2375=AXIS2_PLACEMENT_3D('',#3627,#2861,#2862);
#2376=AXIS2_PLACEMENT_3D('',#3629,#2864,#2865);
#2377=AXIS2_PLACEMENT_3D('',#3631,#2867,#2868);
#2378=AXIS2_PLACEMENT_3D('',#3632,#2869,#2870);
#2379=AXIS2_PLACEMENT_3D('',#3633,#2871,#2872);
#2380=AXIS2_PLACEMENT_3D('',#3635,#2873,#2874);
#2381=AXIS2_PLACEMENT_3D('',#3637,#2875,#2876);
#2382=AXIS2_PLACEMENT_3D('',#3639,#2878,#2879);
#2383=AXIS2_PLACEMENT_3D('',#3642,#2880,#2881);
#2384=AXIS2_PLACEMENT_3D('',#3643,#2882,#2883);
#2385=AXIS2_PLACEMENT_3D('',#3644,#2884,#2885);
#2386=AXIS2_PLACEMENT_3D('',#3645,#2886,#2887);
#2387=AXIS2_PLACEMENT_3D('',#3648,#2888,#2889);
#2388=AXIS2_PLACEMENT_3D('',#3651,#2892,#2893);
#2389=AXIS2_PLACEMENT_3D('',#3654,#2894,#2895);
#2390=AXIS2_PLACEMENT_3D('',#3655,#2896,#2897);
#2391=AXIS2_PLACEMENT_3D('',#3656,#2898,#2899);
#2392=AXIS2_PLACEMENT_3D('',#3657,#2900,#2901);
#2393=AXIS2_PLACEMENT_3D('',#3660,#2902,#2903);
#2394=AXIS2_PLACEMENT_3D('',#3663,#2906,#2907);
#2395=AXIS2_PLACEMENT_3D('',#3666,#2908,#2909);
#2396=AXIS2_PLACEMENT_3D('',#3667,#2910,#2911);
#2397=AXIS2_PLACEMENT_3D('',#3668,#2912,#2913);
#2398=AXIS2_PLACEMENT_3D('',#3669,#2914,#2915);
#2399=AXIS2_PLACEMENT_3D('',#3671,#2916,#2917);
#2400=AXIS2_PLACEMENT_3D('',#3674,#2920,#2921);
#2401=AXIS2_PLACEMENT_3D('',#3675,#2922,#2923);
#2402=AXIS2_PLACEMENT_3D('',#3676,#2924,#2925);
#2403=AXIS2_PLACEMENT_3D('',#3680,#2927,#2928);
#2404=AXIS2_PLACEMENT_3D('',#3682,#2930,#2931);
#2405=AXIS2_PLACEMENT_3D('',#3686,#2934,#2935);
#2406=AXIS2_PLACEMENT_3D('',#3689,#2937,#2938);
#2407=AXIS2_PLACEMENT_3D('',#3690,#2939,#2940);
#2408=AXIS2_PLACEMENT_3D('',#3692,#2942,#2943);
#2409=AXIS2_PLACEMENT_3D('',#3701,#2948,#2949);
#2410=AXIS2_PLACEMENT_3D('',#3704,#2950,#2951);
#2411=AXIS2_PLACEMENT_3D('',#3707,#2953,#2954);
#2412=AXIS2_PLACEMENT_3D('',#3709,#2956,#2957);
#2413=AXIS2_PLACEMENT_3D('',#3711,#2958,#2959);
#2414=AXIS2_PLACEMENT_3D('',#3712,#2960,#2961);
#2415=AXIS2_PLACEMENT_3D('',#3713,#2962,#2963);
#2416=AXIS2_PLACEMENT_3D('',#3715,#2964,#2965);
#2417=AXIS2_PLACEMENT_3D('',#3717,#2967,#2968);
#2418=AXIS2_PLACEMENT_3D('',#3719,#2969,#2970);
#2419=AXIS2_PLACEMENT_3D('',#3720,#2971,#2972);
#2420=AXIS2_PLACEMENT_3D('',#3721,#2973,#2974);
#2421=AXIS2_PLACEMENT_3D('',#3723,#2975,#2976);
#2422=AXIS2_PLACEMENT_3D('',#3725,#2978,#2979);
#2423=AXIS2_PLACEMENT_3D('',#3727,#2980,#2981);
#2424=AXIS2_PLACEMENT_3D('',#3728,#2982,#2983);
#2425=AXIS2_PLACEMENT_3D('',#3729,#2984,#2985);
#2426=AXIS2_PLACEMENT_3D('',#3732,#2986,#2987);
#2427=AXIS2_PLACEMENT_3D('',#3735,#2990,#2991);
#2428=AXIS2_PLACEMENT_3D('',#3736,#2992,#2993);
#2429=AXIS2_PLACEMENT_3D('',#3737,#2994,#2995);
#2430=AXIS2_PLACEMENT_3D('',#3738,#2996,#2997);
#2431=AXIS2_PLACEMENT_3D('',#3740,#2999,#3000);
#2432=AXIS2_PLACEMENT_3D('',#3762,#3003,#3004);
#2433=AXIS2_PLACEMENT_3D('',#3763,#3005,#3006);
#2434=AXIS2_PLACEMENT_3D('',#3764,#3007,#3008);
#2435=AXIS2_PLACEMENT_3D('',#3765,#3009,#3010);
#2436=AXIS2_PLACEMENT_3D('',#3766,#3011,#3012);
#2437=AXIS2_PLACEMENT_3D('',#3767,#3013,#3014);
#2438=AXIS2_PLACEMENT_3D('',#3768,#3015,#3016);
#2439=AXIS2_PLACEMENT_3D('',#3769,#3017,#3018);
#2440=AXIS2_PLACEMENT_3D('',#3770,#3019,#3020);
#2441=AXIS2_PLACEMENT_3D('',#3771,#3021,#3022);
#2442=AXIS2_PLACEMENT_3D('',#3772,#3023,#3024);
#2443=AXIS2_PLACEMENT_3D('',#3773,#3025,#3026);
#2444=AXIS2_PLACEMENT_3D('',#3774,#3027,#3028);
#2445=AXIS2_PLACEMENT_3D('',#3775,#3029,#3030);
#2446=AXIS2_PLACEMENT_3D('',#3777,#3032,#3033);
#2447=AXIS2_PLACEMENT_3D('',#3778,#3034,#3035);
#2448=AXIS2_PLACEMENT_3D('',#3787,#3040,#3041);
#2449=AXIS2_PLACEMENT_3D('',#3790,#3043,#3044);
#2450=AXIS2_PLACEMENT_3D('',#3791,#3045,#3046);
#2451=AXIS2_PLACEMENT_3D('',#3792,#3047,#3048);
#2452=AXIS2_PLACEMENT_3D('',#3796,#3051,#3052);
#2453=AXIS2_PLACEMENT_3D('',#3800,#3054,#3055);
#2454=AXIS2_PLACEMENT_3D('',#3801,#3056,#3057);
#2455=AXIS2_PLACEMENT_3D('',#3802,#3058,#3059);
#2456=AXIS2_PLACEMENT_3D('',#3808,#3063,#3064);
#2457=AXIS2_PLACEMENT_3D('',#3812,#3066,#3067);
#2458=AXIS2_PLACEMENT_3D('',#3813,#3068,#3069);
#2459=AXIS2_PLACEMENT_3D('',#3814,#3070,#3071);
#2460=AXIS2_PLACEMENT_3D('',#3820,#3075,#3076);
#2461=AXIS2_PLACEMENT_3D('',#3824,#3078,#3079);
#2462=AXIS2_PLACEMENT_3D('',#3825,#3080,#3081);
#2463=AXIS2_PLACEMENT_3D('',#3826,#3082,#3083);
#2464=AXIS2_PLACEMENT_3D('',#3832,#3087,#3088);
#2465=AXIS2_PLACEMENT_3D('',#3836,#3090,#3091);
#2466=AXIS2_PLACEMENT_3D('',#3837,#3092,#3093);
#2467=AXIS2_PLACEMENT_3D('',#3838,#3094,#3095);
#2468=AXIS2_PLACEMENT_3D('',#3844,#3099,#3100);
#2469=AXIS2_PLACEMENT_3D('',#3845,#3101,#3102);
#2470=AXIS2_PLACEMENT_3D('',#3846,#3103,#3104);
#2471=AXIS2_PLACEMENT_3D('',#3847,#3105,#3106);
#2472=AXIS2_PLACEMENT_3D('',#3851,#3108,#3109);
#2473=AXIS2_PLACEMENT_3D('',#3853,#3111,#3112);
#2474=AXIS2_PLACEMENT_3D('',#3857,#3115,#3116);
#2475=AXIS2_PLACEMENT_3D('',#3858,#3117,#3118);
#2476=AXIS2_PLACEMENT_3D('',#3859,#3119,#3120);
#2477=AXIS2_PLACEMENT_3D('',#3862,#3122,#3123);
#2478=AXIS2_PLACEMENT_3D('',#3863,#3124,#3125);
#2479=AXIS2_PLACEMENT_3D('',#3867,#3128,#3129);
#2480=AXIS2_PLACEMENT_3D('',#3868,#3130,#3131);
#2481=AXIS2_PLACEMENT_3D('',#3871,#3133,#3134);
#2482=AXIS2_PLACEMENT_3D('',#3872,#3135,#3136);
#2483=AXIS2_PLACEMENT_3D('',#3876,#3138,#3139);
#2484=AXIS2_PLACEMENT_3D('',#3880,#3141,#3142);
#2485=AXIS2_PLACEMENT_3D('',#3883,#3144,#3145);
#2486=AXIS2_PLACEMENT_3D('',#3885,#3146,#3147);
#2487=AXIS2_PLACEMENT_3D('',#3889,#3149,#3150);
#2488=AXIS2_PLACEMENT_3D('',#3893,#3152,#3153);
#2489=AXIS2_PLACEMENT_3D('',#3897,#3156,#3157);
#2490=AXIS2_PLACEMENT_3D('',#3899,#3158,#3159);
#2491=AXIS2_PLACEMENT_3D('',#3901,#3161,#3162);
#2492=AXIS2_PLACEMENT_3D('',#3903,#3163,#3164);
#2493=AXIS2_PLACEMENT_3D('',#3905,#3166,#3167);
#2494=AXIS2_PLACEMENT_3D('',#3909,#3169,#3170);
#2495=AXIS2_PLACEMENT_3D('',#3913,#3172,#3173);
#2496=AXIS2_PLACEMENT_3D('',#3915,#3175,#3176);
#2497=AXIS2_PLACEMENT_3D('',#3918,#3179,#3180);
#2498=AXIS2_PLACEMENT_3D('',#3920,#3182,#3183);
#2499=AXIS2_PLACEMENT_3D('',#3922,#3185,#3186);
#2500=AXIS2_PLACEMENT_3D('',#3923,#3187,#3188);
#2501=AXIS2_PLACEMENT_3D('',#3925,#3190,#3191);
#2502=AXIS2_PLACEMENT_3D('',#3926,#3192,#3193);
#2503=AXIS2_PLACEMENT_3D('',#3929,#3196,#3197);
#2504=AXIS2_PLACEMENT_3D('',#3931,#3199,#3200);
#2505=AXIS2_PLACEMENT_3D('',#3932,#3201,#3202);
#2506=AXIS2_PLACEMENT_3D('',#3934,#3204,#3205);
#2507=DIRECTION('axis',(0.,0.,1.));
#2508=DIRECTION('refdir',(1.,0.,0.));
#2509=DIRECTION('center_axis',(-0.707106781186548,-0.707106781186548,-5.71358245519299E-17));
#2510=DIRECTION('ref_axis',(-8.08022579787089E-17,0.,1.));
#2511=DIRECTION('',(-0.577350269189623,0.577350269189623,0.577350269189632));
#2512=DIRECTION('',(-8.08022579787089E-17,0.,1.));
#2513=DIRECTION('',(-0.707106781186547,0.707106781186547,0.));
#2514=DIRECTION('',(8.08022579787089E-17,0.,-1.));
#2515=DIRECTION('center_axis',(0.707106781186555,-0.70710678118654,2.28543298207294E-15));
#2516=DIRECTION('ref_axis',(3.23209031914231E-15,0.,-1.));
#2517=DIRECTION('',(-0.577350269189614,-0.577350269189627,-0.577350269189636));
#2518=DIRECTION('',(-3.23209031914231E-15,0.,1.));
#2519=DIRECTION('',(-0.707106781186541,-0.707106781186554,0.));
#2520=DIRECTION('',(3.23209031914231E-15,0.,-1.));
#2521=DIRECTION('center_axis',(0.,-1.,0.));
#2522=DIRECTION('ref_axis',(-0.707106781186023,0.,0.707106781187072));
#2523=DIRECTION('center_axis',(0.,1.,0.));
#2524=DIRECTION('ref_axis',(-0.707106781186023,0.,0.707106781187072));
#2525=DIRECTION('',(1.05510213223549E-12,-0.707106781186543,0.707106781186552));
#2526=DIRECTION('center_axis',(0.,-1.,0.));
#2527=DIRECTION('ref_axis',(-0.707106781186023,0.,0.707106781187072));
#2528=DIRECTION('center_axis',(-1.05389268746453E-12,-0.707106781186553,
-0.707106781186542));
#2529=DIRECTION('ref_axis',(-1.,0.,1.49042933189818E-12));
#2530=DIRECTION('',(1.05510213223549E-12,-0.707106781186541,0.707106781186554));
#2531=DIRECTION('',(-1.,0.,1.49042933189818E-12));
#2532=DIRECTION('',(1.,0.,-1.49042933189818E-12));
#2533=DIRECTION('center_axis',(0.,-1.,0.));
#2534=DIRECTION('ref_axis',(0.707106781187077,0.,0.707106781186018));
#2535=DIRECTION('center_axis',(0.,1.,0.));
#2536=DIRECTION('ref_axis',(0.707106781187077,0.,0.707106781186018));
#2537=DIRECTION('center_axis',(0.,-1.,0.));
#2538=DIRECTION('ref_axis',(0.707106781187077,0.,0.707106781186018));
#2539=DIRECTION('center_axis',(-1.,0.,-8.08022579787089E-17));
#2540=DIRECTION('ref_axis',(8.08022579787089E-17,-8.08022579787089E-17,
-1.));
#2541=DIRECTION('',(0.,-1.,0.));
#2542=DIRECTION('',(-8.08022579787089E-17,0.,1.));
#2543=DIRECTION('',(0.,-1.,0.));
#2544=DIRECTION('center_axis',(0.,-1.,0.));
#2545=DIRECTION('ref_axis',(0.707106781187077,0.,0.707106781186018));
#2546=DIRECTION('',(0.,1.,0.));
#2547=DIRECTION('center_axis',(0.,-1.,0.));
#2548=DIRECTION('ref_axis',(0.707106781187077,0.,0.707106781186018));
#2549=DIRECTION('center_axis',(-1.49042933189818E-12,0.,-1.));
#2550=DIRECTION('ref_axis',(1.,0.,-1.49042933189818E-12));
#2551=DIRECTION('',(0.,-1.,0.));
#2552=DIRECTION('',(1.,0.,-1.49042933189818E-12));
#2553=DIRECTION('center_axis',(0.,1.,0.));
#2554=DIRECTION('ref_axis',(-0.707106781186023,0.,0.707106781187072));
#2555=DIRECTION('',(0.,1.,0.));
#2556=DIRECTION('center_axis',(0.,-1.,0.));
#2557=DIRECTION('ref_axis',(-0.707106781186023,0.,0.707106781187072));
#2558=DIRECTION('center_axis',(1.,0.,3.23209031914231E-15));
#2559=DIRECTION('ref_axis',(-3.23209031914231E-15,8.08022579785578E-17,
1.));
#2560=DIRECTION('',(0.,-1.,0.));
#2561=DIRECTION('',(3.23209031914231E-15,0.,-1.));
#2562=DIRECTION('center_axis',(-0.707106781186547,-0.707106781186548,-5.71358245519298E-17));
#2563=DIRECTION('ref_axis',(-8.08022579787089E-17,0.,1.));
#2564=DIRECTION('',(0.577350269189623,-0.577350269189622,0.577350269189633));
#2565=DIRECTION('',(8.08022579787089E-17,0.,-1.));
#2566=DIRECTION('',(0.707106781186547,-0.707106781186547,0.));
#2567=DIRECTION('',(-8.08022579787089E-17,0.,1.));
#2568=DIRECTION('center_axis',(0.,-1.,0.));
#2569=DIRECTION('ref_axis',(0.707106781186545,0.,-0.70710678118655));
#2570=DIRECTION('center_axis',(0.,1.,0.));
#2571=DIRECTION('ref_axis',(0.707106781186545,0.,-0.70710678118655));
#2572=DIRECTION('',(0.,-0.707106781186555,-0.70710678118654));
#2573=DIRECTION('center_axis',(0.,-1.,0.));
#2574=DIRECTION('ref_axis',(0.707106781186545,0.,-0.70710678118655));
#2575=DIRECTION('center_axis',(3.6429059366212E-16,-0.707106781186565,0.70710678118653));
#2576=DIRECTION('ref_axis',(1.,0.,-5.15184698201929E-16));
#2577=DIRECTION('',(0.,-0.70710678118653,-0.707106781186565));
#2578=DIRECTION('',(1.,0.,-5.15184698201929E-16));
#2579=DIRECTION('',(-1.,0.,5.15184698201929E-16));
#2580=DIRECTION('center_axis',(0.,-1.,0.));
#2581=DIRECTION('ref_axis',(-0.707106781186544,0.,-0.707106781186551));
#2582=DIRECTION('center_axis',(0.,1.,0.));
#2583=DIRECTION('ref_axis',(-0.707106781186544,0.,-0.707106781186551));
#2584=DIRECTION('',(-0.707106781186552,-0.707106781186543,-2.51214793389402E-14));
#2585=DIRECTION('center_axis',(0.,-1.,0.));
#2586=DIRECTION('ref_axis',(-0.707106781186544,0.,-0.707106781186551));
#2587=DIRECTION('center_axis',(0.707106781186542,-0.707106781186553,2.2854329820729E-15));
#2588=DIRECTION('ref_axis',(3.23209031914231E-15,0.,-1.));
#2589=DIRECTION('',(0.577350269189631,0.57735026918962,-0.577350269189627));
#2590=DIRECTION('',(3.23209031914231E-15,0.,-1.));
#2591=DIRECTION('',(-3.23209031914231E-15,0.,1.));
#2592=DIRECTION('center_axis',(1.,0.,3.23209031914231E-15));
#2593=DIRECTION('ref_axis',(-3.23209031914231E-15,8.08022579785578E-17,
1.));
#2594=DIRECTION('',(0.,-1.,0.));
#2595=DIRECTION('',(3.23209031914231E-15,0.,-1.));
#2596=DIRECTION('',(0.,-1.,0.));
#2597=DIRECTION('center_axis',(0.,1.,0.));
#2598=DIRECTION('ref_axis',(-0.707106781186544,0.,-0.707106781186551));
#2599=DIRECTION('',(0.,1.,0.));
#2600=DIRECTION('center_axis',(0.,-1.,0.));
#2601=DIRECTION('ref_axis',(-0.707106781186544,0.,-0.707106781186551));
#2602=DIRECTION('center_axis',(5.15184698201929E-16,0.,1.));
#2603=DIRECTION('ref_axis',(-1.,0.,5.15184698201929E-16));
#2604=DIRECTION('',(0.,-1.,0.));
#2605=DIRECTION('',(-1.,0.,5.15184698201929E-16));
#2606=DIRECTION('center_axis',(0.,1.,0.));
#2607=DIRECTION('ref_axis',(0.707106781186545,0.,-0.70710678118655));
#2608=DIRECTION('',(0.,1.,0.));
#2609=DIRECTION('center_axis',(0.,-1.,0.));
#2610=DIRECTION('ref_axis',(0.707106781186545,0.,-0.70710678118655));
#2611=DIRECTION('center_axis',(-1.,0.,-8.08022579787089E-17));
#2612=DIRECTION('ref_axis',(8.08022579787089E-17,-8.08022579787089E-17,
-1.));
#2613=DIRECTION('',(0.,-1.,0.));
#2614=DIRECTION('',(-8.08022579787089E-17,0.,1.));
#2615=DIRECTION('center_axis',(0.,1.,0.));
#2616=DIRECTION('ref_axis',(-1.,0.,0.));
#2617=DIRECTION('',(1.,0.,0.));
#2618=DIRECTION('center_axis',(0.,1.,0.));
#2619=DIRECTION('ref_axis',(-1.,0.,0.));
#2620=DIRECTION('',(-1.,0.,-3.38353683695286E-15));
#2621=DIRECTION('center_axis',(0.,-1.,0.));
#2622=DIRECTION('ref_axis',(1.,0.,0.));
#2623=DIRECTION('center_axis',(0.,1.,0.));
#2624=DIRECTION('ref_axis',(-2.86139954800298E-15,0.,-1.));
#2625=DIRECTION('',(8.08022579787089E-17,0.,-1.));
#2626=DIRECTION('center_axis',(0.,1.,0.));
#2627=DIRECTION('ref_axis',(1.,0.,0.));
#2628=DIRECTION('',(1.,0.,-1.49042933189818E-12));
#2629=DIRECTION('center_axis',(0.,1.,0.));
#2630=DIRECTION('ref_axis',(1.48792776496155E-12,0.,1.));
#2631=DIRECTION('',(0.227036019505509,0.,0.973886361875498));
#2632=DIRECTION('',(6.53072367426563E-17,0.,1.));
#2633=DIRECTION('center_axis',(0.,1.,0.));
#2634=DIRECTION('ref_axis',(-1.,0.,0.));
#2635=DIRECTION('',(-1.,0.,5.15184698201929E-16));
#2636=DIRECTION('',(1.,0.,0.));
#2637=DIRECTION('',(-1.,0.,-3.38353683695286E-15));
#2638=DIRECTION('center_axis',(0.,-0.707106781186553,0.707106781186542));
#2639=DIRECTION('ref_axis',(1.,0.,0.));
#2640=DIRECTION('',(-1.,0.,0.));
#2641=DIRECTION('center_axis',(2.39252184180383E-15,-0.707106781186553,
-0.707106781186542));
#2642=DIRECTION('ref_axis',(-1.,0.,-3.38353683695286E-15));
#2643=DIRECTION('',(1.,0.,3.38353683695286E-15));
#2644=DIRECTION('center_axis',(0.,1.,0.));
#2645=DIRECTION('ref_axis',(1.,0.,0.));
#2646=DIRECTION('center_axis',(0.,1.,0.));
#2647=DIRECTION('ref_axis',(1.,0.,0.));
#2648=DIRECTION('',(0.,1.,0.));
#2649=DIRECTION('center_axis',(0.,1.,0.));
#2650=DIRECTION('ref_axis',(1.,0.,0.));
#2651=DIRECTION('center_axis',(0.,-1.,0.));
#2652=DIRECTION('ref_axis',(1.,0.,0.));
#2653=DIRECTION('center_axis',(0.,1.,0.));
#2654=DIRECTION('ref_axis',(1.,0.,0.));
#2655=DIRECTION('center_axis',(0.,1.,0.));
#2656=DIRECTION('ref_axis',(1.,0.,0.));
#2657=DIRECTION('',(0.,1.,0.));
#2658=DIRECTION('center_axis',(0.,1.,0.));
#2659=DIRECTION('ref_axis',(1.,0.,0.));
#2660=DIRECTION('',(0.,-1.,0.));
#2661=DIRECTION('',(0.,1.,0.));
#2662=DIRECTION('center_axis',(0.,-1.,0.));
#2663=DIRECTION('ref_axis',(1.,0.,0.));
#2664=DIRECTION('center_axis',(0.,1.,0.));
#2665=DIRECTION('ref_axis',(1.,0.,0.));
#2666=DIRECTION('center_axis',(0.,1.,0.));
#2667=DIRECTION('ref_axis',(1.,0.,0.));
#2668=DIRECTION('',(0.,1.,0.));
#2669=DIRECTION('center_axis',(0.,1.,0.));
#2670=DIRECTION('ref_axis',(1.,0.,0.));
#2671=DIRECTION('center_axis',(0.,-1.,0.));
#2672=DIRECTION('ref_axis',(1.,0.,0.));
#2673=DIRECTION('center_axis',(0.,1.,0.));
#2674=DIRECTION('ref_axis',(1.,0.,0.));
#2675=DIRECTION('center_axis',(0.,1.,0.));
#2676=DIRECTION('ref_axis',(1.,0.,0.));
#2677=DIRECTION('',(0.,1.,0.));
#2678=DIRECTION('center_axis',(0.,1.,0.));
#2679=DIRECTION('ref_axis',(1.,0.,0.));
#2680=DIRECTION('center_axis',(0.,-1.,0.));
#2681=DIRECTION('ref_axis',(1.,0.,0.));
#2682=DIRECTION('center_axis',(0.,1.,0.));
#2683=DIRECTION('ref_axis',(1.,0.,0.));
#2684=DIRECTION('center_axis',(0.,1.,0.));
#2685=DIRECTION('ref_axis',(1.,0.,0.));
#2686=DIRECTION('',(0.,1.,0.));
#2687=DIRECTION('center_axis',(0.,1.,0.));
#2688=DIRECTION('ref_axis',(1.,0.,0.));
#2689=DIRECTION('center_axis',(0.,-1.,0.));
#2690=DIRECTION('ref_axis',(1.,0.,0.));
#2691=DIRECTION('center_axis',(0.,1.,0.));
#2692=DIRECTION('ref_axis',(1.,0.,0.));
#2693=DIRECTION('center_axis',(0.,1.,0.));
#2694=DIRECTION('ref_axis',(1.,0.,0.));
#2695=DIRECTION('',(0.,1.,0.));
#2696=DIRECTION('center_axis',(0.,1.,0.));
#2697=DIRECTION('ref_axis',(1.,0.,0.));
#2698=DIRECTION('center_axis',(0.,-1.,0.));
#2699=DIRECTION('ref_axis',(1.,0.,0.));
#2700=DIRECTION('center_axis',(1.,0.,0.));
#2701=DIRECTION('ref_axis',(0.,2.44249065417534E-15,1.));
#2702=DIRECTION('',(1.,0.,0.));
#2703=DIRECTION('center_axis',(1.,0.,-6.53072367426563E-17));
#2704=DIRECTION('ref_axis',(3.96508223080413E-17,0.707106781186549,0.707106781186546));
#2705=DIRECTION('',(1.,0.,0.));
#2706=DIRECTION('center_axis',(-1.,0.,6.53072367426563E-17));
#2707=DIRECTION('ref_axis',(3.96508223080413E-17,0.707106781186549,0.707106781186546));
#2708=DIRECTION('',(1.,0.,0.));
#2709=DIRECTION('center_axis',(0.,0.,1.));
#2710=DIRECTION('ref_axis',(2.14421445176033E-47,-1.,0.));
#2711=DIRECTION('',(1.,0.,0.));
#2712=DIRECTION('',(0.,-1.,0.));
#2713=DIRECTION('center_axis',(0.,1.,0.));
#2714=DIRECTION('ref_axis',(0.945716242607478,0.,-0.324993520656019));
#2715=DIRECTION('center_axis',(0.,-1.,0.));
#2716=DIRECTION('ref_axis',(0.945716242607478,0.,-0.324993520656019));
#2717=DIRECTION('',(0.,-1.,0.));
#2718=DIRECTION('center_axis',(0.,-1.,0.));
#2719=DIRECTION('ref_axis',(0.945716242607478,0.,-0.324993520656019));
#2720=DIRECTION('',(0.,1.,0.));
#2721=DIRECTION('center_axis',(0.,1.,0.));
#2722=DIRECTION('ref_axis',(-1.,0.,0.));
#2723=DIRECTION('',(1.53134210293125E-16,0.,1.));
#2724=DIRECTION('center_axis',(0.,-1.,0.));
#2725=DIRECTION('ref_axis',(1.,0.,-8.88178419700125E-16));
#2726=DIRECTION('',(-1.,0.,0.));
#2727=DIRECTION('center_axis',(0.,-1.,0.));
#2728=DIRECTION('ref_axis',(-1.77635683940025E-15,0.,1.));
#2729=DIRECTION('',(3.82835525732813E-17,0.,-1.));
#2730=DIRECTION('center_axis',(0.,1.,0.));
#2731=DIRECTION('ref_axis',(0.916546440881636,0.,-0.399928270702642));
#2732=DIRECTION('',(-0.733105666240908,0.,-0.680114756585588));
#2733=DIRECTION('center_axis',(0.,-1.,0.));
#2734=DIRECTION('ref_axis',(-0.864844810821198,0.,0.502039294473695));
#2735=DIRECTION('',(0.227036019505509,0.,0.973886361875498));
#2736=DIRECTION('center_axis',(0.,-1.,0.));
#2737=DIRECTION('ref_axis',(-0.255957076480708,0.,0.966688147749547));
#2738=DIRECTION('',(-1.,0.,1.49042933189818E-12));
#2739=DIRECTION('center_axis',(0.,-1.,0.));
#2740=DIRECTION('ref_axis',(0.707106781187074,0.,0.707106781186021));
#2741=DIRECTION('',(-8.08022579787089E-17,0.,1.));
#2742=DIRECTION('center_axis',(0.,-1.,0.));
#2743=DIRECTION('ref_axis',(0.707106781186547,0.,-0.707106781186548));
#2744=DIRECTION('',(1.,0.,-5.15184698201929E-16));
#2745=DIRECTION('center_axis',(0.,-1.,0.));
#2746=DIRECTION('ref_axis',(-0.437443364769914,0.,-0.899245963359734));
#2747=DIRECTION('',(6.53072367426563E-17,0.,1.));
#2748=DIRECTION('',(-1.,0.,6.53072367426563E-17));
#2749=DIRECTION('',(-0.614703302453173,0.,-0.788758423063211));
#2750=DIRECTION('center_axis',(-1.,0.,1.53134210293125E-16));
#2751=DIRECTION('ref_axis',(1.53134210293125E-16,0.,1.));
#2752=DIRECTION('',(1.53134210293125E-16,0.,1.));
#2753=DIRECTION('',(0.,1.,0.));
#2754=DIRECTION('center_axis',(0.,-1.,0.));
#2755=DIRECTION('ref_axis',(-0.864844810821198,0.,0.502039294473695));
#2756=DIRECTION('',(0.,-1.,0.));
#2757=DIRECTION('center_axis',(0.,-1.,0.));
#2758=DIRECTION('ref_axis',(-0.864844810821198,0.,0.502039294473695));
#2759=DIRECTION('',(0.,1.,0.));
#2760=DIRECTION('center_axis',(-0.973886361875498,0.,0.227036019505509));
#2761=DIRECTION('ref_axis',(0.227036019505509,0.,0.973886361875498));
#2762=DIRECTION('',(0.227036019505509,0.,0.973886361875498));
#2763=DIRECTION('',(0.,-1.,0.));
#2764=DIRECTION('',(-0.227036019505509,0.,-0.973886361875498));
#2765=DIRECTION('',(0.,1.,0.));
#2766=DIRECTION('',(-0.227036019505509,0.,-0.973886361875498));
#2767=DIRECTION('',(0.,1.,0.));
#2768=DIRECTION('center_axis',(0.,1.,0.));
#2769=DIRECTION('ref_axis',(0.916546440881636,0.,-0.399928270702642));
#2770=DIRECTION('center_axis',(0.,1.,0.));
#2771=DIRECTION('ref_axis',(0.916546440881636,0.,-0.399928270702642));
#2772=DIRECTION('',(0.,1.,0.));
#2773=DIRECTION('',(0.,-1.,0.));
#2774=DIRECTION('center_axis',(1.,0.,3.82835525732813E-17));
#2775=DIRECTION('ref_axis',(3.82835525732813E-17,0.,-1.));
#2776=DIRECTION('',(0.,1.,0.));
#2777=DIRECTION('',(3.82835525732813E-17,0.,-1.));
#2778=DIRECTION('center_axis',(0.680114756585589,0.,-0.733105666240908));
#2779=DIRECTION('ref_axis',(-0.733105666240908,0.,-0.680114756585588));
#2780=DIRECTION('',(-0.733105666240908,0.,-0.680114756585588));
#2781=DIRECTION('center_axis',(0.,1.,0.));
#2782=DIRECTION('ref_axis',(-1.77635683940025E-15,0.,1.));
#2783=DIRECTION('center_axis',(0.,-1.,0.));
#2784=DIRECTION('ref_axis',(-1.77635683940025E-15,0.,1.));
#2785=DIRECTION('',(0.,1.,0.));
#2786=DIRECTION('center_axis',(0.,0.,-1.));
#2787=DIRECTION('ref_axis',(-1.,0.,0.));
#2788=DIRECTION('',(-1.,0.,0.));
#2789=DIRECTION('',(0.,1.,0.));
#2790=DIRECTION('center_axis',(0.,1.,0.));
#2791=DIRECTION('ref_axis',(1.,0.,-8.88178419700125E-16));
#2792=DIRECTION('center_axis',(0.,-1.,0.));
#2793=DIRECTION('ref_axis',(1.,0.,-8.88178419700125E-16));
#2794=DIRECTION('center_axis',(0.,1.,0.));
#2795=DIRECTION('ref_axis',(-1.,0.,0.));
#2796=DIRECTION('center_axis',(0.,-1.,0.));
#2797=DIRECTION('ref_axis',(-1.,0.,0.));
#2798=DIRECTION('',(0.,-0.707106781186541,0.707106781186554));
#2799=DIRECTION('center_axis',(-3.64290593662125E-16,-0.707106781186555,
-0.70710678118654));
#2800=DIRECTION('ref_axis',(-1.,0.,5.15184698201929E-16));
#2801=DIRECTION('',(3.14018491736754E-15,-0.70710678118654,0.707106781186555));
#2802=DIRECTION('',(1.,0.,-5.15184698201929E-16));
#2803=DIRECTION('center_axis',(0.,1.,0.));
#2804=DIRECTION('ref_axis',(-2.86139954800298E-15,0.,-1.));
#2805=DIRECTION('',(-0.707106781186548,-0.707106781186547,0.));
#2806=DIRECTION('center_axis',(0.,-1.,0.));
#2807=DIRECTION('ref_axis',(-2.86139954800298E-15,0.,-1.));
#2808=DIRECTION('center_axis',(0.707106781186547,-0.707106781186548,5.71358245519298E-17));
#2809=DIRECTION('ref_axis',(8.08022579787089E-17,0.,-1.));
#2810=DIRECTION('',(-0.707106781186549,-0.707106781186546,0.));
#2811=DIRECTION('',(-8.08022579787089E-17,0.,1.));
#2812=DIRECTION('center_axis',(0.,1.,0.));
#2813=DIRECTION('ref_axis',(1.,0.,0.));
#2814=DIRECTION('',(-1.05510213223551E-12,-0.707106781186555,-0.70710678118654));
#2815=DIRECTION('center_axis',(0.,-1.,0.));
#2816=DIRECTION('ref_axis',(1.,0.,0.));
#2817=DIRECTION('center_axis',(1.05389268746453E-12,-0.707106781186553,
0.707106781186542));
#2818=DIRECTION('ref_axis',(1.,0.,-1.49042933189818E-12));
#2819=DIRECTION('',(-1.05510213223549E-12,-0.707106781186541,-0.707106781186554));
#2820=DIRECTION('',(-1.,0.,1.49042933189818E-12));
#2821=DIRECTION('center_axis',(0.,1.,0.));
#2822=DIRECTION('ref_axis',(1.48792776496155E-12,0.,1.));
#2823=DIRECTION('center_axis',(0.,-1.,0.));
#2824=DIRECTION('ref_axis',(1.48792776496155E-12,0.,1.));
#2825=DIRECTION('center_axis',(0.,-1.,0.));
#2826=DIRECTION('ref_axis',(1.48792776496155E-12,0.,1.));
#2827=DIRECTION('center_axis',(0.688641650587257,-0.707106781186551,-0.160538708965946));
#2828=DIRECTION('ref_axis',(-0.688641650587264,-0.707106781186544,0.160538708965947));
#2829=DIRECTION('',(0.,-1.,0.));
#2830=DIRECTION('center_axis',(0.,1.,0.));
#2831=DIRECTION('ref_axis',(-0.255957076480708,0.,0.966688147749547));
#2832=DIRECTION('center_axis',(1.49042933189818E-12,0.,1.));
#2833=DIRECTION('ref_axis',(-1.,0.,1.49042933189818E-12));
#2834=DIRECTION('',(0.,-1.,0.));
#2835=DIRECTION('',(1.,0.,-1.49042933189818E-12));
#2836=DIRECTION('center_axis',(0.,-1.,0.));
#2837=DIRECTION('ref_axis',(1.,0.,0.));
#2838=DIRECTION('',(0.,-1.,0.));
#2839=DIRECTION('center_axis',(0.,1.,0.));
#2840=DIRECTION('ref_axis',(0.707106781187074,0.,0.707106781186021));
#2841=DIRECTION('center_axis',(1.,0.,8.08022579787089E-17));
#2842=DIRECTION('ref_axis',(-8.08022579787089E-17,8.08022579787089E-17,
1.));
#2843=DIRECTION('',(0.,-1.,0.));
#2844=DIRECTION('',(8.08022579787089E-17,0.,-1.));
#2845=DIRECTION('center_axis',(0.,-1.,0.));
#2846=DIRECTION('ref_axis',(-2.86139954800298E-15,0.,-1.));
#2847=DIRECTION('',(0.,-1.,0.));
#2848=DIRECTION('center_axis',(0.,1.,0.));
#2849=DIRECTION('ref_axis',(0.707106781186547,0.,-0.707106781186548));
#2850=DIRECTION('center_axis',(-5.15184698201929E-16,0.,-1.));
#2851=DIRECTION('ref_axis',(1.,0.,-5.15184698201929E-16));
#2852=DIRECTION('',(0.,-1.,0.));
#2853=DIRECTION('',(-1.,0.,5.15184698201929E-16));
#2854=DIRECTION('center_axis',(0.,-1.,0.));
#2855=DIRECTION('ref_axis',(-1.,0.,0.));
#2856=DIRECTION('center_axis',(0.707106781186549,-0.707106781186546,-4.61791899612876E-17));
#2857=DIRECTION('ref_axis',(-0.707106781186546,-0.707106781186549,0.));
#2858=DIRECTION('',(0.,-1.,0.));
#2859=DIRECTION('center_axis',(0.,1.,0.));
#2860=DIRECTION('ref_axis',(-0.437443364769914,0.,-0.899245963359734));
#2861=DIRECTION('center_axis',(0.688641650587257,-0.707106781186551,-0.160538708965946));
#2862=DIRECTION('ref_axis',(-0.227036019505509,0.,-0.973886361875498));
#2863=DIRECTION('',(0.704779642962164,0.704779642962179,-0.081063615341454));
#2864=DIRECTION('center_axis',(0.707106781186549,-0.707106781186546,-4.61791899612876E-17));
#2865=DIRECTION('ref_axis',(-6.53072367426563E-17,0.,-1.));
#2866=DIRECTION('',(-6.53072367426563E-17,0.,-1.));
#2867=DIRECTION('center_axis',(3.38353683695286E-15,0.,-1.));
#2868=DIRECTION('ref_axis',(1.,0.,3.38353683695286E-15));
#2869=DIRECTION('center_axis',(0.,0.,1.));
#2870=DIRECTION('ref_axis',(-1.,0.,0.));
#2871=DIRECTION('center_axis',(0.,-1.,0.));
#2872=DIRECTION('ref_axis',(-0.707106781186535,0.,-0.70710678118656));
#2873=DIRECTION('center_axis',(0.,-1.,0.));
#2874=DIRECTION('ref_axis',(-1.,0.,0.));
#2875=DIRECTION('center_axis',(0.,1.,0.));
#2876=DIRECTION('ref_axis',(0.,0.,-1.));
#2877=DIRECTION('',(0.,1.,0.));
#2878=DIRECTION('center_axis',(1.,0.,-6.53072367426563E-17));
#2879=DIRECTION('ref_axis',(0.,0.,-1.));
#2880=DIRECTION('center_axis',(0.,0.,1.));
#2881=DIRECTION('ref_axis',(0.,1.,0.));
#2882=DIRECTION('center_axis',(-1.,0.,6.53072367426563E-17));
#2883=DIRECTION('ref_axis',(4.61791899612875E-17,-0.707106781186548,0.707106781186547));
#2884=DIRECTION('center_axis',(1.,0.,-6.53072367426563E-17));
#2885=DIRECTION('ref_axis',(3.96508223080414E-17,-0.707106781186548,0.707106781186547));
#2886=DIRECTION('center_axis',(-6.53072367426563E-17,-8.61974398000898E-17,
-1.));
#2887=DIRECTION('ref_axis',(-0.70710678118654,0.707106781186555,0.));
#2888=DIRECTION('center_axis',(0.,0.,1.));
#2889=DIRECTION('ref_axis',(0.,1.,0.));
#2890=DIRECTION('',(6.53072367426563E-17,8.61974398000898E-17,1.));
#2891=DIRECTION('',(-6.53072367426563E-17,-8.61974398000898E-17,-1.));
#2892=DIRECTION('center_axis',(1.,0.,-6.53072367426563E-17));
#2893=DIRECTION('ref_axis',(0.,0.,-1.));
#2894=DIRECTION('center_axis',(0.,-1.,1.22124532708761E-14));
#2895=DIRECTION('ref_axis',(0.,1.22124532708761E-14,1.));
#2896=DIRECTION('center_axis',(-1.,0.,6.53072367426563E-17));
#2897=DIRECTION('ref_axis',(-4.61791899612872E-17,-0.707106781186553,-0.707106781186542));
#2898=DIRECTION('center_axis',(1.,0.,-6.53072367426563E-17));
#2899=DIRECTION('ref_axis',(-3.96508223080414E-17,-0.707106781186553,-0.707106781186542));
#2900=DIRECTION('center_axis',(0.,1.,0.));
#2901=DIRECTION('ref_axis',(-0.707106781186535,0.,0.70710678118656));
#2902=DIRECTION('center_axis',(0.,-1.,0.));
#2903=DIRECTION('ref_axis',(0.,0.,1.));
#2904=DIRECTION('',(0.,-1.,0.));
#2905=DIRECTION('',(0.,1.,0.));
#2906=DIRECTION('center_axis',(1.,0.,-6.53072367426563E-17));
#2907=DIRECTION('ref_axis',(0.,0.,-1.));
#2908=DIRECTION('center_axis',(0.,0.,-1.));
#2909=DIRECTION('ref_axis',(0.,-1.,0.));
#2910=DIRECTION('center_axis',(-1.,0.,6.53072367426563E-17));
#2911=DIRECTION('ref_axis',(-4.61791899612876E-17,0.707106781186546,-0.707106781186549));
#2912=DIRECTION('center_axis',(1.,0.,-6.53072367426563E-17));
#2913=DIRECTION('ref_axis',(-3.96508223080412E-17,0.707106781186546,-0.707106781186549));
#2914=DIRECTION('center_axis',(6.53072367426563E-17,1.4432899320127E-14,
1.));
#2915=DIRECTION('ref_axis',(-0.70710678118654,-0.707106781186555,0.));
#2916=DIRECTION('center_axis',(0.,0.,-1.));
#2917=DIRECTION('ref_axis',(0.,-1.,0.));
#2918=DIRECTION('',(-6.53072367426563E-17,-1.4432899320127E-14,-1.));
#2919=DIRECTION('',(6.53072367426563E-17,1.4432899320127E-14,1.));
#2920=DIRECTION('center_axis',(1.,0.,-6.53072367426563E-17));
#2921=DIRECTION('ref_axis',(0.,0.,-1.));
#2922=DIRECTION('center_axis',(-1.,0.,6.53072367426563E-17));
#2923=DIRECTION('ref_axis',(4.61791899612874E-17,0.707106781186549,0.707106781186546));
#2924=DIRECTION('center_axis',(1.,0.,0.));
#2925=DIRECTION('ref_axis',(0.,8.88178419700125E-16,-1.));
#2926=DIRECTION('',(1.,0.,0.));
#2927=DIRECTION('center_axis',(-1.,0.,6.53072367426563E-17));
#2928=DIRECTION('ref_axis',(-3.96508223080414E-17,-0.707106781186553,-0.707106781186542));
#2929=DIRECTION('',(1.,0.,0.));
#2930=DIRECTION('center_axis',(0.,-1.,8.61974398000898E-17));
#2931=DIRECTION('ref_axis',(-9.56983823298005E-33,-8.61974398000898E-17,
-1.));
#2932=DIRECTION('',(1.,0.,0.));
#2933=DIRECTION('',(6.53072367426563E-17,8.61974398000898E-17,1.));
#2934=DIRECTION('center_axis',(1.,0.,0.));
#2935=DIRECTION('ref_axis',(0.,-1.,0.));
#2936=DIRECTION('',(1.,0.,0.));
#2937=DIRECTION('center_axis',(-1.,0.,6.53072367426563E-17));
#2938=DIRECTION('ref_axis',(3.96508223080414E-17,-0.707106781186548,0.707106781186547));
#2939=DIRECTION('center_axis',(0.,0.,1.));
#2940=DIRECTION('ref_axis',(2.14421445176033E-47,-1.,0.));
#2941=DIRECTION('',(0.,1.,0.));
#2942=DIRECTION('center_axis',(1.,0.,-6.53072367426563E-17));
#2943=DIRECTION('ref_axis',(-6.53072367426563E-17,0.,-1.));
#2944=DIRECTION('',(6.53072367426563E-17,0.,1.));
#2945=DIRECTION('',(0.,1.,0.));
#2946=DIRECTION('',(6.53072367426563E-17,0.,1.));
#2947=DIRECTION('',(0.,1.,0.));
#2948=DIRECTION('center_axis',(0.,-1.,0.));
#2949=DIRECTION('ref_axis',(0.707106781186548,0.,0.707106781186548));
#2950=DIRECTION('center_axis',(0.,-1.,0.));
#2951=DIRECTION('ref_axis',(1.,0.,0.));
#2952=DIRECTION('',(0.,-1.,0.));
#2953=DIRECTION('center_axis',(0.,1.,0.));
#2954=DIRECTION('ref_axis',(0.,0.,1.));
#2955=DIRECTION('',(0.,1.,0.));
#2956=DIRECTION('center_axis',(-1.,0.,6.53072367426563E-17));
#2957=DIRECTION('ref_axis',(0.,0.,1.));
#2958=DIRECTION('center_axis',(0.,0.,-1.));
#2959=DIRECTION('ref_axis',(0.,1.,0.));
#2960=DIRECTION('center_axis',(1.,0.,-6.53072367426563E-17));
#2961=DIRECTION('ref_axis',(-4.61791899612872E-17,-0.707106781186553,-0.707106781186542));
#2962=DIRECTION('center_axis',(6.53072367426563E-17,8.61974398000898E-17,
1.));
#2963=DIRECTION('ref_axis',(0.707106781186554,0.707106781186541,0.));
#2964=DIRECTION('center_axis',(0.,0.,-1.));
#2965=DIRECTION('ref_axis',(0.,1.,0.));
#2966=DIRECTION('',(-6.53072367426563E-17,-8.61974398000898E-17,-1.));
#2967=DIRECTION('center_axis',(-1.,0.,6.53072367426563E-17));
#2968=DIRECTION('ref_axis',(0.,0.,1.));
#2969=DIRECTION('center_axis',(0.,-1.,1.11022302462514E-15));
#2970=DIRECTION('ref_axis',(0.,-1.11022302462514E-15,-1.));
#2971=DIRECTION('center_axis',(1.,0.,-6.53072367426563E-17));
#2972=DIRECTION('ref_axis',(4.61791899612875E-17,-0.707106781186548,0.707106781186547));
#2973=DIRECTION('center_axis',(0.,1.,0.));
#2974=DIRECTION('ref_axis',(0.707106781186548,0.,-0.707106781186548));
#2975=DIRECTION('center_axis',(0.,-1.,0.));
#2976=DIRECTION('ref_axis',(0.,0.,-1.));
#2977=DIRECTION('',(0.,-1.,0.));
#2978=DIRECTION('center_axis',(-1.,0.,6.53072367426563E-17));
#2979=DIRECTION('ref_axis',(0.,0.,1.));
#2980=DIRECTION('center_axis',(0.,0.,1.));
#2981=DIRECTION('ref_axis',(0.,-1.,0.));
#2982=DIRECTION('center_axis',(1.,0.,-6.53072367426563E-17));
#2983=DIRECTION('ref_axis',(4.61791899612874E-17,0.707106781186549,0.707106781186546));
#2984=DIRECTION('center_axis',(-6.53072367426563E-17,-1.4432899320127E-14,
-1.));
#2985=DIRECTION('ref_axis',(0.707106781186553,-0.707106781186543,0.));
#2986=DIRECTION('center_axis',(0.,0.,1.));
#2987=DIRECTION('ref_axis',(0.,-1.,0.));
#2988=DIRECTION('',(6.53072367426563E-17,1.4432899320127E-14,1.));
#2989=DIRECTION('',(-6.53072367426563E-17,-1.4432899320127E-14,-1.));
#2990=DIRECTION('center_axis',(-1.,0.,6.53072367426563E-17));
#2991=DIRECTION('ref_axis',(0.,0.,1.));
#2992=DIRECTION('center_axis',(1.,0.,-6.53072367426563E-17));
#2993=DIRECTION('ref_axis',(-4.61791899612876E-17,0.707106781186546,-0.707106781186549));
#2994=DIRECTION('center_axis',(-1.,0.,6.53072367426563E-17));
#2995=DIRECTION('ref_axis',(-3.96508223080412E-17,0.707106781186546,-0.707106781186549));
#2996=DIRECTION('center_axis',(0.,0.,-1.));
#2997=DIRECTION('ref_axis',(-8.7283691200689E-48,1.,0.));
#2998=DIRECTION('',(1.,0.,0.));
#2999=DIRECTION('center_axis',(-1.,0.,6.53072367426563E-17));
#3000=DIRECTION('ref_axis',(6.53072367426563E-17,0.,1.));
#3001=DIRECTION('',(-6.53072367426563E-17,0.,-1.));
#3002=DIRECTION('',(0.,1.,0.));
#3003=DIRECTION('center_axis',(0.,1.,0.));
#3004=DIRECTION('ref_axis',(0.,0.,1.));
#3005=DIRECTION('center_axis',(1.,0.,-1.48769885299771E-12));
#3006=DIRECTION('ref_axis',(-1.48769885299771E-12,0.,-1.));
#3007=DIRECTION('center_axis',(1.,0.,-1.49042933189818E-12));
#3008=DIRECTION('ref_axis',(-1.05384605826855E-12,0.707106781186547,-0.707106781186547));
#3009=DIRECTION('center_axis',(1.,0.,-1.49058543286174E-12));
#3010=DIRECTION('ref_axis',(-1.49058543286174E-12,0.,-1.));
#3011=DIRECTION('center_axis',(0.,1.,0.));
#3012=DIRECTION('ref_axis',(0.,0.,1.));
#3013=DIRECTION('center_axis',(0.,0.,-1.));
#3014=DIRECTION('ref_axis',(-1.,0.,0.));
#3015=DIRECTION('center_axis',(8.08022579787089E-17,0.,-1.));
#3016=DIRECTION('ref_axis',(-0.707106781186548,0.707106781186547,0.));
#3017=DIRECTION('center_axis',(0.,0.,-1.));
#3018=DIRECTION('ref_axis',(-1.,0.,0.));
#3019=DIRECTION('center_axis',(0.,1.,0.));
#3020=DIRECTION('ref_axis',(0.,0.,1.));
#3021=DIRECTION('center_axis',(-1.,0.,2.88657986402541E-15));
#3022=DIRECTION('ref_axis',(2.88657986402541E-15,0.,1.));
#3023=DIRECTION('center_axis',(-1.,0.,5.15184698201929E-16));
#3024=DIRECTION('ref_axis',(3.14018491736755E-16,0.707106781186547,0.707106781186547));
#3025=DIRECTION('center_axis',(-1.,0.,0.));
#3026=DIRECTION('ref_axis',(0.,0.,1.));
#3027=DIRECTION('center_axis',(0.,1.,0.));
#3028=DIRECTION('ref_axis',(0.,0.,1.));
#3029=DIRECTION('center_axis',(1.,0.,0.));
#3030=DIRECTION('ref_axis',(0.,1.,0.));
#3031=DIRECTION('',(1.,0.,0.));
#3032=DIRECTION('center_axis',(0.,1.,-1.4432899320127E-14));
#3033=DIRECTION('ref_axis',(4.93038065763132E-32,1.4432899320127E-14,1.));
#3034=DIRECTION('center_axis',(-4.61791899612875E-17,0.707106781186548,
-0.707106781186548));
#3035=DIRECTION('ref_axis',(-1.,0.,6.53072367426563E-17));
#3036=DIRECTION('',(0.,0.707106781186547,0.707106781186547));
#3037=DIRECTION('',(1.,0.,-6.53072367426563E-17));
#3038=DIRECTION('',(0.,-0.707106781186547,-0.707106781186547));
#3039=DIRECTION('',(-1.,0.,6.53072367426563E-17));
#3040=DIRECTION('center_axis',(0.,-1.,0.));
#3041=DIRECTION('ref_axis',(-0.707106781186548,0.,-0.707106781186548));
#3042=DIRECTION('',(0.707106781186546,0.707106781186549,5.02429586778809E-15));
#3043=DIRECTION('center_axis',(0.,-1.,0.));
#3044=DIRECTION('ref_axis',(-0.707106781186547,0.,-0.707106781186547));
#3045=DIRECTION('center_axis',(0.,1.,0.));
#3046=DIRECTION('ref_axis',(-0.707106781186547,0.,-0.707106781186547));
#3047=DIRECTION('center_axis',(-0.707106781186548,0.707106781186548,4.61791899612875E-17));
#3048=DIRECTION('ref_axis',(6.53072367426563E-17,0.,1.));
#3049=DIRECTION('',(0.707106781186548,0.707106781186547,0.));
#3050=DIRECTION('',(-6.53072367426563E-17,0.,-1.));
#3051=DIRECTION('center_axis',(0.,-1.,0.));
#3052=DIRECTION('ref_axis',(-0.99345014013676,0.,0.114266438914718));
#3053=DIRECTION('',(0.688641650587262,0.707106781186547,-0.160538708965946));
#3054=DIRECTION('center_axis',(0.,-1.,0.));
#3055=DIRECTION('ref_axis',(-0.99345014013676,0.,0.114266438914718));
#3056=DIRECTION('center_axis',(0.,1.,0.));
#3057=DIRECTION('ref_axis',(-0.99345014013676,0.,0.114266438914718));
#3058=DIRECTION('center_axis',(-0.688641650587262,0.707106781186547,0.160538708965947));
#3059=DIRECTION('ref_axis',(0.227036019505509,0.,0.973886361875498));
#3060=DIRECTION('',(0.68864165058726,0.707106781186548,-0.160538708965946));
#3061=DIRECTION('',(-0.227036019505509,0.,-0.973886361875498));
#3062=DIRECTION('',(0.227036019505509,0.,0.973886361875498));
#3063=DIRECTION('center_axis',(0.,-1.,0.));
#3064=DIRECTION('ref_axis',(6.53072367426563E-17,0.,1.));
#3065=DIRECTION('',(0.,0.707106781186548,-0.707106781186547));
#3066=DIRECTION('center_axis',(0.,-1.,0.));
#3067=DIRECTION('ref_axis',(6.53072367426563E-17,0.,1.));
#3068=DIRECTION('center_axis',(0.,1.,0.));
#3069=DIRECTION('ref_axis',(6.53072367426563E-17,0.,1.));
#3070=DIRECTION('center_axis',(4.61791899612875E-17,0.707106781186548,0.707106781186547));
#3071=DIRECTION('ref_axis',(1.,0.,-6.53072367426563E-17));
#3072=DIRECTION('',(0.,0.707106781186547,-0.707106781186548));
#3073=DIRECTION('',(-1.,0.,6.53072367426563E-17));
#3074=DIRECTION('',(1.,0.,-6.53072367426563E-17));
#3075=DIRECTION('center_axis',(0.,-1.,0.));
#3076=DIRECTION('ref_axis',(1.,0.,-6.53072367426563E-17));
#3077=DIRECTION('',(-0.707106781186547,0.707106781186547,0.));
#3078=DIRECTION('center_axis',(0.,-1.,0.));
#3079=DIRECTION('ref_axis',(1.,0.,-6.53072367426563E-17));
#3080=DIRECTION('center_axis',(0.,1.,0.));
#3081=DIRECTION('ref_axis',(1.,0.,-6.53072367426563E-17));
#3082=DIRECTION('center_axis',(0.707106781186548,0.707106781186548,-4.61791899612875E-17));
#3083=DIRECTION('ref_axis',(-6.53072367426563E-17,0.,-1.));
#3084=DIRECTION('',(-0.707106781186547,0.707106781186547,0.));
#3085=DIRECTION('',(6.53072367426563E-17,0.,1.));
#3086=DIRECTION('',(-6.53072367426563E-17,0.,-1.));
#3087=DIRECTION('center_axis',(0.,-1.,0.));
#3088=DIRECTION('ref_axis',(-6.53072367426563E-17,0.,-1.));
#3089=DIRECTION('',(-0.557736429666014,0.707106781186547,0.434660873582393));
#3090=DIRECTION('center_axis',(0.,-1.,0.));
#3091=DIRECTION('ref_axis',(-6.53072367426563E-17,0.,-1.));
#3092=DIRECTION('center_axis',(0.,1.,0.));
#3093=DIRECTION('ref_axis',(-6.53072367426563E-17,0.,-1.));
#3094=DIRECTION('center_axis',(0.557736429666123,0.707106781186397,-0.434660873582496));
#3095=DIRECTION('ref_axis',(-0.614703302453173,0.,-0.788758423063211));
#3096=DIRECTION('',(-0.557736429665887,0.707106781186697,0.43466087358231));
#3097=DIRECTION('',(0.614703302453173,0.,0.788758423063211));
#3098=DIRECTION('',(-0.614703302453173,0.,-0.788758423063211));
#3099=DIRECTION('center_axis',(0.,-1.,0.));
#3100=DIRECTION('ref_axis',(0.438917245928448,0.,-0.898527490523571));
#3101=DIRECTION('center_axis',(0.,-1.,0.));
#3102=DIRECTION('ref_axis',(0.438917245928448,0.,-0.898527490523571));
#3103=DIRECTION('center_axis',(0.,1.,0.));
#3104=DIRECTION('ref_axis',(0.438917245928448,0.,-0.898527490523571));
#3105=DIRECTION('center_axis',(0.,-1.,0.));
#3106=DIRECTION('ref_axis',(6.53072367426563E-17,0.,1.));
#3107=DIRECTION('',(0.,1.,0.));
#3108=DIRECTION('center_axis',(0.,1.,0.));
#3109=DIRECTION('ref_axis',(6.53072367426563E-17,0.,1.));
#3110=DIRECTION('',(0.,1.,0.));
#3111=DIRECTION('center_axis',(0.973886361875498,0.,-0.227036019505509));
#3112=DIRECTION('ref_axis',(-0.227036019505509,0.,-0.973886361875498));
#3113=DIRECTION('',(0.,1.,0.));
#3114=DIRECTION('',(0.227036019505509,0.,0.973886361875498));
#3115=DIRECTION('center_axis',(0.,1.,0.));
#3116=DIRECTION('ref_axis',(-0.99345014013676,0.,0.114266438914718));
#3117=DIRECTION('center_axis',(0.,1.,0.));
#3118=DIRECTION('ref_axis',(-0.99345014013676,0.,0.114266438914718));
#3119=DIRECTION('center_axis',(0.,1.,0.));
#3120=DIRECTION('ref_axis',(-0.707106781186547,0.,-0.707106781186547));
#3121=DIRECTION('',(0.,1.,0.));
#3122=DIRECTION('center_axis',(0.,1.,0.));
#3123=DIRECTION('ref_axis',(-0.707106781186547,0.,-0.707106781186547));
#3124=DIRECTION('center_axis',(6.53072367426563E-17,0.,1.));
#3125=DIRECTION('ref_axis',(1.,0.,-6.53072367426563E-17));
#3126=DIRECTION('',(0.,1.,0.));
#3127=DIRECTION('',(-1.,0.,6.53072367426563E-17));
#3128=DIRECTION('center_axis',(0.,1.,0.));
#3129=DIRECTION('ref_axis',(-1.,0.,0.));
#3130=DIRECTION('center_axis',(0.,1.,0.));
#3131=DIRECTION('ref_axis',(0.438917245928448,0.,-0.898527490523571));
#3132=DIRECTION('',(0.,1.,0.));
#3133=DIRECTION('center_axis',(0.,1.,0.));
#3134=DIRECTION('ref_axis',(0.438917245928448,0.,-0.898527490523571));
#3135=DIRECTION('center_axis',(0.,-1.,0.));
#3136=DIRECTION('ref_axis',(1.,0.,-6.53072367426563E-17));
#3137=DIRECTION('',(-0.614703302453173,0.,-0.788758423063211));
#3138=DIRECTION('center_axis',(0.,1.,0.));
#3139=DIRECTION('ref_axis',(-6.53072367426563E-17,0.,-1.));
#3140=DIRECTION('',(-6.53072367426563E-17,0.,-1.));
#3141=DIRECTION('center_axis',(0.,1.,0.));
#3142=DIRECTION('ref_axis',(1.,0.,-6.53072367426563E-17));
#3143=DIRECTION('',(1.,0.,-6.53072367426563E-17));
#3144=DIRECTION('center_axis',(0.,-1.,0.));
#3145=DIRECTION('ref_axis',(-0.973886361875498,0.,0.227036019505509));
#3146=DIRECTION('center_axis',(0.,-1.,0.));
#3147=DIRECTION('ref_axis',(6.53072367426563E-17,0.,1.));
#3148=DIRECTION('',(-1.,0.,6.53072367426563E-17));
#3149=DIRECTION('center_axis',(0.,-1.,0.));
#3150=DIRECTION('ref_axis',(1.,0.,-6.53072367426563E-17));
#3151=DIRECTION('',(6.53072367426563E-17,0.,1.));
#3152=DIRECTION('center_axis',(0.,-1.,0.));
#3153=DIRECTION('ref_axis',(-6.53072367426563E-17,0.,-1.));
#3154=DIRECTION('',(0.614703302453173,0.,0.788758423063211));
#3155=DIRECTION('',(1.,0.,-6.53072367426563E-17));
#3156=DIRECTION('center_axis',(0.,-1.,0.));
#3157=DIRECTION('ref_axis',(-0.973886361875498,0.,0.227036019505509));
#3158=DIRECTION('center_axis',(0.,-1.,0.));
#3159=DIRECTION('ref_axis',(-0.973886361875498,0.,0.227036019505509));
#3160=DIRECTION('',(0.,1.,0.));
#3161=DIRECTION('center_axis',(0.,-1.,0.));
#3162=DIRECTION('ref_axis',(6.53072367426563E-17,0.,1.));
#3163=DIRECTION('center_axis',(0.,-1.,0.));
#3164=DIRECTION('ref_axis',(6.53072367426563E-17,0.,1.));
#3165=DIRECTION('',(0.,1.,0.));
#3166=DIRECTION('center_axis',(0.,-1.,0.));
#3167=DIRECTION('ref_axis',(-1.,0.,6.53072367426563E-17));
#3168=DIRECTION('',(-0.614703302453173,0.,-0.788758423063211));
#3169=DIRECTION('center_axis',(0.,-1.,0.));
#3170=DIRECTION('ref_axis',(-6.53072367426563E-17,0.,-1.));
#3171=DIRECTION('',(6.53072367426563E-17,0.,1.));
#3172=DIRECTION('center_axis',(0.,-1.,0.));
#3173=DIRECTION('ref_axis',(1.,0.,-6.53072367426563E-17));
#3174=DIRECTION('',(-1.,0.,6.53072367426563E-17));
#3175=DIRECTION('center_axis',(0.,-1.,0.));
#3176=DIRECTION('ref_axis',(-6.53072367426563E-17,0.,-1.));
#3177=DIRECTION('',(0.,1.,0.));
#3178=DIRECTION('',(0.,1.,0.));
#3179=DIRECTION('center_axis',(1.,0.,-6.53072367426563E-17));
#3180=DIRECTION('ref_axis',(-6.53072367426563E-17,0.,-1.));
#3181=DIRECTION('',(0.,1.,0.));
#3182=DIRECTION('center_axis',(0.,-1.,0.));
#3183=DIRECTION('ref_axis',(1.,0.,-6.53072367426563E-17));
#3184=DIRECTION('',(0.,1.,0.));
#3185=DIRECTION('center_axis',(6.53072367426563E-17,0.,1.));
#3186=DIRECTION('ref_axis',(1.,0.,-6.53072367426563E-17));
#3187=DIRECTION('center_axis',(0.788758423063211,0.,-0.614703302453173));
#3188=DIRECTION('ref_axis',(-0.614703302453173,0.,-0.788758423063211));
#3189=DIRECTION('',(0.,-1.,0.));
#3190=DIRECTION('center_axis',(-6.53072367426563E-17,0.,-1.));
#3191=DIRECTION('ref_axis',(-1.,0.,6.53072367426563E-17));
#3192=DIRECTION('center_axis',(-1.,0.,6.53072367426563E-17));
#3193=DIRECTION('ref_axis',(6.53072367426563E-17,0.,1.));
#3194=DIRECTION('',(0.,1.,0.));
#3195=DIRECTION('',(0.,1.,0.));
#3196=DIRECTION('center_axis',(0.,-1.,0.));
#3197=DIRECTION('ref_axis',(-6.53072367426563E-17,0.,-1.));
#3198=DIRECTION('',(0.,1.,0.));
#3199=DIRECTION('center_axis',(-0.788758423063211,0.,0.614703302453173));
#3200=DIRECTION('ref_axis',(0.614703302453173,0.,0.788758423063211));
#3201=DIRECTION('center_axis',(-6.53072367426563E-17,0.,-1.));
#3202=DIRECTION('ref_axis',(-1.,0.,6.53072367426563E-17));
#3203=DIRECTION('',(0.,1.,0.));
#3204=DIRECTION('center_axis',(0.,-1.,0.));
#3205=DIRECTION('ref_axis',(1.,0.,-6.53072367426563E-17));
#3206=CARTESIAN_POINT('',(0.,0.,0.));
#3207=CARTESIAN_POINT('Origin',(-6.21694034699086,1.069,-71.5236516937056));
#3208=CARTESIAN_POINT('',(-6.34194034699091,1.194,-62.8986516937206));
#3209=CARTESIAN_POINT('',(-6.09194034699087,0.944,-63.1486516937206));
#3210=CARTESIAN_POINT('',(-5.66162971518295,0.513689368192089,-63.5789623255285));
#3211=CARTESIAN_POINT('',(-6.09194034699087,0.944,-60.7786516937335));
#3212=CARTESIAN_POINT('',(-6.09194034699087,0.944,-71.5236516937056));
#3213=CARTESIAN_POINT('',(-6.34194034699087,1.194,-60.7786516937335));
#3214=CARTESIAN_POINT('',(-6.09194034699087,0.944,-60.7786516937335));
#3215=CARTESIAN_POINT('',(-6.34194034699087,1.194,-71.5236516937056));
#3216=CARTESIAN_POINT('Origin',(-27.4669403469909,1.069,-72.0836516937057));
#3217=CARTESIAN_POINT('',(-27.5919403469909,0.944,-63.1486516937206));
#3218=CARTESIAN_POINT('',(-27.3419403469909,1.194,-62.8986516937206));
#3219=CARTESIAN_POINT('',(-26.2966297151781,2.23931063181282,-61.8533410619078));
#3220=CARTESIAN_POINT('',(-27.3419403469909,1.194,-60.7786516937078));
#3221=CARTESIAN_POINT('',(-27.3419403469909,1.194,-72.0836516937057));
#3222=CARTESIAN_POINT('',(-27.5919403469909,0.944,-60.7786516937078));
#3223=CARTESIAN_POINT('',(-27.3419403469909,1.194,-60.7786516937078));
#3224=CARTESIAN_POINT('',(-27.5919403469909,0.944,-72.0836516937057));
#3225=CARTESIAN_POINT('Origin',(-25.4619403469909,1.069,-60.7786516937078));
#3226=CARTESIAN_POINT('',(-25.4619403469881,1.194,-58.8986516937078));
#3227=CARTESIAN_POINT('Origin',(-25.4619403469909,1.194,-60.7786516937078));
#3228=CARTESIAN_POINT('',(-25.4619403469877,0.944,-58.6486516937078));
#3229=CARTESIAN_POINT('',(-25.4619403469881,1.194,-58.8986516937078));
#3230=CARTESIAN_POINT('Origin',(-25.4619403469909,0.944,-60.7786516937078));
#3231=CARTESIAN_POINT('Origin',(-20.9450765561189,1.069,-58.7736516937145));
#3232=CARTESIAN_POINT('',(-8.22194034698807,1.194,-58.8986516937335));
#3233=CARTESIAN_POINT('',(-8.22194034698769,0.944,-58.6486516937335));
#3234=CARTESIAN_POINT('',(-8.22194034698807,1.194,-58.8986516937335));
#3235=CARTESIAN_POINT('',(-20.9450765561187,0.944,-58.6486516937145));
#3236=CARTESIAN_POINT('',(-20.9450765561191,1.194,-58.8986516937145));
#3237=CARTESIAN_POINT('Origin',(-8.22194034699087,1.069,-60.7786516937335));
#3238=CARTESIAN_POINT('Origin',(-8.22194034699087,1.194,-60.7786516937335));
#3239=CARTESIAN_POINT('Origin',(-8.22194034699087,0.944,-60.7786516937335));
#3240=CARTESIAN_POINT('Origin',(-6.34194034699087,10.,-74.3986516937049));
#3241=CARTESIAN_POINT('',(-6.34194034699087,10.,-60.7786516937335));
#3242=CARTESIAN_POINT('',(-6.34194034699087,10.,-60.7786516937335));
#3243=CARTESIAN_POINT('',(-6.34194034699091,10.,-62.8986516937206));
#3244=CARTESIAN_POINT('',(-6.34194034699087,10.,-49.6789467036123));
#3245=CARTESIAN_POINT('',(-6.34194034699091,10.,-62.8986516937206));
#3246=CARTESIAN_POINT('Origin',(-8.22194034699087,10.,-60.7786516937335));
#3247=CARTESIAN_POINT('',(-8.22194034698807,10.,-58.8986516937335));
#3248=CARTESIAN_POINT('',(-8.22194034698807,10.,-58.8986516937335));
#3249=CARTESIAN_POINT('Origin',(-8.22194034699087,10.,-60.7786516937335));
#3250=CARTESIAN_POINT('Origin',(-25.4619403469866,10.,-58.8986516937078));
#3251=CARTESIAN_POINT('',(-25.4619403469881,10.,-58.8986516937078));
#3252=CARTESIAN_POINT('',(-25.4619403469881,10.,-58.8986516937078));
#3253=CARTESIAN_POINT('',(-5.85959146939452,10.,-58.898651693737));
#3254=CARTESIAN_POINT('Origin',(-25.4619403469909,10.,-60.7786516937078));
#3255=CARTESIAN_POINT('',(-27.3419403469909,10.,-60.7786516937078));
#3256=CARTESIAN_POINT('',(-27.3419403469909,10.,-60.7786516937078));
#3257=CARTESIAN_POINT('Origin',(-25.4619403469909,10.,-60.7786516937078));
#3258=CARTESIAN_POINT('Origin',(-27.3419403469909,10.,-75.518651693705));
#3259=CARTESIAN_POINT('',(-27.3419403469909,10.,-62.8986516937206));
#3260=CARTESIAN_POINT('',(-27.3419403469909,10.,-62.8986516937206));
#3261=CARTESIAN_POINT('',(-27.341940346991,10.,-50.2389467036059));
#3262=CARTESIAN_POINT('Origin',(-6.21694034699086,1.069,-71.5236516937056));
#3263=CARTESIAN_POINT('',(-6.09194034699087,0.944,-74.1486516937049));
#3264=CARTESIAN_POINT('',(-6.34194034699087,1.194,-74.3986516937049));
#3265=CARTESIAN_POINT('',(-8.3699630485139,3.22202270152303,-76.426674395228));
#3266=CARTESIAN_POINT('',(-6.34194034699087,1.194,-76.5186516937049));
#3267=CARTESIAN_POINT('',(-6.34194034699087,1.194,-71.5236516937056));
#3268=CARTESIAN_POINT('',(-6.09194034699087,0.944,-76.5186516937049));
#3269=CARTESIAN_POINT('',(-6.34194034699087,1.194,-76.5186516937049));
#3270=CARTESIAN_POINT('',(-6.09194034699087,0.944,-71.5236516937056));
#3271=CARTESIAN_POINT('Origin',(-8.22194034699086,1.069,-76.5186516937049));
#3272=CARTESIAN_POINT('',(-8.22194034699086,1.194,-78.3986516937049));
#3273=CARTESIAN_POINT('Origin',(-8.22194034699086,1.194,-76.5186516937049));
#3274=CARTESIAN_POINT('',(-8.22194034699086,0.944,-78.6486516937049));
#3275=CARTESIAN_POINT('',(-8.22194034699086,1.194,-78.3986516937049));
#3276=CARTESIAN_POINT('Origin',(-8.22194034699086,0.944,-76.5186516937049));
#3277=CARTESIAN_POINT('Origin',(-12.3250765561285,1.069,-78.5236516937049));
#3278=CARTESIAN_POINT('',(-25.4619403469909,1.194,-78.3986516937049));
#3279=CARTESIAN_POINT('',(-25.4619403469909,0.944,-78.6486516937049));
#3280=CARTESIAN_POINT('',(-25.4619403469909,1.194,-78.3986516937049));
#3281=CARTESIAN_POINT('',(-12.3250765561285,0.944,-78.6486516937049));
#3282=CARTESIAN_POINT('',(-12.3250765561285,1.194,-78.3986516937049));
#3283=CARTESIAN_POINT('Origin',(-25.4619403469909,1.069,-76.5186516937049));
#3284=CARTESIAN_POINT('',(-27.3419403469909,1.194,-76.518651693705));
#3285=CARTESIAN_POINT('Origin',(-25.4619403469909,1.194,-76.5186516937049));
#3286=CARTESIAN_POINT('',(-27.5919403469909,0.944,-76.518651693705));
#3287=CARTESIAN_POINT('',(-27.3419403469909,1.194,-76.518651693705));
#3288=CARTESIAN_POINT('Origin',(-25.4619403469909,0.944,-76.5186516937049));
#3289=CARTESIAN_POINT('Origin',(-27.4669403469909,1.069,-72.0836516937057));
#3290=CARTESIAN_POINT('',(-27.3419403469909,1.194,-74.398651693705));
#3291=CARTESIAN_POINT('',(-27.5919403469909,0.944,-74.148651693705));
#3292=CARTESIAN_POINT('',(-26.9016297151804,1.63431063181051,-74.8389623255155));
#3293=CARTESIAN_POINT('',(-27.5919403469909,0.944,-72.0836516937057));
#3294=CARTESIAN_POINT('',(-27.3419403469909,1.194,-72.0836516937057));
#3295=CARTESIAN_POINT('Origin',(-27.3419403469909,10.,-75.518651693705));
#3296=CARTESIAN_POINT('',(-27.3419403469909,10.,-76.518651693705));
#3297=CARTESIAN_POINT('',(-27.3419403469909,10.,-76.518651693705));
#3298=CARTESIAN_POINT('',(-27.3419403469909,10.,-74.398651693705));
#3299=CARTESIAN_POINT('',(-27.3419403469909,10.,-56.5489467035981));
#3300=CARTESIAN_POINT('',(-27.3419403469909,10.,-74.398651693705));
#3301=CARTESIAN_POINT('Origin',(-25.4619403469909,10.,-76.5186516937049));
#3302=CARTESIAN_POINT('',(-25.4619403469909,10.,-78.3986516937049));
#3303=CARTESIAN_POINT('',(-25.4619403469909,10.,-78.3986516937049));
#3304=CARTESIAN_POINT('Origin',(-25.4619403469909,10.,-76.5186516937049));
#3305=CARTESIAN_POINT('Origin',(-8.22194034699087,10.,-78.3986516937049));
#3306=CARTESIAN_POINT('',(-8.22194034699086,10.,-78.3986516937049));
#3307=CARTESIAN_POINT('',(-8.22194034699086,10.,-78.3986516937049));
#3308=CARTESIAN_POINT('',(2.76040853061921,10.,-78.3986516937049));
#3309=CARTESIAN_POINT('Origin',(-8.22194034699086,10.,-76.5186516937049));
#3310=CARTESIAN_POINT('',(-6.34194034699087,10.,-76.5186516937049));
#3311=CARTESIAN_POINT('',(-6.34194034699087,10.,-76.5186516937049));
#3312=CARTESIAN_POINT('Origin',(-8.22194034699086,10.,-76.5186516937049));
#3313=CARTESIAN_POINT('Origin',(-6.34194034699087,10.,-74.3986516937049));
#3314=CARTESIAN_POINT('',(-6.34194034699087,10.,-74.3986516937049));
#3315=CARTESIAN_POINT('',(-6.34194034699087,10.,-74.3986516937049));
#3316=CARTESIAN_POINT('',(-6.34194034699087,10.,-55.988946703598));
#3317=CARTESIAN_POINT('Origin',(13.7427574082293,10.,-37.5792417134912));
#3318=CARTESIAN_POINT('',(3.70040853061921,10.,-62.8986516937206));
#3319=CARTESIAN_POINT('Origin',(13.7427574082293,10.,-37.5792417134912));
#3320=CARTESIAN_POINT('',(-6.79959146938072,10.,-74.3986516937049));
#3321=CARTESIAN_POINT('Origin',(-16.4282127652661,0.944,-68.6486516937063));
#3322=CARTESIAN_POINT('',(-4.59194034699086,0.944,-75.518651693705));
#3323=CARTESIAN_POINT('',(-8.22194034699087,0.944,-79.1486516937049));
#3324=CARTESIAN_POINT('Origin',(-8.22194034699086,0.944,-75.518651693705));
#3325=CARTESIAN_POINT('',(-4.59194034699087,0.944,-61.7786516937335));
#3326=CARTESIAN_POINT('',(-4.59194034699087,0.944,-72.0836516937056));
#3327=CARTESIAN_POINT('',(-8.22194034698546,0.944,-58.1486516937334));
#3328=CARTESIAN_POINT('Origin',(-8.22194034699087,0.944,-61.7786516937335));
#3329=CARTESIAN_POINT('',(-25.4619403469855,0.944,-58.1486516937078));
#3330=CARTESIAN_POINT('',(-12.325076556118,0.944,-58.1486516937273));
#3331=CARTESIAN_POINT('',(-27.1638331821033,0.944,-58.5723359298141));
#3332=CARTESIAN_POINT('Origin',(-25.4619403469909,0.944,-61.7786516937078));
#3333=CARTESIAN_POINT('',(-28.2644851835414,0.944,-63.2936571356129));
#3334=CARTESIAN_POINT('',(-28.554711110228,0.944,-64.5386008783654));
#3335=CARTESIAN_POINT('',(-28.2644851835414,0.944,-77.8257369628539));
#3336=CARTESIAN_POINT('',(-28.2644851835414,0.944,-77.9035675603444));
#3337=CARTESIAN_POINT('',(-25.4619403469909,0.944,-79.1486516937049));
#3338=CARTESIAN_POINT('Origin',(-25.4619403469909,0.944,-75.518651693705));
#3339=CARTESIAN_POINT('',(-20.9450765561285,0.944,-79.1486516937049));
#3340=CARTESIAN_POINT('',(-11.3850765561285,0.944,-63.1486516937206));
#3341=CARTESIAN_POINT('',(-21.8850765561285,0.944,-74.1486516937049));
#3342=CARTESIAN_POINT('Origin',(-11.3850765561285,1.069,-63.0236516937206));
#3343=CARTESIAN_POINT('',(-11.3850765561285,1.194,-62.8986516937206));
#3344=CARTESIAN_POINT('Origin',(-21.8850765561285,1.069,-74.2736516937049));
#3345=CARTESIAN_POINT('',(-21.8850765561285,1.194,-74.3986516937049));
#3346=CARTESIAN_POINT('Origin',(59.2271584930482,-11.,-54.1558285049547));
#3347=CARTESIAN_POINT('',(57.8771584930482,-10.,-54.1558285049547));
#3348=CARTESIAN_POINT('Origin',(59.2271584930482,-10.,-54.1558285049547));
#3349=CARTESIAN_POINT('',(57.8771584930482,9.,-54.1558285049547));
#3350=CARTESIAN_POINT('',(57.8771584930482,-11.,-54.1558285049547));
#3351=CARTESIAN_POINT('Origin',(59.2271584930482,9.,-54.1558285049547));
#3352=CARTESIAN_POINT('Origin',(59.2271584930482,9.,-54.1558285049547));
#3353=CARTESIAN_POINT('Origin',(-32.2399232090542,-11.,-62.8364030390571));
#3354=CARTESIAN_POINT('',(-33.5899232090542,-10.,-62.8364030390571));
#3355=CARTESIAN_POINT('Origin',(-32.2399232090542,-10.,-62.8364030390571));
#3356=CARTESIAN_POINT('',(-33.5899232090542,9.,-62.8364030390571));
#3357=CARTESIAN_POINT('',(-33.5899232090542,-11.,-62.8364030390571));
#3358=CARTESIAN_POINT('Origin',(-32.2399232090542,9.,-62.8364030390571));
#3359=CARTESIAN_POINT('',(-33.2949669066046,-2.2112024828691,-63.6786516937067));
#3360=CARTESIAN_POINT('',(-31.1848795115037,-2.2112024828691,-63.6786516937067));
#3361=CARTESIAN_POINT('Ctrl Pts',(-33.2949669066046,-2.2112024828691,-63.6786516937067));
#3362=CARTESIAN_POINT('Ctrl Pts',(-33.2949669066046,-2.3616381656451,-63.6786516937067));
#3363=CARTESIAN_POINT('Ctrl Pts',(-33.279301886899,-2.52331718814903,-63.6996869190658));
#3364=CARTESIAN_POINT('Ctrl Pts',(-33.2050913957245,-2.82360490974032,-63.7819286758558));
#3365=CARTESIAN_POINT('Ctrl Pts',(-33.1454888630737,-2.96203541013886,-63.8428282465438));
#3366=CARTESIAN_POINT('Ctrl Pts',(-32.9996180568765,-3.16111313079701,-63.9553747932638));
#3367=CARTESIAN_POINT('Ctrl Pts',(-32.9023230811797,-3.24876244144328,-64.017583485855));
#3368=CARTESIAN_POINT('Ctrl Pts',(-32.7278411586172,-3.3492552090396,-64.0980185474842));
#3369=CARTESIAN_POINT('Ctrl Pts',(-32.6354551629777,-3.38585580232541,-64.1310634034692));
#3370=CARTESIAN_POINT('Ctrl Pts',(-32.4394866879299,-3.43299131623352,-64.1753450413403));
#3371=CARTESIAN_POINT('Ctrl Pts',(-32.3359319121094,-3.44380877849688,-64.1864030390571));
#3372=CARTESIAN_POINT('Ctrl Pts',(-32.143914505999,-3.44380877849688,-64.1864030390571));
#3373=CARTESIAN_POINT('Ctrl Pts',(-32.0403597301785,-3.43299131623352,-64.1753450413403));
#3374=CARTESIAN_POINT('Ctrl Pts',(-31.8443912551306,-3.38585580232541,-64.1310634034692));
#3375=CARTESIAN_POINT('Ctrl Pts',(-31.7520052594912,-3.3492552090396,-64.0980185474842));
#3376=CARTESIAN_POINT('Ctrl Pts',(-31.5775233369287,-3.24876244144328,-64.017583485855));
#3377=CARTESIAN_POINT('Ctrl Pts',(-31.4802283612319,-3.16111313079701,-63.9553747932638));
#3378=CARTESIAN_POINT('Ctrl Pts',(-31.3343575550347,-2.96203541013886,-63.8428282465438));
#3379=CARTESIAN_POINT('Ctrl Pts',(-31.2747550223839,-2.82360490974032,-63.7819286758558));
#3380=CARTESIAN_POINT('Ctrl Pts',(-31.2005445312094,-2.52331718814903,-63.6996869190658));
#3381=CARTESIAN_POINT('Ctrl Pts',(-31.1848795115037,-2.3616381656451,-63.6786516937067));
#3382=CARTESIAN_POINT('Ctrl Pts',(-31.1848795115037,-2.2112024828691,-63.6786516937067));
#3383=CARTESIAN_POINT('',(-33.2949669066046,-1.50120248286911,-63.6786516937067));
#3384=CARTESIAN_POINT('',(-33.2949669066046,-11.,-63.6786516937067));
#3385=CARTESIAN_POINT('',(-31.1848795115037,-1.50120248286911,-63.6786516937067));
#3386=CARTESIAN_POINT('Ctrl Pts',(-31.1848795115037,-1.50120248286911,-63.6786516937067));
#3387=CARTESIAN_POINT('Ctrl Pts',(-31.1848795115037,-1.35076680009312,-63.6786516937067));
#3388=CARTESIAN_POINT('Ctrl Pts',(-31.2005445312094,-1.18908777758918,-63.6996869190658));
#3389=CARTESIAN_POINT('Ctrl Pts',(-31.2747550223839,-0.888800055997889,
-63.7819286758558));
#3390=CARTESIAN_POINT('Ctrl Pts',(-31.3343575550347,-0.750369555599354,
-63.8428282465438));
#3391=CARTESIAN_POINT('Ctrl Pts',(-31.4802283612319,-0.551291834941207,
-63.9553747932638));
#3392=CARTESIAN_POINT('Ctrl Pts',(-31.5775233369287,-0.463642524294929,
-64.017583485855));
#3393=CARTESIAN_POINT('Ctrl Pts',(-31.7520052594912,-0.363149756698618,
-64.0980185474842));
#3394=CARTESIAN_POINT('Ctrl Pts',(-31.8443912551306,-0.326549163412806,
-64.1310634034692));
#3395=CARTESIAN_POINT('Ctrl Pts',(-32.0403597301785,-0.279413649504694,
-64.1753450413403));
#3396=CARTESIAN_POINT('Ctrl Pts',(-32.143914505999,-0.268596187241332,-64.1864030390571));
#3397=CARTESIAN_POINT('Ctrl Pts',(-32.3359319121094,-0.268596187241332,
-64.1864030390571));
#3398=CARTESIAN_POINT('Ctrl Pts',(-32.4394866879299,-0.279413649504694,
-64.1753450413403));
#3399=CARTESIAN_POINT('Ctrl Pts',(-32.6354551629777,-0.326549163412806,
-64.1310634034692));
#3400=CARTESIAN_POINT('Ctrl Pts',(-32.7278411586172,-0.363149756698618,
-64.0980185474842));
#3401=CARTESIAN_POINT('Ctrl Pts',(-32.9023230811797,-0.463642524294929,
-64.017583485855));
#3402=CARTESIAN_POINT('Ctrl Pts',(-32.9996180568765,-0.551291834941207,
-63.9553747932638));
#3403=CARTESIAN_POINT('Ctrl Pts',(-33.1454888630737,-0.750369555599354,
-63.8428282465438));
#3404=CARTESIAN_POINT('Ctrl Pts',(-33.2050913957245,-0.888800055997889,
-63.7819286758558));
#3405=CARTESIAN_POINT('Ctrl Pts',(-33.279301886899,-1.18908777758918,-63.6996869190658));
#3406=CARTESIAN_POINT('Ctrl Pts',(-33.2949669066046,-1.35076680009312,-63.6786516937067));
#3407=CARTESIAN_POINT('Ctrl Pts',(-33.2949669066046,-1.50120248286911,-63.6786516937067));
#3408=CARTESIAN_POINT('',(-31.1848795115037,-11.,-63.6786516937067));
#3409=CARTESIAN_POINT('Origin',(-32.2399232090542,9.,-62.8364030390571));
#3410=CARTESIAN_POINT('Origin',(57.2402173439713,-11.,13.2402173439713));
#3411=CARTESIAN_POINT('',(55.8902173439713,-10.,13.2402173439713));
#3412=CARTESIAN_POINT('Origin',(57.2402173439713,-10.,13.2402173439713));
#3413=CARTESIAN_POINT('',(55.8902173439713,9.,13.2402173439713));
#3414=CARTESIAN_POINT('',(55.8902173439713,-11.,13.2402173439713));
#3415=CARTESIAN_POINT('Origin',(57.2402173439713,9.,13.2402173439713));
#3416=CARTESIAN_POINT('Origin',(57.2402173439713,9.,13.2402173439713));
#3417=CARTESIAN_POINT('Origin',(30.8056161072991,-11.,-90.5279615164457));
#3418=CARTESIAN_POINT('',(29.4556161072991,-10.,-90.5279615164457));
#3419=CARTESIAN_POINT('Origin',(30.8056161072991,-10.,-90.5279615164457));
#3420=CARTESIAN_POINT('',(29.4556161072991,9.,-90.5279615164457));
#3421=CARTESIAN_POINT('',(29.4556161072991,-11.,-90.5279615164457));
#3422=CARTESIAN_POINT('Origin',(30.8056161072991,9.,-90.5279615164457));
#3423=CARTESIAN_POINT('Origin',(30.8056161072991,9.,-90.5279615164457));
#3424=CARTESIAN_POINT('Origin',(-31.1661356129909,-11.,-89.8101338564319));
#3425=CARTESIAN_POINT('',(-32.5161356129909,-10.,-89.8101338564319));
#3426=CARTESIAN_POINT('Origin',(-31.1661356129909,-10.,-89.8101338564319));
#3427=CARTESIAN_POINT('',(-32.5161356129909,9.,-89.8101338564319));
#3428=CARTESIAN_POINT('',(-32.5161356129909,-11.,-89.8101338564319));
#3429=CARTESIAN_POINT('Origin',(-31.1661356129909,9.,-89.8101338564319));
#3430=CARTESIAN_POINT('Origin',(-31.1661356129909,9.,-89.8101338564319));
#3431=CARTESIAN_POINT('Origin',(-12.5595872436668,-11.,13.85198663902));
#3432=CARTESIAN_POINT('',(-13.9095872436668,-10.,13.85198663902));
#3433=CARTESIAN_POINT('Origin',(-12.5595872436668,-10.,13.85198663902));
#3434=CARTESIAN_POINT('',(-13.9095872436668,9.,13.85198663902));
#3435=CARTESIAN_POINT('',(-13.9095872436668,-11.,13.85198663902));
#3436=CARTESIAN_POINT('Origin',(-12.5595872436668,9.,13.85198663902));
#3437=CARTESIAN_POINT('Origin',(-12.5595872436668,9.,13.85198663902));
#3438=CARTESIAN_POINT('Origin',(-36.0144851835414,-1.50120248286911,-65.4286516937067));
#3439=CARTESIAN_POINT('',(-35.7644851835414,-1.50120248286911,-63.6786516937067));
#3440=CARTESIAN_POINT('',(-36.0144851835414,-1.50120248286911,-63.6786516937067));
#3441=CARTESIAN_POINT('',(-35.7644851835414,0.248797517130889,-65.4286516937067));
#3442=CARTESIAN_POINT('Origin',(-35.7644851835414,-1.50120248286911,-65.4286516937067));
#3443=CARTESIAN_POINT('',(-28.7644851835414,0.248797517130889,-65.4286516937067));
#3444=CARTESIAN_POINT('',(-36.0144851835414,0.248797517130889,-65.4286516937067));
#3445=CARTESIAN_POINT('',(-28.7644851835414,-1.50120248286911,-63.6786516937067));
#3446=CARTESIAN_POINT('Origin',(-28.7644851835414,-1.50120248286911,-65.4286516937067));
#3447=CARTESIAN_POINT('',(-36.0144851835414,-1.50120248286911,-63.6786516937067));
#3448=CARTESIAN_POINT('Origin',(-36.0144851835414,-1.50120248286911,-63.6786516937067));
#3449=CARTESIAN_POINT('',(-35.7644851835414,-2.2112024828691,-63.6786516937067));
#3450=CARTESIAN_POINT('',(-36.0144851835414,-2.2112024828691,-63.6786516937067));
#3451=CARTESIAN_POINT('',(-35.7644851835414,-0.750601241434554,-63.6786516937067));
#3452=CARTESIAN_POINT('Origin',(48.5,0.755,-54.2078826480783));
#3453=CARTESIAN_POINT('',(52.4437921153161,10.,-57.2813991603441));
#3454=CARTESIAN_POINT('',(53.5,10.,-54.2078826480783));
#3455=CARTESIAN_POINT('Origin',(48.5,10.,-54.2078826480783));
#3456=CARTESIAN_POINT('',(52.4437921153161,1.51,-57.2813991603441));
#3457=CARTESIAN_POINT('',(52.4437921153161,0.755,-57.2813991603441));
#3458=CARTESIAN_POINT('',(53.5,1.51,-54.2078826480783));
#3459=CARTESIAN_POINT('Origin',(48.5,1.51,-54.2078826480783));
#3460=CARTESIAN_POINT('',(53.5,0.755,-54.2078826480783));
#3461=CARTESIAN_POINT('Origin',(13.7427574082293,10.,-37.5792417134912));
#3462=CARTESIAN_POINT('',(53.5,10.,7.));
#3463=CARTESIAN_POINT('',(53.5,10.,-46.7526822477087));
#3464=CARTESIAN_POINT('',(51.,10.,9.5));
#3465=CARTESIAN_POINT('Origin',(51.,10.,7.));
#3466=CARTESIAN_POINT('',(-7.,10.,9.5));
#3467=CARTESIAN_POINT('',(32.3713787041147,10.,9.5));
#3468=CARTESIAN_POINT('',(-9.5,10.,7.));
#3469=CARTESIAN_POINT('Origin',(-7.,10.,7.));
#3470=CARTESIAN_POINT('',(-9.5,10.,-15.3172807806424));
#3471=CARTESIAN_POINT('',(-9.5,10.,-15.2896208567456));
#3472=CARTESIAN_POINT('',(-12.6988524341441,10.,-22.6483374430515));
#3473=CARTESIAN_POINT('Origin',(-19.5,10.,-15.3172807806424));
#3474=CARTESIAN_POINT('',(-18.5542070840286,10.,-28.0804508283542));
#3475=CARTESIAN_POINT('',(-7.71622945931948,10.,-18.0258722682058));
#3476=CARTESIAN_POINT('',(-21.4919231369277,10.,-33.1411472957082));
#3477=CARTESIAN_POINT('Origin',(-11.7530595181727,10.,-35.4115074907633));
#3478=CARTESIAN_POINT('',(-26.1032722288585,10.,-52.9218411268445));
#3479=CARTESIAN_POINT('',(-28.5144851835414,10.,-63.2649021849873));
#3480=CARTESIAN_POINT('',(-25.4619403469777,10.,-52.8986516937078));
#3481=CARTESIAN_POINT('Origin',(-25.4619403469909,10.,-61.7786516937078));
#3482=CARTESIAN_POINT('',(-8.22194034697763,10.,-52.8986516937335));
#3483=CARTESIAN_POINT('',(2.76040853061443,10.,-52.8986516937498));
#3484=CARTESIAN_POINT('',(0.658059653009133,10.,-61.7786516937335));
#3485=CARTESIAN_POINT('Origin',(-8.22194034699087,10.,-61.7786516937335));
#3486=CARTESIAN_POINT('',(0.658059653009136,10.,-75.518651693705));
#3487=CARTESIAN_POINT('',(0.658059653009134,10.,-56.5489467035981));
#3488=CARTESIAN_POINT('',(-8.22194034699089,10.,-84.3986516937049));
#3489=CARTESIAN_POINT('Origin',(-8.22194034699086,10.,-75.518651693705));
#3490=CARTESIAN_POINT('',(-25.4619403469909,10.,-84.3986516937049));
#3491=CARTESIAN_POINT('',(-5.85959146938079,10.,-84.3986516937049));
#3492=CARTESIAN_POINT('',(-28.5144851835414,10.,-83.8574987375623));
#3493=CARTESIAN_POINT('Origin',(-25.4619403469909,10.,-75.518651693705));
#3494=CARTESIAN_POINT('',(-28.5144851835414,10.,-87.1584834269824));
#3495=CARTESIAN_POINT('',(-28.5144851835414,10.,-87.1584834269824));
#3496=CARTESIAN_POINT('',(29.1596764350675,10.,-87.1584834269824));
#3497=CARTESIAN_POINT('',(-28.5144851835414,10.,-87.1584834269824));
#3498=CARTESIAN_POINT('',(47.4851500731132,10.,-63.6440958664364));
#3499=CARTESIAN_POINT('Origin',(53.5,1.51,-55.9261227819263));
#3500=CARTESIAN_POINT('',(53.5,1.51,7.));
#3501=CARTESIAN_POINT('',(53.5,1.51,-51.));
#3502=CARTESIAN_POINT('',(53.5,1.51,7.));
#3503=CARTESIAN_POINT('Origin',(-11.7530595181727,0.755,-35.4115074907633));
#3504=CARTESIAN_POINT('',(-18.5542070840286,1.51,-28.0804508283542));
#3505=CARTESIAN_POINT('',(-18.5542070840286,0.755,-28.0804508283542));
#3506=CARTESIAN_POINT('',(-21.4919231369277,1.51,-33.1411472957082));
#3507=CARTESIAN_POINT('Origin',(-11.7530595181727,1.51,-35.4115074907633));
#3508=CARTESIAN_POINT('',(-21.4919231369277,0.755,-33.1411472957082));
#3509=CARTESIAN_POINT('Origin',(-28.5144851835414,0.,-63.2649021849873));
#3510=CARTESIAN_POINT('',(-12.792285055561,1.51,4.17653867830199));
#3511=CARTESIAN_POINT('',(-22.7496628674372,1.51,-38.53630694042));
#3512=CARTESIAN_POINT('',(-12.792285055561,-10.,4.17653867830199));
#3513=CARTESIAN_POINT('',(-12.792285055561,0.,4.17653867830198));
#3514=CARTESIAN_POINT('',(-28.5144851835414,-10.,-63.2649021849873));
#3515=CARTESIAN_POINT('',(-28.5144851835414,-10.,-63.2649021849873));
#3516=CARTESIAN_POINT('',(-28.5144851835414,0.694,-63.2649021849873));
#3517=CARTESIAN_POINT('',(-28.5144851835414,0.,-63.2649021849873));
#3518=CARTESIAN_POINT('',(-27.3820023630082,0.694,-58.4070405277149));
#3519=CARTESIAN_POINT('',(-28.7981827006969,0.694,-64.4818418734891));
#3520=CARTESIAN_POINT('',(-27.3820023630082,5.,-58.4070405277149));
#3521=CARTESIAN_POINT('',(-27.3820023630082,10.,-58.4070405277149));
#3522=CARTESIAN_POINT('Ctrl Pts',(-27.3820023630082,5.,-58.4070405277149));
#3523=CARTESIAN_POINT('Ctrl Pts',(-27.3820023630082,5.28992954753907,-58.4070405277149));
#3524=CARTESIAN_POINT('Ctrl Pts',(-27.3735793268842,5.60490490092766,-58.3709093445458));
#3525=CARTESIAN_POINT('Ctrl Pts',(-27.339126270356,6.21673305358443,-58.2231206282408));
#3526=CARTESIAN_POINT('Ctrl Pts',(-27.3132856313927,6.51379244428714,-58.1122754596048));
#3527=CARTESIAN_POINT('Ctrl Pts',(-27.2513206318517,7.07410252792186,-57.8464724029));
#3528=CARTESIAN_POINT('Ctrl Pts',(-27.2077327707197,7.38468942511358,-57.6594993243892));
#3529=CARTESIAN_POINT('Ctrl Pts',(-27.1072054429069,7.96159930500513,-57.2282805522936));
#3530=CARTESIAN_POINT('Ctrl Pts',(-27.0503130967414,8.22808155103695,-56.9842369853461));
#3531=CARTESIAN_POINT('Ctrl Pts',(-26.9362938002962,8.683580553892,-56.4951435012353));
#3532=CARTESIAN_POINT('Ctrl Pts',(-26.868159848102,8.91368668920281,-56.2028783048705));
#3533=CARTESIAN_POINT('Ctrl Pts',(-26.7230707924284,9.31126313041417,-55.5805089870608));
#3534=CARTESIAN_POINT('Ctrl Pts',(-26.6461009363054,9.47862898019117,-55.2503415831528));
#3535=CARTESIAN_POINT('Ctrl Pts',(-26.5028544766771,9.72569873425359,-54.6358762057084));
#3536=CARTESIAN_POINT('Ctrl Pts',(-26.4234094529298,9.83044500403425,-54.2950914028613));
#3537=CARTESIAN_POINT('Ctrl Pts',(-26.2614116937848,9.96765777498547,-53.6001910578442));
#3538=CARTESIAN_POINT('Ctrl Pts',(-26.1788535338725,10.,-53.2460522468519));
#3539=CARTESIAN_POINT('Ctrl Pts',(-26.1032722288585,10.,-52.9218411268445));
#3540=CARTESIAN_POINT('Origin',(-19.5,1.51,-15.3172807806424));
#3541=CARTESIAN_POINT('',(-9.5,1.51,-15.3172807806424));
#3542=CARTESIAN_POINT('',(-12.6988524341441,1.51,-22.6483374430515));
#3543=CARTESIAN_POINT('Origin',(-19.5,1.51,-15.3172807806424));
#3544=CARTESIAN_POINT('',(-12.6988524341441,1.51,-22.6483374430515));
#3545=CARTESIAN_POINT('',(-9.5,1.51,-15.3172807806424));
#3546=CARTESIAN_POINT('Origin',(-9.5,1.51,7.));
#3547=CARTESIAN_POINT('',(-9.5,1.51,7.));
#3548=CARTESIAN_POINT('',(-9.5,1.51,7.));
#3549=CARTESIAN_POINT('',(-9.5,1.51,7.));
#3550=CARTESIAN_POINT('Origin',(-9.5,1.51,-19.6807069297631));
#3551=CARTESIAN_POINT('',(-12.,1.51,-22.));
#3552=CARTESIAN_POINT('Origin',(-7.,1.51,7.));
#3553=CARTESIAN_POINT('',(-7.,1.51,9.5));
#3554=CARTESIAN_POINT('Origin',(-7.,1.51,7.));
#3555=CARTESIAN_POINT('',(-7.,1.51,9.5));
#3556=CARTESIAN_POINT('Origin',(51.,1.51,9.5));
#3557=CARTESIAN_POINT('',(51.,1.51,9.5));
#3558=CARTESIAN_POINT('',(51.,1.51,9.5));
#3559=CARTESIAN_POINT('',(51.,1.51,9.5));
#3560=CARTESIAN_POINT('Origin',(51.,1.51,7.));
#3561=CARTESIAN_POINT('Origin',(51.,1.51,7.));
#3562=CARTESIAN_POINT('Origin',(-25.4619403469909,1.069,-75.518651693705));
#3563=CARTESIAN_POINT('',(-28.0144851835414,1.194,-78.4407938629704));
#3564=CARTESIAN_POINT('Ctrl Pts',(-28.0144851835414,1.194,-78.4407938629704));
#3565=CARTESIAN_POINT('Ctrl Pts',(-28.1541875680561,1.05429761548527,-78.1332654129121));
#3566=CARTESIAN_POINT('Ctrl Pts',(-28.2644851835414,0.944,-77.8257369628539));
#3567=CARTESIAN_POINT('',(-25.4619403469909,1.194,-79.3986516937049));
#3568=CARTESIAN_POINT('Origin',(-25.4619403469909,1.194,-75.518651693705));
#3569=CARTESIAN_POINT('',(-25.4619403469909,1.194,-79.3986516937049));
#3570=CARTESIAN_POINT('Origin',(-20.9450765561285,1.069,-79.2736516937049));
#3571=CARTESIAN_POINT('',(-8.22194034699087,1.194,-79.3986516937049));
#3572=CARTESIAN_POINT('',(-8.22194034699087,1.194,-79.3986516937049));
#3573=CARTESIAN_POINT('',(-20.9450765561285,1.194,-79.3986516937049));
#3574=CARTESIAN_POINT('Origin',(-8.22194034699086,1.069,-75.518651693705));
#3575=CARTESIAN_POINT('',(-4.34194034699086,1.194,-75.518651693705));
#3576=CARTESIAN_POINT('',(-4.34194034699086,1.194,-75.518651693705));
#3577=CARTESIAN_POINT('Origin',(-8.22194034699086,1.194,-75.518651693705));
#3578=CARTESIAN_POINT('Origin',(-4.46694034699087,1.069,-72.0836516937056));
#3579=CARTESIAN_POINT('',(-4.34194034699087,1.194,-61.7786516937335));
#3580=CARTESIAN_POINT('',(-4.34194034699087,1.194,-61.7786516937335));
#3581=CARTESIAN_POINT('',(-4.34194034699087,1.194,-72.0836516937056));
#3582=CARTESIAN_POINT('Origin',(-8.22194034699087,1.069,-61.7786516937335));
#3583=CARTESIAN_POINT('',(-8.22194034698509,1.194,-57.8986516937335));
#3584=CARTESIAN_POINT('',(-8.22194034698509,1.194,-57.8986516937335));
#3585=CARTESIAN_POINT('Origin',(-8.22194034699087,1.194,-61.7786516937335));
#3586=CARTESIAN_POINT('Origin',(-12.3250765561178,1.069,-58.0236516937273));
#3587=CARTESIAN_POINT('',(-25.4619403469851,1.194,-57.8986516937078));
#3588=CARTESIAN_POINT('',(-25.4619403469851,1.194,-57.8986516937078));
#3589=CARTESIAN_POINT('',(-12.3250765561176,1.194,-57.8986516937273));
#3590=CARTESIAN_POINT('Origin',(-25.4619403469909,1.069,-61.7786516937078));
#3591=CARTESIAN_POINT('',(-26.8060896782691,1.194,-58.1389178332141));
#3592=CARTESIAN_POINT('Ctrl Pts',(-27.1638331821033,0.944000000000001,-58.5723359298141));
#3593=CARTESIAN_POINT('Ctrl Pts',(-26.9952149575784,1.05847153611177,-58.3532365409813));
#3594=CARTESIAN_POINT('Ctrl Pts',(-26.8060896782691,1.194,-58.1389178332141));
#3595=CARTESIAN_POINT('Origin',(-25.4619403469909,1.194,-61.7786516937078));
#3596=CARTESIAN_POINT('Origin',(-25.4619403469909,10.,-61.7786516937078));
#3597=CARTESIAN_POINT('Origin',(-25.4619403469909,3.32939938980177,-61.7786516937078));
#3598=CARTESIAN_POINT('',(-25.4619403469851,5.,-57.8986516937078));
#3599=CARTESIAN_POINT('',(-25.4619403469851,10.,-57.8986516937078));
#3600=CARTESIAN_POINT('Origin',(-25.4619403469909,5.,-61.7786516937078));
#3601=CARTESIAN_POINT('Origin',(-8.22194034698509,10.,-57.8986516937335));
#3602=CARTESIAN_POINT('',(-8.22194034698509,5.,-57.8986516937335));
#3603=CARTESIAN_POINT('',(-8.22194034698509,10.,-57.8986516937335));
#3604=CARTESIAN_POINT('',(2.76040853060697,5.,-57.8986516937498));
#3605=CARTESIAN_POINT('Origin',(-8.22194034699087,10.,-61.7786516937335));
#3606=CARTESIAN_POINT('',(-4.34194034699087,5.,-61.7786516937335));
#3607=CARTESIAN_POINT('',(-4.34194034699087,10.,-61.7786516937335));
#3608=CARTESIAN_POINT('Origin',(-8.22194034699087,5.,-61.7786516937335));
#3609=CARTESIAN_POINT('Origin',(-4.34194034699087,10.,-75.518651693705));
#3610=CARTESIAN_POINT('',(-4.34194034699086,5.,-75.518651693705));
#3611=CARTESIAN_POINT('',(-4.34194034699086,10.,-75.518651693705));
#3612=CARTESIAN_POINT('',(-4.34194034699087,5.,-56.5489467035981));
#3613=CARTESIAN_POINT('Origin',(-8.22194034699086,10.,-75.518651693705));
#3614=CARTESIAN_POINT('',(-8.22194034699087,5.,-79.3986516937049));
#3615=CARTESIAN_POINT('',(-8.22194034699087,10.,-79.3986516937049));
#3616=CARTESIAN_POINT('Origin',(-8.22194034699086,5.,-75.518651693705));
#3617=CARTESIAN_POINT('Origin',(-25.4619403469909,10.,-79.3986516937049));
#3618=CARTESIAN_POINT('',(-25.4619403469909,5.,-79.3986516937049));
#3619=CARTESIAN_POINT('',(-25.4619403469909,10.,-79.3986516937049));
#3620=CARTESIAN_POINT('',(-5.85959146938079,5.,-79.3986516937049));
#3621=CARTESIAN_POINT('Origin',(-25.4619403469909,10.,-75.518651693705));
#3622=CARTESIAN_POINT('',(-28.5144851835414,0.694,-77.9137237220266));
#3623=CARTESIAN_POINT('Origin',(-25.4619403469909,3.74654483655052,-75.518651693705));
#3624=CARTESIAN_POINT('',(-28.5144851835414,5.,-77.9137237220266));
#3625=CARTESIAN_POINT('',(-28.5144851835414,10.,-77.9137237220266));
#3626=CARTESIAN_POINT('Origin',(-25.4619403469909,5.,-75.518651693705));
#3627=CARTESIAN_POINT('Origin',(-28.6764469054625,0.819,-64.5102213759272));
#3628=CARTESIAN_POINT('',(-28.5144851835414,0.694,-63.2649021849873));
#3629=CARTESIAN_POINT('Origin',(-28.3894851835414,0.819,-77.9035675603444));
#3630=CARTESIAN_POINT('',(-28.5144851835414,0.694,-77.9035675603444));
#3631=CARTESIAN_POINT('Origin',(-27.3419403469909,10.,-74.398651693705));
#3632=CARTESIAN_POINT('Origin',(-6.34194034699091,10.,-62.8986516937206));
#3633=CARTESIAN_POINT('Origin',(-35.7644851835414,-0.750601241434554,-63.4286516937067));
#3634=CARTESIAN_POINT('',(-36.0144851835414,-1.50120248286911,-63.4286516937067));
#3635=CARTESIAN_POINT('Origin',(-35.7644851835414,-1.50120248286911,-63.4286516937067));
#3636=CARTESIAN_POINT('',(-36.0144851835414,-2.2112024828691,-63.4286516937067));
#3637=CARTESIAN_POINT('Origin',(-35.7644851835414,-2.2112024828691,-63.4286516937067));
#3638=CARTESIAN_POINT('',(-36.0144851835414,-0.750601241434554,-63.4286516937067));
#3639=CARTESIAN_POINT('Origin',(-35.7644851835414,-2.2112024828691,-65.4286516937067));
#3640=CARTESIAN_POINT('',(-35.7644851835414,-3.9612024828691,-65.4286516937067));
#3641=CARTESIAN_POINT('',(-36.0144851835414,-4.2112024828691,-65.4286516937067));
#3642=CARTESIAN_POINT('Origin',(-35.7644851835414,-4.2112024828691,-65.4286516937067));
#3643=CARTESIAN_POINT('Origin',(-36.0144851835414,-2.2112024828691,-65.4286516937067));
#3644=CARTESIAN_POINT('Origin',(-35.7644851835414,-2.2112024828691,-65.4286516937067));
#3645=CARTESIAN_POINT('Origin',(-35.7644851835414,-4.21120248286912,-63.9154526799622));
#3646=CARTESIAN_POINT('',(-35.7644851835414,-3.9612024828691,-71.8686516937067));
#3647=CARTESIAN_POINT('',(-36.0144851835414,-4.21120248286912,-71.8686516937067));
#3648=CARTESIAN_POINT('Origin',(-35.7644851835414,-4.21120248286912,-71.8686516937067));
#3649=CARTESIAN_POINT('',(-36.0144851835414,-4.21120248286912,-63.9154526799622));
#3650=CARTESIAN_POINT('',(-35.7644851835414,-3.96120248286912,-63.9154526799622));
#3651=CARTESIAN_POINT('Origin',(-35.7644851835414,-2.2112024828691,-71.8686516937067));
#3652=CARTESIAN_POINT('',(-35.7644851835414,-2.21120248286913,-73.6186516937067));
#3653=CARTESIAN_POINT('',(-36.0144851835414,-2.21120248286913,-73.8686516937067));
#3654=CARTESIAN_POINT('Origin',(-35.7644851835414,-2.21120248286913,-73.8686516937067));
#3655=CARTESIAN_POINT('Origin',(-36.0144851835414,-2.2112024828691,-71.8686516937067));
#3656=CARTESIAN_POINT('Origin',(-35.7644851835414,-2.2112024828691,-71.8686516937067));
#3657=CARTESIAN_POINT('Origin',(-35.7644851835414,-1.10560124143456,-73.8686516937067));
#3658=CARTESIAN_POINT('',(-35.7644851835414,-1.50120248286911,-73.6186516937067));
#3659=CARTESIAN_POINT('',(-36.0144851835414,-1.50120248286911,-73.8686516937067));
#3660=CARTESIAN_POINT('Origin',(-35.7644851835414,-1.50120248286911,-73.8686516937067));
#3661=CARTESIAN_POINT('',(-36.0144851835414,-1.10560124143456,-73.8686516937067));
#3662=CARTESIAN_POINT('',(-35.7644851835414,-1.10560124143456,-73.6186516937067));
#3663=CARTESIAN_POINT('Origin',(-35.7644851835414,-1.50120248286911,-71.8686516937067));
#3664=CARTESIAN_POINT('',(-35.7644851835414,0.248797517130879,-71.8686516937067));
#3665=CARTESIAN_POINT('',(-36.0144851835414,0.498797517130897,-71.8686516937067));
#3666=CARTESIAN_POINT('Origin',(-35.7644851835414,0.498797517130897,-71.8686516937067));
#3667=CARTESIAN_POINT('Origin',(-36.0144851835414,-1.50120248286911,-71.8686516937067));
#3668=CARTESIAN_POINT('Origin',(-35.7644851835414,-1.50120248286911,-71.8686516937067));
#3669=CARTESIAN_POINT('Origin',(-35.7644851835414,0.498797517130874,-67.1354526799622));
#3670=CARTESIAN_POINT('',(-36.0144851835414,0.498797517130898,-65.4286516937067));
#3671=CARTESIAN_POINT('Origin',(-35.7644851835414,0.498797517130898,-65.4286516937067));
#3672=CARTESIAN_POINT('',(-36.0144851835414,0.498797517130874,-67.1354526799622));
#3673=CARTESIAN_POINT('',(-35.7644851835414,0.248797517130874,-67.1354526799622));
#3674=CARTESIAN_POINT('Origin',(-35.7644851835414,-1.50120248286911,-65.4286516937067));
#3675=CARTESIAN_POINT('Origin',(-36.0144851835414,-1.50120248286911,-65.4286516937067));
#3676=CARTESIAN_POINT('Origin',(-36.0144851835414,-2.2112024828691,-71.8686516937067));
#3677=CARTESIAN_POINT('',(-28.7644851835414,-3.9612024828691,-71.8686516937067));
#3678=CARTESIAN_POINT('',(-36.0144851835414,-3.9612024828691,-71.8686516937067));
#3679=CARTESIAN_POINT('',(-28.7644851835414,-2.21120248286913,-73.6186516937067));
#3680=CARTESIAN_POINT('Origin',(-28.7644851835414,-2.2112024828691,-71.8686516937067));
#3681=CARTESIAN_POINT('',(-36.0144851835414,-2.21120248286913,-73.6186516937067));
#3682=CARTESIAN_POINT('Origin',(-36.0144851835414,-3.96120248286912,-65.4286516937067));
#3683=CARTESIAN_POINT('',(-28.7644851835414,-3.9612024828691,-65.4286516937067));
#3684=CARTESIAN_POINT('',(-36.0144851835414,-3.9612024828691,-65.4286516937067));
#3685=CARTESIAN_POINT('',(-28.7644851835414,-3.96120248286912,-76.2935675603445));
#3686=CARTESIAN_POINT('Origin',(-36.0144851835414,-2.2112024828691,-65.4286516937067));
#3687=CARTESIAN_POINT('',(-28.7644851835414,-2.2112024828691,-63.6786516937067));
#3688=CARTESIAN_POINT('',(-36.0144851835414,-2.2112024828691,-63.6786516937067));
#3689=CARTESIAN_POINT('Origin',(-28.7644851835414,-2.2112024828691,-65.4286516937067));
#3690=CARTESIAN_POINT('Origin',(-36.0144851835414,-1.50120248286911,-63.6786516937067));
#3691=CARTESIAN_POINT('',(-28.7644851835414,-0.750601241434554,-63.6786516937067));
#3692=CARTESIAN_POINT('Origin',(-36.0144851835414,0.,-62.4022536662177));
#3693=CARTESIAN_POINT('',(-36.0144851835414,10.,-87.1584834269824));
#3694=CARTESIAN_POINT('',(-36.0144851835414,10.,-63.2649021849873));
#3695=CARTESIAN_POINT('',(-36.0144851835414,10.,-49.9907476898544));
#3696=CARTESIAN_POINT('',(-36.0144851835414,-10.,-87.1584834269824));
#3697=CARTESIAN_POINT('',(-36.0144851835414,10.,-87.1584834269824));
#3698=CARTESIAN_POINT('',(-36.0144851835414,-10.,-63.2649021849873));
#3699=CARTESIAN_POINT('',(-36.0144851835414,-10.,-94.6584834269824));
#3700=CARTESIAN_POINT('',(-36.0144851835414,10.,-63.2649021849873));
#3701=CARTESIAN_POINT('Origin',(-28.7644851835414,-1.10560124143456,-73.8686516937067));
#3702=CARTESIAN_POINT('',(-28.5144851835414,-1.50120248286911,-73.8686516937067));
#3703=CARTESIAN_POINT('',(-28.7644851835414,-1.50120248286911,-73.6186516937067));
#3704=CARTESIAN_POINT('Origin',(-28.7644851835414,-1.50120248286911,-73.8686516937067));
#3705=CARTESIAN_POINT('',(-28.7644851835414,-1.10560124143456,-73.6186516937067));
#3706=CARTESIAN_POINT('',(-28.5144851835414,-2.21120248286913,-73.8686516937067));
#3707=CARTESIAN_POINT('Origin',(-28.7644851835414,-2.21120248286913,-73.8686516937067));
#3708=CARTESIAN_POINT('',(-28.5144851835414,-1.10560124143456,-73.8686516937067));
#3709=CARTESIAN_POINT('Origin',(-28.7644851835414,-2.2112024828691,-71.8686516937067));
#3710=CARTESIAN_POINT('',(-28.5144851835414,-4.2112024828691,-71.8686516937067));
#3711=CARTESIAN_POINT('Origin',(-28.7644851835414,-4.2112024828691,-71.8686516937067));
#3712=CARTESIAN_POINT('Origin',(-28.5144851835414,-2.2112024828691,-71.8686516937067));
#3713=CARTESIAN_POINT('Origin',(-28.7644851835414,-4.21120248286912,-76.2935675603445));
#3714=CARTESIAN_POINT('',(-28.5144851835414,-4.21120248286912,-65.4286516937067));
#3715=CARTESIAN_POINT('Origin',(-28.7644851835414,-4.21120248286912,-65.4286516937067));
#3716=CARTESIAN_POINT('',(-28.5144851835414,-4.21120248286912,-76.2935675603445));
#3717=CARTESIAN_POINT('Origin',(-28.7644851835414,-2.2112024828691,-65.4286516937067));
#3718=CARTESIAN_POINT('',(-28.5144851835414,-2.2112024828691,-63.4286516937067));
#3719=CARTESIAN_POINT('Origin',(-28.7644851835414,-2.2112024828691,-63.4286516937067));
#3720=CARTESIAN_POINT('Origin',(-28.5144851835414,-2.2112024828691,-65.4286516937067));
#3721=CARTESIAN_POINT('Origin',(-28.7644851835414,-0.750601241434554,-63.4286516937067));
#3722=CARTESIAN_POINT('',(-28.5144851835414,-1.50120248286911,-63.4286516937067));
#3723=CARTESIAN_POINT('Origin',(-28.7644851835414,-1.50120248286911,-63.4286516937067));
#3724=CARTESIAN_POINT('',(-28.5144851835414,-0.750601241434554,-63.4286516937067));
#3725=CARTESIAN_POINT('Origin',(-28.7644851835414,-1.50120248286911,-65.4286516937067));
#3726=CARTESIAN_POINT('',(-28.5144851835414,0.498797517130889,-65.4286516937067));
#3727=CARTESIAN_POINT('Origin',(-28.7644851835414,0.498797517130889,-65.4286516937067));
#3728=CARTESIAN_POINT('Origin',(-28.5144851835414,-1.50120248286911,-65.4286516937067));
#3729=CARTESIAN_POINT('Origin',(-28.7644851835414,0.498797517130695,-79.5135675603445));
#3730=CARTESIAN_POINT('',(-28.7644851835414,0.248797517130879,-71.8686516937067));
#3731=CARTESIAN_POINT('',(-28.5144851835414,0.498797517130806,-71.8686516937067));
#3732=CARTESIAN_POINT('Origin',(-28.7644851835414,0.498797517130806,-71.8686516937067));
#3733=CARTESIAN_POINT('',(-28.5144851835414,0.498797517130695,-79.5135675603445));
#3734=CARTESIAN_POINT('',(-28.7644851835414,0.248797517130695,-79.5135675603445));
#3735=CARTESIAN_POINT('Origin',(-28.7644851835414,-1.50120248286911,-71.8686516937067));
#3736=CARTESIAN_POINT('Origin',(-28.5144851835414,-1.50120248286911,-71.8686516937067));
#3737=CARTESIAN_POINT('Origin',(-28.7644851835414,-1.50120248286911,-71.8686516937067));
#3738=CARTESIAN_POINT('Origin',(-36.0144851835414,-2.21120248286913,-73.6186516937067));
#3739=CARTESIAN_POINT('',(-36.0144851835414,-1.50120248286911,-73.6186516937067));
#3740=CARTESIAN_POINT('Origin',(-28.5144851835414,0.,-87.1584834269824));
#3741=CARTESIAN_POINT('',(-28.5144851835414,-10.,-87.1584834269824));
#3742=CARTESIAN_POINT('',(-28.5144851835414,-10.,-87.1584834269824));
#3743=CARTESIAN_POINT('',(-28.5144851835414,0.,-87.1584834269824));
#3744=CARTESIAN_POINT('Ctrl Pts',(-28.5144851835414,10.,-83.8574987375623));
#3745=CARTESIAN_POINT('Ctrl Pts',(-28.5144851835414,10.,-83.515248068892));
#3746=CARTESIAN_POINT('Ctrl Pts',(-28.5144851835414,9.96693143222038,-83.141383950296));
#3747=CARTESIAN_POINT('Ctrl Pts',(-28.5144851835414,9.82759850296795,-82.4072446531654));
#3748=CARTESIAN_POINT('Ctrl Pts',(-28.5144851835414,9.72151366079641,-82.0469354148777));
#3749=CARTESIAN_POINT('Ctrl Pts',(-28.5144851835414,9.46972971143422,-81.3890839079133));
#3750=CARTESIAN_POINT('Ctrl Pts',(-28.5144851835414,9.29713931180356,-81.0312848196691));
#3751=CARTESIAN_POINT('Ctrl Pts',(-28.5144851835414,8.88782096598172,-80.3542153510876));
#3752=CARTESIAN_POINT('Ctrl Pts',(-28.5144851835414,8.65128384535203,-80.034829626643));
#3753=CARTESIAN_POINT('Ctrl Pts',(-28.5144851835414,8.1855918761522,-79.4987316453029));
#3754=CARTESIAN_POINT('Ctrl Pts',(-28.5144851835414,7.91437834401255,-79.2297182167445));
#3755=CARTESIAN_POINT('Ctrl Pts',(-28.5144851835414,7.32688410786349,-78.748184110505));
#3756=CARTESIAN_POINT('Ctrl Pts',(-28.5144851835414,7.01047959273957,-78.5358145080092));
#3757=CARTESIAN_POINT('Ctrl Pts',(-28.5144851835414,6.45493877536101,-78.2411292529871));
#3758=CARTESIAN_POINT('Ctrl Pts',(-28.5144851835414,6.1714270770201,-78.1198724314416));
#3759=CARTESIAN_POINT('Ctrl Pts',(-28.5144851835414,5.58460796374879,-77.955414982282));
#3760=CARTESIAN_POINT('Ctrl Pts',(-28.5144851835414,5.28087859145436,-77.9137237220266));
#3761=CARTESIAN_POINT('Ctrl Pts',(-28.5144851835414,5.,-77.9137237220266));
#3762=CARTESIAN_POINT('Origin',(-25.4619403469909,5.,-61.7786516937078));
#3763=CARTESIAN_POINT('Origin',(-25.4619403469777,5.,-52.8986516937078));
#3764=CARTESIAN_POINT('Origin',(2.76040853061443,5.,-52.8986516937498));
#3765=CARTESIAN_POINT('Origin',(-8.22194034697763,5.,-52.8986516937335));
#3766=CARTESIAN_POINT('Origin',(-8.22194034699087,5.,-61.7786516937335));
#3767=CARTESIAN_POINT('Origin',(0.658059653009133,5.,-61.7786516937335));
#3768=CARTESIAN_POINT('Origin',(0.658059653009134,5.,-56.5489467035981));
#3769=CARTESIAN_POINT('Origin',(0.658059653009136,5.,-75.518651693705));
#3770=CARTESIAN_POINT('Origin',(-8.22194034699086,5.,-75.518651693705));
#3771=CARTESIAN_POINT('Origin',(-8.22194034699089,5.,-84.3986516937049));
#3772=CARTESIAN_POINT('Origin',(-5.85959146938079,5.,-84.3986516937049));
#3773=CARTESIAN_POINT('Origin',(-25.4619403469909,5.,-84.3986516937049));
#3774=CARTESIAN_POINT('Origin',(-25.4619403469909,5.,-75.518651693705));
#3775=CARTESIAN_POINT('Origin',(-36.0144851835414,-1.50120248286911,-71.8686516937067));
#3776=CARTESIAN_POINT('',(-36.0144851835414,0.248797517130879,-71.8686516937067));
#3777=CARTESIAN_POINT('Origin',(-36.0144851835414,0.248797517130805,-71.8686516937067));
#3778=CARTESIAN_POINT('Origin',(-11.135863887656,11.25,-93.4084834269824));
#3779=CARTESIAN_POINT('',(-28.5144851835414,10.,-94.6584834269824));
#3780=CARTESIAN_POINT('',(-28.5144851835414,12.5,-92.1584834269824));
#3781=CARTESIAN_POINT('',(-28.5144851835414,10.,-94.6584834269824));
#3782=CARTESIAN_POINT('',(29.1596764350675,12.5,-92.1584834269824));
#3783=CARTESIAN_POINT('',(-11.135863887656,12.5,-92.1584834269824));
#3784=CARTESIAN_POINT('',(29.1596764350675,10.,-94.6584834269824));
#3785=CARTESIAN_POINT('',(29.1596764350675,12.5,-92.1584834269824));
#3786=CARTESIAN_POINT('',(-11.135863887656,10.,-94.6584834269824));
#3787=CARTESIAN_POINT('Origin',(-28.5144851835414,11.25,-87.1584834269824));
#3788=CARTESIAN_POINT('',(-33.5144851835414,12.5,-87.1584834269824));
#3789=CARTESIAN_POINT('',(-36.0144851835414,10.,-87.1584834269824));
#3790=CARTESIAN_POINT('Origin',(-28.5144851835414,12.5,-87.1584834269824));
#3791=CARTESIAN_POINT('Origin',(-28.5144851835414,10.,-87.1584834269824));
#3792=CARTESIAN_POINT('Origin',(-34.7644851835414,11.25,-49.9907476898544));
#3793=CARTESIAN_POINT('',(-33.5144851835414,12.5,-63.2649021849873));
#3794=CARTESIAN_POINT('',(-36.0144851835414,10.,-63.2649021849873));
#3795=CARTESIAN_POINT('',(-33.5144851835414,12.5,-49.9907476898544));
#3796=CARTESIAN_POINT('Origin',(-28.5144851835414,11.25,-63.2649021849873));
#3797=CARTESIAN_POINT('',(-35.8186328976076,10.,-61.562132038696));
#3798=CARTESIAN_POINT('',(-33.3839169929189,12.5,-62.1297220874597));
#3799=CARTESIAN_POINT('',(-35.8186328976076,10.,-61.562132038696));
#3800=CARTESIAN_POINT('Origin',(-28.5144851835414,12.5,-63.2649021849873));
#3801=CARTESIAN_POINT('Origin',(-28.5144851835414,10.,-63.2649021849873));
#3802=CARTESIAN_POINT('Origin',(-22.3500226906119,11.25,-9.29335186955475));
#3803=CARTESIAN_POINT('',(-19.1735795234437,10.,9.83795024381887));
#3804=CARTESIAN_POINT('',(-16.738863618755,12.5,9.2703601950551));
#3805=CARTESIAN_POINT('',(-19.1735795234437,10.,9.83795024381887));
#3806=CARTESIAN_POINT('',(-21.1326647382675,12.5,-9.57714689393664));
#3807=CARTESIAN_POINT('',(-23.5673806429562,10.,-9.00955684517287));
#3808=CARTESIAN_POINT('Origin',(-7.,11.25,7.));
#3809=CARTESIAN_POINT('',(-7.,10.,19.5));
#3810=CARTESIAN_POINT('',(-7.,12.5,17.));
#3811=CARTESIAN_POINT('',(-7.,10.,19.5));
#3812=CARTESIAN_POINT('Origin',(-7.,12.5,7.));
#3813=CARTESIAN_POINT('Origin',(-7.,10.,7.));
#3814=CARTESIAN_POINT('Origin',(32.3713787041147,11.25,18.25));
#3815=CARTESIAN_POINT('',(51.,10.,19.5));
#3816=CARTESIAN_POINT('',(51.,12.5,17.));
#3817=CARTESIAN_POINT('',(51.,10.,19.5));
#3818=CARTESIAN_POINT('',(32.3713787041147,12.5,17.));
#3819=CARTESIAN_POINT('',(32.3713787041147,10.,19.5));
#3820=CARTESIAN_POINT('Origin',(51.,11.25,7.));
#3821=CARTESIAN_POINT('',(63.5,10.,7.));
#3822=CARTESIAN_POINT('',(61.,12.5,7.));
#3823=CARTESIAN_POINT('',(63.5,10.,7.));
#3824=CARTESIAN_POINT('Origin',(51.,12.5,7.));
#3825=CARTESIAN_POINT('Origin',(51.,10.,7.));
#3826=CARTESIAN_POINT('Origin',(62.25,11.25,-44.2896208567456));
#3827=CARTESIAN_POINT('',(63.5,10.,-51.));
#3828=CARTESIAN_POINT('',(61.,12.5,-51.));
#3829=CARTESIAN_POINT('',(63.5,10.,-51.));
#3830=CARTESIAN_POINT('',(61.,12.5,-44.2896208567456));
#3831=CARTESIAN_POINT('',(63.5,10.,-44.2896208567456));
#3832=CARTESIAN_POINT('Origin',(51.,11.25,-51.));
#3833=CARTESIAN_POINT('',(60.8594802882903,10.,-58.6837912806645));
#3834=CARTESIAN_POINT('',(58.8875842306322,12.5,-57.1470330245316));
#3835=CARTESIAN_POINT('',(60.8594802882903,10.,-58.6837912806645));
#3836=CARTESIAN_POINT('Origin',(51.,12.5,-51.));
#3837=CARTESIAN_POINT('Origin',(51.,10.,-51.));
#3838=CARTESIAN_POINT('Origin',(42.0699791142685,11.25,-80.7600958360609));
#3839=CARTESIAN_POINT('',(35.0753646080416,10.,-91.7687581953811));
#3840=CARTESIAN_POINT('',(33.1034685503844,12.5,-90.2319999392489));
#3841=CARTESIAN_POINT('',(35.0753646080416,10.,-91.7687581953811));
#3842=CARTESIAN_POINT('',(41.0840310854399,12.5,-79.9917167079947));
#3843=CARTESIAN_POINT('',(43.0559271430971,10.,-81.528474964127));
#3844=CARTESIAN_POINT('Origin',(29.1596764350675,11.25,-87.1584834269824));
#3845=CARTESIAN_POINT('Origin',(29.1596764350675,12.5,-87.1584834269824));
#3846=CARTESIAN_POINT('Origin',(29.1596764350675,10.,-87.1584834269824));
#3847=CARTESIAN_POINT('Origin',(-7.,0.,7.));
#3848=CARTESIAN_POINT('',(-19.1735795234437,-10.,9.83795024381887));
#3849=CARTESIAN_POINT('',(-19.1735795234437,0.,9.83795024381887));
#3850=CARTESIAN_POINT('',(-7.,-10.,19.5));
#3851=CARTESIAN_POINT('Origin',(-7.,-10.,7.));
#3852=CARTESIAN_POINT('',(-7.,0.,19.5));
#3853=CARTESIAN_POINT('Origin',(-19.1735795234437,0.,9.83795024381887));
#3854=CARTESIAN_POINT('',(-35.8186328976076,-10.,-61.562132038696));
#3855=CARTESIAN_POINT('',(-35.8186328976076,0.,-61.562132038696));
#3856=CARTESIAN_POINT('',(-36.0144851835414,-10.,-62.4022536662177));
#3857=CARTESIAN_POINT('Origin',(-28.5144851835414,0.,-63.2649021849873));
#3858=CARTESIAN_POINT('Origin',(-28.5144851835414,-10.,-63.2649021849873));
#3859=CARTESIAN_POINT('Origin',(-28.5144851835414,0.,-87.1584834269824));
#3860=CARTESIAN_POINT('',(-28.5144851835414,-10.,-94.6584834269824));
#3861=CARTESIAN_POINT('',(-28.5144851835414,10.,-94.6584834269824));
#3862=CARTESIAN_POINT('Origin',(-28.5144851835414,-10.,-87.1584834269824));
#3863=CARTESIAN_POINT('Origin',(-36.0144851835414,0.,-94.6584834269824));
#3864=CARTESIAN_POINT('',(29.1596764350675,-10.,-94.6584834269824));
#3865=CARTESIAN_POINT('',(29.1596764350675,0.,-94.6584834269824));
#3866=CARTESIAN_POINT('',(-36.0144851835414,-10.,-94.6584834269824));
#3867=CARTESIAN_POINT('Origin',(13.7427574082293,12.5,-37.5792417134912));
#3868=CARTESIAN_POINT('Origin',(29.1596764350675,0.,-87.1584834269824));
#3869=CARTESIAN_POINT('',(35.0753646080416,-10.,-91.7687581953811));
#3870=CARTESIAN_POINT('',(35.0753646080416,10.,-91.7687581953811));
#3871=CARTESIAN_POINT('Origin',(29.1596764350675,-10.,-87.1584834269824));
#3872=CARTESIAN_POINT('Origin',(13.7427574082293,-10.,-37.5792417134912));
#3873=CARTESIAN_POINT('',(60.8594802882903,-10.,-58.6837912806645));
#3874=CARTESIAN_POINT('',(32.8233143083452,-10.,-94.6584834269824));
#3875=CARTESIAN_POINT('',(63.5,-10.,-51.));
#3876=CARTESIAN_POINT('Origin',(51.,-10.,-51.));
#3877=CARTESIAN_POINT('',(63.5,-10.,7.00000000000001));
#3878=CARTESIAN_POINT('',(63.5,-10.,7.));
#3879=CARTESIAN_POINT('',(51.,-10.,19.5));
#3880=CARTESIAN_POINT('Origin',(51.,-10.,7.));
#3881=CARTESIAN_POINT('',(-7.,-10.,19.5));
#3882=CARTESIAN_POINT('',(-12.0880508833922,-10.,7.79639073827604));
#3883=CARTESIAN_POINT('Origin',(-61.4866031493359,-10.,15.5283396535774));
#3884=CARTESIAN_POINT('',(-7.,-10.,12.15));
#3885=CARTESIAN_POINT('Origin',(-7.,-10.,7.));
#3886=CARTESIAN_POINT('',(51.,-10.,12.15));
#3887=CARTESIAN_POINT('',(-7.,-10.,12.15));
#3888=CARTESIAN_POINT('',(56.15,-10.,7.00000000000001));
#3889=CARTESIAN_POINT('Origin',(51.,-10.,7.));
#3890=CARTESIAN_POINT('',(56.15,-10.,-51.));
#3891=CARTESIAN_POINT('',(56.15,-10.,7.));
#3892=CARTESIAN_POINT('',(54.1853120045308,-10.,-55.0467625867837));
#3893=CARTESIAN_POINT('Origin',(51.,-10.,-51.));
#3894=CARTESIAN_POINT('',(29.1596764350675,-10.,-87.1584834269824));
#3895=CARTESIAN_POINT('',(29.1596764350675,-10.,-87.1584834269824));
#3896=CARTESIAN_POINT('',(-28.5144851835414,-10.,-87.1584834269824));
#3897=CARTESIAN_POINT('Origin',(-61.4866031493359,0.,15.5283396535774));
#3898=CARTESIAN_POINT('',(-12.0880508833922,1.51,7.79639073827613));
#3899=CARTESIAN_POINT('Origin',(-61.4866031493359,1.51,15.5283396535774));
#3900=CARTESIAN_POINT('',(-12.0880508833922,0.,7.79639073827604));
#3901=CARTESIAN_POINT('Origin',(-7.,0.,7.));
#3902=CARTESIAN_POINT('',(-7.,1.51,12.15));
#3903=CARTESIAN_POINT('Origin',(-7.,1.51,7.));
#3904=CARTESIAN_POINT('',(-7.,0.,12.15));
#3905=CARTESIAN_POINT('Origin',(22.367059783418,1.51,-21.632940216582));
#3906=CARTESIAN_POINT('',(54.1853120045308,1.51,-55.0467625867837));
#3907=CARTESIAN_POINT('',(55.3262121494472,1.51,-53.5828130755552));
#3908=CARTESIAN_POINT('',(56.15,1.51,-51.));
#3909=CARTESIAN_POINT('Origin',(51.,1.51,-51.));
#3910=CARTESIAN_POINT('',(56.15,1.51,7.));
#3911=CARTESIAN_POINT('',(56.15,1.51,-7.31647010829099));
#3912=CARTESIAN_POINT('',(51.,1.51,12.15));
#3913=CARTESIAN_POINT('Origin',(51.,1.51,7.));
#3914=CARTESIAN_POINT('',(7.68352989170903,1.51,12.15));
#3915=CARTESIAN_POINT('Origin',(51.,0.,-51.));
#3916=CARTESIAN_POINT('',(54.1853120045308,0.,-55.0467625867837));
#3917=CARTESIAN_POINT('',(56.15,0.,-51.));
#3918=CARTESIAN_POINT('Origin',(56.15,0.,7.));
#3919=CARTESIAN_POINT('',(56.15,0.,7.));
#3920=CARTESIAN_POINT('Origin',(51.,0.,7.));
#3921=CARTESIAN_POINT('',(51.,0.,12.15));
#3922=CARTESIAN_POINT('Origin',(-7.,0.,12.15));
#3923=CARTESIAN_POINT('Origin',(54.1853120045308,0.,-55.0467625867837));
#3924=CARTESIAN_POINT('',(29.1596764350675,0.,-87.1584834269824));
#3925=CARTESIAN_POINT('Origin',(29.1596764350675,0.,-87.1584834269824));
#3926=CARTESIAN_POINT('Origin',(63.5,0.,-51.));
#3927=CARTESIAN_POINT('',(63.5,10.,7.));
#3928=CARTESIAN_POINT('',(63.5,0.,-51.));
#3929=CARTESIAN_POINT('Origin',(51.,0.,-51.));
#3930=CARTESIAN_POINT('',(60.8594802882903,0.,-58.6837912806645));
#3931=CARTESIAN_POINT('Origin',(32.8233143083452,0.,-94.6584834269824));
#3932=CARTESIAN_POINT('Origin',(51.,0.,19.5));
#3933=CARTESIAN_POINT('',(51.,0.,19.5));
#3934=CARTESIAN_POINT('Origin',(51.,0.,7.));
#3935=UNCERTAINTY_MEASURE_WITH_UNIT(LENGTH_MEASURE(0.01),#3939,
'DISTANCE_ACCURACY_VALUE',
'Maximum model space distance between geometric entities at asserted c
onnectivities');
#3936=UNCERTAINTY_MEASURE_WITH_UNIT(LENGTH_MEASURE(0.01),#3939,
'DISTANCE_ACCURACY_VALUE',
'Maximum model space distance between geometric entities at asserted c
onnectivities');
#3937=(
GEOMETRIC_REPRESENTATION_CONTEXT(3)
GLOBAL_UNCERTAINTY_ASSIGNED_CONTEXT((#3935))
GLOBAL_UNIT_ASSIGNED_CONTEXT((#3939,#3941,#3942))
REPRESENTATION_CONTEXT('','3D')
);
#3938=(
GEOMETRIC_REPRESENTATION_CONTEXT(3)
GLOBAL_UNCERTAINTY_ASSIGNED_CONTEXT((#3936))
GLOBAL_UNIT_ASSIGNED_CONTEXT((#3939,#3941,#3942))
REPRESENTATION_CONTEXT('','3D')
);
#3939=(
LENGTH_UNIT()
NAMED_UNIT(*)
SI_UNIT(.MILLI.,.METRE.)
);
#3940=(
LENGTH_UNIT()
NAMED_UNIT(*)
SI_UNIT($,.METRE.)
);
#3941=(
NAMED_UNIT(*)
PLANE_ANGLE_UNIT()
SI_UNIT($,.RADIAN.)
);
#3942=(
NAMED_UNIT(*)
SI_UNIT($,.STERADIAN.)
SOLID_ANGLE_UNIT()
);
#3943=SHAPE_DEFINITION_REPRESENTATION(#3944,#3945);
#3944=PRODUCT_DEFINITION_SHAPE('',$,#3947);
#3945=SHAPE_REPRESENTATION('',(#2256),#3937);
#3946=PRODUCT_DEFINITION_CONTEXT('part definition',#3951,'design');
#3947=PRODUCT_DEFINITION('T9 KeyPad','T9 KeyPad v18',#3948,#3946);
#3948=PRODUCT_DEFINITION_FORMATION('',$,#3953);
#3949=PRODUCT_RELATED_PRODUCT_CATEGORY('T9 KeyPad v18','T9 KeyPad v18',
(#3953));
#3950=APPLICATION_PROTOCOL_DEFINITION('international standard',
'automotive_design',2009,#3951);
#3951=APPLICATION_CONTEXT(
'Core Data for Automotive Mechanical Design Process');
#3952=PRODUCT_CONTEXT('part definition',#3951,'mechanical');
#3953=PRODUCT('T9 KeyPad','T9 KeyPad v18',$,(#3952));
#3954=PRESENTATION_STYLE_ASSIGNMENT((#3965));
#3955=PRESENTATION_STYLE_ASSIGNMENT((#3966));
#3956=PRESENTATION_STYLE_ASSIGNMENT((#3967));
#3957=PRESENTATION_STYLE_ASSIGNMENT((#3968));
#3958=PRESENTATION_STYLE_ASSIGNMENT((#3969));
#3959=PRESENTATION_STYLE_ASSIGNMENT((#3970));
#3960=PRESENTATION_STYLE_ASSIGNMENT((#3971));
#3961=PRESENTATION_STYLE_ASSIGNMENT((#3972));
#3962=PRESENTATION_STYLE_ASSIGNMENT((#3973));
#3963=PRESENTATION_STYLE_ASSIGNMENT((#3974));
#3964=PRESENTATION_STYLE_ASSIGNMENT((#3975));
#3965=SURFACE_STYLE_USAGE(.BOTH.,#3976);
#3966=SURFACE_STYLE_USAGE(.BOTH.,#3977);
#3967=SURFACE_STYLE_USAGE(.BOTH.,#3978);
#3968=SURFACE_STYLE_USAGE(.BOTH.,#3979);
#3969=SURFACE_STYLE_USAGE(.BOTH.,#3980);
#3970=SURFACE_STYLE_USAGE(.BOTH.,#3981);
#3971=SURFACE_STYLE_USAGE(.BOTH.,#3982);
#3972=SURFACE_STYLE_USAGE(.BOTH.,#3983);
#3973=SURFACE_STYLE_USAGE(.BOTH.,#3984);
#3974=SURFACE_STYLE_USAGE(.BOTH.,#3985);
#3975=SURFACE_STYLE_USAGE(.BOTH.,#3986);
#3976=SURFACE_SIDE_STYLE('',(#3987));
#3977=SURFACE_SIDE_STYLE('',(#3988));
#3978=SURFACE_SIDE_STYLE('',(#3989));
#3979=SURFACE_SIDE_STYLE('',(#3990));
#3980=SURFACE_SIDE_STYLE('',(#3991));
#3981=SURFACE_SIDE_STYLE('',(#3992));
#3982=SURFACE_SIDE_STYLE('',(#3993));
#3983=SURFACE_SIDE_STYLE('',(#3994));
#3984=SURFACE_SIDE_STYLE('',(#3995));
#3985=SURFACE_SIDE_STYLE('',(#3996));
#3986=SURFACE_SIDE_STYLE('',(#3997));
#3987=SURFACE_STYLE_FILL_AREA(#3998);
#3988=SURFACE_STYLE_FILL_AREA(#3999);
#3989=SURFACE_STYLE_FILL_AREA(#4000);
#3990=SURFACE_STYLE_FILL_AREA(#4001);
#3991=SURFACE_STYLE_FILL_AREA(#4002);
#3992=SURFACE_STYLE_FILL_AREA(#4003);
#3993=SURFACE_STYLE_FILL_AREA(#4004);
#3994=SURFACE_STYLE_FILL_AREA(#4005);
#3995=SURFACE_STYLE_FILL_AREA(#4006);
#3996=SURFACE_STYLE_FILL_AREA(#4007);
#3997=SURFACE_STYLE_FILL_AREA(#4008);
#3998=FILL_AREA_STYLE('Steel - Satin',(#4009));
#3999=FILL_AREA_STYLE('ABS (White)',(#4010));
#4000=FILL_AREA_STYLE('ABS (White)',(#4011));
#4001=FILL_AREA_STYLE('Opaque(25,25,25)',(#4012));
#4002=FILL_AREA_STYLE('Opaque(160,160,160)',(#4013));
#4003=FILL_AREA_STYLE('Opaque(244,229,167)',(#4014));
#4004=FILL_AREA_STYLE('Opaque(246,246,243)',(#4015));
#4005=FILL_AREA_STYLE('Opaque(247,224,153)',(#4016));
#4006=FILL_AREA_STYLE('ABS (White)',(#4017));
#4007=FILL_AREA_STYLE('ABS (White)',(#4018));
#4008=FILL_AREA_STYLE('ABS (White)',(#4019));
#4009=FILL_AREA_STYLE_COLOUR('Steel - Satin',#4020);
#4010=FILL_AREA_STYLE_COLOUR('ABS (White)',#4021);
#4011=FILL_AREA_STYLE_COLOUR('ABS (White)',#4022);
#4012=FILL_AREA_STYLE_COLOUR('Opaque(25,25,25)',#4023);
#4013=FILL_AREA_STYLE_COLOUR('Opaque(160,160,160)',#4024);
#4014=FILL_AREA_STYLE_COLOUR('Opaque(244,229,167)',#4025);
#4015=FILL_AREA_STYLE_COLOUR('Opaque(246,246,243)',#4026);
#4016=FILL_AREA_STYLE_COLOUR('Opaque(247,224,153)',#4027);
#4017=FILL_AREA_STYLE_COLOUR('ABS (White)',#4028);
#4018=FILL_AREA_STYLE_COLOUR('ABS (White)',#4029);
#4019=FILL_AREA_STYLE_COLOUR('ABS (White)',#4030);
#4020=COLOUR_RGB('Steel - Satin',0.627450980392157,0.627450980392157,0.627450980392157);
#4021=COLOUR_RGB('ABS (White)',0.494117647058824,0.356862745098039,0.23921568627451);
#4022=COLOUR_RGB('ABS (White)',0.886274509803922,0.780392156862745,0.4);
#4023=COLOUR_RGB('Opaque(25,25,25)',0.0980392156862745,0.0980392156862745,
0.0980392156862745);
#4024=COLOUR_RGB('Opaque(160,160,160)',0.627450980392157,0.627450980392157,
0.627450980392157);
#4025=COLOUR_RGB('Opaque(244,229,167)',0.956862745098039,0.898039215686275,
0.654901960784314);
#4026=COLOUR_RGB('Opaque(246,246,243)',0.964705882352941,0.964705882352941,
0.952941176470588);
#4027=COLOUR_RGB('Opaque(247,224,153)',0.968627450980392,0.87843137254902,
0.6);
#4028=COLOUR_RGB('ABS (White)',0.913725490196078,0.623529411764706,0.266666666666667);
#4029=COLOUR_RGB('ABS (White)',0.72156862745098,0.0980392156862745,0.);
#4030=COLOUR_RGB('ABS (White)',0.788235294117647,0.752941176470588,0.752941176470588);
ENDSEC;
END-ISO-10303-21;
